name;value
Z_FO;3283.0
startT[job:0, stage:0, machine:1];0.0
startT[job:0, stage:0, machine:2];0.0
startT[job:0, stage:0, machine:3];157.0
startT[job:0, stage:1, machine:2];0.0
startT[job:0, stage:1, machine:4];0.0
startT[job:0, stage:1, machine:7];257.0
startT[job:0, stage:2, machine:4];427.0
startT[job:0, stage:2, machine:5];0.0
startT[job:0, stage:2, machine:7];0.0
startT[job:1, stage:0, machine:1];99.0
startT[job:1, stage:0, machine:3];0.0
startT[job:1, stage:1, machine:2];362.0
startT[job:1, stage:1, machine:3];0.0
startT[job:1, stage:2, machine:5];0.0
startT[job:1, stage:2, machine:6];428.0
startT[job:1, stage:2, machine:7];0.0
startT[job:2, stage:0, machine:1];0.0
startT[job:2, stage:0, machine:2];0.0
startT[job:2, stage:1, machine:3];0.0
startT[job:2, stage:1, machine:4];0.0
startT[job:2, stage:1, machine:7];87.0
startT[job:2, stage:2, machine:4];0.0
startT[job:2, stage:2, machine:5];254.0
startT[job:2, stage:2, machine:6];0.0
startT[job:3, stage:0, machine:1];0.0
startT[job:3, stage:0, machine:2];0.0
startT[job:3, stage:1, machine:3];0.0
startT[job:3, stage:1, machine:5];65.0
startT[job:3, stage:2, machine:4];0.0
startT[job:3, stage:2, machine:6];238.0
startT[job:4, stage:0, machine:1];0.0
startT[job:4, stage:0, machine:2];0.0
startT[job:4, stage:0, machine:3];0.0
startT[job:4, stage:1, machine:4];184.0
startT[job:4, stage:1, machine:5];0.0
startT[job:4, stage:1, machine:7];0.0
startT[job:4, stage:2, machine:2];250.0
startT[job:4, stage:2, machine:5];0.0
startT[job:4, stage:2, machine:6];0.0
startT[job:5, stage:0, machine:2];0.0
startT[job:5, stage:0, machine:3];0.0
startT[job:5, stage:0, machine:4];10.0
startT[job:5, stage:1, machine:3];0.0
startT[job:5, stage:1, machine:4];263.0
startT[job:5, stage:1, machine:5];0.0
startT[job:5, stage:2, machine:5];413.0
startT[job:5, stage:2, machine:6];0.0
startT[job:5, stage:2, machine:7];0.0
startT[job:6, stage:0, machine:2];79.0
startT[job:6, stage:0, machine:3];0.0
startT[job:6, stage:1, machine:3];270.0
startT[job:6, stage:1, machine:5];0.0
startT[job:6, stage:2, machine:5];0.0
startT[job:6, stage:2, machine:6];0.0
startT[job:6, stage:2, machine:7];394.0
x[job1|stage1:0|0, job2|stage2:0|0];0.0
x[job1|stage1:0|0, job2|stage2:0|1];0.0
x[job1|stage1:0|0, job2|stage2:0|2];0.0
x[job1|stage1:0|0, job2|stage2:1|0];0.0
x[job1|stage1:0|0, job2|stage2:1|1];1.0
x[job1|stage1:0|0, job2|stage2:1|2];0.0
x[job1|stage1:0|0, job2|stage2:2|0];1.0
x[job1|stage1:0|0, job2|stage2:2|1];0.0
x[job1|stage1:0|0, job2|stage2:2|2];0.0
x[job1|stage1:0|0, job2|stage2:3|0];1.0
x[job1|stage1:0|0, job2|stage2:3|1];0.0
x[job1|stage1:0|0, job2|stage2:3|2];0.0
x[job1|stage1:0|0, job2|stage2:4|0];1.0
x[job1|stage1:0|0, job2|stage2:4|1];0.0
x[job1|stage1:0|0, job2|stage2:4|2];0.0
x[job1|stage1:0|0, job2|stage2:5|0];0.0
x[job1|stage1:0|0, job2|stage2:5|1];0.0
x[job1|stage1:0|0, job2|stage2:5|2];0.0
x[job1|stage1:0|0, job2|stage2:6|0];1.0
x[job1|stage1:0|0, job2|stage2:6|1];0.0
x[job1|stage1:0|0, job2|stage2:6|2];0.0
x[job1|stage1:0|1, job2|stage2:0|0];1.0
x[job1|stage1:0|1, job2|stage2:0|1];0.0
x[job1|stage1:0|1, job2|stage2:0|2];0.0
x[job1|stage1:0|1, job2|stage2:1|0];0.0
x[job1|stage1:0|1, job2|stage2:1|1];1.0
x[job1|stage1:0|1, job2|stage2:1|2];0.0
x[job1|stage1:0|1, job2|stage2:2|0];1.0
x[job1|stage1:0|1, job2|stage2:2|1];1.0
x[job1|stage1:0|1, job2|stage2:2|2];0.0
x[job1|stage1:0|1, job2|stage2:3|0];1.0
x[job1|stage1:0|1, job2|stage2:3|1];0.0
x[job1|stage1:0|1, job2|stage2:3|2];0.0
x[job1|stage1:0|1, job2|stage2:4|0];1.0
x[job1|stage1:0|1, job2|stage2:4|1];1.0
x[job1|stage1:0|1, job2|stage2:4|2];1.0
x[job1|stage1:0|1, job2|stage2:5|0];1.0
x[job1|stage1:0|1, job2|stage2:5|1];0.0
x[job1|stage1:0|1, job2|stage2:5|2];0.0
x[job1|stage1:0|1, job2|stage2:6|0];1.0
x[job1|stage1:0|1, job2|stage2:6|1];0.0
x[job1|stage1:0|1, job2|stage2:6|2];0.0
x[job1|stage1:0|2, job2|stage2:0|0];0.0
x[job1|stage1:0|2, job2|stage2:0|1];1.0
x[job1|stage1:0|2, job2|stage2:0|2];0.0
x[job1|stage1:0|2, job2|stage2:1|0];0.0
x[job1|stage1:0|2, job2|stage2:1|1];0.0
x[job1|stage1:0|2, job2|stage2:1|2];0.0
x[job1|stage1:0|2, job2|stage2:2|0];0.0
x[job1|stage1:0|2, job2|stage2:2|1];1.0
x[job1|stage1:0|2, job2|stage2:2|2];1.0
x[job1|stage1:0|2, job2|stage2:3|0];0.0
x[job1|stage1:0|2, job2|stage2:3|1];1.0
x[job1|stage1:0|2, job2|stage2:3|2];0.0
x[job1|stage1:0|2, job2|stage2:4|0];0.0
x[job1|stage1:0|2, job2|stage2:4|1];1.0
x[job1|stage1:0|2, job2|stage2:4|2];0.0
x[job1|stage1:0|2, job2|stage2:5|0];1.0
x[job1|stage1:0|2, job2|stage2:5|1];1.0
x[job1|stage1:0|2, job2|stage2:5|2];0.0
x[job1|stage1:0|2, job2|stage2:6|0];0.0
x[job1|stage1:0|2, job2|stage2:6|1];0.0
x[job1|stage1:0|2, job2|stage2:6|2];1.0
x[job1|stage1:1|0, job2|stage2:0|0];0.0
x[job1|stage1:1|0, job2|stage2:0|1];0.0
x[job1|stage1:1|0, job2|stage2:0|2];0.0
x[job1|stage1:1|0, job2|stage2:1|0];0.0
x[job1|stage1:1|0, job2|stage2:1|1];0.0
x[job1|stage1:1|0, job2|stage2:1|2];0.0
x[job1|stage1:1|0, job2|stage2:2|0];1.0
x[job1|stage1:1|0, job2|stage2:2|1];0.0
x[job1|stage1:1|0, job2|stage2:2|2];0.0
x[job1|stage1:1|0, job2|stage2:3|0];0.0
x[job1|stage1:1|0, job2|stage2:3|1];0.0
x[job1|stage1:1|0, job2|stage2:3|2];0.0
x[job1|stage1:1|0, job2|stage2:4|0];1.0
x[job1|stage1:1|0, job2|stage2:4|1];0.0
x[job1|stage1:1|0, job2|stage2:4|2];0.0
x[job1|stage1:1|0, job2|stage2:5|0];0.0
x[job1|stage1:1|0, job2|stage2:5|1];0.0
x[job1|stage1:1|0, job2|stage2:5|2];0.0
x[job1|stage1:1|0, job2|stage2:6|0];1.0
x[job1|stage1:1|0, job2|stage2:6|1];1.0
x[job1|stage1:1|0, job2|stage2:6|2];0.0
x[job1|stage1:1|1, job2|stage2:0|0];0.0
x[job1|stage1:1|1, job2|stage2:0|1];0.0
x[job1|stage1:1|1, job2|stage2:0|2];0.0
x[job1|stage1:1|1, job2|stage2:1|0];1.0
x[job1|stage1:1|1, job2|stage2:1|1];0.0
x[job1|stage1:1|1, job2|stage2:1|2];0.0
x[job1|stage1:1|1, job2|stage2:2|0];1.0
x[job1|stage1:1|1, job2|stage2:2|1];0.0
x[job1|stage1:1|1, job2|stage2:2|2];0.0
x[job1|stage1:1|1, job2|stage2:3|0];1.0
x[job1|stage1:1|1, job2|stage2:3|1];0.0
x[job1|stage1:1|1, job2|stage2:3|2];0.0
x[job1|stage1:1|1, job2|stage2:4|0];1.0
x[job1|stage1:1|1, job2|stage2:4|1];0.0
x[job1|stage1:1|1, job2|stage2:4|2];1.0
x[job1|stage1:1|1, job2|stage2:5|0];1.0
x[job1|stage1:1|1, job2|stage2:5|1];1.0
x[job1|stage1:1|1, job2|stage2:5|2];0.0
x[job1|stage1:1|1, job2|stage2:6|0];1.0
x[job1|stage1:1|1, job2|stage2:6|1];1.0
x[job1|stage1:1|1, job2|stage2:6|2];0.0
x[job1|stage1:1|2, job2|stage2:0|0];0.0
x[job1|stage1:1|2, job2|stage2:0|1];0.0
x[job1|stage1:1|2, job2|stage2:0|2];0.0
x[job1|stage1:1|2, job2|stage2:1|0];0.0
x[job1|stage1:1|2, job2|stage2:1|1];0.0
x[job1|stage1:1|2, job2|stage2:1|2];0.0
x[job1|stage1:1|2, job2|stage2:2|0];0.0
x[job1|stage1:1|2, job2|stage2:2|1];1.0
x[job1|stage1:1|2, job2|stage2:2|2];1.0
x[job1|stage1:1|2, job2|stage2:3|0];0.0
x[job1|stage1:1|2, job2|stage2:3|1];1.0
x[job1|stage1:1|2, job2|stage2:3|2];1.0
x[job1|stage1:1|2, job2|stage2:4|0];0.0
x[job1|stage1:1|2, job2|stage2:4|1];0.0
x[job1|stage1:1|2, job2|stage2:4|2];1.0
x[job1|stage1:1|2, job2|stage2:5|0];0.0
x[job1|stage1:1|2, job2|stage2:5|1];0.0
x[job1|stage1:1|2, job2|stage2:5|2];1.0
x[job1|stage1:1|2, job2|stage2:6|0];0.0
x[job1|stage1:1|2, job2|stage2:6|1];1.0
x[job1|stage1:1|2, job2|stage2:6|2];0.0
x[job1|stage1:2|0, job2|stage2:0|0];0.0
x[job1|stage1:2|0, job2|stage2:0|1];0.0
x[job1|stage1:2|0, job2|stage2:0|2];0.0
x[job1|stage1:2|0, job2|stage2:1|0];0.0
x[job1|stage1:2|0, job2|stage2:1|1];0.0
x[job1|stage1:2|0, job2|stage2:1|2];0.0
x[job1|stage1:2|0, job2|stage2:2|0];0.0
x[job1|stage1:2|0, job2|stage2:2|1];0.0
x[job1|stage1:2|0, job2|stage2:2|2];0.0
x[job1|stage1:2|0, job2|stage2:3|0];0.0
x[job1|stage1:2|0, job2|stage2:3|1];0.0
x[job1|stage1:2|0, job2|stage2:3|2];0.0
x[job1|stage1:2|0, job2|stage2:4|0];0.0
x[job1|stage1:2|0, job2|stage2:4|1];0.0
x[job1|stage1:2|0, job2|stage2:4|2];1.0
x[job1|stage1:2|0, job2|stage2:5|0];1.0
x[job1|stage1:2|0, job2|stage2:5|1];0.0
x[job1|stage1:2|0, job2|stage2:5|2];0.0
x[job1|stage1:2|0, job2|stage2:6|0];0.0
x[job1|stage1:2|0, job2|stage2:6|1];0.0
x[job1|stage1:2|0, job2|stage2:6|2];0.0
x[job1|stage1:2|1, job2|stage2:0|0];0.0
x[job1|stage1:2|1, job2|stage2:0|1];0.0
x[job1|stage1:2|1, job2|stage2:0|2];0.0
x[job1|stage1:2|1, job2|stage2:1|0];0.0
x[job1|stage1:2|1, job2|stage2:1|1];0.0
x[job1|stage1:2|1, job2|stage2:1|2];0.0
x[job1|stage1:2|1, job2|stage2:2|0];0.0
x[job1|stage1:2|1, job2|stage2:2|1];0.0
x[job1|stage1:2|1, job2|stage2:2|2];0.0
x[job1|stage1:2|1, job2|stage2:3|0];0.0
x[job1|stage1:2|1, job2|stage2:3|1];0.0
x[job1|stage1:2|1, job2|stage2:3|2];0.0
x[job1|stage1:2|1, job2|stage2:4|0];1.0
x[job1|stage1:2|1, job2|stage2:4|1];1.0
x[job1|stage1:2|1, job2|stage2:4|2];0.0
x[job1|stage1:2|1, job2|stage2:5|0];0.0
x[job1|stage1:2|1, job2|stage2:5|1];1.0
x[job1|stage1:2|1, job2|stage2:5|2];0.0
x[job1|stage1:2|1, job2|stage2:6|0];1.0
x[job1|stage1:2|1, job2|stage2:6|1];0.0
x[job1|stage1:2|1, job2|stage2:6|2];0.0
x[job1|stage1:2|2, job2|stage2:0|0];0.0
x[job1|stage1:2|2, job2|stage2:0|1];0.0
x[job1|stage1:2|2, job2|stage2:0|2];0.0
x[job1|stage1:2|2, job2|stage2:1|0];0.0
x[job1|stage1:2|2, job2|stage2:1|1];0.0
x[job1|stage1:2|2, job2|stage2:1|2];0.0
x[job1|stage1:2|2, job2|stage2:2|0];0.0
x[job1|stage1:2|2, job2|stage2:2|1];1.0
x[job1|stage1:2|2, job2|stage2:2|2];0.0
x[job1|stage1:2|2, job2|stage2:3|0];0.0
x[job1|stage1:2|2, job2|stage2:3|1];1.0
x[job1|stage1:2|2, job2|stage2:3|2];0.0
x[job1|stage1:2|2, job2|stage2:4|0];0.0
x[job1|stage1:2|2, job2|stage2:4|1];1.0
x[job1|stage1:2|2, job2|stage2:4|2];1.0
x[job1|stage1:2|2, job2|stage2:5|0];1.0
x[job1|stage1:2|2, job2|stage2:5|1];0.0
x[job1|stage1:2|2, job2|stage2:5|2];0.0
x[job1|stage1:2|2, job2|stage2:6|0];0.0
x[job1|stage1:2|2, job2|stage2:6|1];1.0
x[job1|stage1:2|2, job2|stage2:6|2];0.0
x[job1|stage1:3|0, job2|stage2:0|0];0.0
x[job1|stage1:3|0, job2|stage2:0|1];0.0
x[job1|stage1:3|0, job2|stage2:0|2];0.0
x[job1|stage1:3|0, job2|stage2:1|0];0.0
x[job1|stage1:3|0, job2|stage2:1|1];0.0
x[job1|stage1:3|0, job2|stage2:1|2];0.0
x[job1|stage1:3|0, job2|stage2:2|0];0.0
x[job1|stage1:3|0, job2|stage2:2|1];0.0
x[job1|stage1:3|0, job2|stage2:2|2];0.0
x[job1|stage1:3|0, job2|stage2:3|0];0.0
x[job1|stage1:3|0, job2|stage2:3|1];0.0
x[job1|stage1:3|0, job2|stage2:3|2];0.0
x[job1|stage1:3|0, job2|stage2:4|0];0.0
x[job1|stage1:3|0, job2|stage2:4|1];0.0
x[job1|stage1:3|0, job2|stage2:4|2];0.0
x[job1|stage1:3|0, job2|stage2:5|0];1.0
x[job1|stage1:3|0, job2|stage2:5|1];0.0
x[job1|stage1:3|0, job2|stage2:5|2];0.0
x[job1|stage1:3|0, job2|stage2:6|0];0.0
x[job1|stage1:3|0, job2|stage2:6|1];0.0
x[job1|stage1:3|0, job2|stage2:6|2];0.0
x[job1|stage1:3|1, job2|stage2:0|0];0.0
x[job1|stage1:3|1, job2|stage2:0|1];0.0
x[job1|stage1:3|1, job2|stage2:0|2];0.0
x[job1|stage1:3|1, job2|stage2:1|0];0.0
x[job1|stage1:3|1, job2|stage2:1|1];0.0
x[job1|stage1:3|1, job2|stage2:1|2];0.0
x[job1|stage1:3|1, job2|stage2:2|0];0.0
x[job1|stage1:3|1, job2|stage2:2|1];0.0
x[job1|stage1:3|1, job2|stage2:2|2];0.0
x[job1|stage1:3|1, job2|stage2:3|0];0.0
x[job1|stage1:3|1, job2|stage2:3|1];0.0
x[job1|stage1:3|1, job2|stage2:3|2];0.0
x[job1|stage1:3|1, job2|stage2:4|0];1.0
x[job1|stage1:3|1, job2|stage2:4|1];0.0
x[job1|stage1:3|1, job2|stage2:4|2];0.0
x[job1|stage1:3|1, job2|stage2:5|0];0.0
x[job1|stage1:3|1, job2|stage2:5|1];0.0
x[job1|stage1:3|1, job2|stage2:5|2];0.0
x[job1|stage1:3|1, job2|stage2:6|0];1.0
x[job1|stage1:3|1, job2|stage2:6|1];1.0
x[job1|stage1:3|1, job2|stage2:6|2];0.0
x[job1|stage1:3|2, job2|stage2:0|0];0.0
x[job1|stage1:3|2, job2|stage2:0|1];0.0
x[job1|stage1:3|2, job2|stage2:0|2];0.0
x[job1|stage1:3|2, job2|stage2:1|0];0.0
x[job1|stage1:3|2, job2|stage2:1|1];0.0
x[job1|stage1:3|2, job2|stage2:1|2];0.0
x[job1|stage1:3|2, job2|stage2:2|0];0.0
x[job1|stage1:3|2, job2|stage2:2|1];0.0
x[job1|stage1:3|2, job2|stage2:2|2];0.0
x[job1|stage1:3|2, job2|stage2:3|0];0.0
x[job1|stage1:3|2, job2|stage2:3|1];0.0
x[job1|stage1:3|2, job2|stage2:3|2];0.0
x[job1|stage1:3|2, job2|stage2:4|0];0.0
x[job1|stage1:3|2, job2|stage2:4|1];1.0
x[job1|stage1:3|2, job2|stage2:4|2];0.0
x[job1|stage1:3|2, job2|stage2:5|0];1.0
x[job1|stage1:3|2, job2|stage2:5|1];1.0
x[job1|stage1:3|2, job2|stage2:5|2];0.0
x[job1|stage1:3|2, job2|stage2:6|0];0.0
x[job1|stage1:3|2, job2|stage2:6|1];0.0
x[job1|stage1:3|2, job2|stage2:6|2];0.0
x[job1|stage1:4|0, job2|stage2:0|0];0.0
x[job1|stage1:4|0, job2|stage2:0|1];0.0
x[job1|stage1:4|0, job2|stage2:0|2];0.0
x[job1|stage1:4|0, job2|stage2:1|0];0.0
x[job1|stage1:4|0, job2|stage2:1|1];0.0
x[job1|stage1:4|0, job2|stage2:1|2];0.0
x[job1|stage1:4|0, job2|stage2:2|0];0.0
x[job1|stage1:4|0, job2|stage2:2|1];0.0
x[job1|stage1:4|0, job2|stage2:2|2];0.0
x[job1|stage1:4|0, job2|stage2:3|0];0.0
x[job1|stage1:4|0, job2|stage2:3|1];0.0
x[job1|stage1:4|0, job2|stage2:3|2];0.0
x[job1|stage1:4|0, job2|stage2:4|0];0.0
x[job1|stage1:4|0, job2|stage2:4|1];0.0
x[job1|stage1:4|0, job2|stage2:4|2];1.0
x[job1|stage1:4|0, job2|stage2:5|0];0.0
x[job1|stage1:4|0, job2|stage2:5|1];0.0
x[job1|stage1:4|0, job2|stage2:5|2];0.0
x[job1|stage1:4|0, job2|stage2:6|0];0.0
x[job1|stage1:4|0, job2|stage2:6|1];0.0
x[job1|stage1:4|0, job2|stage2:6|2];0.0
x[job1|stage1:4|1, job2|stage2:0|0];0.0
x[job1|stage1:4|1, job2|stage2:0|1];0.0
x[job1|stage1:4|1, job2|stage2:0|2];0.0
x[job1|stage1:4|1, job2|stage2:1|0];0.0
x[job1|stage1:4|1, job2|stage2:1|1];0.0
x[job1|stage1:4|1, job2|stage2:1|2];0.0
x[job1|stage1:4|1, job2|stage2:2|0];0.0
x[job1|stage1:4|1, job2|stage2:2|1];0.0
x[job1|stage1:4|1, job2|stage2:2|2];0.0
x[job1|stage1:4|1, job2|stage2:3|0];0.0
x[job1|stage1:4|1, job2|stage2:3|1];0.0
x[job1|stage1:4|1, job2|stage2:3|2];0.0
x[job1|stage1:4|1, job2|stage2:4|0];0.0
x[job1|stage1:4|1, job2|stage2:4|1];0.0
x[job1|stage1:4|1, job2|stage2:4|2];0.0
x[job1|stage1:4|1, job2|stage2:5|0];1.0
x[job1|stage1:4|1, job2|stage2:5|1];0.0
x[job1|stage1:4|1, job2|stage2:5|2];0.0
x[job1|stage1:4|1, job2|stage2:6|0];0.0
x[job1|stage1:4|1, job2|stage2:6|1];0.0
x[job1|stage1:4|1, job2|stage2:6|2];0.0
x[job1|stage1:4|2, job2|stage2:0|0];0.0
x[job1|stage1:4|2, job2|stage2:0|1];0.0
x[job1|stage1:4|2, job2|stage2:0|2];0.0
x[job1|stage1:4|2, job2|stage2:1|0];0.0
x[job1|stage1:4|2, job2|stage2:1|1];0.0
x[job1|stage1:4|2, job2|stage2:1|2];0.0
x[job1|stage1:4|2, job2|stage2:2|0];0.0
x[job1|stage1:4|2, job2|stage2:2|1];0.0
x[job1|stage1:4|2, job2|stage2:2|2];0.0
x[job1|stage1:4|2, job2|stage2:3|0];0.0
x[job1|stage1:4|2, job2|stage2:3|1];0.0
x[job1|stage1:4|2, job2|stage2:3|2];0.0
x[job1|stage1:4|2, job2|stage2:4|0];0.0
x[job1|stage1:4|2, job2|stage2:4|1];1.0
x[job1|stage1:4|2, job2|stage2:4|2];0.0
x[job1|stage1:4|2, job2|stage2:5|0];0.0
x[job1|stage1:4|2, job2|stage2:5|1];0.0
x[job1|stage1:4|2, job2|stage2:5|2];0.0
x[job1|stage1:4|2, job2|stage2:6|0];1.0
x[job1|stage1:4|2, job2|stage2:6|1];0.0
x[job1|stage1:4|2, job2|stage2:6|2];0.0
x[job1|stage1:5|0, job2|stage2:0|0];0.0
x[job1|stage1:5|0, job2|stage2:0|1];0.0
x[job1|stage1:5|0, job2|stage2:0|2];0.0
x[job1|stage1:5|0, job2|stage2:1|0];0.0
x[job1|stage1:5|0, job2|stage2:1|1];0.0
x[job1|stage1:5|0, job2|stage2:1|2];0.0
x[job1|stage1:5|0, job2|stage2:2|0];0.0
x[job1|stage1:5|0, job2|stage2:2|1];0.0
x[job1|stage1:5|0, job2|stage2:2|2];0.0
x[job1|stage1:5|0, job2|stage2:3|0];0.0
x[job1|stage1:5|0, job2|stage2:3|1];0.0
x[job1|stage1:5|0, job2|stage2:3|2];0.0
x[job1|stage1:5|0, job2|stage2:4|0];0.0
x[job1|stage1:5|0, job2|stage2:4|1];0.0
x[job1|stage1:5|0, job2|stage2:4|2];0.0
x[job1|stage1:5|0, job2|stage2:5|0];0.0
x[job1|stage1:5|0, job2|stage2:5|1];0.0
x[job1|stage1:5|0, job2|stage2:5|2];0.0
x[job1|stage1:5|0, job2|stage2:6|0];1.0
x[job1|stage1:5|0, job2|stage2:6|1];0.0
x[job1|stage1:5|0, job2|stage2:6|2];0.0
x[job1|stage1:5|1, job2|stage2:0|0];0.0
x[job1|stage1:5|1, job2|stage2:0|1];0.0
x[job1|stage1:5|1, job2|stage2:0|2];0.0
x[job1|stage1:5|1, job2|stage2:1|0];0.0
x[job1|stage1:5|1, job2|stage2:1|1];0.0
x[job1|stage1:5|1, job2|stage2:1|2];0.0
x[job1|stage1:5|1, job2|stage2:2|0];0.0
x[job1|stage1:5|1, job2|stage2:2|1];0.0
x[job1|stage1:5|1, job2|stage2:2|2];0.0
x[job1|stage1:5|1, job2|stage2:3|0];0.0
x[job1|stage1:5|1, job2|stage2:3|1];0.0
x[job1|stage1:5|1, job2|stage2:3|2];0.0
x[job1|stage1:5|1, job2|stage2:4|0];0.0
x[job1|stage1:5|1, job2|stage2:4|1];0.0
x[job1|stage1:5|1, job2|stage2:4|2];0.0
x[job1|stage1:5|1, job2|stage2:5|0];1.0
x[job1|stage1:5|1, job2|stage2:5|1];0.0
x[job1|stage1:5|1, job2|stage2:5|2];0.0
x[job1|stage1:5|1, job2|stage2:6|0];1.0
x[job1|stage1:5|1, job2|stage2:6|1];1.0
x[job1|stage1:5|1, job2|stage2:6|2];1.0
x[job1|stage1:5|2, job2|stage2:0|0];0.0
x[job1|stage1:5|2, job2|stage2:0|1];0.0
x[job1|stage1:5|2, job2|stage2:0|2];0.0
x[job1|stage1:5|2, job2|stage2:1|0];0.0
x[job1|stage1:5|2, job2|stage2:1|1];0.0
x[job1|stage1:5|2, job2|stage2:1|2];0.0
x[job1|stage1:5|2, job2|stage2:2|0];0.0
x[job1|stage1:5|2, job2|stage2:2|1];0.0
x[job1|stage1:5|2, job2|stage2:2|2];0.0
x[job1|stage1:5|2, job2|stage2:3|0];0.0
x[job1|stage1:5|2, job2|stage2:3|1];0.0
x[job1|stage1:5|2, job2|stage2:3|2];0.0
x[job1|stage1:5|2, job2|stage2:4|0];0.0
x[job1|stage1:5|2, job2|stage2:4|1];0.0
x[job1|stage1:5|2, job2|stage2:4|2];0.0
x[job1|stage1:5|2, job2|stage2:5|0];0.0
x[job1|stage1:5|2, job2|stage2:5|1];1.0
x[job1|stage1:5|2, job2|stage2:5|2];0.0
x[job1|stage1:5|2, job2|stage2:6|0];0.0
x[job1|stage1:5|2, job2|stage2:6|1];1.0
x[job1|stage1:5|2, job2|stage2:6|2];0.0
x[job1|stage1:6|0, job2|stage2:0|0];0.0
x[job1|stage1:6|0, job2|stage2:0|1];0.0
x[job1|stage1:6|0, job2|stage2:0|2];0.0
x[job1|stage1:6|0, job2|stage2:1|0];0.0
x[job1|stage1:6|0, job2|stage2:1|1];0.0
x[job1|stage1:6|0, job2|stage2:1|2];0.0
x[job1|stage1:6|0, job2|stage2:2|0];0.0
x[job1|stage1:6|0, job2|stage2:2|1];0.0
x[job1|stage1:6|0, job2|stage2:2|2];0.0
x[job1|stage1:6|0, job2|stage2:3|0];0.0
x[job1|stage1:6|0, job2|stage2:3|1];0.0
x[job1|stage1:6|0, job2|stage2:3|2];0.0
x[job1|stage1:6|0, job2|stage2:4|0];0.0
x[job1|stage1:6|0, job2|stage2:4|1];0.0
x[job1|stage1:6|0, job2|stage2:4|2];0.0
x[job1|stage1:6|0, job2|stage2:5|0];0.0
x[job1|stage1:6|0, job2|stage2:5|1];0.0
x[job1|stage1:6|0, job2|stage2:5|2];0.0
x[job1|stage1:6|0, job2|stage2:6|0];0.0
x[job1|stage1:6|0, job2|stage2:6|1];0.0
x[job1|stage1:6|0, job2|stage2:6|2];0.0
x[job1|stage1:6|1, job2|stage2:0|0];0.0
x[job1|stage1:6|1, job2|stage2:0|1];0.0
x[job1|stage1:6|1, job2|stage2:0|2];0.0
x[job1|stage1:6|1, job2|stage2:1|0];0.0
x[job1|stage1:6|1, job2|stage2:1|1];0.0
x[job1|stage1:6|1, job2|stage2:1|2];0.0
x[job1|stage1:6|1, job2|stage2:2|0];0.0
x[job1|stage1:6|1, job2|stage2:2|1];0.0
x[job1|stage1:6|1, job2|stage2:2|2];0.0
x[job1|stage1:6|1, job2|stage2:3|0];0.0
x[job1|stage1:6|1, job2|stage2:3|1];0.0
x[job1|stage1:6|1, job2|stage2:3|2];0.0
x[job1|stage1:6|1, job2|stage2:4|0];0.0
x[job1|stage1:6|1, job2|stage2:4|1];0.0
x[job1|stage1:6|1, job2|stage2:4|2];0.0
x[job1|stage1:6|1, job2|stage2:5|0];0.0
x[job1|stage1:6|1, job2|stage2:5|1];0.0
x[job1|stage1:6|1, job2|stage2:5|2];0.0
x[job1|stage1:6|1, job2|stage2:6|0];0.0
x[job1|stage1:6|1, job2|stage2:6|1];0.0
x[job1|stage1:6|1, job2|stage2:6|2];0.0
x[job1|stage1:6|2, job2|stage2:0|0];0.0
x[job1|stage1:6|2, job2|stage2:0|1];0.0
x[job1|stage1:6|2, job2|stage2:0|2];0.0
x[job1|stage1:6|2, job2|stage2:1|0];0.0
x[job1|stage1:6|2, job2|stage2:1|1];0.0
x[job1|stage1:6|2, job2|stage2:1|2];0.0
x[job1|stage1:6|2, job2|stage2:2|0];0.0
x[job1|stage1:6|2, job2|stage2:2|1];0.0
x[job1|stage1:6|2, job2|stage2:2|2];0.0
x[job1|stage1:6|2, job2|stage2:3|0];0.0
x[job1|stage1:6|2, job2|stage2:3|1];0.0
x[job1|stage1:6|2, job2|stage2:3|2];0.0
x[job1|stage1:6|2, job2|stage2:4|0];0.0
x[job1|stage1:6|2, job2|stage2:4|1];0.0
x[job1|stage1:6|2, job2|stage2:4|2];0.0
x[job1|stage1:6|2, job2|stage2:5|0];0.0
x[job1|stage1:6|2, job2|stage2:5|1];0.0
x[job1|stage1:6|2, job2|stage2:5|2];0.0
x[job1|stage1:6|2, job2|stage2:6|0];0.0
x[job1|stage1:6|2, job2|stage2:6|1];0.0
x[job1|stage1:6|2, job2|stage2:6|2];0.0
y[job:0, stage:0, machine:1];0.0
y[job:0, stage:0, machine:2];0.0
y[job:0, stage:0, machine:3];1.0
y[job:0, stage:1, machine:2];0.0
y[job:0, stage:1, machine:4];0.0
y[job:0, stage:1, machine:7];1.0
y[job:0, stage:2, machine:4];1.0
y[job:0, stage:2, machine:5];0.0
y[job:0, stage:2, machine:7];0.0
y[job:1, stage:0, machine:1];1.0
y[job:1, stage:0, machine:3];0.0
y[job:1, stage:1, machine:2];1.0
y[job:1, stage:1, machine:3];0.0
y[job:1, stage:2, machine:5];0.0
y[job:1, stage:2, machine:6];1.0
y[job:1, stage:2, machine:7];0.0
y[job:2, stage:0, machine:1];1.0
y[job:2, stage:0, machine:2];0.0
y[job:2, stage:1, machine:3];0.0
y[job:2, stage:1, machine:4];0.0
y[job:2, stage:1, machine:7];1.0
y[job:2, stage:2, machine:4];0.0
y[job:2, stage:2, machine:5];1.0
y[job:2, stage:2, machine:6];0.0
y[job:3, stage:0, machine:1];0.0
y[job:3, stage:0, machine:2];1.0
y[job:3, stage:1, machine:3];0.0
y[job:3, stage:1, machine:5];1.0
y[job:3, stage:2, machine:4];0.0
y[job:3, stage:2, machine:6];1.0
y[job:4, stage:0, machine:1];0.0
y[job:4, stage:0, machine:2];0.0
y[job:4, stage:0, machine:3];1.0
y[job:4, stage:1, machine:4];1.0
y[job:4, stage:1, machine:5];0.0
y[job:4, stage:1, machine:7];0.0
y[job:4, stage:2, machine:2];1.0
y[job:4, stage:2, machine:5];0.0
y[job:4, stage:2, machine:6];0.0
y[job:5, stage:0, machine:2];0.0
y[job:5, stage:0, machine:3];0.0
y[job:5, stage:0, machine:4];1.0
y[job:5, stage:1, machine:3];0.0
y[job:5, stage:1, machine:4];1.0
y[job:5, stage:1, machine:5];0.0
y[job:5, stage:2, machine:5];1.0
y[job:5, stage:2, machine:6];0.0
y[job:5, stage:2, machine:7];0.0
y[job:6, stage:0, machine:2];1.0
y[job:6, stage:0, machine:3];0.0
y[job:6, stage:1, machine:3];1.0
y[job:6, stage:1, machine:5];0.0
y[job:6, stage:2, machine:5];0.0
y[job:6, stage:2, machine:6];0.0
y[job:6, stage:2, machine:7];1.0
