{ "SolutionInfo": { "Status": 2, "Runtime": 9.1999769210815430e-02, "Work": 0.0373782043675976, "ObjVal": 11, "ObjBound": 11, "ObjBoundC": 11, "MIPGap": 0, "IntVio": 0, "BoundVio": 0, "ConstrVio": 1.2576606422953773e-12, "IterCount": 1298, "BarIterCount": 0, "NodeCount": 951, "SolCount": 6, "PoolObjBound": 11, "PoolObjVal": [ 11, 12, 15, 17, 22, 27]}, "Vars": [ { "VarName": "y[0,0,4]", "X": 1}, { "VarName": "y[0,1,2]", "X": 1}, { "VarName": "y[0,2,3]", "X": 1}, { "VarName": "y[1,0,3]", "X": 1}, { "VarName": "y[1,1,3]", "X": 1}, { "VarName": "y[1,2,4]", "X": 1}, { "VarName": "y[2,0,1]", "X": 1}, { "VarName": "y[2,1,2]", "X": 1}, { "VarName": "y[2,2,0]", "X": 1}, { "VarName": "x[0,0,0,2]", "X": 1}, { "VarName": "x[0,0,1,1]", "X": 1}, { "VarName": "x[0,0,1,2]", "X": 1}, { "VarName": "x[0,1,2,1]", "X": 1}, { "VarName": "x[0,1,2,2]", "X": 1}, { "VarName": "x[1,0,1,1]", "X": 1}, { "VarName": "x[1,2,2,1]", "X": 1}, { "VarName": "s[0,0,4]", "X": 1.7000000000000465e+01}, { "VarName": "s[0,1,2]", "X": 1.4999999999999226e+01}, { "VarName": "s[0,2,3]", "X": 1.0000000000004283e+00}, { "VarName": "s[1,0,3]", "X": 16.0000000000005}, { "VarName": "s[1,1,3]", "X": 9.0000000000005080e+00}, { "VarName": "s[1,2,4]", "X": 2}, { "VarName": "s[2,0,1]", "X": 4.0000000000002931e+00}, { "VarName": "s[2,1,2]", "X": 1.0000000000003766e+00}, { "VarName": "s[2,2,0]", "X": 2}, { "VarName": "Z_FO", "X": 11}, { "VarName": "C119", "X": 1}, { "VarName": "C121", "X": 1}, { "VarName": "C122", "X": 1}]}