{ "SolutionInfo": { "Status": 2, "Runtime": 8.9999914169311523e-02, "Work": 0.0410454883562218, "ObjVal": 25, "ObjBound": 25, "ObjBoundC": 25, "MIPGap": 0, "IntVio": 0, "BoundVio": 0, "ConstrVio": 1.0039968856290216e-11, "IterCount": 1137, "BarIterCount": 0, "NodeCount": 959, "SolCount": 10, "PoolObjBound": 25, "PoolObjVal": [ 25, 25, 31, 32, 33, 34, 36, 48, 49, 52]}, "Vars": [ { "VarName": "y[0,0,3]", "X": 1}, { "VarName": "y[0,1,0]", "X": 1}, { "VarName": "y[0,2,3]", "X": 1}, { "VarName": "y[1,0,2]", "X": 1}, { "VarName": "y[1,1,2]", "X": 1}, { "VarName": "y[1,2,1]", "X": 1}, { "VarName": "y[2,0,1]", "X": 1}, { "VarName": "y[2,1,0]", "X": 1}, { "VarName": "y[2,2,2]", "X": 1}, { "VarName": "x[0,0,0,2]", "X": 1}, { "VarName": "x[0,0,1,1]", "X": 1}, { "VarName": "x[0,0,2,0]", "X": 1}, { "VarName": "x[0,1,2,1]", "X": 1}, { "VarName": "x[0,2,1,1]", "X": 1}, { "VarName": "x[0,2,2,0]", "X": 1}, { "VarName": "x[1,0,1,1]", "X": 1}, { "VarName": "x[1,0,2,2]", "X": 1}, { "VarName": "x[1,1,2,0]", "X": 1}, { "VarName": "x[1,1,2,2]", "X": 1}, { "VarName": "x[1,2,1,0]", "X": 1}, { "VarName": "x[1,2,2,0]", "X": 1}, { "VarName": "s[0,0,3]", "X": 1.2000000000002785e+01}, { "VarName": "s[0,1,0]", "X": 9.1993069855754754e+00}, { "VarName": "s[0,2,3]", "X": 3}, { "VarName": "s[1,0,2]", "X": 2.2000000000002842e+01}, { "VarName": "s[1,1,2]", "X": 12}, { "VarName": "s[1,2,1]", "X": 1.9000000000002842e+01}, { "VarName": "s[2,0,1]", "X": 2.0000000000044138e+00}, { "VarName": "s[2,1,0]", "X": 3.9562595553583396e-12}, { "VarName": "Z_FO", "X": 25}, { "VarName": "C119", "X": 1}, { "VarName": "C121", "X": 1}, { "VarName": "C122", "X": 1}]}