{ "SolutionInfo": { "Status": 2, "Runtime": 1.8000125885009766e-02, "Work": 1.3429280597810902e-03, "ObjVal": 74, "ObjBound": 74, "ObjBoundC": 74, "MIPGap": 0, "IntVio": 0, "BoundVio": 0, "ConstrVio": 0, "IterCount": 34, "BarIterCount": 0, "NodeCount": 1, "SolCount": 5, "PoolObjBound": 74, "PoolObjVal": [ 74, 74, 105, 112, 124]}, "Vars": [ { "VarName": "y[0,0,1]", "X": 1}, { "VarName": "y[0,1,1]", "X": 1}, { "VarName": "y[0,2,0]", "X": 1}, { "VarName": "y[1,0,1]", "X": 1}, { "VarName": "y[1,1,2]", "X": 1}, { "VarName": "y[1,2,1]", "X": 1}, { "VarName": "y[2,0,1]", "X": 1}, { "VarName": "y[2,1,1]", "X": 1}, { "VarName": "y[2,2,1]", "X": 1}, { "VarName": "x[0,0,0,1]", "X": 1}, { "VarName": "x[0,0,1,0]", "X": 1}, { "VarName": "x[0,0,1,2]", "X": 1}, { "VarName": "x[0,0,2,1]", "X": 1}, { "VarName": "x[0,1,1,0]", "X": 1}, { "VarName": "x[0,1,1,2]", "X": 1}, { "VarName": "x[1,0,1,2]", "X": 1}, { "VarName": "x[2,0,2,1]", "X": 1}, { "VarName": "x[2,0,2,2]", "X": 1}, { "VarName": "x[2,2,2,1]", "X": 1}, { "VarName": "s[0,0,1]", "X": 2.8999999999994689e+01}, { "VarName": "s[0,1,1]", "X": 1.3999999999998614e+01}, { "VarName": "s[0,2,0]", "X": 1}, { "VarName": "s[1,0,1]", "X": 5.9999999999997442e+00}, { "VarName": "s[1,1,2]", "X": 2.9999999999997433e+00}, { "VarName": "s[1,2,1]", "X": 1.7166393040945249e-12}, { "VarName": "s[2,0,1]", "X": 5.0999999999997677e+01}, { "VarName": "s[2,1,1]", "X": 2.3110093467698757e+01}, { "VarName": "s[2,2,1]", "X": 4.0999999999995218e+01}, { "VarName": "Z_FO", "X": 74}, { "VarName": "C100", "X": 1}, { "VarName": "C101", "X": 1}, { "VarName": "C102", "X": 1}]}