{ "SolutionInfo": { "Status": 9, "Runtime": 3.6005900001525879e+03, "Work": 1.4678345042331281e+02, "ObjVal": 55, "ObjBound": 50, "ObjBoundC": 50, "MIPGap": 9.0909090909090912e-02, "IntVio": 0, "BoundVio": 0, "ConstrVio": 1.2107193470001221e-08, "IterCount": 2354, "BarIterCount": 0, "NodeCount": 28285701, "SolCount": 9, "PoolObjBound": 50, "PoolObjVal": [ 55, 56, 57, 58, 72, 78, 85, 137, 138]}, "Vars": [ { "VarName": "y[0,0,2]", "X": 1}, { "VarName": "y[0,1,1]", "X": 1}, { "VarName": "y[0,2,2]", "X": 1}, { "VarName": "y[1,0,3]", "X": 1}, { "VarName": "y[1,1,1]", "X": 1}, { "VarName": "y[1,2,1]", "X": 1}, { "VarName": "y[2,0,0]", "X": 1}, { "VarName": "y[2,1,2]", "X": 1}, { "VarName": "y[2,2,3]", "X": 1}, { "VarName": "x[0,0,0,2]", "X": 1}, { "VarName": "x[0,0,2,1]", "X": 1}, { "VarName": "x[0,1,0,0]", "X": 1}, { "VarName": "x[0,1,1,1]", "X": 1}, { "VarName": "x[0,1,1,2]", "X": 1}, { "VarName": "x[0,1,2,2]", "X": 1}, { "VarName": "x[0,2,0,1]", "X": 1}, { "VarName": "x[0,2,1,2]", "X": 1}, { "VarName": "x[0,2,2,2]", "X": 1}, { "VarName": "x[1,0,1,1]", "X": 1}, { "VarName": "x[1,0,1,2]", "X": 1}, { "VarName": "x[1,0,2,1]", "X": 1}, { "VarName": "x[1,0,2,2]", "X": 1}, { "VarName": "x[1,1,1,2]", "X": 1}, { "VarName": "x[1,1,2,1]", "X": 1}, { "VarName": "x[1,1,2,2]", "X": 1}, { "VarName": "s[0,0,2]", "X": 2.2999999983003381e+01}, { "VarName": "s[0,1,1]", "X": 1.7999999983003725e+01}, { "VarName": "s[0,2,2]", "X": 1}, { "VarName": "s[1,0,3]", "X": 16}, { "VarName": "s[1,1,1]", "X": 9.99999999511125}, { "VarName": "s[1,2,1]", "X": 1}, { "VarName": "s[2,0,0]", "X": 8}, { "VarName": "s[2,1,2]", "X": 6}, { "VarName": "s[2,2,3]", "X": 3}, { "VarName": "Z_FO", "X": 55}]}