{ "SolutionInfo": { "Status": 2, "Runtime": 3.4700012207031250e-01, "Work": 2.1375125616176505e-01, "ObjVal": 36, "ObjBound": 36, "ObjBoundC": 36, "MIPGap": 0, "IntVio": 0, "BoundVio": 0, "ConstrVio": 0, "IterCount": 1396, "BarIterCount": 0, "NodeCount": 14618, "SolCount": 4, "PoolObjBound": 36, "PoolObjVal": [ 36, 37, 38, 46]}, "Vars": [ { "VarName": "y[0,0,3]", "X": 1}, { "VarName": "y[0,1,2]", "X": 1}, { "VarName": "y[0,2,3]", "X": 1}, { "VarName": "y[1,0,4]", "X": 1}, { "VarName": "y[1,1,1]", "X": 1}, { "VarName": "y[1,2,2]", "X": 1}, { "VarName": "y[2,0,0]", "X": 1}, { "VarName": "y[2,1,1]", "X": 1}, { "VarName": "y[2,2,0]", "X": 1}, { "VarName": "x[0,0,0,1]", "X": 1}, { "VarName": "x[0,0,0,2]", "X": 1}, { "VarName": "x[0,0,1,2]", "X": 1}, { "VarName": "x[0,1,1,2]", "X": 1}, { "VarName": "x[2,0,2,2]", "X": 1}, { "VarName": "s[0,0,3]", "X": 10}, { "VarName": "s[0,1,2]", "X": 7}, { "VarName": "s[0,2,3]", "X": 3}, { "VarName": "s[1,0,4]", "X": 5}, { "VarName": "s[1,2,2]", "X": 1}, { "VarName": "s[2,0,0]", "X": 11}, { "VarName": "s[2,1,1]", "X": 9}, { "VarName": "s[2,2,0]", "X": 1}, { "VarName": "Z_FO", "X": 36}]}