{ "SolutionInfo": { "Status": 2, "Runtime": 2.4000167846679688e-02, "Work": 1.8068433709266770e-03, "ObjVal": 97, "ObjBound": 97, "ObjBoundC": 97, "MIPGap": 0, "IntVio": 0, "BoundVio": 0, "ConstrVio": 0, "IterCount": 91, "BarIterCount": 0, "NodeCount": 1, "SolCount": 5, "PoolObjBound": 97, "PoolObjVal": [ 97, 97, 98, 119, 126]}, "Vars": [ { "VarName": "y[0,0,1]", "X": 1}, { "VarName": "y[0,1,2]", "X": 1}, { "VarName": "y[0,2,1]", "X": 1}, { "VarName": "y[1,0,1]", "X": 1}, { "VarName": "y[1,1,1]", "X": 1}, { "VarName": "y[1,2,1]", "X": 1}, { "VarName": "y[2,0,1]", "X": 1}, { "VarName": "y[2,1,2]", "X": 1}, { "VarName": "y[2,2,0]", "X": 1}, { "VarName": "x[0,0,0,2]", "X": 1}, { "VarName": "x[0,0,1,1]", "X": 1}, { "VarName": "x[0,0,2,0]", "X": 1}, { "VarName": "x[0,1,2,1]", "X": 1}, { "VarName": "x[0,2,1,1]", "X": 1}, { "VarName": "x[0,2,2,0]", "X": 1}, { "VarName": "x[1,0,1,1]", "X": 1}, { "VarName": "x[1,0,1,2]", "X": 1}, { "VarName": "x[1,0,2,0]", "X": 1}, { "VarName": "x[1,1,2,0]", "X": 1}, { "VarName": "x[1,2,1,1]", "X": 1}, { "VarName": "x[1,2,2,0]", "X": 1}, { "VarName": "s[0,0,1]", "X": 33}, { "VarName": "s[0,1,2]", "X": 29}, { "VarName": "s[0,2,1]", "X": 26}, { "VarName": "s[1,0,1]", "X": 51}, { "VarName": "s[1,1,1]", "X": 10}, { "VarName": "s[1,2,1]", "X": 44}, { "VarName": "s[2,0,1]", "X": 4}, { "VarName": "s[2,2,0]", "X": 2}, { "VarName": "Z_FO", "X": 97}]}