{ "SolutionInfo": { "Status": 9, "Runtime": 3.6007230000495911e+03, "Work": 5.8405099737236424e+02, "ObjVal": 139, "ObjBound": 77, "ObjBoundC": 77, "MIPGap": 4.4604316546762590e-01, "IntVio": 0, "BoundVio": 0, "ConstrVio": 9.9475983006414026e-14, "IterCount": 146698258, "BarIterCount": 0, "NodeCount": 17442841, "SolCount": 10, "PoolObjBound": 77, "PoolObjVal": [ 139, 141, 143, 146, 154, 158, 159, 170, 172, 176]}, "Vars": [ { "VarName": "y[0,0,3]", "X": 1}, { "VarName": "y[0,1,4]", "X": 1}, { "VarName": "y[0,2,1]", "X": 1}, { "VarName": "y[1,0,6]", "X": 1}, { "VarName": "y[1,1,5]", "X": 1}, { "VarName": "y[1,2,0]", "X": 1}, { "VarName": "y[2,0,5]", "X": 1}, { "VarName": "y[2,1,0]", "X": 1}, { "VarName": "y[2,2,2]", "X": 1}, { "VarName": "y[3,0,5]", "X": 1}, { "VarName": "y[3,1,4]", "X": 1}, { "VarName": "y[3,2,2]", "X": 1}, { "VarName": "y[4,0,6]", "X": 1}, { "VarName": "y[4,1,0]", "X": 1}, { "VarName": "y[4,2,5]", "X": 1}, { "VarName": "y[5,0,4]", "X": 1}, { "VarName": "y[5,1,1]", "X": 1}, { "VarName": "y[5,2,1]", "X": 1}, { "VarName": "y[6,0,4]", "X": 1}, { "VarName": "y[6,1,6]", "X": 1}, { "VarName": "y[6,2,0]", "X": 1}, { "VarName": "y[7,0,3]", "X": 1}, { "VarName": "y[7,1,2]", "X": 1}, { "VarName": "y[7,2,2]", "X": 1}, { "VarName": "x[0,0,1,0]", "X": 1}, { "VarName": "x[0,0,3,2]", "X": 1}, { "VarName": "x[0,0,7,1]", "X": 1}, { "VarName": "x[0,0,7,2]", "X": 1}, { "VarName": "x[0,1,0,0]", "X": 1}, { "VarName": "x[0,1,4,0]", "X": 1}, { "VarName": "x[0,2,0,0]", "X": 1}, { "VarName": "x[0,2,0,1]", "X": 1}, { "VarName": "x[0,2,3,2]", "X": 1}, { "VarName": "x[0,2,6,1]", "X": 1}, { "VarName": "x[0,2,7,2]", "X": 1}, { "VarName": "x[1,0,1,2]", "X": 1}, { "VarName": "x[1,0,3,1]", "X": 1}, { "VarName": "x[1,0,3,2]", "X": 1}, { "VarName": "x[1,0,4,0]", "X": 1}, { "VarName": "x[1,0,4,2]", "X": 1}, { "VarName": "x[1,0,6,1]", "X": 1}, { "VarName": "x[1,1,1,0]", "X": 1}, { "VarName": "x[1,1,1,2]", "X": 1}, { "VarName": "x[1,1,3,0]", "X": 1}, { "VarName": "x[1,1,3,1]", "X": 1}, { "VarName": "x[1,1,4,1]", "X": 1}, { "VarName": "x[1,1,4,2]", "X": 1}, { "VarName": "x[1,1,6,0]", "X": 1}, { "VarName": "x[1,2,3,2]", "X": 1}, { "VarName": "x[1,2,4,1]", "X": 1}, { "VarName": "x[1,2,4,2]", "X": 1}, { "VarName": "x[1,2,5,2]", "X": 1}, { "VarName": "x[1,2,7,1]", "X": 1}, { "VarName": "x[1,2,7,2]", "X": 1}, { "VarName": "x[2,0,3,0]", "X": 1}, { "VarName": "x[2,0,3,2]", "X": 1}, { "VarName": "x[2,0,4,0]", "X": 1}, { "VarName": "x[2,0,4,1]", "X": 1}, { "VarName": "x[2,0,4,2]", "X": 1}, { "VarName": "x[2,0,6,1]", "X": 1}, { "VarName": "x[2,0,7,2]", "X": 1}, { "VarName": "x[2,1,2,2]", "X": 1}, { "VarName": "x[2,1,4,0]", "X": 1}, { "VarName": "x[2,1,4,1]", "X": 1}, { "VarName": "x[2,1,5,2]", "X": 1}, { "VarName": "x[2,1,6,2]", "X": 1}, { "VarName": "x[2,1,7,2]", "X": 1}, { "VarName": "x[2,2,2,0]", "X": 1}, { "VarName": "x[2,2,3,2]", "X": 1}, { "VarName": "x[2,2,7,0]", "X": 1}, { "VarName": "x[2,2,7,1]", "X": 1}, { "VarName": "x[2,2,7,2]", "X": 1}, { "VarName": "x[3,0,4,2]", "X": 1}, { "VarName": "x[3,1,3,0]", "X": 1}, { "VarName": "x[3,2,3,0]", "X": 1}, { "VarName": "x[3,2,3,1]", "X": 1}, { "VarName": "x[4,0,4,2]", "X": 1}, { "VarName": "x[4,0,5,2]", "X": 1}, { "VarName": "x[4,0,6,2]", "X": 1}, { "VarName": "x[4,1,4,0]", "X": 1}, { "VarName": "x[4,1,4,2]", "X": 1}, { "VarName": "x[4,1,7,2]", "X": 1}, { "VarName": "x[5,0,6,0]", "X": 1}, { "VarName": "x[5,1,5,0]", "X": 1}, { "VarName": "x[5,1,5,2]", "X": 1}, { "VarName": "x[5,1,6,0]", "X": 1}, { "VarName": "x[5,1,6,1]", "X": 1}, { "VarName": "x[5,2,6,0]", "X": 1}, { "VarName": "x[5,2,6,1]", "X": 1}, { "VarName": "x[5,2,6,2]", "X": 1}, { "VarName": "x[6,1,6,0]", "X": 1}, { "VarName": "x[6,2,6,0]", "X": 1}, { "VarName": "x[7,0,7,1]", "X": 1}, { "VarName": "x[7,1,7,2]", "X": 1}, { "VarName": "x[7,2,7,0]", "X": 1}, { "VarName": "s[0,0,3]", "X": 3}, { "VarName": "s[0,1,4]", "X": 1}, { "VarName": "s[1,0,6]", "X": 18.9999999999999}, { "VarName": "s[1,1,5]", "X": 13.9999999999999}, { "VarName": "s[1,2,0]", "X": 7}, { "VarName": "s[2,0,5]", "X": 26.9999999999999}, { "VarName": "s[2,1,0]", "X": 23.9999999999999}, { "VarName": "s[2,2,2]", "X": 23.9999999999999}, { "VarName": "s[3,0,5]", "X": 6.9999999999999005e+00}, { "VarName": "s[3,1,4]", "X": 4.9999999999999432e+00}, { "VarName": "s[3,2,2]", "X": 1}, { "VarName": "s[4,0,6]", "X": 2.9999999999999005e+00}, { "VarName": "s[5,0,4]", "X": 2.3000000000000014e+01}, { "VarName": "s[5,1,1]", "X": 2.0000000000000014e+01}, { "VarName": "s[5,2,1]", "X": 11}, { "VarName": "s[6,0,4]", "X": 1.3999999999999929e+01}, { "VarName": "s[6,1,6]", "X": 9.9999999999999}, { "VarName": "s[6,2,0]", "X": 1.0999999999999943e+01}, { "VarName": "s[7,0,3]", "X": 1.7999999999999957e+01}, { "VarName": "s[7,1,2]", "X": 1.5999999999999957e+01}, { "VarName": "s[7,2,2]", "X": 7.9999999999999716e+00}, { "VarName": "Z_FO", "X": 139}]}