{ "SolutionInfo": { "Status": 9, "Runtime": 3.6000669999122620e+03, "Work": 6.1193985855961216e+02, "ObjVal": 53, "ObjBound": 8, "ObjBoundC": 7.9999999982349266e+00, "MIPGap": 8.4905660377358494e-01, "IntVio": 0, "BoundVio": 0, "ConstrVio": 4.2632564145606011e-14, "IterCount": 145031661, "BarIterCount": 0, "NodeCount": 15322690, "SolCount": 10, "PoolObjBound": 8, "PoolObjVal": [ 53, 55, 56, 5.7000000000000078e+01, 60, 62, 6.2999999998989374e+01, 66, 68, 70]}, "Vars": [ { "VarName": "y[0,0,5]", "X": 1}, { "VarName": "y[0,1,0]", "X": 1}, { "VarName": "y[0,2,3]", "X": 1}, { "VarName": "y[1,0,2]", "X": 1}, { "VarName": "y[1,1,6]", "X": 1}, { "VarName": "y[1,2,1]", "X": 1}, { "VarName": "y[2,0,6]", "X": 1}, { "VarName": "y[2,1,4]", "X": 1}, { "VarName": "y[2,2,2]", "X": 1}, { "VarName": "y[3,0,5]", "X": 1}, { "VarName": "y[3,1,0]", "X": 1}, { "VarName": "y[3,2,6]", "X": 1}, { "VarName": "y[4,0,1]", "X": 1}, { "VarName": "y[4,1,3]", "X": 1}, { "VarName": "y[4,2,2]", "X": 1}, { "VarName": "y[5,0,4]", "X": 1}, { "VarName": "y[5,1,0]", "X": 1}, { "VarName": "y[5,2,6]", "X": 1}, { "VarName": "y[6,0,3]", "X": 1}, { "VarName": "y[6,1,2]", "X": 1}, { "VarName": "y[6,2,5]", "X": 1}, { "VarName": "y[7,0,1]", "X": 1}, { "VarName": "y[7,1,4]", "X": 1}, { "VarName": "y[7,2,5]", "X": 1}, { "VarName": "x[0,0,0,2]", "X": 1}, { "VarName": "x[0,0,1,1]", "X": 1}, { "VarName": "x[0,0,2,0]", "X": 1}, { "VarName": "x[0,0,2,1]", "X": 1}, { "VarName": "x[0,0,2,2]", "X": 1}, { "VarName": "x[0,0,3,2]", "X": 1}, { "VarName": "x[0,0,4,1]", "X": 1}, { "VarName": "x[0,0,4,2]", "X": 1}, { "VarName": "x[0,0,5,2]", "X": 1}, { "VarName": "x[0,0,6,2]", "X": 1}, { "VarName": "x[0,0,7,0]", "X": 1}, { "VarName": "x[0,0,7,2]", "X": 1}, { "VarName": "x[0,1,0,2]", "X": 1}, { "VarName": "x[0,1,1,0]", "X": 1}, { "VarName": "x[0,1,1,1]", "X": 1}, { "VarName": "x[0,1,1,2]", "X": 1}, { "VarName": "x[0,1,2,0]", "X": 1}, { "VarName": "x[0,1,2,2]", "X": 1}, { "VarName": "x[0,1,3,2]", "X": 1}, { "VarName": "x[0,1,4,0]", "X": 1}, { "VarName": "x[0,1,4,1]", "X": 1}, { "VarName": "x[0,1,5,1]", "X": 1}, { "VarName": "x[0,1,5,2]", "X": 1}, { "VarName": "x[0,1,7,2]", "X": 1}, { "VarName": "x[0,2,1,0]", "X": 1}, { "VarName": "x[0,2,1,1]", "X": 1}, { "VarName": "x[0,2,1,2]", "X": 1}, { "VarName": "x[0,2,2,0]", "X": 1}, { "VarName": "x[0,2,3,2]", "X": 1}, { "VarName": "x[0,2,5,2]", "X": 1}, { "VarName": "x[1,0,1,1]", "X": 1}, { "VarName": "x[1,0,1,2]", "X": 1}, { "VarName": "x[1,0,2,1]", "X": 1}, { "VarName": "x[1,0,2,2]", "X": 1}, { "VarName": "x[1,0,4,0]", "X": 1}, { "VarName": "x[1,0,4,1]", "X": 1}, { "VarName": "x[1,0,5,0]", "X": 1}, { "VarName": "x[1,0,6,0]", "X": 1}, { "VarName": "x[1,0,6,1]", "X": 1}, { "VarName": "x[1,0,7,0]", "X": 1}, { "VarName": "x[1,0,7,1]", "X": 1}, { "VarName": "x[1,1,1,2]", "X": 1}, { "VarName": "x[1,1,4,0]", "X": 1}, { "VarName": "x[1,1,4,1]", "X": 1}, { "VarName": "x[1,1,5,2]", "X": 1}, { "VarName": "x[1,1,6,0]", "X": 1}, { "VarName": "x[1,1,6,2]", "X": 1}, { "VarName": "x[1,1,7,1]", "X": 1}, { "VarName": "x[1,2,5,1]", "X": 1}, { "VarName": "x[1,2,7,1]", "X": 1}, { "VarName": "x[1,2,7,2]", "X": 1}, { "VarName": "x[2,0,2,1]", "X": 1}, { "VarName": "x[2,0,2,2]", "X": 1}, { "VarName": "x[2,0,3,1]", "X": 1}, { "VarName": "x[2,0,4,0]", "X": 1}, { "VarName": "x[2,0,4,2]", "X": 1}, { "VarName": "x[2,0,5,2]", "X": 1}, { "VarName": "x[2,0,6,0]", "X": 1}, { "VarName": "x[2,0,7,0]", "X": 1}, { "VarName": "x[2,0,7,1]", "X": 1}, { "VarName": "x[2,1,2,2]", "X": 1}, { "VarName": "x[2,1,4,1]", "X": 1}, { "VarName": "x[2,1,4,2]", "X": 1}, { "VarName": "x[2,1,5,0]", "X": 1}, { "VarName": "x[2,1,5,2]", "X": 1}, { "VarName": "x[2,1,7,0]", "X": 1}, { "VarName": "x[2,1,7,1]", "X": 1}, { "VarName": "x[2,1,7,2]", "X": 1}, { "VarName": "x[2,2,3,0]", "X": 1}, { "VarName": "x[2,2,3,2]", "X": 1}, { "VarName": "x[2,2,4,1]", "X": 1}, { "VarName": "x[2,2,5,1]", "X": 1}, { "VarName": "x[2,2,6,1]", "X": 1}, { "VarName": "x[3,0,3,2]", "X": 1}, { "VarName": "x[3,0,4,1]", "X": 1}, { "VarName": "x[3,0,4,2]", "X": 1}, { "VarName": "x[3,0,5,0]", "X": 1}, { "VarName": "x[3,0,5,2]", "X": 1}, { "VarName": "x[3,0,6,0]", "X": 1}, { "VarName": "x[3,0,6,1]", "X": 1}, { "VarName": "x[3,0,6,2]", "X": 1}, { "VarName": "x[3,0,7,0]", "X": 1}, { "VarName": "x[3,0,7,2]", "X": 1}, { "VarName": "x[3,1,3,2]", "X": 1}, { "VarName": "x[3,1,4,2]", "X": 1}, { "VarName": "x[3,1,5,0]", "X": 1}, { "VarName": "x[3,1,5,1]", "X": 1}, { "VarName": "x[3,1,5,2]", "X": 1}, { "VarName": "x[3,1,6,2]", "X": 1}, { "VarName": "x[3,1,7,0]", "X": 1}, { "VarName": "x[3,1,7,1]", "X": 1}, { "VarName": "x[3,1,7,2]", "X": 1}, { "VarName": "x[3,2,5,2]", "X": 1}, { "VarName": "x[3,2,6,1]", "X": 1}, { "VarName": "x[4,0,4,2]", "X": 1}, { "VarName": "x[4,0,5,0]", "X": 1}, { "VarName": "x[4,0,5,1]", "X": 1}, { "VarName": "x[4,0,5,2]", "X": 1}, { "VarName": "x[4,0,6,0]", "X": 1}, { "VarName": "x[4,0,6,1]", "X": 1}, { "VarName": "x[4,0,6,2]", "X": 1}, { "VarName": "x[4,0,7,0]", "X": 1}, { "VarName": "x[4,0,7,1]", "X": 1}, { "VarName": "x[4,1,4,0]", "X": 1}, { "VarName": "x[4,1,5,0]", "X": 1}, { "VarName": "x[4,1,5,1]", "X": 1}, { "VarName": "x[4,1,6,0]", "X": 1}, { "VarName": "x[4,1,6,1]", "X": 1}, { "VarName": "x[4,1,7,2]", "X": 1}, { "VarName": "x[4,2,4,1]", "X": 1}, { "VarName": "x[4,2,5,0]", "X": 1}, { "VarName": "x[4,2,5,2]", "X": 1}, { "VarName": "x[4,2,6,1]", "X": 1}, { "VarName": "x[4,2,7,1]", "X": 1}, { "VarName": "x[5,0,5,2]", "X": 1}, { "VarName": "x[5,0,7,1]", "X": 1}, { "VarName": "x[5,0,7,2]", "X": 1}, { "VarName": "x[5,1,5,0]", "X": 1}, { "VarName": "x[5,1,5,2]", "X": 1}, { "VarName": "x[5,1,6,0]", "X": 1}, { "VarName": "x[6,0,7,1]", "X": 1}, { "VarName": "x[6,0,7,2]", "X": 1}, { "VarName": "x[6,1,6,0]", "X": 1}, { "VarName": "x[6,1,7,0]", "X": 1}, { "VarName": "x[6,1,7,1]", "X": 1}, { "VarName": "x[6,1,7,2]", "X": 1}, { "VarName": "x[6,2,6,1]", "X": 1}, { "VarName": "x[6,2,7,1]", "X": 1}, { "VarName": "x[6,2,7,2]", "X": 1}, { "VarName": "x[7,0,7,1]", "X": 1}, { "VarName": "x[7,0,7,2]", "X": 1}, { "VarName": "s[0,0,5]", "X": 13}, { "VarName": "s[0,1,0]", "X": 9}, { "VarName": "s[1,0,2]", "X": 1.2999999999999952e+01}, { "VarName": "s[1,1,6]", "X": 7}, { "VarName": "s[1,2,1]", "X": 1}, { "VarName": "s[2,0,6]", "X": 1.6999999999999957e+01}, { "VarName": "s[2,1,4]", "X": 15}, { "VarName": "s[2,2,2]", "X": 7.0000000000000249e+00}, { "VarName": "s[3,0,5]", "X": 3.1999999999999950e+01}, { "VarName": "s[3,1,0]", "X": 2.7999999999999950e+01}, { "VarName": "s[3,2,6]", "X": 2.7999999999999950e+01}, { "VarName": "s[4,0,1]", "X": 24}, { "VarName": "s[4,1,3]", "X": 20}, { "VarName": "s[4,2,2]", "X": 2.0000000000000025e+01}, { "VarName": "s[5,0,4]", "X": 7.9999999999999858e+00}, { "VarName": "s[5,1,0]", "X": 2}, { "VarName": "s[6,0,3]", "X": 10}, { "VarName": "s[6,1,2]", "X": 2.0000000000000249e+00}, { "VarName": "s[6,2,5]", "X": 8}, { "VarName": "s[7,0,1]", "X": 10}, { "VarName": "s[7,1,4]", "X": 2}, { "VarName": "s[7,2,5]", "X": 2}, { "VarName": "Z_FO", "X": 53}, { "VarName": "C724", "X": 1}, { "VarName": "C729", "X": 1}, { "VarName": "C731", "X": 1}, { "VarName": "C733", "X": 1}, { "VarName": "C737", "X": 1}, { "VarName": "C742", "X": 1}]}