{ "SolutionInfo": { "Status": 9, "Runtime": 3.6004420001506805e+03, "Work": 5.7023372582876857e+02, "ObjVal": 166, "ObjBound": 2, "ObjBoundC": 2, "MIPGap": 9.8795180722891562e-01, "IntVio": 0, "BoundVio": 0, "ConstrVio": 3.1263880373444408e-12, "IterCount": 50322713, "BarIterCount": 0, "NodeCount": 3225214, "SolCount": 10, "PoolObjBound": 2, "PoolObjVal": [ 166, 167, 168, 169, 170, 173, 176, 178, 179, 182]}, "Vars": [ { "VarName": "y[0,0,7]", "X": 1}, { "VarName": "y[0,1,2]", "X": 1}, { "VarName": "y[0,2,3]", "X": 1}, { "VarName": "y[0,3,2]", "X": 1}, { "VarName": "y[1,0,4]", "X": 1}, { "VarName": "y[1,1,0]", "X": 1}, { "VarName": "y[1,2,5]", "X": 1}, { "VarName": "y[1,3,7]", "X": 1}, { "VarName": "y[2,0,1]", "X": 1}, { "VarName": "y[2,1,5]", "X": 1}, { "VarName": "y[2,2,2]", "X": 1}, { "VarName": "y[2,3,5]", "X": 1}, { "VarName": "y[3,0,4]", "X": 1}, { "VarName": "y[3,1,4]", "X": 1}, { "VarName": "y[3,2,7]", "X": 1}, { "VarName": "y[3,3,0]", "X": 1}, { "VarName": "y[4,0,6]", "X": 1}, { "VarName": "y[4,1,4]", "X": 1}, { "VarName": "y[4,2,1]", "X": 1}, { "VarName": "y[4,3,0]", "X": 1}, { "VarName": "y[5,0,3]", "X": 1}, { "VarName": "y[5,1,3]", "X": 1}, { "VarName": "y[5,2,7]", "X": 1}, { "VarName": "y[5,3,3]", "X": 1}, { "VarName": "y[6,0,1]", "X": 1}, { "VarName": "y[6,1,0]", "X": 1}, { "VarName": "y[6,2,6]", "X": 1}, { "VarName": "y[6,3,3]", "X": 1}, { "VarName": "y[7,0,0]", "X": 1}, { "VarName": "y[7,1,2]", "X": 1}, { "VarName": "y[7,2,3]", "X": 1}, { "VarName": "y[7,3,1]", "X": 1}, { "VarName": "y[8,0,5]", "X": 1}, { "VarName": "y[8,1,0]", "X": 1}, { "VarName": "y[8,2,1]", "X": 1}, { "VarName": "y[8,3,6]", "X": 1}, { "VarName": "y[9,0,6]", "X": 1}, { "VarName": "y[9,1,7]", "X": 1}, { "VarName": "y[9,2,5]", "X": 1}, { "VarName": "y[9,3,6]", "X": 1}, { "VarName": "y[10,0,7]", "X": 1}, { "VarName": "y[10,1,2]", "X": 1}, { "VarName": "y[10,2,4]", "X": 1}, { "VarName": "y[10,3,1]", "X": 1}, { "VarName": "x[0,0,1,2]", "X": 1}, { "VarName": "x[0,0,1,3]", "X": 1}, { "VarName": "x[0,0,3,1]", "X": 1}, { "VarName": "x[0,0,3,2]", "X": 1}, { "VarName": "x[0,0,3,3]", "X": 1}, { "VarName": "x[0,0,4,2]", "X": 1}, { "VarName": "x[0,1,0,2]", "X": 1}, { "VarName": "x[0,1,1,0]", "X": 1}, { "VarName": "x[0,1,1,1]", "X": 1}, { "VarName": "x[0,1,1,3]", "X": 1}, { "VarName": "x[0,2,0,0]", "X": 1}, { "VarName": "x[0,2,1,2]", "X": 1}, { "VarName": "x[0,2,3,1]", "X": 1}, { "VarName": "x[0,2,3,2]", "X": 1}, { "VarName": "x[0,2,5,2]", "X": 1}, { "VarName": "x[0,2,6,3]", "X": 1}, { "VarName": "x[0,2,7,3]", "X": 1}, { "VarName": "x[0,2,8,1]", "X": 1}, { "VarName": "x[0,2,9,1]", "X": 1}, { "VarName": "x[0,2,10,0]", "X": 1}, { "VarName": "x[0,3,0,0]", "X": 1}, { "VarName": "x[0,3,0,1]", "X": 1}, { "VarName": "x[0,3,0,2]", "X": 1}, { "VarName": "x[0,3,1,0]", "X": 1}, { "VarName": "x[0,3,3,0]", "X": 1}, { "VarName": "x[0,3,3,1]", "X": 1}, { "VarName": "x[0,3,3,2]", "X": 1}, { "VarName": "x[1,0,1,2]", "X": 1}, { "VarName": "x[1,0,3,0]", "X": 1}, { "VarName": "x[1,0,3,1]", "X": 1}, { "VarName": "x[1,0,3,2]", "X": 1}, { "VarName": "x[1,0,4,2]", "X": 1}, { "VarName": "x[1,0,8,0]", "X": 1}, { "VarName": "x[1,0,8,1]", "X": 1}, { "VarName": "x[1,0,8,2]", "X": 1}, { "VarName": "x[1,0,9,2]", "X": 1}, { "VarName": "x[1,1,1,0]", "X": 1}, { "VarName": "x[1,1,3,3]", "X": 1}, { "VarName": "x[1,1,4,1]", "X": 1}, { "VarName": "x[1,1,6,1]", "X": 1}, { "VarName": "x[1,1,8,1]", "X": 1}, { "VarName": "x[1,2,1,1]", "X": 1}, { "VarName": "x[1,2,1,3]", "X": 1}, { "VarName": "x[1,2,3,0]", "X": 1}, { "VarName": "x[1,2,3,1]", "X": 1}, { "VarName": "x[1,2,3,3]", "X": 1}, { "VarName": "x[1,2,8,0]", "X": 1}, { "VarName": "x[1,2,10,0]", "X": 1}, { "VarName": "x[1,3,1,1]", "X": 1}, { "VarName": "x[1,3,3,3]", "X": 1}, { "VarName": "x[1,3,4,1]", "X": 1}, { "VarName": "x[1,3,8,1]", "X": 1}, { "VarName": "x[2,0,4,2]", "X": 1}, { "VarName": "x[2,0,6,0]", "X": 1}, { "VarName": "x[2,0,7,3]", "X": 1}, { "VarName": "x[2,0,8,2]", "X": 1}, { "VarName": "x[2,0,10,3]", "X": 1}, { "VarName": "x[2,1,2,0]", "X": 1}, { "VarName": "x[2,1,2,3]", "X": 1}, { "VarName": "x[2,1,3,2]", "X": 1}, { "VarName": "x[2,1,4,1]", "X": 1}, { "VarName": "x[2,1,8,0]", "X": 1}, { "VarName": "x[2,1,8,1]", "X": 1}, { "VarName": "x[2,1,9,2]", "X": 1}, { "VarName": "x[2,1,9,3]", "X": 1}, { "VarName": "x[2,2,2,0]", "X": 1}, { "VarName": "x[2,2,2,1]", "X": 1}, { "VarName": "x[2,2,7,1]", "X": 1}, { "VarName": "x[2,2,8,1]", "X": 1}, { "VarName": "x[2,2,10,1]", "X": 1}, { "VarName": "x[2,3,2,0]", "X": 1}, { "VarName": "x[2,3,3,0]", "X": 1}, { "VarName": "x[2,3,3,1]", "X": 1}, { "VarName": "x[2,3,3,2]", "X": 1}, { "VarName": "x[2,3,6,2]", "X": 1}, { "VarName": "x[2,3,6,3]", "X": 1}, { "VarName": "x[2,3,8,0]", "X": 1}, { "VarName": "x[2,3,9,0]", "X": 1}, { "VarName": "x[2,3,9,2]", "X": 1}, { "VarName": "x[3,0,3,1]", "X": 1}, { "VarName": "x[3,0,3,2]", "X": 1}, { "VarName": "x[3,0,8,0]", "X": 1}, { "VarName": "x[3,0,8,1]", "X": 1}, { "VarName": "x[3,0,9,2]", "X": 1}, { "VarName": "x[3,0,9,3]", "X": 1}, { "VarName": "x[3,1,5,1]", "X": 1}, { "VarName": "x[3,1,6,2]", "X": 1}, { "VarName": "x[3,1,8,3]", "X": 1}, { "VarName": "x[3,1,9,0]", "X": 1}, { "VarName": "x[3,1,9,2]", "X": 1}, { "VarName": "x[3,2,3,1]", "X": 1}, { "VarName": "x[3,2,4,2]", "X": 1}, { "VarName": "x[3,2,6,3]", "X": 1}, { "VarName": "x[3,2,8,0]", "X": 1}, { "VarName": "x[3,3,3,0]", "X": 1}, { "VarName": "x[3,3,3,1]", "X": 1}, { "VarName": "x[3,3,3,2]", "X": 1}, { "VarName": "x[3,3,4,1]", "X": 1}, { "VarName": "x[3,3,6,1]", "X": 1}, { "VarName": "x[3,3,8,1]", "X": 1}, { "VarName": "x[3,3,8,3]", "X": 1}, { "VarName": "x[3,3,9,2]", "X": 1}, { "VarName": "x[4,0,6,2]", "X": 1}, { "VarName": "x[4,0,6,3]", "X": 1}, { "VarName": "x[4,0,8,3]", "X": 1}, { "VarName": "x[4,0,9,0]", "X": 1}, { "VarName": "x[4,0,9,3]", "X": 1}, { "VarName": "x[4,1,6,0]", "X": 1}, { "VarName": "x[4,1,8,0]", "X": 1}, { "VarName": "x[4,1,8,1]", "X": 1}, { "VarName": "x[4,2,4,0]", "X": 1}, { "VarName": "x[4,3,4,0]", "X": 1}, { "VarName": "x[4,3,4,1]", "X": 1}, { "VarName": "x[4,3,4,2]", "X": 1}, { "VarName": "x[4,3,6,1]", "X": 1}, { "VarName": "x[4,3,8,0]", "X": 1}, { "VarName": "x[4,3,8,1]", "X": 1}, { "VarName": "x[5,0,5,1]", "X": 1}, { "VarName": "x[5,0,5,3]", "X": 1}, { "VarName": "x[5,0,6,3]", "X": 1}, { "VarName": "x[5,0,7,2]", "X": 1}, { "VarName": "x[5,0,7,3]", "X": 1}, { "VarName": "x[5,0,8,1]", "X": 1}, { "VarName": "x[5,1,5,3]", "X": 1}, { "VarName": "x[5,1,6,2]", "X": 1}, { "VarName": "x[5,1,6,3]", "X": 1}, { "VarName": "x[5,1,7,2]", "X": 1}, { "VarName": "x[5,1,7,3]", "X": 1}, { "VarName": "x[5,1,8,1]", "X": 1}, { "VarName": "x[5,1,8,3]", "X": 1}, { "VarName": "x[5,1,10,2]", "X": 1}, { "VarName": "x[5,2,5,1]", "X": 1}, { "VarName": "x[5,2,6,3]", "X": 1}, { "VarName": "x[5,2,9,1]", "X": 1}, { "VarName": "x[5,3,6,0]", "X": 1}, { "VarName": "x[5,3,6,3]", "X": 1}, { "VarName": "x[5,3,7,3]", "X": 1}, { "VarName": "x[5,3,8,0]", "X": 1}, { "VarName": "x[5,3,9,2]", "X": 1}, { "VarName": "x[5,3,10,2]", "X": 1}, { "VarName": "x[6,0,7,1]", "X": 1}, { "VarName": "x[6,0,8,2]", "X": 1}, { "VarName": "x[6,1,6,0]", "X": 1}, { "VarName": "x[6,1,8,1]", "X": 1}, { "VarName": "x[6,2,6,0]", "X": 1}, { "VarName": "x[6,2,6,1]", "X": 1}, { "VarName": "x[6,2,6,3]", "X": 1}, { "VarName": "x[6,2,8,3]", "X": 1}, { "VarName": "x[6,3,6,0]", "X": 1}, { "VarName": "x[6,3,6,1]", "X": 1}, { "VarName": "x[6,3,7,3]", "X": 1}, { "VarName": "x[6,3,8,1]", "X": 1}, { "VarName": "x[7,0,8,1]", "X": 1}, { "VarName": "x[7,1,7,0]", "X": 1}, { "VarName": "x[7,1,8,0]", "X": 1}, { "VarName": "x[7,1,9,3]", "X": 1}, { "VarName": "x[7,1,10,1]", "X": 1}, { "VarName": "x[7,1,10,2]", "X": 1}, { "VarName": "x[7,2,7,0]", "X": 1}, { "VarName": "x[7,2,7,1]", "X": 1}, { "VarName": "x[7,2,8,1]", "X": 1}, { "VarName": "x[7,2,8,2]", "X": 1}, { "VarName": "x[7,2,10,2]", "X": 1}, { "VarName": "x[7,3,7,0]", "X": 1}, { "VarName": "x[7,3,7,1]", "X": 1}, { "VarName": "x[7,3,7,2]", "X": 1}, { "VarName": "x[7,3,8,2]", "X": 1}, { "VarName": "x[7,3,8,3]", "X": 1}, { "VarName": "x[7,3,9,0]", "X": 1}, { "VarName": "x[7,3,9,3]", "X": 1}, { "VarName": "x[8,1,8,0]", "X": 1}, { "VarName": "x[8,2,8,0]", "X": 1}, { "VarName": "x[8,3,8,0]", "X": 1}, { "VarName": "x[8,3,8,1]", "X": 1}, { "VarName": "x[9,0,9,3]", "X": 1}, { "VarName": "x[9,1,9,0]", "X": 1}, { "VarName": "x[9,2,9,0]", "X": 1}, { "VarName": "x[9,2,9,1]", "X": 1}, { "VarName": "x[9,3,9,1]", "X": 1}, { "VarName": "x[9,3,9,2]", "X": 1}, { "VarName": "x[10,1,10,0]", "X": 1}, { "VarName": "x[10,2,10,0]", "X": 1}, { "VarName": "x[10,2,10,3]", "X": 1}, { "VarName": "x[10,3,10,0]", "X": 1}, { "VarName": "x[10,3,10,1]", "X": 1}, { "VarName": "s[0,0,7]", "X": 1.3999999999999702e+01}, { "VarName": "s[0,1,2]", "X": 2.9999999999999147e+00}, { "VarName": "s[0,2,3]", "X": 5.9999999999998295e+00}, { "VarName": "s[0,3,2]", "X": 1.1999999999999815e+01}, { "VarName": "s[1,0,4]", "X": 2.0999999999998430e+01}, { "VarName": "s[1,1,0]", "X": 1.6999999999999943e+01}, { "VarName": "s[1,2,5]", "X": 1.2999999999999751e+01}, { "VarName": "s[2,0,1]", "X": 3.8999999999998984e+01}, { "VarName": "s[2,1,5]", "X": 3.6999999999999346e+01}, { "VarName": "s[2,2,2]", "X": 3.6999999999996518e+01}, { "VarName": "s[2,3,5]", "X": 3.0999999999999694e+01}, { "VarName": "s[3,0,4]", "X": 1.2999999999999140e+01}, { "VarName": "s[3,2,7]", "X": 5.9999999999998863e+00}, { "VarName": "s[3,3,0]", "X": 1.0999999999999403e+01}, { "VarName": "s[4,0,6]", "X": 3.4999999999997449e+01}, { "VarName": "s[4,1,4]", "X": 3.1999999999997755e+01}, { "VarName": "s[4,3,0]", "X": 2.2999999999999240e+01}, { "VarName": "s[5,0,3]", "X": 3.9999999999997407e+01}, { "VarName": "s[5,1,3]", "X": 3.2999999999997712e+01}, { "VarName": "s[5,2,7]", "X": 2.7999999999998678e+01}, { "VarName": "s[5,3,3]", "X": 1.5999999999999829e+01}, { "VarName": "s[6,0,1]", "X": 12}, { "VarName": "s[6,1,0]", "X": 3.9999999999999716e+00}, { "VarName": "s[6,2,6]", "X": 6.9999999999986642e+00}, { "VarName": "s[6,3,3]", "X": 9.9999999999982947e-01}, { "VarName": "s[7,0,0]", "X": 3.5000000000015710e+01}, { "VarName": "s[7,1,2]", "X": 30.9999999999985}, { "VarName": "s[7,2,3]", "X": 2.1000000000000036e+01}, { "VarName": "s[7,3,1]", "X": 1.8999999999999648e+01}, { "VarName": "s[8,0,5]", "X": 8.9999999999999982e+00}, { "VarName": "s[8,2,1]", "X": 5}, { "VarName": "s[9,0,6]", "X": 2.1999999999997897e+01}, { "VarName": "s[9,1,7]", "X": 1.8999999999998494e+01}, { "VarName": "s[9,2,5]", "X": 1.8999999999999442e+01}, { "VarName": "s[9,3,6]", "X": 1.3999999999998494e+01}, { "VarName": "s[10,0,7]", "X": 40.9999999999984}, { "VarName": "s[10,1,2]", "X": 2.5999999999998320e+01}, { "VarName": "s[10,2,4]", "X": 38}, { "VarName": "s[10,3,1]", "X": 2.8999999999998042e+01}, { "VarName": "Z_FO", "X": 166}, { "VarName": "C2203", "X": 1}, { "VarName": "C2206", "X": 1}, { "VarName": "C2207", "X": 1}, { "VarName": "C2211", "X": 1}, { "VarName": "C2214", "X": 1}, { "VarName": "C2217", "X": 1}, { "VarName": "C2222", "X": 1}, { "VarName": "C2229", "X": 1}, { "VarName": "C2233", "X": 1}]}