{ "SolutionInfo": { "Status": 9, "Runtime": 3.6004850001335144e+03, "Work": 1.4694995216914338e+03, "ObjVal": 110, "ObjBound": 87, "ObjBoundC": 87, "MIPGap": 2.0909090909090908e-01, "IntVio": 0, "BoundVio": 0, "ConstrVio": 7.1054273576010019e-14, "IterCount": 117242491, "BarIterCount": 0, "NodeCount": 1974427, "SolCount": 10, "PoolObjBound": 87, "PoolObjVal": [ 110, 115, 116, 1.1999999999985697e+02, 126, 130, 131, 132, 151, 160]}, "Vars": [ { "VarName": "y[0,0,3]", "X": 1}, { "VarName": "y[0,1,1]", "X": 1}, { "VarName": "y[0,2,1]", "X": 1}, { "VarName": "y[1,0,0]", "X": 1}, { "VarName": "y[1,1,2]", "X": 1}, { "VarName": "y[1,2,4]", "X": 1}, { "VarName": "y[2,0,2]", "X": 1}, { "VarName": "y[2,1,6]", "X": 1}, { "VarName": "y[2,2,3]", "X": 1}, { "VarName": "y[3,0,6]", "X": 1}, { "VarName": "y[3,1,5]", "X": 1}, { "VarName": "y[3,2,4]", "X": 1}, { "VarName": "y[4,0,2]", "X": 1}, { "VarName": "y[4,1,0]", "X": 1}, { "VarName": "y[4,2,5]", "X": 1}, { "VarName": "y[5,0,6]", "X": 1}, { "VarName": "y[5,1,3]", "X": 1}, { "VarName": "y[5,2,1]", "X": 1}, { "VarName": "y[6,0,5]", "X": 1}, { "VarName": "y[6,1,4]", "X": 1}, { "VarName": "y[6,2,4]", "X": 1}, { "VarName": "x[0,0,1,1]", "X": 1}, { "VarName": "x[0,0,2,2]", "X": 1}, { "VarName": "x[0,0,3,2]", "X": 1}, { "VarName": "x[0,0,4,0]", "X": 1}, { "VarName": "x[0,0,5,1]", "X": 1}, { "VarName": "x[0,1,0,0]", "X": 1}, { "VarName": "x[0,1,0,2]", "X": 1}, { "VarName": "x[0,1,1,1]", "X": 1}, { "VarName": "x[0,1,3,1]", "X": 1}, { "VarName": "x[0,1,3,2]", "X": 1}, { "VarName": "x[0,1,5,1]", "X": 1}, { "VarName": "x[0,1,5,2]", "X": 1}, { "VarName": "x[0,1,6,1]", "X": 1}, { "VarName": "x[0,2,0,0]", "X": 1}, { "VarName": "x[0,2,1,1]", "X": 1}, { "VarName": "x[0,2,3,2]", "X": 1}, { "VarName": "x[0,2,5,2]", "X": 1}, { "VarName": "x[1,0,1,1]", "X": 1}, { "VarName": "x[1,0,1,2]", "X": 1}, { "VarName": "x[1,0,2,2]", "X": 1}, { "VarName": "x[1,0,3,1]", "X": 1}, { "VarName": "x[1,0,5,2]", "X": 1}, { "VarName": "x[1,0,6,0]", "X": 1}, { "VarName": "x[1,0,6,1]", "X": 1}, { "VarName": "x[1,1,2,1]", "X": 1}, { "VarName": "x[1,1,2,2]", "X": 1}, { "VarName": "x[1,1,4,1]", "X": 1}, { "VarName": "x[1,1,6,2]", "X": 1}, { "VarName": "x[1,2,1,1]", "X": 1}, { "VarName": "x[1,2,2,0]", "X": 1}, { "VarName": "x[1,2,3,1]", "X": 1}, { "VarName": "x[1,2,4,1]", "X": 1}, { "VarName": "x[1,2,5,1]", "X": 1}, { "VarName": "x[1,2,5,2]", "X": 1}, { "VarName": "x[2,0,2,2]", "X": 1}, { "VarName": "x[2,0,3,1]", "X": 1}, { "VarName": "x[2,0,4,0]", "X": 1}, { "VarName": "x[2,0,5,0]", "X": 1}, { "VarName": "x[2,0,5,2]", "X": 1}, { "VarName": "x[2,1,2,0]", "X": 1}, { "VarName": "x[2,1,3,0]", "X": 1}, { "VarName": "x[2,1,5,0]", "X": 1}, { "VarName": "x[2,1,6,0]", "X": 1}, { "VarName": "x[2,1,6,2]", "X": 1}, { "VarName": "x[2,2,3,2]", "X": 1}, { "VarName": "x[2,2,4,1]", "X": 1}, { "VarName": "x[2,2,5,1]", "X": 1}, { "VarName": "x[2,2,6,1]", "X": 1}, { "VarName": "x[3,0,3,2]", "X": 1}, { "VarName": "x[3,0,4,2]", "X": 1}, { "VarName": "x[3,0,5,0]", "X": 1}, { "VarName": "x[3,0,6,2]", "X": 1}, { "VarName": "x[3,1,4,0]", "X": 1}, { "VarName": "x[3,1,4,1]", "X": 1}, { "VarName": "x[3,1,5,1]", "X": 1}, { "VarName": "x[3,2,3,1]", "X": 1}, { "VarName": "x[3,2,4,0]", "X": 1}, { "VarName": "x[3,2,4,1]", "X": 1}, { "VarName": "x[3,2,5,0]", "X": 1}, { "VarName": "x[3,2,5,1]", "X": 1}, { "VarName": "x[3,2,5,2]", "X": 1}, { "VarName": "x[4,0,5,0]", "X": 1}, { "VarName": "x[4,0,5,1]", "X": 1}, { "VarName": "x[4,1,4,0]", "X": 1}, { "VarName": "x[4,2,4,1]", "X": 1}, { "VarName": "x[4,2,5,2]", "X": 1}, { "VarName": "x[5,0,5,2]", "X": 1}, { "VarName": "x[5,0,6,0]", "X": 1}, { "VarName": "x[5,0,6,1]", "X": 1}, { "VarName": "x[5,1,5,2]", "X": 1}, { "VarName": "x[5,2,6,2]", "X": 1}, { "VarName": "x[6,0,6,1]", "X": 1}, { "VarName": "x[6,0,6,2]", "X": 1}, { "VarName": "x[6,1,6,2]", "X": 1}, { "VarName": "s[0,0,3]", "X": 1.7000000000000064e+01}, { "VarName": "s[0,1,1]", "X": 1.5000000000000064e+01}, { "VarName": "s[0,2,1]", "X": 7}, { "VarName": "s[1,0,0]", "X": 4.9999999999998934e+00}, { "VarName": "s[1,1,2]", "X": 2}, { "VarName": "s[1,2,4]", "X": 1.9999999999999289e+00}, { "VarName": "s[2,0,2]", "X": 20}, { "VarName": "s[2,1,6]", "X": 18}, { "VarName": "s[2,2,3]", "X": 7.0000000000000009e+00}, { "VarName": "s[3,0,6]", "X": 10}, { "VarName": "s[3,1,5]", "X": 3}, { "VarName": "s[3,2,4]", "X": 7.0000000000000009e+00}, { "VarName": "s[4,0,2]", "X": 13}, { "VarName": "s[4,1,0]", "X": 1.0999999999999851e+01}, { "VarName": "s[4,2,5]", "X": 9}, { "VarName": "s[5,0,6]", "X": 3.0000000000000018e+00}, { "VarName": "s[6,0,5]", "X": 24}, { "VarName": "s[6,1,4]", "X": 2.1000000000000007e+01}, { "VarName": "s[6,2,4]", "X": 1.4000000000000005e+01}, { "VarName": "Z_FO", "X": 110}]}