{ "SolutionInfo": { "Status": 2, "Runtime": 1.9440000057220459e+00, "Work": 1.2557521114682566e+00, "ObjVal": 20, "ObjBound": 20, "ObjBoundC": 20, "MIPGap": 0, "IntVio": 0, "BoundVio": 0, "ConstrVio": 9.6189722853523563e-12, "IterCount": 375778, "BarIterCount": 0, "NodeCount": 33861, "SolCount": 10, "PoolObjBound": 20, "PoolObjVal": [ 20, 25, 28, 29, 35, 36, 38, 77, 79, 80]}, "Vars": [ { "VarName": "y[0,0,3]", "X": 1}, { "VarName": "y[0,1,0]", "X": 1}, { "VarName": "y[0,2,6]", "X": 1}, { "VarName": "y[1,0,3]", "X": 1}, { "VarName": "y[1,1,1]", "X": 1}, { "VarName": "y[1,2,2]", "X": 1}, { "VarName": "y[2,0,2]", "X": 1}, { "VarName": "y[2,1,4]", "X": 1}, { "VarName": "y[2,2,0]", "X": 1}, { "VarName": "y[3,0,5]", "X": 1}, { "VarName": "y[3,1,3]", "X": 1}, { "VarName": "y[3,2,6]", "X": 1}, { "VarName": "y[4,0,1]", "X": 1}, { "VarName": "y[4,1,5]", "X": 1}, { "VarName": "y[4,2,4]", "X": 1}, { "VarName": "x[0,0,3,1]", "X": 1}, { "VarName": "x[0,1,1,2]", "X": 1}, { "VarName": "x[1,0,3,1]", "X": 1}, { "VarName": "x[1,0,4,1]", "X": 1}, { "VarName": "x[1,1,1,2]", "X": 1}, { "VarName": "x[1,1,4,0]", "X": 1}, { "VarName": "x[2,1,4,2]", "X": 1}, { "VarName": "x[2,2,3,1]", "X": 1}, { "VarName": "x[3,0,4,1]", "X": 1}, { "VarName": "s[0,0,3]", "X": 8.00000000000326}, { "VarName": "s[0,1,0]", "X": 3}, { "VarName": "s[1,0,3]", "X": 1.6000000000003713e+01}, { "VarName": "s[1,1,1]", "X": 13}, { "VarName": "s[1,2,2]", "X": 1}, { "VarName": "s[2,0,2]", "X": 14}, { "VarName": "s[2,1,4]", "X": 12}, { "VarName": "s[2,2,0]", "X": 10}, { "VarName": "s[3,0,5]", "X": 1.0000000000002645e+01}, { "VarName": "s[3,1,3]", "X": 2.0000000000033262e+00}, { "VarName": "s[3,2,6]", "X": 8}, { "VarName": "s[4,0,1]", "X": 3}, { "VarName": "Z_FO", "X": 20}, { "VarName": "C316", "X": 1}, { "VarName": "C320", "X": 1}, { "VarName": "C322", "X": 1}, { "VarName": "C326", "X": 1}]}