{ "SolutionInfo": { "Status": 2, "Runtime": 1.6100001335144043e-01, "Work": 9.8020947206271858e-02, "ObjVal": 60, "ObjBound": 60, "ObjBoundC": 60, "MIPGap": 0, "IntVio": 0, "BoundVio": 0, "ConstrVio": 0, "IterCount": 10970, "BarIterCount": 0, "NodeCount": 1332, "SolCount": 10, "PoolObjBound": 60, "PoolObjVal": [ 60, 60, 65, 66, 67, 69, 75, 86, 90, 111]}, "Vars": [ { "VarName": "y[0,0,4]", "X": 1}, { "VarName": "y[0,1,3]", "X": 1}, { "VarName": "y[0,2,3]", "X": 1}, { "VarName": "y[1,0,1]", "X": 1}, { "VarName": "y[1,1,1]", "X": 1}, { "VarName": "y[1,2,1]", "X": 1}, { "VarName": "y[2,0,2]", "X": 1}, { "VarName": "y[2,1,4]", "X": 1}, { "VarName": "y[2,2,0]", "X": 1}, { "VarName": "y[3,0,0]", "X": 1}, { "VarName": "y[3,1,3]", "X": 1}, { "VarName": "y[3,2,2]", "X": 1}, { "VarName": "x[0,0,0,2]", "X": 1}, { "VarName": "x[0,0,2,1]", "X": 1}, { "VarName": "x[0,1,0,0]", "X": 1}, { "VarName": "x[0,1,0,2]", "X": 1}, { "VarName": "x[0,1,2,0]", "X": 1}, { "VarName": "x[0,1,3,1]", "X": 1}, { "VarName": "x[0,1,3,2]", "X": 1}, { "VarName": "x[1,0,1,1]", "X": 1}, { "VarName": "x[1,0,1,2]", "X": 1}, { "VarName": "x[1,0,2,1]", "X": 1}, { "VarName": "x[1,2,1,1]", "X": 1}, { "VarName": "x[1,2,2,0]", "X": 1}, { "VarName": "x[1,2,2,2]", "X": 1}, { "VarName": "x[1,2,3,2]", "X": 1}, { "VarName": "x[2,0,2,2]", "X": 1}, { "VarName": "x[2,0,3,2]", "X": 1}, { "VarName": "x[2,2,3,2]", "X": 1}, { "VarName": "x[3,0,3,1]", "X": 1}, { "VarName": "x[3,1,3,0]", "X": 1}, { "VarName": "s[0,0,4]", "X": 15}, { "VarName": "s[0,1,3]", "X": 10}, { "VarName": "s[1,0,1]", "X": 15}, { "VarName": "s[1,1,1]", "X": 1}, { "VarName": "s[1,2,1]", "X": 5}, { "VarName": "s[2,0,2]", "X": 8}, { "VarName": "s[2,1,4]", "X": 3}, { "VarName": "s[2,2,0]", "X": 2}, { "VarName": "s[3,0,0]", "X": 9}, { "VarName": "s[3,1,3]", "X": 6}, { "VarName": "Z_FO", "X": 60}]}