{ "SolutionInfo": { "Status": 9, "Runtime": 3.6000360000133514e+03, "Work": 1.0573000339873536e+03, "ObjVal": 41, "ObjBound": 26, "ObjBoundC": 2.5999999999999989e+01, "MIPGap": 3.6585365853658536e-01, "IntVio": 0, "BoundVio": 0, "ConstrVio": 4.0500935938325711e-13, "IterCount": 315800305, "BarIterCount": 0, "NodeCount": 28291827, "SolCount": 10, "PoolObjBound": 26, "PoolObjVal": [ 41, 42, 43, 46, 4.7999999999999964e+01, 50, 51, 53, 55, 57]}, "Vars": [ { "VarName": "y[0,0,6]", "X": 1}, { "VarName": "y[0,1,4]", "X": 1}, { "VarName": "y[0,2,2]", "X": 1}, { "VarName": "y[1,0,3]", "X": 1}, { "VarName": "y[1,1,1]", "X": 1}, { "VarName": "y[1,2,1]", "X": 1}, { "VarName": "y[2,0,2]", "X": 1}, { "VarName": "y[2,1,4]", "X": 1}, { "VarName": "y[2,2,0]", "X": 1}, { "VarName": "y[3,0,5]", "X": 1}, { "VarName": "y[3,1,0]", "X": 1}, { "VarName": "y[3,2,6]", "X": 1}, { "VarName": "y[4,0,4]", "X": 1}, { "VarName": "y[4,1,5]", "X": 1}, { "VarName": "y[4,2,6]", "X": 1}, { "VarName": "y[5,0,0]", "X": 1}, { "VarName": "y[5,1,3]", "X": 1}, { "VarName": "y[5,2,5]", "X": 1}, { "VarName": "y[6,0,2]", "X": 1}, { "VarName": "y[6,1,5]", "X": 1}, { "VarName": "y[6,2,1]", "X": 1}, { "VarName": "x[0,0,0,2]", "X": 1}, { "VarName": "x[0,0,2,2]", "X": 1}, { "VarName": "x[0,1,1,1]", "X": 1}, { "VarName": "x[0,1,6,1]", "X": 1}, { "VarName": "x[0,2,0,1]", "X": 1}, { "VarName": "x[0,2,1,0]", "X": 1}, { "VarName": "x[0,2,3,1]", "X": 1}, { "VarName": "x[0,2,4,2]", "X": 1}, { "VarName": "x[1,0,2,0]", "X": 1}, { "VarName": "x[1,0,2,1]", "X": 1}, { "VarName": "x[1,0,3,1]", "X": 1}, { "VarName": "x[1,0,4,2]", "X": 1}, { "VarName": "x[1,0,5,1]", "X": 1}, { "VarName": "x[1,1,1,0]", "X": 1}, { "VarName": "x[1,1,1,2]", "X": 1}, { "VarName": "x[1,1,2,0]", "X": 1}, { "VarName": "x[1,1,2,1]", "X": 1}, { "VarName": "x[1,1,3,2]", "X": 1}, { "VarName": "x[1,1,4,2]", "X": 1}, { "VarName": "x[1,1,6,0]", "X": 1}, { "VarName": "x[1,2,1,0]", "X": 1}, { "VarName": "x[2,1,2,0]", "X": 1}, { "VarName": "x[2,2,2,0]", "X": 1}, { "VarName": "x[2,2,2,1]", "X": 1}, { "VarName": "x[3,0,3,2]", "X": 1}, { "VarName": "x[3,0,4,1]", "X": 1}, { "VarName": "x[3,0,5,2]", "X": 1}, { "VarName": "x[3,0,6,1]", "X": 1}, { "VarName": "x[3,1,3,2]", "X": 1}, { "VarName": "x[3,1,5,0]", "X": 1}, { "VarName": "x[3,1,5,1]", "X": 1}, { "VarName": "x[3,2,5,2]", "X": 1}, { "VarName": "x[4,1,4,0]", "X": 1}, { "VarName": "x[4,2,4,0]", "X": 1}, { "VarName": "x[4,2,4,1]", "X": 1}, { "VarName": "x[5,0,5,2]", "X": 1}, { "VarName": "x[5,1,5,0]", "X": 1}, { "VarName": "x[5,1,5,2]", "X": 1}, { "VarName": "x[6,1,6,0]", "X": 1}, { "VarName": "x[6,1,6,2]", "X": 1}, { "VarName": "s[0,0,6]", "X": 5.0000000000001119e+00}, { "VarName": "s[0,1,4]", "X": 2.0000000000000515e+00}, { "VarName": "s[0,2,2]", "X": 3}, { "VarName": "s[1,0,3]", "X": 1.2999999999999966e+01}, { "VarName": "s[1,1,1]", "X": 8.9999999999998543e+00}, { "VarName": "s[1,2,1]", "X": 9.9999999999997158e-01}, { "VarName": "s[2,0,2]", "X": 10}, { "VarName": "s[2,1,4]", "X": 6.99999999999995}, { "VarName": "s[2,2,0]", "X": 1.0000000000000977e+00}, { "VarName": "s[3,0,5]", "X": 1.9000000000000107e+01}, { "VarName": "s[3,1,0]", "X": 1.7000000000000107e+01}, { "VarName": "s[3,2,6]", "X": 13}, { "VarName": "s[4,0,4]", "X": 2.2000000000000114e+01}, { "VarName": "s[4,2,6]", "X": 2.0000000000000114e+01}, { "VarName": "s[5,0,0]", "X": 8.0000000000000977e+00}, { "VarName": "s[5,1,3]", "X": 2}, { "VarName": "s[5,2,5]", "X": 5.9999999999999964e+00}, { "VarName": "s[6,0,2]", "X": 17}, { "VarName": "s[6,1,5]", "X": 1.2999999999999996e+01}, { "VarName": "s[6,2,1]", "X": 1.5000000000000110e+01}, { "VarName": "Z_FO", "X": 41}, { "VarName": "C570", "X": 1}, { "VarName": "C572", "X": 1}, { "VarName": "C574", "X": 1}, { "VarName": "C578", "X": 1}, { "VarName": "C581", "X": 1}, { "VarName": "C583", "X": 1}, { "VarName": "C586", "X": 1}]}