{ "SolutionInfo": { "Status": 2, "Runtime": 4.2299985885620117e-01, "Work": 2.7251976802986749e-01, "ObjVal": 77, "ObjBound": 77, "ObjBoundC": 77, "MIPGap": 0, "IntVio": 0, "BoundVio": 0, "ConstrVio": 0, "IterCount": 36749, "BarIterCount": 0, "NodeCount": 6059, "SolCount": 10, "PoolObjBound": 77, "PoolObjVal": [ 77, 80, 81, 83, 87, 88, 89, 93, 99, 104]}, "Vars": [ { "VarName": "y[0,0,3]", "X": 1}, { "VarName": "y[0,1,2]", "X": 1}, { "VarName": "y[0,2,4]", "X": 1}, { "VarName": "y[1,0,4]", "X": 1}, { "VarName": "y[1,1,1]", "X": 1}, { "VarName": "y[1,2,0]", "X": 1}, { "VarName": "y[2,0,4]", "X": 1}, { "VarName": "y[2,1,5]", "X": 1}, { "VarName": "y[2,2,2]", "X": 1}, { "VarName": "y[3,0,0]", "X": 1}, { "VarName": "y[3,1,5]", "X": 1}, { "VarName": "y[3,2,3]", "X": 1}, { "VarName": "y[4,0,0]", "X": 1}, { "VarName": "y[4,1,3]", "X": 1}, { "VarName": "y[4,2,1]", "X": 1}, { "VarName": "x[0,0,3,2]", "X": 1}, { "VarName": "x[0,0,4,1]", "X": 1}, { "VarName": "x[0,1,0,2]", "X": 1}, { "VarName": "x[0,1,2,2]", "X": 1}, { "VarName": "x[0,1,4,1]", "X": 1}, { "VarName": "x[0,2,4,1]", "X": 1}, { "VarName": "x[1,0,3,2]", "X": 1}, { "VarName": "x[1,1,4,0]", "X": 1}, { "VarName": "x[1,1,4,1]", "X": 1}, { "VarName": "x[2,0,3,2]", "X": 1}, { "VarName": "x[2,1,3,1]", "X": 1}, { "VarName": "s[0,0,3]", "X": 12}, { "VarName": "s[0,1,2]", "X": 8}, { "VarName": "s[0,2,4]", "X": 1}, { "VarName": "s[1,0,4]", "X": 9}, { "VarName": "s[1,1,1]", "X": 2}, { "VarName": "s[2,0,4]", "X": 16}, { "VarName": "s[2,1,5]", "X": 13}, { "VarName": "s[2,2,2]", "X": 1}, { "VarName": "s[3,0,0]", "X": 7}, { "VarName": "s[3,1,5]", "X": 3}, { "VarName": "s[3,2,3]", "X": 2}, { "VarName": "s[4,0,0]", "X": 18}, { "VarName": "s[4,1,3]", "X": 6}, { "VarName": "s[4,2,1]", "X": 13}, { "VarName": "Z_FO", "X": 77}]}