{ "SolutionInfo": { "Status": 9, "Runtime": 3.6011469998359680e+03, "Work": 2.0996390535631626e+03, "ObjVal": 137, "ObjBound": 11, "ObjBoundC": 11, "MIPGap": 9.1970802919708028e-01, "IntVio": 0, "BoundVio": 0, "ConstrVio": 1.9184653865522705e-12, "IterCount": 68210131, "BarIterCount": 0, "NodeCount": 765562, "SolCount": 10, "PoolObjBound": 11, "PoolObjVal": [ 137, 138, 140, 146, 148, 149, 159, 160, 161, 162]}, "Vars": [ { "VarName": "y[0,0,3]", "X": 1}, { "VarName": "y[0,1,0]", "X": 1}, { "VarName": "y[0,2,2]", "X": 1}, { "VarName": "y[0,3,4]", "X": 1}, { "VarName": "y[1,0,1]", "X": 1}, { "VarName": "y[1,1,4]", "X": 1}, { "VarName": "y[1,2,5]", "X": 1}, { "VarName": "y[1,3,7]", "X": 1}, { "VarName": "y[2,0,6]", "X": 1}, { "VarName": "y[2,1,3]", "X": 1}, { "VarName": "y[2,2,1]", "X": 1}, { "VarName": "y[2,3,5]", "X": 1}, { "VarName": "y[3,0,7]", "X": 1}, { "VarName": "y[3,1,4]", "X": 1}, { "VarName": "y[3,2,0]", "X": 1}, { "VarName": "y[3,3,7]", "X": 1}, { "VarName": "y[4,0,6]", "X": 1}, { "VarName": "y[4,1,3]", "X": 1}, { "VarName": "y[4,2,5]", "X": 1}, { "VarName": "y[4,3,7]", "X": 1}, { "VarName": "y[5,0,1]", "X": 1}, { "VarName": "y[5,1,3]", "X": 1}, { "VarName": "y[5,2,0]", "X": 1}, { "VarName": "y[5,3,5]", "X": 1}, { "VarName": "y[6,0,2]", "X": 1}, { "VarName": "y[6,1,4]", "X": 1}, { "VarName": "y[6,2,6]", "X": 1}, { "VarName": "y[6,3,6]", "X": 1}, { "VarName": "y[7,0,4]", "X": 1}, { "VarName": "y[7,1,2]", "X": 1}, { "VarName": "y[7,2,1]", "X": 1}, { "VarName": "y[7,3,1]", "X": 1}, { "VarName": "y[8,0,0]", "X": 1}, { "VarName": "y[8,1,3]", "X": 1}, { "VarName": "y[8,2,1]", "X": 1}, { "VarName": "y[8,3,2]", "X": 1}, { "VarName": "x[0,0,1,2]", "X": 1}, { "VarName": "x[0,0,2,1]", "X": 1}, { "VarName": "x[0,0,2,2]", "X": 1}, { "VarName": "x[0,0,3,3]", "X": 1}, { "VarName": "x[0,0,4,0]", "X": 1}, { "VarName": "x[0,0,6,2]", "X": 1}, { "VarName": "x[0,0,8,3]", "X": 1}, { "VarName": "x[0,1,0,2]", "X": 1}, { "VarName": "x[0,1,3,0]", "X": 1}, { "VarName": "x[0,1,3,1]", "X": 1}, { "VarName": "x[0,1,5,3]", "X": 1}, { "VarName": "x[0,1,6,3]", "X": 1}, { "VarName": "x[0,1,7,1]", "X": 1}, { "VarName": "x[0,1,8,3]", "X": 1}, { "VarName": "x[0,2,0,0]", "X": 1}, { "VarName": "x[0,2,1,2]", "X": 1}, { "VarName": "x[0,2,2,1]", "X": 1}, { "VarName": "x[0,2,4,0]", "X": 1}, { "VarName": "x[0,2,5,0]", "X": 1}, { "VarName": "x[0,2,7,2]", "X": 1}, { "VarName": "x[0,2,8,2]", "X": 1}, { "VarName": "x[0,3,0,0]", "X": 1}, { "VarName": "x[0,3,0,1]", "X": 1}, { "VarName": "x[0,3,0,2]", "X": 1}, { "VarName": "x[0,3,6,0]", "X": 1}, { "VarName": "x[1,0,2,2]", "X": 1}, { "VarName": "x[1,0,3,1]", "X": 1}, { "VarName": "x[1,0,3,2]", "X": 1}, { "VarName": "x[1,0,4,1]", "X": 1}, { "VarName": "x[1,0,5,0]", "X": 1}, { "VarName": "x[1,0,5,1]", "X": 1}, { "VarName": "x[1,0,6,0]", "X": 1}, { "VarName": "x[1,0,6,1]", "X": 1}, { "VarName": "x[1,0,7,0]", "X": 1}, { "VarName": "x[1,0,7,2]", "X": 1}, { "VarName": "x[1,0,7,3]", "X": 1}, { "VarName": "x[1,0,8,2]", "X": 1}, { "VarName": "x[1,1,1,0]", "X": 1}, { "VarName": "x[1,1,2,2]", "X": 1}, { "VarName": "x[1,1,2,3]", "X": 1}, { "VarName": "x[1,1,3,1]", "X": 1}, { "VarName": "x[1,1,3,2]", "X": 1}, { "VarName": "x[1,1,3,3]", "X": 1}, { "VarName": "x[1,1,5,0]", "X": 1}, { "VarName": "x[1,1,5,1]", "X": 1}, { "VarName": "x[1,1,6,1]", "X": 1}, { "VarName": "x[1,1,7,0]", "X": 1}, { "VarName": "x[1,1,7,2]", "X": 1}, { "VarName": "x[1,1,7,3]", "X": 1}, { "VarName": "x[1,1,8,0]", "X": 1}, { "VarName": "x[1,1,8,2]", "X": 1}, { "VarName": "x[1,2,1,0]", "X": 1}, { "VarName": "x[1,2,1,1]", "X": 1}, { "VarName": "x[1,2,2,3]", "X": 1}, { "VarName": "x[1,2,3,0]", "X": 1}, { "VarName": "x[1,2,4,1]", "X": 1}, { "VarName": "x[1,2,4,2]", "X": 1}, { "VarName": "x[1,2,5,3]", "X": 1}, { "VarName": "x[1,2,7,0]", "X": 1}, { "VarName": "x[1,2,8,2]", "X": 1}, { "VarName": "x[1,3,1,1]", "X": 1}, { "VarName": "x[1,3,1,2]", "X": 1}, { "VarName": "x[1,3,3,0]", "X": 1}, { "VarName": "x[1,3,3,1]", "X": 1}, { "VarName": "x[1,3,3,2]", "X": 1}, { "VarName": "x[1,3,3,3]", "X": 1}, { "VarName": "x[1,3,4,0]", "X": 1}, { "VarName": "x[1,3,4,1]", "X": 1}, { "VarName": "x[1,3,4,3]", "X": 1}, { "VarName": "x[1,3,6,0]", "X": 1}, { "VarName": "x[1,3,8,2]", "X": 1}, { "VarName": "x[1,3,8,3]", "X": 1}, { "VarName": "x[2,0,2,1]", "X": 1}, { "VarName": "x[2,0,2,3]", "X": 1}, { "VarName": "x[2,0,3,1]", "X": 1}, { "VarName": "x[2,0,4,0]", "X": 1}, { "VarName": "x[2,0,4,3]", "X": 1}, { "VarName": "x[2,0,5,1]", "X": 1}, { "VarName": "x[2,0,5,2]", "X": 1}, { "VarName": "x[2,0,6,2]", "X": 1}, { "VarName": "x[2,0,6,3]", "X": 1}, { "VarName": "x[2,0,7,1]", "X": 1}, { "VarName": "x[2,0,7,2]", "X": 1}, { "VarName": "x[2,1,3,0]", "X": 1}, { "VarName": "x[2,1,3,1]", "X": 1}, { "VarName": "x[2,1,3,2]", "X": 1}, { "VarName": "x[2,1,4,2]", "X": 1}, { "VarName": "x[2,1,5,3]", "X": 1}, { "VarName": "x[2,1,6,1]", "X": 1}, { "VarName": "x[2,1,6,2]", "X": 1}, { "VarName": "x[2,1,7,0]", "X": 1}, { "VarName": "x[2,2,2,0]", "X": 1}, { "VarName": "x[2,2,2,1]", "X": 1}, { "VarName": "x[2,2,4,2]", "X": 1}, { "VarName": "x[2,2,5,1]", "X": 1}, { "VarName": "x[2,2,7,2]", "X": 1}, { "VarName": "x[2,2,7,3]", "X": 1}, { "VarName": "x[2,2,8,1]", "X": 1}, { "VarName": "x[2,3,2,1]", "X": 1}, { "VarName": "x[2,3,3,3]", "X": 1}, { "VarName": "x[2,3,4,2]", "X": 1}, { "VarName": "x[2,3,5,3]", "X": 1}, { "VarName": "x[2,3,6,2]", "X": 1}, { "VarName": "x[3,0,3,3]", "X": 1}, { "VarName": "x[3,0,4,0]", "X": 1}, { "VarName": "x[3,0,4,3]", "X": 1}, { "VarName": "x[3,0,5,1]", "X": 1}, { "VarName": "x[3,0,6,3]", "X": 1}, { "VarName": "x[3,0,8,0]", "X": 1}, { "VarName": "x[3,1,3,0]", "X": 1}, { "VarName": "x[3,1,5,1]", "X": 1}, { "VarName": "x[3,1,6,1]", "X": 1}, { "VarName": "x[3,1,7,1]", "X": 1}, { "VarName": "x[3,1,8,3]", "X": 1}, { "VarName": "x[3,2,3,0]", "X": 1}, { "VarName": "x[3,2,3,1]", "X": 1}, { "VarName": "x[3,2,3,3]", "X": 1}, { "VarName": "x[3,2,5,3]", "X": 1}, { "VarName": "x[3,2,6,3]", "X": 1}, { "VarName": "x[3,2,8,1]", "X": 1}, { "VarName": "x[3,3,3,1]", "X": 1}, { "VarName": "x[3,3,4,2]", "X": 1}, { "VarName": "x[3,3,6,2]", "X": 1}, { "VarName": "x[4,0,4,2]", "X": 1}, { "VarName": "x[4,0,5,1]", "X": 1}, { "VarName": "x[4,0,6,2]", "X": 1}, { "VarName": "x[4,0,6,3]", "X": 1}, { "VarName": "x[4,1,5,2]", "X": 1}, { "VarName": "x[4,2,4,3]", "X": 1}, { "VarName": "x[4,2,5,0]", "X": 1}, { "VarName": "x[4,2,6,1]", "X": 1}, { "VarName": "x[4,2,7,2]", "X": 1}, { "VarName": "x[4,2,7,3]", "X": 1}, { "VarName": "x[4,3,4,0]", "X": 1}, { "VarName": "x[4,3,4,1]", "X": 1}, { "VarName": "x[4,3,5,3]", "X": 1}, { "VarName": "x[4,3,6,2]", "X": 1}, { "VarName": "x[4,3,7,0]", "X": 1}, { "VarName": "x[5,0,7,2]", "X": 1}, { "VarName": "x[5,0,7,3]", "X": 1}, { "VarName": "x[5,1,5,0]", "X": 1}, { "VarName": "x[5,1,6,3]", "X": 1}, { "VarName": "x[5,2,5,1]", "X": 1}, { "VarName": "x[5,2,6,2]", "X": 1}, { "VarName": "x[5,2,7,1]", "X": 1}, { "VarName": "x[5,2,8,2]", "X": 1}, { "VarName": "x[5,3,5,0]", "X": 1}, { "VarName": "x[5,3,5,1]", "X": 1}, { "VarName": "x[5,3,6,1]", "X": 1}, { "VarName": "x[5,3,6,3]", "X": 1}, { "VarName": "x[5,3,7,0]", "X": 1}, { "VarName": "x[6,0,8,2]", "X": 1}, { "VarName": "x[6,1,6,0]", "X": 1}, { "VarName": "x[6,1,6,3]", "X": 1}, { "VarName": "x[6,2,6,0]", "X": 1}, { "VarName": "x[6,2,6,1]", "X": 1}, { "VarName": "x[6,2,7,0]", "X": 1}, { "VarName": "x[6,2,7,1]", "X": 1}, { "VarName": "x[6,3,6,0]", "X": 1}, { "VarName": "x[6,3,6,2]", "X": 1}, { "VarName": "x[6,3,7,0]", "X": 1}, { "VarName": "x[6,3,7,1]", "X": 1}, { "VarName": "x[6,3,7,3]", "X": 1}, { "VarName": "x[7,1,7,0]", "X": 1}, { "VarName": "x[7,2,7,0]", "X": 1}, { "VarName": "x[7,2,7,1]", "X": 1}, { "VarName": "x[7,2,8,1]", "X": 1}, { "VarName": "x[7,2,8,3]", "X": 1}, { "VarName": "x[7,3,7,0]", "X": 1}, { "VarName": "x[7,3,7,1]", "X": 1}, { "VarName": "x[7,3,7,2]", "X": 1}, { "VarName": "x[7,3,8,1]", "X": 1}, { "VarName": "x[8,1,8,0]", "X": 1}, { "VarName": "x[8,2,8,0]", "X": 1}, { "VarName": "x[8,3,8,0]", "X": 1}, { "VarName": "x[8,3,8,1]", "X": 1}, { "VarName": "s[0,0,3]", "X": 8.99999999999983}, { "VarName": "s[0,2,2]", "X": 4.9999999999987779e+00}, { "VarName": "s[0,3,4]", "X": 2.9999999999999574e+00}, { "VarName": "s[1,0,1]", "X": 4.4999999999999680e+01}, { "VarName": "s[1,1,4]", "X": 4.1999999999999837e+01}, { "VarName": "s[1,2,5]", "X": 38}, { "VarName": "s[1,3,7]", "X": 3.4000000000000220e+01}, { "VarName": "s[2,0,6]", "X": 2.5999999999999858e+01}, { "VarName": "s[2,1,3]", "X": 1.9999999999999662e+00}, { "VarName": "s[2,2,1]", "X": 19}, { "VarName": "s[2,3,5]", "X": 2.3999999999999957e+01}, { "VarName": "s[3,0,7]", "X": 1.6999999999999996e+01}, { "VarName": "s[3,1,4]", "X": 1.3999999999999735e+01}, { "VarName": "s[3,2,0]", "X": 11}, { "VarName": "s[4,0,6]", "X": 1.9999999999999968e+01}, { "VarName": "s[4,1,3]", "X": 16}, { "VarName": "s[4,2,5]", "X": 9.9999999999994360e-01}, { "VarName": "s[4,3,7]", "X": 8}, { "VarName": "s[5,0,1]", "X": 2.7999999999999989e+01}, { "VarName": "s[5,1,3]", "X": 2.3999999999999979e+01}, { "VarName": "s[5,2,0]", "X": 21}, { "VarName": "s[5,3,5]", "X": 8.9999999999999432e+00}, { "VarName": "s[6,0,2]", "X": 12}, { "VarName": "s[6,1,4]", "X": 6.9999999999998934e+00}, { "VarName": "s[6,2,6]", "X": 1.9999999999997726e+00}, { "VarName": "s[6,3,6]", "X": 7.9999999999997264e+00}, { "VarName": "s[7,0,4]", "X": 2.7000000000002622e+01}, { "VarName": "s[7,1,2]", "X": 2.1999999999999993e+01}, { "VarName": "s[7,3,1]", "X": 13}, { "VarName": "s[8,0,0]", "X": 3.8999999999999972e+01}, { "VarName": "s[8,1,3]", "X": 3.6999999999999972e+01}, { "VarName": "s[8,2,1]", "X": 3.5999999999999929e+01}, { "VarName": "s[8,3,2]", "X": 3.5999999999999979e+01}, { "VarName": "Z_FO", "X": 137}, { "VarName": "C1513", "X": 1}, { "VarName": "C1516", "X": 1}, { "VarName": "C1521", "X": 1}, { "VarName": "C1524", "X": 1}, { "VarName": "C1526", "X": 1}, { "VarName": "C1528", "X": 1}, { "VarName": "C1532", "X": 1}, { "VarName": "C1536", "X": 1}, { "VarName": "C1537", "X": 1}]}