{ "SolutionInfo": { "Status": 2, "Runtime": 5.4799985885620117e-01, "Work": 3.9970271773387805e-01, "ObjVal": 34, "ObjBound": 34, "ObjBoundC": 34, "MIPGap": 0, "IntVio": 0, "BoundVio": 0, "ConstrVio": 1.4264145420384011e-12, "IterCount": 56588, "BarIterCount": 0, "NodeCount": 12767, "SolCount": 10, "PoolObjBound": 34, "PoolObjVal": [ 34, 34, 37, 38, 40, 41, 42, 44, 50, 52]}, "Vars": [ { "VarName": "y[0,0,3]", "X": 1}, { "VarName": "y[0,1,0]", "X": 1}, { "VarName": "y[0,2,4]", "X": 1}, { "VarName": "y[1,0,2]", "X": 1}, { "VarName": "y[1,1,3]", "X": 1}, { "VarName": "y[1,2,1]", "X": 1}, { "VarName": "y[2,0,4]", "X": 1}, { "VarName": "y[2,1,2]", "X": 1}, { "VarName": "y[2,2,0]", "X": 1}, { "VarName": "y[3,0,2]", "X": 1}, { "VarName": "y[3,1,5]", "X": 1}, { "VarName": "y[3,2,1]", "X": 1}, { "VarName": "y[4,0,0]", "X": 1}, { "VarName": "y[4,1,5]", "X": 1}, { "VarName": "y[4,2,3]", "X": 1}, { "VarName": "x[0,0,0,2]", "X": 1}, { "VarName": "x[0,0,1,1]", "X": 1}, { "VarName": "x[0,0,3,1]", "X": 1}, { "VarName": "x[0,0,4,1]", "X": 1}, { "VarName": "x[0,0,4,2]", "X": 1}, { "VarName": "x[0,1,1,0]", "X": 1}, { "VarName": "x[0,1,2,1]", "X": 1}, { "VarName": "x[0,1,2,2]", "X": 1}, { "VarName": "x[0,1,3,0]", "X": 1}, { "VarName": "x[0,1,4,0]", "X": 1}, { "VarName": "x[0,2,2,0]", "X": 1}, { "VarName": "x[0,2,4,2]", "X": 1}, { "VarName": "x[1,0,2,1]", "X": 1}, { "VarName": "x[1,0,3,0]", "X": 1}, { "VarName": "x[1,0,4,2]", "X": 1}, { "VarName": "x[1,1,1,0]", "X": 1}, { "VarName": "x[1,1,2,1]", "X": 1}, { "VarName": "x[1,1,3,0]", "X": 1}, { "VarName": "x[1,1,3,2]", "X": 1}, { "VarName": "x[1,1,4,1]", "X": 1}, { "VarName": "x[1,1,4,2]", "X": 1}, { "VarName": "x[1,2,2,0]", "X": 1}, { "VarName": "x[1,2,2,1]", "X": 1}, { "VarName": "x[1,2,2,2]", "X": 1}, { "VarName": "x[1,2,3,1]", "X": 1}, { "VarName": "x[1,2,3,2]", "X": 1}, { "VarName": "x[1,2,4,2]", "X": 1}, { "VarName": "x[2,0,3,1]", "X": 1}, { "VarName": "x[2,0,4,2]", "X": 1}, { "VarName": "x[2,1,2,0]", "X": 1}, { "VarName": "x[2,2,2,0]", "X": 1}, { "VarName": "x[2,2,3,1]", "X": 1}, { "VarName": "x[3,0,3,2]", "X": 1}, { "VarName": "x[3,0,4,1]", "X": 1}, { "VarName": "x[3,0,4,2]", "X": 1}, { "VarName": "x[3,1,3,0]", "X": 1}, { "VarName": "x[3,1,4,0]", "X": 1}, { "VarName": "x[3,1,4,1]", "X": 1}, { "VarName": "x[4,0,4,1]", "X": 1}, { "VarName": "s[0,0,3]", "X": 2.4999999999999936e+01}, { "VarName": "s[0,1,0]", "X": 1.9999999999999638e+01}, { "VarName": "s[0,2,4]", "X": 1.6999999999999737e+01}, { "VarName": "s[1,0,2]", "X": 1.7000000000001450e+01}, { "VarName": "s[1,1,3]", "X": 1.5000000000001316e+01}, { "VarName": "s[1,2,1]", "X": 10}, { "VarName": "s[2,0,4]", "X": 6.9999999999997886e+00}, { "VarName": "s[2,1,2]", "X": 2.3701092215393045e+00}, { "VarName": "s[2,2,0]", "X": 3.0000000000001381e+00}, { "VarName": "s[3,0,2]", "X": 1.2000000000000291e+01}, { "VarName": "s[3,1,5]", "X": 8}, { "VarName": "s[4,0,0]", "X": 1.0999999999999963e+01}, { "VarName": "s[4,1,5]", "X": 1}, { "VarName": "s[4,2,3]", "X": 1.5320068259300643e+00}, { "VarName": "Z_FO", "X": 34}, { "VarName": "C286", "X": 1}, { "VarName": "C288", "X": 1}, { "VarName": "C291", "X": 1}, { "VarName": "C292", "X": 1}, { "VarName": "C294", "X": 1}]}