{ "SolutionInfo": { "Status": 9, "Runtime": 3.6024289999008179e+03, "Work": 2.4452238569907990e+03, "ObjVal": 358, "ObjBound": 107, "ObjBoundC": 1.0653406435655701e+02, "MIPGap": 7.0111731843575420e-01, "IntVio": 0, "BoundVio": 0, "ConstrVio": 9.2441609922389034e-12, "IterCount": 27613857, "BarIterCount": 0, "NodeCount": 365372, "SolCount": 10, "PoolObjBound": 107, "PoolObjVal": [ 358, 365, 366, 369, 370, 372, 380, 390, 397, 409]}, "Vars": [ { "VarName": "y[0,0,3]", "X": 1}, { "VarName": "y[0,1,4]", "X": 1}, { "VarName": "y[0,2,4]", "X": 1}, { "VarName": "y[0,3,2]", "X": 1}, { "VarName": "y[1,0,5]", "X": 1}, { "VarName": "y[1,1,4]", "X": 1}, { "VarName": "y[1,2,2]", "X": 1}, { "VarName": "y[1,3,7]", "X": 1}, { "VarName": "y[2,0,7]", "X": 1}, { "VarName": "y[2,1,7]", "X": 1}, { "VarName": "y[2,2,4]", "X": 1}, { "VarName": "y[2,3,7]", "X": 1}, { "VarName": "y[3,0,5]", "X": 1}, { "VarName": "y[3,1,3]", "X": 1}, { "VarName": "y[3,2,5]", "X": 1}, { "VarName": "y[3,3,0]", "X": 1}, { "VarName": "y[4,0,1]", "X": 1}, { "VarName": "y[4,1,3]", "X": 1}, { "VarName": "y[4,2,6]", "X": 1}, { "VarName": "y[4,3,4]", "X": 1}, { "VarName": "y[5,0,2]", "X": 1}, { "VarName": "y[5,1,0]", "X": 1}, { "VarName": "y[5,2,5]", "X": 1}, { "VarName": "y[5,3,6]", "X": 1}, { "VarName": "y[6,0,4]", "X": 1}, { "VarName": "y[6,1,6]", "X": 1}, { "VarName": "y[6,2,3]", "X": 1}, { "VarName": "y[6,3,3]", "X": 1}, { "VarName": "y[7,0,0]", "X": 1}, { "VarName": "y[7,1,3]", "X": 1}, { "VarName": "y[7,2,1]", "X": 1}, { "VarName": "y[7,3,0]", "X": 1}, { "VarName": "y[8,0,7]", "X": 1}, { "VarName": "y[8,1,1]", "X": 1}, { "VarName": "y[8,2,5]", "X": 1}, { "VarName": "y[8,3,6]", "X": 1}, { "VarName": "y[9,0,3]", "X": 1}, { "VarName": "y[9,1,2]", "X": 1}, { "VarName": "y[9,2,1]", "X": 1}, { "VarName": "y[9,3,6]", "X": 1}, { "VarName": "y[10,0,0]", "X": 1}, { "VarName": "y[10,1,5]", "X": 1}, { "VarName": "y[10,2,2]", "X": 1}, { "VarName": "y[10,3,0]", "X": 1}, { "VarName": "x[0,0,0,1]", "X": 1}, { "VarName": "x[0,0,1,0]", "X": 1}, { "VarName": "x[0,0,1,1]", "X": 1}, { "VarName": "x[0,0,1,3]", "X": 1}, { "VarName": "x[0,0,3,1]", "X": 1}, { "VarName": "x[0,0,3,2]", "X": 1}, { "VarName": "x[0,0,4,3]", "X": 1}, { "VarName": "x[0,0,5,0]", "X": 1}, { "VarName": "x[0,0,6,2]", "X": 1}, { "VarName": "x[0,0,7,1]", "X": 1}, { "VarName": "x[0,0,7,2]", "X": 1}, { "VarName": "x[0,0,8,1]", "X": 1}, { "VarName": "x[0,0,8,2]", "X": 1}, { "VarName": "x[0,0,8,3]", "X": 1}, { "VarName": "x[0,0,9,0]", "X": 1}, { "VarName": "x[0,0,9,2]", "X": 1}, { "VarName": "x[0,1,1,0]", "X": 1}, { "VarName": "x[0,1,2,3]", "X": 1}, { "VarName": "x[0,1,3,3]", "X": 1}, { "VarName": "x[0,1,4,2]", "X": 1}, { "VarName": "x[0,1,5,0]", "X": 1}, { "VarName": "x[0,1,5,1]", "X": 1}, { "VarName": "x[0,1,7,0]", "X": 1}, { "VarName": "x[0,1,9,2]", "X": 1}, { "VarName": "x[0,1,9,3]", "X": 1}, { "VarName": "x[0,1,10,0]", "X": 1}, { "VarName": "x[0,1,10,2]", "X": 1}, { "VarName": "x[0,2,0,0]", "X": 1}, { "VarName": "x[0,2,0,1]", "X": 1}, { "VarName": "x[0,2,1,0]", "X": 1}, { "VarName": "x[0,2,1,1]", "X": 1}, { "VarName": "x[0,2,1,3]", "X": 1}, { "VarName": "x[0,2,3,0]", "X": 1}, { "VarName": "x[0,2,3,2]", "X": 1}, { "VarName": "x[0,2,3,3]", "X": 1}, { "VarName": "x[0,2,4,3]", "X": 1}, { "VarName": "x[0,2,5,0]", "X": 1}, { "VarName": "x[0,2,5,1]", "X": 1}, { "VarName": "x[0,2,5,2]", "X": 1}, { "VarName": "x[0,2,5,3]", "X": 1}, { "VarName": "x[0,2,7,1]", "X": 1}, { "VarName": "x[0,2,8,1]", "X": 1}, { "VarName": "x[0,2,8,2]", "X": 1}, { "VarName": "x[0,2,9,0]", "X": 1}, { "VarName": "x[0,2,9,3]", "X": 1}, { "VarName": "x[0,2,10,0]", "X": 1}, { "VarName": "x[0,2,10,1]", "X": 1}, { "VarName": "x[0,2,10,3]", "X": 1}, { "VarName": "x[0,3,0,1]", "X": 1}, { "VarName": "x[0,3,0,2]", "X": 1}, { "VarName": "x[0,3,1,2]", "X": 1}, { "VarName": "x[0,3,1,3]", "X": 1}, { "VarName": "x[0,3,2,1]", "X": 1}, { "VarName": "x[0,3,2,2]", "X": 1}, { "VarName": "x[0,3,3,1]", "X": 1}, { "VarName": "x[0,3,4,2]", "X": 1}, { "VarName": "x[0,3,5,1]", "X": 1}, { "VarName": "x[0,3,6,1]", "X": 1}, { "VarName": "x[0,3,7,2]", "X": 1}, { "VarName": "x[0,3,9,1]", "X": 1}, { "VarName": "x[0,3,10,0]", "X": 1}, { "VarName": "x[0,3,10,1]", "X": 1}, { "VarName": "x[0,3,10,3]", "X": 1}, { "VarName": "x[1,0,2,3]", "X": 1}, { "VarName": "x[1,0,7,3]", "X": 1}, { "VarName": "x[1,0,8,2]", "X": 1}, { "VarName": "x[1,0,9,3]", "X": 1}, { "VarName": "x[1,1,1,0]", "X": 1}, { "VarName": "x[1,1,2,3]", "X": 1}, { "VarName": "x[1,1,3,0]", "X": 1}, { "VarName": "x[1,1,3,2]", "X": 1}, { "VarName": "x[1,1,5,2]", "X": 1}, { "VarName": "x[1,1,5,3]", "X": 1}, { "VarName": "x[1,1,6,2]", "X": 1}, { "VarName": "x[1,1,6,3]", "X": 1}, { "VarName": "x[1,1,7,2]", "X": 1}, { "VarName": "x[1,1,9,3]", "X": 1}, { "VarName": "x[1,1,10,0]", "X": 1}, { "VarName": "x[1,1,10,2]", "X": 1}, { "VarName": "x[1,2,1,0]", "X": 1}, { "VarName": "x[1,2,1,1]", "X": 1}, { "VarName": "x[1,2,3,1]", "X": 1}, { "VarName": "x[1,2,3,2]", "X": 1}, { "VarName": "x[1,2,4,1]", "X": 1}, { "VarName": "x[1,2,6,2]", "X": 1}, { "VarName": "x[1,2,6,3]", "X": 1}, { "VarName": "x[1,2,7,1]", "X": 1}, { "VarName": "x[1,2,9,0]", "X": 1}, { "VarName": "x[1,2,9,1]", "X": 1}, { "VarName": "x[1,3,1,0]", "X": 1}, { "VarName": "x[1,3,1,1]", "X": 1}, { "VarName": "x[1,3,2,1]", "X": 1}, { "VarName": "x[1,3,2,2]", "X": 1}, { "VarName": "x[1,3,3,0]", "X": 1}, { "VarName": "x[1,3,3,2]", "X": 1}, { "VarName": "x[1,3,3,3]", "X": 1}, { "VarName": "x[1,3,4,0]", "X": 1}, { "VarName": "x[1,3,5,0]", "X": 1}, { "VarName": "x[1,3,5,1]", "X": 1}, { "VarName": "x[1,3,7,1]", "X": 1}, { "VarName": "x[1,3,7,2]", "X": 1}, { "VarName": "x[1,3,8,2]", "X": 1}, { "VarName": "x[1,3,8,3]", "X": 1}, { "VarName": "x[1,3,9,0]", "X": 1}, { "VarName": "x[1,3,9,1]", "X": 1}, { "VarName": "x[1,3,9,2]", "X": 1}, { "VarName": "x[1,3,10,0]", "X": 1}, { "VarName": "x[2,0,2,1]", "X": 1}, { "VarName": "x[2,0,2,3]", "X": 1}, { "VarName": "x[2,0,3,0]", "X": 1}, { "VarName": "x[2,0,3,1]", "X": 1}, { "VarName": "x[2,0,3,2]", "X": 1}, { "VarName": "x[2,0,4,0]", "X": 1}, { "VarName": "x[2,0,4,1]", "X": 1}, { "VarName": "x[2,0,4,3]", "X": 1}, { "VarName": "x[2,0,5,0]", "X": 1}, { "VarName": "x[2,0,5,1]", "X": 1}, { "VarName": "x[2,0,5,2]", "X": 1}, { "VarName": "x[2,0,6,2]", "X": 1}, { "VarName": "x[2,0,6,3]", "X": 1}, { "VarName": "x[2,0,7,0]", "X": 1}, { "VarName": "x[2,0,7,1]", "X": 1}, { "VarName": "x[2,0,8,0]", "X": 1}, { "VarName": "x[2,0,9,2]", "X": 1}, { "VarName": "x[2,0,10,1]", "X": 1}, { "VarName": "x[2,0,10,2]", "X": 1}, { "VarName": "x[2,1,3,0]", "X": 1}, { "VarName": "x[2,1,3,3]", "X": 1}, { "VarName": "x[2,1,4,0]", "X": 1}, { "VarName": "x[2,1,4,2]", "X": 1}, { "VarName": "x[2,1,4,3]", "X": 1}, { "VarName": "x[2,1,5,2]", "X": 1}, { "VarName": "x[2,1,5,3]", "X": 1}, { "VarName": "x[2,1,6,3]", "X": 1}, { "VarName": "x[2,1,7,0]", "X": 1}, { "VarName": "x[2,1,8,3]", "X": 1}, { "VarName": "x[2,1,9,3]", "X": 1}, { "VarName": "x[2,1,10,1]", "X": 1}, { "VarName": "x[2,2,2,0]", "X": 1}, { "VarName": "x[2,2,2,1]", "X": 1}, { "VarName": "x[2,2,3,0]", "X": 1}, { "VarName": "x[2,2,4,2]", "X": 1}, { "VarName": "x[2,2,4,3]", "X": 1}, { "VarName": "x[2,2,5,1]", "X": 1}, { "VarName": "x[2,2,7,0]", "X": 1}, { "VarName": "x[2,2,7,1]", "X": 1}, { "VarName": "x[2,2,8,1]", "X": 1}, { "VarName": "x[2,2,8,3]", "X": 1}, { "VarName": "x[2,2,9,0]", "X": 1}, { "VarName": "x[2,2,9,1]", "X": 1}, { "VarName": "x[2,2,9,2]", "X": 1}, { "VarName": "x[2,2,10,0]", "X": 1}, { "VarName": "x[2,2,10,3]", "X": 1}, { "VarName": "x[2,3,2,1]", "X": 1}, { "VarName": "x[2,3,2,2]", "X": 1}, { "VarName": "x[2,3,3,0]", "X": 1}, { "VarName": "x[2,3,3,2]", "X": 1}, { "VarName": "x[2,3,4,3]", "X": 1}, { "VarName": "x[2,3,5,2]", "X": 1}, { "VarName": "x[2,3,8,0]", "X": 1}, { "VarName": "x[2,3,8,1]", "X": 1}, { "VarName": "x[2,3,8,2]", "X": 1}, { "VarName": "x[2,3,9,3]", "X": 1}, { "VarName": "x[3,0,3,2]", "X": 1}, { "VarName": "x[3,0,4,1]", "X": 1}, { "VarName": "x[3,0,4,2]", "X": 1}, { "VarName": "x[3,0,5,2]", "X": 1}, { "VarName": "x[3,0,5,3]", "X": 1}, { "VarName": "x[3,0,7,3]", "X": 1}, { "VarName": "x[3,0,8,1]", "X": 1}, { "VarName": "x[3,0,8,2]", "X": 1}, { "VarName": "x[3,0,8,3]", "X": 1}, { "VarName": "x[3,0,10,0]", "X": 1}, { "VarName": "x[3,1,5,0]", "X": 1}, { "VarName": "x[3,1,5,1]", "X": 1}, { "VarName": "x[3,1,6,2]", "X": 1}, { "VarName": "x[3,1,7,3]", "X": 1}, { "VarName": "x[3,1,8,2]", "X": 1}, { "VarName": "x[3,1,8,3]", "X": 1}, { "VarName": "x[3,1,9,0]", "X": 1}, { "VarName": "x[3,1,9,1]", "X": 1}, { "VarName": "x[3,1,9,2]", "X": 1}, { "VarName": "x[3,1,10,1]", "X": 1}, { "VarName": "x[3,2,4,0]", "X": 1}, { "VarName": "x[3,2,5,2]", "X": 1}, { "VarName": "x[3,2,7,2]", "X": 1}, { "VarName": "x[3,2,8,1]", "X": 1}, { "VarName": "x[3,2,8,2]", "X": 1}, { "VarName": "x[3,2,9,2]", "X": 1}, { "VarName": "x[3,3,3,0]", "X": 1}, { "VarName": "x[3,3,3,1]", "X": 1}, { "VarName": "x[3,3,3,2]", "X": 1}, { "VarName": "x[3,3,4,3]", "X": 1}, { "VarName": "x[3,3,7,3]", "X": 1}, { "VarName": "x[3,3,9,1]", "X": 1}, { "VarName": "x[3,3,9,3]", "X": 1}, { "VarName": "x[4,0,4,1]", "X": 1}, { "VarName": "x[4,0,4,3]", "X": 1}, { "VarName": "x[4,0,5,0]", "X": 1}, { "VarName": "x[4,0,5,1]", "X": 1}, { "VarName": "x[4,0,6,0]", "X": 1}, { "VarName": "x[4,0,6,2]", "X": 1}, { "VarName": "x[4,0,6,3]", "X": 1}, { "VarName": "x[4,0,7,1]", "X": 1}, { "VarName": "x[4,0,7,2]", "X": 1}, { "VarName": "x[4,0,8,1]", "X": 1}, { "VarName": "x[4,0,8,3]", "X": 1}, { "VarName": "x[4,0,9,0]", "X": 1}, { "VarName": "x[4,0,9,2]", "X": 1}, { "VarName": "x[4,0,10,2]", "X": 1}, { "VarName": "x[4,1,4,2]", "X": 1}, { "VarName": "x[4,1,4,3]", "X": 1}, { "VarName": "x[4,1,6,2]", "X": 1}, { "VarName": "x[4,1,6,3]", "X": 1}, { "VarName": "x[4,1,7,1]", "X": 1}, { "VarName": "x[4,1,7,2]", "X": 1}, { "VarName": "x[4,1,7,3]", "X": 1}, { "VarName": "x[4,1,9,0]", "X": 1}, { "VarName": "x[4,1,9,2]", "X": 1}, { "VarName": "x[4,2,5,1]", "X": 1}, { "VarName": "x[4,2,5,2]", "X": 1}, { "VarName": "x[4,2,5,3]", "X": 1}, { "VarName": "x[4,2,7,3]", "X": 1}, { "VarName": "x[4,2,8,3]", "X": 1}, { "VarName": "x[4,2,9,3]", "X": 1}, { "VarName": "x[4,2,10,0]", "X": 1}, { "VarName": "x[4,2,10,1]", "X": 1}, { "VarName": "x[4,3,5,0]", "X": 1}, { "VarName": "x[4,3,6,2]", "X": 1}, { "VarName": "x[4,3,6,3]", "X": 1}, { "VarName": "x[4,3,7,0]", "X": 1}, { "VarName": "x[4,3,8,2]", "X": 1}, { "VarName": "x[4,3,10,2]", "X": 1}, { "VarName": "x[5,0,5,1]", "X": 1}, { "VarName": "x[5,0,5,2]", "X": 1}, { "VarName": "x[5,0,5,3]", "X": 1}, { "VarName": "x[5,0,6,0]", "X": 1}, { "VarName": "x[5,0,7,1]", "X": 1}, { "VarName": "x[5,0,7,2]", "X": 1}, { "VarName": "x[5,0,7,3]", "X": 1}, { "VarName": "x[5,0,8,1]", "X": 1}, { "VarName": "x[5,0,9,1]", "X": 1}, { "VarName": "x[5,0,9,2]", "X": 1}, { "VarName": "x[5,0,10,1]", "X": 1}, { "VarName": "x[5,1,5,2]", "X": 1}, { "VarName": "x[5,1,7,2]", "X": 1}, { "VarName": "x[5,1,7,3]", "X": 1}, { "VarName": "x[5,1,8,0]", "X": 1}, { "VarName": "x[5,1,8,2]", "X": 1}, { "VarName": "x[5,1,8,3]", "X": 1}, { "VarName": "x[5,1,9,0]", "X": 1}, { "VarName": "x[5,1,10,1]", "X": 1}, { "VarName": "x[5,2,7,1]", "X": 1}, { "VarName": "x[5,2,7,3]", "X": 1}, { "VarName": "x[5,2,8,0]", "X": 1}, { "VarName": "x[5,2,8,2]", "X": 1}, { "VarName": "x[5,2,9,0]", "X": 1}, { "VarName": "x[5,2,9,1]", "X": 1}, { "VarName": "x[5,2,9,2]", "X": 1}, { "VarName": "x[5,3,5,1]", "X": 1}, { "VarName": "x[5,3,5,2]", "X": 1}, { "VarName": "x[5,3,8,1]", "X": 1}, { "VarName": "x[5,3,8,2]", "X": 1}, { "VarName": "x[5,3,8,3]", "X": 1}, { "VarName": "x[5,3,9,2]", "X": 1}, { "VarName": "x[5,3,9,3]", "X": 1}, { "VarName": "x[5,3,10,0]", "X": 1}, { "VarName": "x[5,3,10,2]", "X": 1}, { "VarName": "x[6,0,6,2]", "X": 1}, { "VarName": "x[6,0,6,3]", "X": 1}, { "VarName": "x[6,0,7,1]", "X": 1}, { "VarName": "x[6,0,7,3]", "X": 1}, { "VarName": "x[6,0,8,2]", "X": 1}, { "VarName": "x[6,0,9,0]", "X": 1}, { "VarName": "x[6,0,9,2]", "X": 1}, { "VarName": "x[6,0,10,0]", "X": 1}, { "VarName": "x[6,0,10,2]", "X": 1}, { "VarName": "x[6,1,6,0]", "X": 1}, { "VarName": "x[6,1,7,1]", "X": 1}, { "VarName": "x[6,1,7,3]", "X": 1}, { "VarName": "x[6,1,8,0]", "X": 1}, { "VarName": "x[6,1,8,1]", "X": 1}, { "VarName": "x[6,1,8,3]", "X": 1}, { "VarName": "x[6,1,9,1]", "X": 1}, { "VarName": "x[6,1,9,3]", "X": 1}, { "VarName": "x[6,1,10,1]", "X": 1}, { "VarName": "x[6,1,10,2]", "X": 1}, { "VarName": "x[6,2,6,1]", "X": 1}, { "VarName": "x[6,2,8,1]", "X": 1}, { "VarName": "x[6,2,9,2]", "X": 1}, { "VarName": "x[6,2,9,3]", "X": 1}, { "VarName": "x[6,3,6,1]", "X": 1}, { "VarName": "x[6,3,6,2]", "X": 1}, { "VarName": "x[6,3,7,1]", "X": 1}, { "VarName": "x[6,3,8,1]", "X": 1}, { "VarName": "x[6,3,8,2]", "X": 1}, { "VarName": "x[6,3,9,0]", "X": 1}, { "VarName": "x[6,3,9,2]", "X": 1}, { "VarName": "x[7,0,7,1]", "X": 1}, { "VarName": "x[7,0,7,3]", "X": 1}, { "VarName": "x[7,0,9,0]", "X": 1}, { "VarName": "x[7,0,9,1]", "X": 1}, { "VarName": "x[7,0,9,2]", "X": 1}, { "VarName": "x[7,0,9,3]", "X": 1}, { "VarName": "x[7,1,7,3]", "X": 1}, { "VarName": "x[7,1,9,0]", "X": 1}, { "VarName": "x[7,1,10,1]", "X": 1}, { "VarName": "x[7,2,7,0]", "X": 1}, { "VarName": "x[7,2,8,1]", "X": 1}, { "VarName": "x[7,2,9,0]", "X": 1}, { "VarName": "x[7,2,9,2]", "X": 1}, { "VarName": "x[7,2,10,3]", "X": 1}, { "VarName": "x[7,3,9,1]", "X": 1}, { "VarName": "x[8,0,8,2]", "X": 1}, { "VarName": "x[8,0,9,0]", "X": 1}, { "VarName": "x[8,0,9,1]", "X": 1}, { "VarName": "x[8,0,10,1]", "X": 1}, { "VarName": "x[8,0,10,3]", "X": 1}, { "VarName": "x[8,1,8,0]", "X": 1}, { "VarName": "x[8,1,9,2]", "X": 1}, { "VarName": "x[8,1,10,1]", "X": 1}, { "VarName": "x[8,2,8,1]", "X": 1}, { "VarName": "x[8,2,9,0]", "X": 1}, { "VarName": "x[8,2,9,1]", "X": 1}, { "VarName": "x[8,2,10,2]", "X": 1}, { "VarName": "x[8,3,8,0]", "X": 1}, { "VarName": "x[8,3,8,1]", "X": 1}, { "VarName": "x[8,3,8,2]", "X": 1}, { "VarName": "x[8,3,9,2]", "X": 1}, { "VarName": "x[8,3,9,3]", "X": 1}, { "VarName": "x[8,3,10,1]", "X": 1}, { "VarName": "x[9,1,9,0]", "X": 1}, { "VarName": "x[9,1,10,0]", "X": 1}, { "VarName": "x[9,1,10,1]", "X": 1}, { "VarName": "x[9,1,10,3]", "X": 1}, { "VarName": "x[9,2,9,0]", "X": 1}, { "VarName": "x[9,2,10,0]", "X": 1}, { "VarName": "x[9,2,10,1]", "X": 1}, { "VarName": "x[9,2,10,3]", "X": 1}, { "VarName": "x[9,3,9,0]", "X": 1}, { "VarName": "x[9,3,9,1]", "X": 1}, { "VarName": "x[9,3,9,2]", "X": 1}, { "VarName": "x[9,3,10,0]", "X": 1}, { "VarName": "x[9,3,10,1]", "X": 1}, { "VarName": "x[9,3,10,2]", "X": 1}, { "VarName": "x[9,3,10,3]", "X": 1}, { "VarName": "x[10,0,10,1]", "X": 1}, { "VarName": "x[10,0,10,3]", "X": 1}, { "VarName": "x[10,2,10,0]", "X": 1}, { "VarName": "x[10,3,10,1]", "X": 1}, { "VarName": "x[10,3,10,2]", "X": 1}, { "VarName": "s[0,0,3]", "X": 26}, { "VarName": "s[0,1,4]", "X": 1.9999999999994618e+00}, { "VarName": "s[0,2,4]", "X": 2.0999999999999432e+01}, { "VarName": "s[0,3,2]", "X": 16}, { "VarName": "s[1,0,5]", "X": 1.2999999999999716e+01}, { "VarName": "s[1,1,4]", "X": 9.0000000000012932e+00}, { "VarName": "s[1,2,2]", "X": 9.0000000000001421e+00}, { "VarName": "s[1,3,7]", "X": 5}, { "VarName": "s[2,0,7]", "X": 36}, { "VarName": "s[2,1,7]", "X": 1}, { "VarName": "s[2,2,4]", "X": 29}, { "VarName": "s[2,3,7]", "X": 29}, { "VarName": "s[3,0,5]", "X": 3.2999999999997982e+01}, { "VarName": "s[3,1,3]", "X": 1.3000000000001714e+01}, { "VarName": "s[3,2,5]", "X": 2.5999999999998860e+01}, { "VarName": "s[3,3,0]", "X": 7.9999999999999449e+00}, { "VarName": "s[4,0,1]", "X": 44}, { "VarName": "s[4,1,3]", "X": 40}, { "VarName": "s[4,2,6]", "X": 24}, { "VarName": "s[4,3,4]", "X": 1.3999999999999432e+01}, { "VarName": "s[5,0,2]", "X": 2.8999999999999936e+01}, { "VarName": "s[5,1,0]", "X": 1.7999999999998522e+01}, { "VarName": "s[5,2,5]", "X": 1.8999999999998472e+01}, { "VarName": "s[5,3,6]", "X": 1.6999999999999034e+01}, { "VarName": "s[6,0,4]", "X": 3.7999999999999460e+01}, { "VarName": "s[6,1,6]", "X": 3.6000000000000128e+01}, { "VarName": "s[6,3,3]", "X": 3.0999999999999854e+01}, { "VarName": "s[7,0,0]", "X": 2.8999999999998522e+01}, { "VarName": "s[7,1,3]", "X": 2.0000000000001705e+01}, { "VarName": "s[7,2,1]", "X": 2.4000000000000455e+01}, { "VarName": "s[8,0,7]", "X": 1.8999999999996021e+01}, { "VarName": "s[8,1,1]", "X": 1.3999999999998067e+01}, { "VarName": "s[8,2,5]", "X": 2.9999999999997726e+00}, { "VarName": "s[8,3,6]", "X": 12}, { "VarName": "s[9,0,3]", "X": 5.9999999999995914e+00}, { "VarName": "s[9,1,2]", "X": 4}, { "VarName": "s[9,2,1]", "X": 2.0000000000004565e+00}, { "VarName": "s[9,3,6]", "X": 1}, { "VarName": "s[10,0,0]", "X": 5.1000000000008995e+01}, { "VarName": "s[10,1,5]", "X": 46}, { "VarName": "s[10,2,2]", "X": 4.5999999999999147e+01}, { "VarName": "s[10,3,0]", "X": 4.3000000000009244e+01}, { "VarName": "Z_FO", "X": 358}]}