{ "SolutionInfo": { "Status": 2, "Runtime": 8.1661999940872192e+01, "Work": 6.5766235673705893e+01, "ObjVal": 84, "ObjBound": 84, "ObjBoundC": 8.4000000000000085e+01, "MIPGap": 0, "IntVio": 0, "BoundVio": 0, "ConstrVio": 0, "IterCount": 20482306, "BarIterCount": 0, "NodeCount": 2417864, "SolCount": 10, "PoolObjBound": 8.4000000000000085e+01, "PoolObjVal": [ 84, 8.4000000000000085e+01, 86, 89, 96, 97, 99, 100, 103, 107]}, "Vars": [ { "VarName": "y[0,0,3]", "X": 1}, { "VarName": "y[0,1,4]", "X": 1}, { "VarName": "y[0,2,1]", "X": 1}, { "VarName": "y[1,0,0]", "X": 1}, { "VarName": "y[1,1,6]", "X": 1}, { "VarName": "y[1,2,4]", "X": 1}, { "VarName": "y[2,0,2]", "X": 1}, { "VarName": "y[2,1,5]", "X": 1}, { "VarName": "y[2,2,0]", "X": 1}, { "VarName": "y[3,0,3]", "X": 1}, { "VarName": "y[3,1,5]", "X": 1}, { "VarName": "y[3,2,4]", "X": 1}, { "VarName": "y[4,0,2]", "X": 1}, { "VarName": "y[4,1,6]", "X": 1}, { "VarName": "y[4,2,5]", "X": 1}, { "VarName": "y[5,0,6]", "X": 1}, { "VarName": "y[5,1,2]", "X": 1}, { "VarName": "y[5,2,1]", "X": 1}, { "VarName": "x[0,0,0,1]", "X": 1}, { "VarName": "x[0,0,0,2]", "X": 1}, { "VarName": "x[0,0,1,1]", "X": 1}, { "VarName": "x[0,0,3,0]", "X": 1}, { "VarName": "x[0,0,3,2]", "X": 1}, { "VarName": "x[0,0,4,0]", "X": 1}, { "VarName": "x[0,0,4,1]", "X": 1}, { "VarName": "x[0,0,4,2]", "X": 1}, { "VarName": "x[0,0,5,0]", "X": 1}, { "VarName": "x[0,0,5,2]", "X": 1}, { "VarName": "x[0,1,1,0]", "X": 1}, { "VarName": "x[0,1,1,1]", "X": 1}, { "VarName": "x[0,1,1,2]", "X": 1}, { "VarName": "x[0,1,2,1]", "X": 1}, { "VarName": "x[0,1,2,2]", "X": 1}, { "VarName": "x[0,1,3,1]", "X": 1}, { "VarName": "x[0,1,3,2]", "X": 1}, { "VarName": "x[0,1,4,1]", "X": 1}, { "VarName": "x[0,1,5,1]", "X": 1}, { "VarName": "x[0,1,5,2]", "X": 1}, { "VarName": "x[0,2,0,1]", "X": 1}, { "VarName": "x[0,2,1,1]", "X": 1}, { "VarName": "x[0,2,3,1]", "X": 1}, { "VarName": "x[0,2,4,1]", "X": 1}, { "VarName": "x[0,2,5,2]", "X": 1}, { "VarName": "x[1,0,1,1]", "X": 1}, { "VarName": "x[1,0,2,2]", "X": 1}, { "VarName": "x[1,0,3,1]", "X": 1}, { "VarName": "x[1,0,3,2]", "X": 1}, { "VarName": "x[1,0,4,0]", "X": 1}, { "VarName": "x[1,0,4,2]", "X": 1}, { "VarName": "x[1,0,5,0]", "X": 1}, { "VarName": "x[1,1,1,2]", "X": 1}, { "VarName": "x[1,1,2,2]", "X": 1}, { "VarName": "x[1,1,3,1]", "X": 1}, { "VarName": "x[1,1,3,2]", "X": 1}, { "VarName": "x[1,1,4,0]", "X": 1}, { "VarName": "x[1,1,5,1]", "X": 1}, { "VarName": "x[1,2,1,0]", "X": 1}, { "VarName": "x[1,2,2,1]", "X": 1}, { "VarName": "x[1,2,3,2]", "X": 1}, { "VarName": "x[1,2,4,2]", "X": 1}, { "VarName": "x[1,2,5,0]", "X": 1}, { "VarName": "x[1,2,5,1]", "X": 1}, { "VarName": "x[1,2,5,2]", "X": 1}, { "VarName": "x[2,0,2,1]", "X": 1}, { "VarName": "x[2,0,2,2]", "X": 1}, { "VarName": "x[2,0,3,1]", "X": 1}, { "VarName": "x[2,0,4,2]", "X": 1}, { "VarName": "x[2,0,5,1]", "X": 1}, { "VarName": "x[2,1,3,1]", "X": 1}, { "VarName": "x[2,1,3,2]", "X": 1}, { "VarName": "x[2,1,4,0]", "X": 1}, { "VarName": "x[2,1,5,0]", "X": 1}, { "VarName": "x[2,1,5,1]", "X": 1}, { "VarName": "x[2,2,3,0]", "X": 1}, { "VarName": "x[2,2,3,1]", "X": 1}, { "VarName": "x[2,2,3,2]", "X": 1}, { "VarName": "x[3,0,4,0]", "X": 1}, { "VarName": "x[3,0,4,1]", "X": 1}, { "VarName": "x[3,0,4,2]", "X": 1}, { "VarName": "x[3,0,5,0]", "X": 1}, { "VarName": "x[3,0,5,1]", "X": 1}, { "VarName": "x[3,0,5,2]", "X": 1}, { "VarName": "x[3,1,4,1]", "X": 1}, { "VarName": "x[3,2,3,0]", "X": 1}, { "VarName": "x[3,2,3,1]", "X": 1}, { "VarName": "x[3,2,4,2]", "X": 1}, { "VarName": "x[3,2,5,0]", "X": 1}, { "VarName": "x[3,2,5,2]", "X": 1}, { "VarName": "x[4,0,5,1]", "X": 1}, { "VarName": "x[4,0,5,2]", "X": 1}, { "VarName": "x[4,1,4,0]", "X": 1}, { "VarName": "x[4,1,5,0]", "X": 1}, { "VarName": "x[4,2,4,1]", "X": 1}, { "VarName": "x[4,2,5,0]", "X": 1}, { "VarName": "x[4,2,5,1]", "X": 1}, { "VarName": "x[4,2,5,2]", "X": 1}, { "VarName": "x[5,0,5,2]", "X": 1}, { "VarName": "x[5,1,5,2]", "X": 1}, { "VarName": "s[0,0,3]", "X": 17}, { "VarName": "s[0,1,4]", "X": 13}, { "VarName": "s[0,2,1]", "X": 11}, { "VarName": "s[1,0,0]", "X": 10}, { "VarName": "s[1,1,6]", "X": 1}, { "VarName": "s[1,2,4]", "X": 6}, { "VarName": "s[2,0,2]", "X": 10}, { "VarName": "s[2,1,5]", "X": 6}, { "VarName": "s[2,2,0]", "X": 2}, { "VarName": "s[3,0,3]", "X": 4}, { "VarName": "s[3,2,4]", "X": 2}, { "VarName": "s[4,0,2]", "X": 20}, { "VarName": "s[4,1,6]", "X": 15}, { "VarName": "s[4,2,5]", "X": 16}, { "VarName": "s[5,0,6]", "X": 7}, { "VarName": "s[5,1,2]", "X": 3}, { "VarName": "s[5,2,1]", "X": 1}, { "VarName": "Z_FO", "X": 84}]}