{ "SolutionInfo": { "Status": 2, "Runtime": 4.1030999898910522e+01, "Work": 2.9493758612526452e+01, "ObjVal": 19, "ObjBound": 19, "ObjBoundC": 19, "MIPGap": 0, "IntVio": 0, "BoundVio": 0, "ConstrVio": 2.8563817977556027e-12, "IterCount": 10603770, "BarIterCount": 0, "NodeCount": 933410, "SolCount": 10, "PoolObjBound": 19, "PoolObjVal": [ 19, 19, 22, 23, 24, 28, 29, 30, 44, 45]}, "Vars": [ { "VarName": "y[0,0,3]", "X": 1}, { "VarName": "y[0,1,4]", "X": 1}, { "VarName": "y[0,2,6]", "X": 1}, { "VarName": "y[1,0,2]", "X": 1}, { "VarName": "y[1,1,1]", "X": 1}, { "VarName": "y[1,2,1]", "X": 1}, { "VarName": "y[2,0,2]", "X": 1}, { "VarName": "y[2,1,5]", "X": 1}, { "VarName": "y[2,2,0]", "X": 1}, { "VarName": "y[3,0,5]", "X": 1}, { "VarName": "y[3,1,3]", "X": 1}, { "VarName": "y[3,2,2]", "X": 1}, { "VarName": "y[4,0,5]", "X": 1}, { "VarName": "y[4,1,4]", "X": 1}, { "VarName": "y[4,2,6]", "X": 1}, { "VarName": "y[5,0,4]", "X": 1}, { "VarName": "y[5,1,0]", "X": 1}, { "VarName": "y[5,2,0]", "X": 1}, { "VarName": "x[0,0,2,1]", "X": 1}, { "VarName": "x[0,0,3,0]", "X": 1}, { "VarName": "x[0,0,3,1]", "X": 1}, { "VarName": "x[0,0,4,2]", "X": 1}, { "VarName": "x[0,1,3,2]", "X": 1}, { "VarName": "x[0,1,4,1]", "X": 1}, { "VarName": "x[0,2,0,0]", "X": 1}, { "VarName": "x[0,2,0,1]", "X": 1}, { "VarName": "x[1,0,2,0]", "X": 1}, { "VarName": "x[1,0,3,0]", "X": 1}, { "VarName": "x[1,0,3,2]", "X": 1}, { "VarName": "x[1,0,4,1]", "X": 1}, { "VarName": "x[1,0,4,2]", "X": 1}, { "VarName": "x[1,1,1,0]", "X": 1}, { "VarName": "x[1,1,1,2]", "X": 1}, { "VarName": "x[1,1,2,1]", "X": 1}, { "VarName": "x[1,2,1,0]", "X": 1}, { "VarName": "x[1,2,2,1]", "X": 1}, { "VarName": "x[2,0,3,2]", "X": 1}, { "VarName": "x[2,1,2,0]", "X": 1}, { "VarName": "x[2,2,2,0]", "X": 1}, { "VarName": "x[2,2,2,1]", "X": 1}, { "VarName": "x[3,0,3,2]", "X": 1}, { "VarName": "x[3,2,3,1]", "X": 1}, { "VarName": "x[4,0,5,1]", "X": 1}, { "VarName": "x[4,1,4,0]", "X": 1}, { "VarName": "x[4,2,4,0]", "X": 1}, { "VarName": "x[4,2,4,1]", "X": 1}, { "VarName": "x[5,1,5,0]", "X": 1}, { "VarName": "x[5,1,5,2]", "X": 1}, { "VarName": "x[5,2,5,0]", "X": 1}, { "VarName": "s[0,0,3]", "X": 1.0000000000000373e+01}, { "VarName": "s[0,1,4]", "X": 7.00000000000038}, { "VarName": "s[1,0,2]", "X": 1.4999999999999895e+01}, { "VarName": "s[1,1,1]", "X": 9}, { "VarName": "s[1,2,1]", "X": 1}, { "VarName": "s[2,0,2]", "X": 9.0000000000000231e+00}, { "VarName": "s[2,1,5]", "X": 4.6883654223305988e-13}, { "VarName": "s[2,2,0]", "X": 3.3338600538478227e+00}, { "VarName": "s[3,0,5]", "X": 7.0000000000004352e+00}, { "VarName": "s[3,1,3]", "X": 3.0000000000003242e+00}, { "VarName": "s[3,2,2]", "X": 1.0000000000003244e+00}, { "VarName": "s[4,0,5]", "X": 1.5000000000000353e+01}, { "VarName": "s[4,1,4]", "X": 6.5607437156119588e-13}, { "VarName": "s[4,2,6]", "X": 7}, { "VarName": "s[5,0,4]", "X": 1.9000000000001783e+01}, { "VarName": "s[5,1,0]", "X": 1.6796011944649432e+01}, { "VarName": "s[5,2,0]", "X": 1.0643880933875732e+01}, { "VarName": "Z_FO", "X": 19}, { "VarName": "C433", "X": 1}, { "VarName": "C436", "X": 1}, { "VarName": "C439", "X": 1}, { "VarName": "C443", "X": 1}, { "VarName": "C447", "X": 1}, { "VarName": "C449", "X": 1}]}