{ "SolutionInfo": { "Status": 9, "Runtime": 3.6004560000896454e+03, "Work": 1.9581236492517817e+02, "ObjVal": 29, "ObjBound": 26, "ObjBoundC": 26, "MIPGap": 1.0344827586206896e-01, "IntVio": 0, "BoundVio": 0, "ConstrVio": 4.6566128730773926e-09, "IterCount": 45023, "BarIterCount": 0, "NodeCount": 22758083, "SolCount": 8, "PoolObjBound": 26, "PoolObjVal": [ 29, 31, 33, 41, 50, 52, 74, 75]}, "Vars": [ { "VarName": "y[0,0,4]", "X": 1}, { "VarName": "y[0,1,0]", "X": 1}, { "VarName": "y[0,2,3]", "X": 1}, { "VarName": "y[1,0,3]", "X": 1}, { "VarName": "y[1,1,3]", "X": 1}, { "VarName": "y[1,2,1]", "X": 1}, { "VarName": "y[2,0,1]", "X": 1}, { "VarName": "y[2,1,2]", "X": 1}, { "VarName": "y[2,2,0]", "X": 1}, { "VarName": "y[3,0,4]", "X": 1}, { "VarName": "y[3,1,2]", "X": 1}, { "VarName": "y[3,2,0]", "X": 1}, { "VarName": "x[0,0,2,0]", "X": 1}, { "VarName": "x[0,0,3,0]", "X": 1}, { "VarName": "x[0,1,2,1]", "X": 1}, { "VarName": "x[0,1,2,2]", "X": 1}, { "VarName": "x[0,1,3,1]", "X": 1}, { "VarName": "x[0,1,3,2]", "X": 1}, { "VarName": "x[0,2,0,0]", "X": 1}, { "VarName": "x[0,2,1,0]", "X": 1}, { "VarName": "x[0,2,1,1]", "X": 1}, { "VarName": "x[0,2,3,0]", "X": 1}, { "VarName": "x[1,0,1,1]", "X": 1}, { "VarName": "x[1,0,2,1]", "X": 1}, { "VarName": "x[1,0,2,2]", "X": 1}, { "VarName": "x[1,0,3,1]", "X": 1}, { "VarName": "x[1,0,3,2]", "X": 1}, { "VarName": "x[1,1,2,1]", "X": 1}, { "VarName": "x[1,1,3,2]", "X": 1}, { "VarName": "x[1,2,3,0]", "X": 1}, { "VarName": "x[2,0,3,0]", "X": 1}, { "VarName": "x[2,1,3,1]", "X": 1}, { "VarName": "x[2,1,3,2]", "X": 1}, { "VarName": "x[2,2,2,1]", "X": 1}, { "VarName": "x[2,2,3,2]", "X": 1}, { "VarName": "s[0,0,4]", "X": 2.6999999993924455e+01}, { "VarName": "s[0,1,0]", "X": 2.2999999993924494e+01}, { "VarName": "s[0,2,3]", "X": 1.9999999993226862e+01}, { "VarName": "s[1,0,3]", "X": 8.9999999976716936e+00}, { "VarName": "s[1,1,3]", "X": 9.9999999999998579e-01}, { "VarName": "s[2,0,1]", "X": 1.3999999997468414e+01}, { "VarName": "s[2,1,2]", "X": 7.9999999974684517e+00}, { "VarName": "s[2,2,0]", "X": 1.0999999997468453e+01}, { "VarName": "s[3,0,4]", "X": 5.9999999999997087e+00}, { "VarName": "s[3,1,2]", "X": 2.9999999999999858e+00}, { "VarName": "s[3,2,0]", "X": 1.9999999999998863e+00}, { "VarName": "Z_FO", "X": 29}, { "VarName": "C194", "X": 1}, { "VarName": "C197", "X": 1}, { "VarName": "C200", "X": 1}]}