{ "SolutionInfo": { "Status": 9, "Runtime": 3.6002450001239777e+03, "Work": 2.2733620400712553e+03, "ObjVal": 215, "ObjBound": 90, "ObjBoundC": 8.9023989486753123e+01, "MIPGap": 5.8139534883720934e-01, "IntVio": 0, "BoundVio": 0, "ConstrVio": 6.8212102632969618e-13, "IterCount": 95776891, "BarIterCount": 0, "NodeCount": 1094811, "SolCount": 10, "PoolObjBound": 90, "PoolObjVal": [ 215, 217, 224, 226, 227, 231, 232, 233, 235, 236]}, "Vars": [ { "VarName": "y[0,0,4]", "X": 1}, { "VarName": "y[0,1,6]", "X": 1}, { "VarName": "y[0,2,2]", "X": 1}, { "VarName": "y[0,3,6]", "X": 1}, { "VarName": "y[1,0,1]", "X": 1}, { "VarName": "y[1,1,5]", "X": 1}, { "VarName": "y[1,2,6]", "X": 1}, { "VarName": "y[1,3,0]", "X": 1}, { "VarName": "y[2,0,3]", "X": 1}, { "VarName": "y[2,1,4]", "X": 1}, { "VarName": "y[2,2,3]", "X": 1}, { "VarName": "y[2,3,2]", "X": 1}, { "VarName": "y[3,0,0]", "X": 1}, { "VarName": "y[3,1,5]", "X": 1}, { "VarName": "y[3,2,6]", "X": 1}, { "VarName": "y[3,3,4]", "X": 1}, { "VarName": "y[4,0,5]", "X": 1}, { "VarName": "y[4,1,0]", "X": 1}, { "VarName": "y[4,2,1]", "X": 1}, { "VarName": "y[4,3,1]", "X": 1}, { "VarName": "y[5,0,3]", "X": 1}, { "VarName": "y[5,1,3]", "X": 1}, { "VarName": "y[5,2,0]", "X": 1}, { "VarName": "y[5,3,0]", "X": 1}, { "VarName": "y[6,0,2]", "X": 1}, { "VarName": "y[6,1,1]", "X": 1}, { "VarName": "y[6,2,4]", "X": 1}, { "VarName": "y[6,3,3]", "X": 1}, { "VarName": "y[7,0,2]", "X": 1}, { "VarName": "y[7,1,5]", "X": 1}, { "VarName": "y[7,2,0]", "X": 1}, { "VarName": "y[7,3,4]", "X": 1}, { "VarName": "x[0,0,0,1]", "X": 1}, { "VarName": "x[0,0,0,2]", "X": 1}, { "VarName": "x[0,0,0,3]", "X": 1}, { "VarName": "x[0,0,1,2]", "X": 1}, { "VarName": "x[0,0,2,1]", "X": 1}, { "VarName": "x[0,0,2,2]", "X": 1}, { "VarName": "x[0,0,3,3]", "X": 1}, { "VarName": "x[0,0,4,3]", "X": 1}, { "VarName": "x[0,0,5,0]", "X": 1}, { "VarName": "x[0,0,6,1]", "X": 1}, { "VarName": "x[0,0,6,2]", "X": 1}, { "VarName": "x[0,0,7,3]", "X": 1}, { "VarName": "x[0,1,0,3]", "X": 1}, { "VarName": "x[0,1,1,0]", "X": 1}, { "VarName": "x[0,1,1,2]", "X": 1}, { "VarName": "x[0,1,2,0]", "X": 1}, { "VarName": "x[0,1,3,0]", "X": 1}, { "VarName": "x[0,1,3,2]", "X": 1}, { "VarName": "x[0,1,4,3]", "X": 1}, { "VarName": "x[0,1,6,3]", "X": 1}, { "VarName": "x[0,1,7,0]", "X": 1}, { "VarName": "x[0,1,7,1]", "X": 1}, { "VarName": "x[0,2,0,1]", "X": 1}, { "VarName": "x[0,2,1,1]", "X": 1}, { "VarName": "x[0,2,1,2]", "X": 1}, { "VarName": "x[0,2,1,3]", "X": 1}, { "VarName": "x[0,2,2,0]", "X": 1}, { "VarName": "x[0,2,2,3]", "X": 1}, { "VarName": "x[0,2,4,2]", "X": 1}, { "VarName": "x[0,2,4,3]", "X": 1}, { "VarName": "x[0,2,5,0]", "X": 1}, { "VarName": "x[0,2,5,3]", "X": 1}, { "VarName": "x[0,2,6,0]", "X": 1}, { "VarName": "x[0,2,6,3]", "X": 1}, { "VarName": "x[0,2,7,1]", "X": 1}, { "VarName": "x[0,2,7,2]", "X": 1}, { "VarName": "x[0,2,7,3]", "X": 1}, { "VarName": "x[0,3,0,2]", "X": 1}, { "VarName": "x[0,3,1,1]", "X": 1}, { "VarName": "x[0,3,1,2]", "X": 1}, { "VarName": "x[0,3,4,0]", "X": 1}, { "VarName": "x[0,3,7,3]", "X": 1}, { "VarName": "x[1,0,2,2]", "X": 1}, { "VarName": "x[1,0,3,1]", "X": 1}, { "VarName": "x[1,0,3,2]", "X": 1}, { "VarName": "x[1,0,4,0]", "X": 1}, { "VarName": "x[1,0,4,2]", "X": 1}, { "VarName": "x[1,0,4,3]", "X": 1}, { "VarName": "x[1,0,6,1]", "X": 1}, { "VarName": "x[1,1,1,0]", "X": 1}, { "VarName": "x[1,1,2,2]", "X": 1}, { "VarName": "x[1,1,2,3]", "X": 1}, { "VarName": "x[1,1,3,0]", "X": 1}, { "VarName": "x[1,1,3,3]", "X": 1}, { "VarName": "x[1,1,4,1]", "X": 1}, { "VarName": "x[1,1,5,0]", "X": 1}, { "VarName": "x[1,1,5,2]", "X": 1}, { "VarName": "x[1,1,6,0]", "X": 1}, { "VarName": "x[1,1,7,2]", "X": 1}, { "VarName": "x[1,2,1,0]", "X": 1}, { "VarName": "x[1,2,1,1]", "X": 1}, { "VarName": "x[1,2,2,1]", "X": 1}, { "VarName": "x[1,2,2,2]", "X": 1}, { "VarName": "x[1,2,3,1]", "X": 1}, { "VarName": "x[1,2,6,0]", "X": 1}, { "VarName": "x[1,2,6,1]", "X": 1}, { "VarName": "x[1,2,7,1]", "X": 1}, { "VarName": "x[1,3,1,0]", "X": 1}, { "VarName": "x[1,3,1,1]", "X": 1}, { "VarName": "x[1,3,2,1]", "X": 1}, { "VarName": "x[1,3,3,2]", "X": 1}, { "VarName": "x[1,3,4,1]", "X": 1}, { "VarName": "x[1,3,6,1]", "X": 1}, { "VarName": "x[1,3,7,2]", "X": 1}, { "VarName": "x[1,3,7,3]", "X": 1}, { "VarName": "x[2,0,2,2]", "X": 1}, { "VarName": "x[2,0,2,3]", "X": 1}, { "VarName": "x[2,0,3,1]", "X": 1}, { "VarName": "x[2,0,3,3]", "X": 1}, { "VarName": "x[2,0,6,2]", "X": 1}, { "VarName": "x[2,0,6,3]", "X": 1}, { "VarName": "x[2,0,7,3]", "X": 1}, { "VarName": "x[2,1,3,0]", "X": 1}, { "VarName": "x[2,1,3,1]", "X": 1}, { "VarName": "x[2,1,3,3]", "X": 1}, { "VarName": "x[2,1,6,1]", "X": 1}, { "VarName": "x[2,1,6,2]", "X": 1}, { "VarName": "x[2,2,2,1]", "X": 1}, { "VarName": "x[2,2,4,1]", "X": 1}, { "VarName": "x[2,2,4,2]", "X": 1}, { "VarName": "x[2,2,6,1]", "X": 1}, { "VarName": "x[2,2,6,3]", "X": 1}, { "VarName": "x[2,2,7,3]", "X": 1}, { "VarName": "x[2,3,2,1]", "X": 1}, { "VarName": "x[2,3,2,2]", "X": 1}, { "VarName": "x[2,3,3,2]", "X": 1}, { "VarName": "x[2,3,3,3]", "X": 1}, { "VarName": "x[2,3,4,2]", "X": 1}, { "VarName": "x[2,3,5,2]", "X": 1}, { "VarName": "x[2,3,6,1]", "X": 1}, { "VarName": "x[2,3,7,1]", "X": 1}, { "VarName": "x[2,3,7,2]", "X": 1}, { "VarName": "x[3,0,3,3]", "X": 1}, { "VarName": "x[3,0,4,1]", "X": 1}, { "VarName": "x[3,0,5,0]", "X": 1}, { "VarName": "x[3,0,6,1]", "X": 1}, { "VarName": "x[3,0,6,3]", "X": 1}, { "VarName": "x[3,0,7,2]", "X": 1}, { "VarName": "x[3,1,3,0]", "X": 1}, { "VarName": "x[3,1,3,2]", "X": 1}, { "VarName": "x[3,1,4,2]", "X": 1}, { "VarName": "x[3,1,6,2]", "X": 1}, { "VarName": "x[3,1,7,3]", "X": 1}, { "VarName": "x[3,2,3,0]", "X": 1}, { "VarName": "x[3,2,4,2]", "X": 1}, { "VarName": "x[3,2,6,1]", "X": 1}, { "VarName": "x[3,2,6,3]", "X": 1}, { "VarName": "x[3,3,3,1]", "X": 1}, { "VarName": "x[3,3,5,0]", "X": 1}, { "VarName": "x[3,3,5,1]", "X": 1}, { "VarName": "x[3,3,6,0]", "X": 1}, { "VarName": "x[3,3,6,1]", "X": 1}, { "VarName": "x[3,3,6,2]", "X": 1}, { "VarName": "x[3,3,7,0]", "X": 1}, { "VarName": "x[4,0,6,1]", "X": 1}, { "VarName": "x[4,0,7,0]", "X": 1}, { "VarName": "x[4,0,7,2]", "X": 1}, { "VarName": "x[4,1,4,0]", "X": 1}, { "VarName": "x[4,1,4,3]", "X": 1}, { "VarName": "x[4,1,6,1]", "X": 1}, { "VarName": "x[4,1,6,3]", "X": 1}, { "VarName": "x[4,1,7,0]", "X": 1}, { "VarName": "x[4,1,7,1]", "X": 1}, { "VarName": "x[4,1,7,3]", "X": 1}, { "VarName": "x[4,2,4,0]", "X": 1}, { "VarName": "x[4,2,4,1]", "X": 1}, { "VarName": "x[4,2,4,3]", "X": 1}, { "VarName": "x[4,2,5,1]", "X": 1}, { "VarName": "x[4,2,6,1]", "X": 1}, { "VarName": "x[4,2,6,2]", "X": 1}, { "VarName": "x[4,2,7,0]", "X": 1}, { "VarName": "x[4,3,4,0]", "X": 1}, { "VarName": "x[4,3,5,1]", "X": 1}, { "VarName": "x[4,3,6,2]", "X": 1}, { "VarName": "x[4,3,7,3]", "X": 1}, { "VarName": "x[5,0,5,1]", "X": 1}, { "VarName": "x[5,0,5,2]", "X": 1}, { "VarName": "x[5,0,5,3]", "X": 1}, { "VarName": "x[5,0,6,3]", "X": 1}, { "VarName": "x[5,1,5,3]", "X": 1}, { "VarName": "x[5,1,6,2]", "X": 1}, { "VarName": "x[5,1,6,3]", "X": 1}, { "VarName": "x[5,1,7,0]", "X": 1}, { "VarName": "x[5,2,5,1]", "X": 1}, { "VarName": "x[5,2,5,3]", "X": 1}, { "VarName": "x[5,2,6,2]", "X": 1}, { "VarName": "x[5,2,7,0]", "X": 1}, { "VarName": "x[5,2,7,2]", "X": 1}, { "VarName": "x[5,3,6,1]", "X": 1}, { "VarName": "x[5,3,7,0]", "X": 1}, { "VarName": "x[5,3,7,2]", "X": 1}, { "VarName": "x[5,3,7,3]", "X": 1}, { "VarName": "x[6,0,6,1]", "X": 1}, { "VarName": "x[6,1,6,2]", "X": 1}, { "VarName": "x[6,2,6,0]", "X": 1}, { "VarName": "x[6,2,7,1]", "X": 1}, { "VarName": "x[6,3,6,0]", "X": 1}, { "VarName": "x[6,3,6,1]", "X": 1}, { "VarName": "x[6,3,6,2]", "X": 1}, { "VarName": "x[6,3,7,0]", "X": 1}, { "VarName": "x[6,3,7,3]", "X": 1}, { "VarName": "x[7,0,7,2]", "X": 1}, { "VarName": "x[7,0,7,3]", "X": 1}, { "VarName": "x[7,1,7,0]", "X": 1}, { "VarName": "x[7,2,7,1]", "X": 1}, { "VarName": "x[7,3,7,1]", "X": 1}, { "VarName": "s[0,0,4]", "X": 3.1999999999999950e+01}, { "VarName": "s[0,1,6]", "X": 2.8999999999998266e+01}, { "VarName": "s[0,2,2]", "X": 2.0999999999995872e+01}, { "VarName": "s[0,3,6]", "X": 7.9999999999997478e+00}, { "VarName": "s[1,0,1]", "X": 1.9999999999999687e+01}, { "VarName": "s[1,1,5]", "X": 3}, { "VarName": "s[1,2,6]", "X": 2.9999999999998863e+00}, { "VarName": "s[1,3,0]", "X": 1.7999999999999687e+01}, { "VarName": "s[2,0,3]", "X": 1.9999999999999979e+01}, { "VarName": "s[2,1,4]", "X": 1.5999999999999980e+01}, { "VarName": "s[2,2,3]", "X": 7.9999999999993179e+00}, { "VarName": "s[2,3,2]", "X": 1}, { "VarName": "s[3,0,0]", "X": 2.1999999999999687e+01}, { "VarName": "s[3,1,5]", "X": 9.9999999999996589e+00}, { "VarName": "s[3,2,6]", "X": 1.6999999999999176e+01}, { "VarName": "s[3,3,4]", "X": 8}, { "VarName": "s[4,0,5]", "X": 1.7999999999999659e+01}, { "VarName": "s[4,1,0]", "X": 2.9999999999998863e+00}, { "VarName": "s[4,2,1]", "X": 1.2999999999995296e+01}, { "VarName": "s[4,3,1]", "X": 9.9999999999988631e-01}, { "VarName": "s[5,0,3]", "X": 4.1999999999999687e+01}, { "VarName": "s[5,1,3]", "X": 3.1999999999998010e+01}, { "VarName": "s[5,2,0]", "X": 3.9999999999999687e+01}, { "VarName": "s[5,3,0]", "X": 2.7999999999998522e+01}, { "VarName": "s[6,0,2]", "X": 8.9999999999993179e+00}, { "VarName": "s[6,1,1]", "X": 7}, { "VarName": "s[6,2,4]", "X": 9.9999999999988631e-01}, { "VarName": "s[6,3,3]", "X": 1.9999999999998863e+00}, { "VarName": "s[7,0,2]", "X": 2.6999999999999979e+01}, { "VarName": "s[7,1,5]", "X": 2.2999999999999659e+01}, { "VarName": "s[7,2,0]", "X": 7.9999999999996874e+00}, { "VarName": "s[7,3,4]", "X": 2.4999999999999979e+01}, { "VarName": "Z_FO", "X": 215}]}