{ "SolutionInfo": { "Status": 9, "Runtime": 3.6001619999408722e+03, "Work": 4.9417396169046566e+02, "ObjVal": 97, "ObjBound": 3, "ObjBoundC": 3, "MIPGap": 9.6907216494845361e-01, "IntVio": 0, "BoundVio": 0, "ConstrVio": 3.7658764995285310e-12, "IterCount": 82897034, "BarIterCount": 0, "NodeCount": 6402419, "SolCount": 10, "PoolObjBound": 3, "PoolObjVal": [ 97, 98, 99, 100, 101, 102, 104, 106, 107, 108]}, "Vars": [ { "VarName": "y[0,0,5]", "X": 1}, { "VarName": "y[0,1,2]", "X": 1}, { "VarName": "y[0,2,3]", "X": 1}, { "VarName": "y[0,3,4]", "X": 1}, { "VarName": "y[1,0,6]", "X": 1}, { "VarName": "y[1,1,1]", "X": 1}, { "VarName": "y[1,2,4]", "X": 1}, { "VarName": "y[1,3,1]", "X": 1}, { "VarName": "y[2,0,2]", "X": 1}, { "VarName": "y[2,1,5]", "X": 1}, { "VarName": "y[2,2,0]", "X": 1}, { "VarName": "y[2,3,2]", "X": 1}, { "VarName": "y[3,0,1]", "X": 1}, { "VarName": "y[3,1,4]", "X": 1}, { "VarName": "y[3,2,2]", "X": 1}, { "VarName": "y[3,3,6]", "X": 1}, { "VarName": "y[4,0,5]", "X": 1}, { "VarName": "y[4,1,0]", "X": 1}, { "VarName": "y[4,2,3]", "X": 1}, { "VarName": "y[4,3,5]", "X": 1}, { "VarName": "y[5,0,0]", "X": 1}, { "VarName": "y[5,1,4]", "X": 1}, { "VarName": "y[5,2,6]", "X": 1}, { "VarName": "y[5,3,3]", "X": 1}, { "VarName": "y[6,0,2]", "X": 1}, { "VarName": "y[6,1,0]", "X": 1}, { "VarName": "y[6,2,5]", "X": 1}, { "VarName": "y[6,3,6]", "X": 1}, { "VarName": "y[7,0,1]", "X": 1}, { "VarName": "y[7,1,3]", "X": 1}, { "VarName": "y[7,2,3]", "X": 1}, { "VarName": "y[7,3,4]", "X": 1}, { "VarName": "x[0,0,4,0]", "X": 1}, { "VarName": "x[0,0,4,3]", "X": 1}, { "VarName": "x[0,1,1,2]", "X": 1}, { "VarName": "x[0,1,2,3]", "X": 1}, { "VarName": "x[0,1,3,2]", "X": 1}, { "VarName": "x[0,2,0,0]", "X": 1}, { "VarName": "x[0,2,0,1]", "X": 1}, { "VarName": "x[0,2,0,3]", "X": 1}, { "VarName": "x[0,2,4,2]", "X": 1}, { "VarName": "x[0,3,0,0]", "X": 1}, { "VarName": "x[0,3,0,1]", "X": 1}, { "VarName": "x[1,0,1,2]", "X": 1}, { "VarName": "x[1,0,3,3]", "X": 1}, { "VarName": "x[1,0,5,2]", "X": 1}, { "VarName": "x[1,1,1,0]", "X": 1}, { "VarName": "x[1,1,1,3]", "X": 1}, { "VarName": "x[1,1,3,0]", "X": 1}, { "VarName": "x[1,2,1,1]", "X": 1}, { "VarName": "x[1,2,3,1]", "X": 1}, { "VarName": "x[1,3,1,0]", "X": 1}, { "VarName": "x[1,3,1,2]", "X": 1}, { "VarName": "x[2,0,2,1]", "X": 1}, { "VarName": "x[2,0,2,3]", "X": 1}, { "VarName": "x[2,0,3,2]", "X": 1}, { "VarName": "x[2,1,4,0]", "X": 1}, { "VarName": "x[2,1,4,3]", "X": 1}, { "VarName": "x[2,2,2,0]", "X": 1}, { "VarName": "x[2,2,4,1]", "X": 1}, { "VarName": "x[2,2,6,2]", "X": 1}, { "VarName": "x[2,3,2,1]", "X": 1}, { "VarName": "x[2,3,2,2]", "X": 1}, { "VarName": "x[2,3,3,2]", "X": 1}, { "VarName": "x[3,1,3,0]", "X": 1}, { "VarName": "x[3,2,3,0]", "X": 1}, { "VarName": "x[3,2,3,1]", "X": 1}, { "VarName": "x[3,3,3,0]", "X": 1}, { "VarName": "x[3,3,3,1]", "X": 1}, { "VarName": "x[3,3,3,2]", "X": 1}, { "VarName": "x[4,0,4,3]", "X": 1}, { "VarName": "x[4,1,4,0]", "X": 1}, { "VarName": "x[4,2,4,0]", "X": 1}, { "VarName": "x[4,3,4,1]", "X": 1}, { "VarName": "x[4,3,4,2]", "X": 1}, { "VarName": "x[5,1,5,0]", "X": 1}, { "VarName": "x[5,1,6,3]", "X": 1}, { "VarName": "x[5,2,5,0]", "X": 1}, { "VarName": "x[5,2,5,1]", "X": 1}, { "VarName": "x[5,2,7,3]", "X": 1}, { "VarName": "x[5,3,5,0]", "X": 1}, { "VarName": "x[5,3,5,1]", "X": 1}, { "VarName": "x[6,0,6,3]", "X": 1}, { "VarName": "x[6,1,6,0]", "X": 1}, { "VarName": "x[6,1,6,2]", "X": 1}, { "VarName": "x[6,2,6,0]", "X": 1}, { "VarName": "x[6,3,6,1]", "X": 1}, { "VarName": "x[6,3,6,2]", "X": 1}, { "VarName": "x[7,0,7,3]", "X": 1}, { "VarName": "x[7,1,7,0]", "X": 1}, { "VarName": "x[7,1,7,2]", "X": 1}, { "VarName": "x[7,1,7,3]", "X": 1}, { "VarName": "x[7,2,7,0]", "X": 1}, { "VarName": "x[7,3,7,2]", "X": 1}, { "VarName": "s[0,0,5]", "X": 1.5999999999999176e+01}, { "VarName": "s[0,1,2]", "X": 1.3999999999999730e+01}, { "VarName": "s[0,2,3]", "X": 8.9999999999999432e+00}, { "VarName": "s[0,3,4]", "X": 1.9999999999999432e+00}, { "VarName": "s[1,0,6]", "X": 18}, { "VarName": "s[1,1,1]", "X": 15}, { "VarName": "s[1,2,4]", "X": 1.3999999999999659e+01}, { "VarName": "s[1,3,1]", "X": 1}, { "VarName": "s[2,0,2]", "X": 2.5999999999999261e+01}, { "VarName": "s[2,1,5]", "X": 2.2000000000000313e+01}, { "VarName": "s[2,2,0]", "X": 1.7999999999999375e+01}, { "VarName": "s[2,3,2]", "X": 6.9999999999999432e+00}, { "VarName": "s[3,0,1]", "X": 11}, { "VarName": "s[3,1,4]", "X": 5.9999999999996589e+00}, { "VarName": "s[3,2,2]", "X": 1.9999999999999432e+00}, { "VarName": "s[3,3,6]", "X": 1}, { "VarName": "s[4,0,5]", "X": 5.9999999999993747e+00}, { "VarName": "s[4,1,0]", "X": 2.9999999999993747e+00}, { "VarName": "s[4,2,3]", "X": 2.9999999999999432e+00}, { "VarName": "s[4,3,5]", "X": 9.9999999999994316e-01}, { "VarName": "s[5,0,0]", "X": 2.4999999999999375e+01}, { "VarName": "s[5,1,4]", "X": 2.1999999999999659e+01}, { "VarName": "s[5,2,6]", "X": 9}, { "VarName": "s[5,3,3]", "X": 1.9999999999999943e+01}, { "VarName": "s[6,0,2]", "X": 4.3000000000004079e+01}, { "VarName": "s[6,1,0]", "X": 4.0000000000004079e+01}, { "VarName": "s[6,2,0]", "X": 3.7658764995285310e-12}, { "VarName": "s[6,2,5]", "X": 4.0000000000000313e+01}, { "VarName": "s[6,3,6]", "X": 30}, { "VarName": "s[7,0,1]", "X": 3.6999999999999886e+01}, { "VarName": "s[7,1,3]", "X": 3.4999999999999886e+01}, { "VarName": "s[7,2,3]", "X": 2.8999999999999943e+01}, { "VarName": "s[7,3,1]", "X": 2.8563817977556027e-12}, { "VarName": "s[7,3,4]", "X": 2.9999999999999659e+01}, { "VarName": "Z_FO", "X": 97}, { "VarName": "C1218", "X": 1}, { "VarName": "C1222", "X": 1}, { "VarName": "C1224", "X": 1}, { "VarName": "C1226", "X": 1}, { "VarName": "C1231", "X": 1}, { "VarName": "C1232", "X": 1}, { "VarName": "C1235", "X": 1}, { "VarName": "C1238", "X": 1}]}