{ "SolutionInfo": { "Status": 9, "Runtime": 3.6006039998531342e+03, "Work": 2.3402165792505780e+03, "ObjVal": 233, "ObjBound": 93, "ObjBoundC": 93, "MIPGap": 6.0085836909871249e-01, "IntVio": 0, "BoundVio": 0, "ConstrVio": 1.1279865930191590e-13, "IterCount": 86822834, "BarIterCount": 0, "NodeCount": 828105, "SolCount": 10, "PoolObjBound": 93, "PoolObjVal": [ 233, 234, 236, 237, 238, 239, 241, 242, 245, 246]}, "Vars": [ { "VarName": "y[0,0,1]", "X": 1}, { "VarName": "y[0,1,1]", "X": 1}, { "VarName": "y[0,2,2]", "X": 1}, { "VarName": "y[0,3,7]", "X": 1}, { "VarName": "y[1,0,1]", "X": 1}, { "VarName": "y[1,1,5]", "X": 1}, { "VarName": "y[1,2,2]", "X": 1}, { "VarName": "y[1,3,4]", "X": 1}, { "VarName": "y[2,0,3]", "X": 1}, { "VarName": "y[2,1,4]", "X": 1}, { "VarName": "y[2,2,7]", "X": 1}, { "VarName": "y[2,3,0]", "X": 1}, { "VarName": "y[3,0,6]", "X": 1}, { "VarName": "y[3,1,3]", "X": 1}, { "VarName": "y[3,2,5]", "X": 1}, { "VarName": "y[3,3,5]", "X": 1}, { "VarName": "y[4,0,1]", "X": 1}, { "VarName": "y[4,1,3]", "X": 1}, { "VarName": "y[4,2,0]", "X": 1}, { "VarName": "y[4,3,5]", "X": 1}, { "VarName": "y[5,0,4]", "X": 1}, { "VarName": "y[5,1,4]", "X": 1}, { "VarName": "y[5,2,5]", "X": 1}, { "VarName": "y[5,3,6]", "X": 1}, { "VarName": "y[6,0,0]", "X": 1}, { "VarName": "y[6,1,2]", "X": 1}, { "VarName": "y[6,2,3]", "X": 1}, { "VarName": "y[6,3,6]", "X": 1}, { "VarName": "y[7,0,0]", "X": 1}, { "VarName": "y[7,1,3]", "X": 1}, { "VarName": "y[7,2,1]", "X": 1}, { "VarName": "y[7,3,6]", "X": 1}, { "VarName": "y[8,0,6]", "X": 1}, { "VarName": "y[8,1,7]", "X": 1}, { "VarName": "y[8,2,4]", "X": 1}, { "VarName": "y[8,3,2]", "X": 1}, { "VarName": "x[0,0,0,1]", "X": 1}, { "VarName": "x[0,0,1,0]", "X": 1}, { "VarName": "x[0,0,2,1]", "X": 1}, { "VarName": "x[0,0,3,0]", "X": 1}, { "VarName": "x[0,0,3,3]", "X": 1}, { "VarName": "x[0,0,4,0]", "X": 1}, { "VarName": "x[0,0,4,3]", "X": 1}, { "VarName": "x[0,0,5,1]", "X": 1}, { "VarName": "x[0,0,5,2]", "X": 1}, { "VarName": "x[0,0,7,0]", "X": 1}, { "VarName": "x[0,0,7,1]", "X": 1}, { "VarName": "x[0,0,8,0]", "X": 1}, { "VarName": "x[0,0,8,2]", "X": 1}, { "VarName": "x[0,1,1,2]", "X": 1}, { "VarName": "x[0,1,2,2]", "X": 1}, { "VarName": "x[0,1,2,3]", "X": 1}, { "VarName": "x[0,1,3,0]", "X": 1}, { "VarName": "x[0,1,3,2]", "X": 1}, { "VarName": "x[0,1,4,1]", "X": 1}, { "VarName": "x[0,1,6,1]", "X": 1}, { "VarName": "x[0,1,8,1]", "X": 1}, { "VarName": "x[0,1,8,3]", "X": 1}, { "VarName": "x[0,2,0,0]", "X": 1}, { "VarName": "x[0,2,0,1]", "X": 1}, { "VarName": "x[0,2,1,0]", "X": 1}, { "VarName": "x[0,2,1,2]", "X": 1}, { "VarName": "x[0,2,4,1]", "X": 1}, { "VarName": "x[0,2,6,1]", "X": 1}, { "VarName": "x[0,2,6,2]", "X": 1}, { "VarName": "x[0,2,7,0]", "X": 1}, { "VarName": "x[0,2,7,2]", "X": 1}, { "VarName": "x[0,2,8,2]", "X": 1}, { "VarName": "x[0,2,8,3]", "X": 1}, { "VarName": "x[0,3,0,1]", "X": 1}, { "VarName": "x[0,3,0,2]", "X": 1}, { "VarName": "x[0,3,1,2]", "X": 1}, { "VarName": "x[0,3,2,1]", "X": 1}, { "VarName": "x[0,3,2,2]", "X": 1}, { "VarName": "x[0,3,2,3]", "X": 1}, { "VarName": "x[0,3,3,1]", "X": 1}, { "VarName": "x[0,3,3,2]", "X": 1}, { "VarName": "x[0,3,3,3]", "X": 1}, { "VarName": "x[0,3,4,2]", "X": 1}, { "VarName": "x[0,3,6,1]", "X": 1}, { "VarName": "x[0,3,7,3]", "X": 1}, { "VarName": "x[0,3,8,0]", "X": 1}, { "VarName": "x[0,3,8,1]", "X": 1}, { "VarName": "x[0,3,8,3]", "X": 1}, { "VarName": "x[1,0,3,2]", "X": 1}, { "VarName": "x[1,0,4,3]", "X": 1}, { "VarName": "x[1,0,5,0]", "X": 1}, { "VarName": "x[1,0,5,3]", "X": 1}, { "VarName": "x[1,0,6,3]", "X": 1}, { "VarName": "x[1,0,8,1]", "X": 1}, { "VarName": "x[1,1,1,0]", "X": 1}, { "VarName": "x[1,1,1,2]", "X": 1}, { "VarName": "x[1,1,2,0]", "X": 1}, { "VarName": "x[1,1,2,1]", "X": 1}, { "VarName": "x[1,1,4,1]", "X": 1}, { "VarName": "x[1,1,6,1]", "X": 1}, { "VarName": "x[1,1,7,1]", "X": 1}, { "VarName": "x[1,1,8,1]", "X": 1}, { "VarName": "x[1,2,1,0]", "X": 1}, { "VarName": "x[1,2,2,0]", "X": 1}, { "VarName": "x[1,2,4,0]", "X": 1}, { "VarName": "x[1,2,4,3]", "X": 1}, { "VarName": "x[1,2,6,0]", "X": 1}, { "VarName": "x[1,2,7,2]", "X": 1}, { "VarName": "x[1,2,8,2]", "X": 1}, { "VarName": "x[1,2,8,3]", "X": 1}, { "VarName": "x[1,3,1,0]", "X": 1}, { "VarName": "x[1,3,1,1]", "X": 1}, { "VarName": "x[1,3,3,0]", "X": 1}, { "VarName": "x[1,3,3,2]", "X": 1}, { "VarName": "x[1,3,4,3]", "X": 1}, { "VarName": "x[1,3,7,2]", "X": 1}, { "VarName": "x[1,3,8,1]", "X": 1}, { "VarName": "x[1,3,8,3]", "X": 1}, { "VarName": "x[2,0,4,1]", "X": 1}, { "VarName": "x[2,0,4,2]", "X": 1}, { "VarName": "x[2,0,6,1]", "X": 1}, { "VarName": "x[2,0,6,2]", "X": 1}, { "VarName": "x[2,0,7,0]", "X": 1}, { "VarName": "x[2,0,8,3]", "X": 1}, { "VarName": "x[2,1,2,0]", "X": 1}, { "VarName": "x[2,1,2,3]", "X": 1}, { "VarName": "x[2,1,3,2]", "X": 1}, { "VarName": "x[2,1,4,0]", "X": 1}, { "VarName": "x[2,1,5,2]", "X": 1}, { "VarName": "x[2,1,6,1]", "X": 1}, { "VarName": "x[2,1,6,3]", "X": 1}, { "VarName": "x[2,1,7,0]", "X": 1}, { "VarName": "x[2,1,7,3]", "X": 1}, { "VarName": "x[2,1,8,2]", "X": 1}, { "VarName": "x[2,2,2,0]", "X": 1}, { "VarName": "x[2,2,2,1]", "X": 1}, { "VarName": "x[2,2,2,3]", "X": 1}, { "VarName": "x[2,2,4,2]", "X": 1}, { "VarName": "x[2,2,5,0]", "X": 1}, { "VarName": "x[2,2,6,0]", "X": 1}, { "VarName": "x[2,2,6,1]", "X": 1}, { "VarName": "x[2,2,8,0]", "X": 1}, { "VarName": "x[2,2,8,1]", "X": 1}, { "VarName": "x[2,2,8,2]", "X": 1}, { "VarName": "x[2,2,8,3]", "X": 1}, { "VarName": "x[2,3,2,0]", "X": 1}, { "VarName": "x[2,3,3,0]", "X": 1}, { "VarName": "x[2,3,3,1]", "X": 1}, { "VarName": "x[2,3,4,2]", "X": 1}, { "VarName": "x[2,3,4,3]", "X": 1}, { "VarName": "x[2,3,5,2]", "X": 1}, { "VarName": "x[2,3,7,1]", "X": 1}, { "VarName": "x[2,3,8,1]", "X": 1}, { "VarName": "x[3,0,4,3]", "X": 1}, { "VarName": "x[3,0,5,1]", "X": 1}, { "VarName": "x[3,0,5,3]", "X": 1}, { "VarName": "x[3,0,6,3]", "X": 1}, { "VarName": "x[3,0,7,2]", "X": 1}, { "VarName": "x[3,0,8,0]", "X": 1}, { "VarName": "x[3,1,3,3]", "X": 1}, { "VarName": "x[3,1,4,0]", "X": 1}, { "VarName": "x[3,1,4,1]", "X": 1}, { "VarName": "x[3,1,5,2]", "X": 1}, { "VarName": "x[3,1,6,0]", "X": 1}, { "VarName": "x[3,1,6,1]", "X": 1}, { "VarName": "x[3,1,6,2]", "X": 1}, { "VarName": "x[3,1,8,2]", "X": 1}, { "VarName": "x[3,2,3,0]", "X": 1}, { "VarName": "x[3,2,3,3]", "X": 1}, { "VarName": "x[3,2,4,3]", "X": 1}, { "VarName": "x[3,2,5,0]", "X": 1}, { "VarName": "x[3,2,5,2]", "X": 1}, { "VarName": "x[3,2,7,2]", "X": 1}, { "VarName": "x[3,2,8,0]", "X": 1}, { "VarName": "x[3,3,3,0]", "X": 1}, { "VarName": "x[3,3,4,3]", "X": 1}, { "VarName": "x[3,3,5,1]", "X": 1}, { "VarName": "x[3,3,8,0]", "X": 1}, { "VarName": "x[3,3,8,2]", "X": 1}, { "VarName": "x[4,0,5,1]", "X": 1}, { "VarName": "x[4,0,6,1]", "X": 1}, { "VarName": "x[4,1,4,0]", "X": 1}, { "VarName": "x[4,1,6,1]", "X": 1}, { "VarName": "x[4,1,7,3]", "X": 1}, { "VarName": "x[4,1,8,0]", "X": 1}, { "VarName": "x[4,2,4,1]", "X": 1}, { "VarName": "x[4,2,5,2]", "X": 1}, { "VarName": "x[4,2,5,3]", "X": 1}, { "VarName": "x[4,2,6,3]", "X": 1}, { "VarName": "x[4,2,7,2]", "X": 1}, { "VarName": "x[4,2,8,0]", "X": 1}, { "VarName": "x[4,2,8,1]", "X": 1}, { "VarName": "x[4,2,8,3]", "X": 1}, { "VarName": "x[4,3,4,0]", "X": 1}, { "VarName": "x[4,3,4,1]", "X": 1}, { "VarName": "x[4,3,5,0]", "X": 1}, { "VarName": "x[4,3,5,1]", "X": 1}, { "VarName": "x[4,3,5,3]", "X": 1}, { "VarName": "x[4,3,8,1]", "X": 1}, { "VarName": "x[4,3,8,3]", "X": 1}, { "VarName": "x[5,0,5,1]", "X": 1}, { "VarName": "x[5,0,5,2]", "X": 1}, { "VarName": "x[5,0,6,0]", "X": 1}, { "VarName": "x[5,0,6,1]", "X": 1}, { "VarName": "x[5,0,6,2]", "X": 1}, { "VarName": "x[5,0,7,0]", "X": 1}, { "VarName": "x[5,0,7,1]", "X": 1}, { "VarName": "x[5,0,7,2]", "X": 1}, { "VarName": "x[5,0,7,3]", "X": 1}, { "VarName": "x[5,0,8,2]", "X": 1}, { "VarName": "x[5,1,7,0]", "X": 1}, { "VarName": "x[5,1,7,1]", "X": 1}, { "VarName": "x[5,1,7,2]", "X": 1}, { "VarName": "x[5,1,8,2]", "X": 1}, { "VarName": "x[5,2,5,1]", "X": 1}, { "VarName": "x[5,2,7,2]", "X": 1}, { "VarName": "x[5,2,7,3]", "X": 1}, { "VarName": "x[5,2,8,0]", "X": 1}, { "VarName": "x[5,2,8,1]", "X": 1}, { "VarName": "x[5,3,5,0]", "X": 1}, { "VarName": "x[5,3,5,1]", "X": 1}, { "VarName": "x[5,3,5,2]", "X": 1}, { "VarName": "x[5,3,6,0]", "X": 1}, { "VarName": "x[5,3,6,2]", "X": 1}, { "VarName": "x[5,3,6,3]", "X": 1}, { "VarName": "x[5,3,8,0]", "X": 1}, { "VarName": "x[5,3,8,1]", "X": 1}, { "VarName": "x[5,3,8,3]", "X": 1}, { "VarName": "x[6,0,6,2]", "X": 1}, { "VarName": "x[6,0,8,2]", "X": 1}, { "VarName": "x[6,1,6,0]", "X": 1}, { "VarName": "x[6,1,8,3]", "X": 1}, { "VarName": "x[6,2,6,1]", "X": 1}, { "VarName": "x[6,2,8,3]", "X": 1}, { "VarName": "x[6,3,6,0]", "X": 1}, { "VarName": "x[6,3,6,1]", "X": 1}, { "VarName": "x[6,3,6,2]", "X": 1}, { "VarName": "x[6,3,7,1]", "X": 1}, { "VarName": "x[6,3,7,2]", "X": 1}, { "VarName": "x[6,3,8,2]", "X": 1}, { "VarName": "x[7,0,7,1]", "X": 1}, { "VarName": "x[7,0,7,2]", "X": 1}, { "VarName": "x[7,1,8,1]", "X": 1}, { "VarName": "x[7,1,8,2]", "X": 1}, { "VarName": "x[7,1,8,3]", "X": 1}, { "VarName": "x[7,2,8,0]", "X": 1}, { "VarName": "x[7,3,7,0]", "X": 1}, { "VarName": "x[7,3,7,1]", "X": 1}, { "VarName": "x[7,3,8,0]", "X": 1}, { "VarName": "x[7,3,8,3]", "X": 1}, { "VarName": "x[8,0,8,1]", "X": 1}, { "VarName": "x[8,1,8,2]", "X": 1}, { "VarName": "x[8,2,8,0]", "X": 1}, { "VarName": "x[8,3,8,0]", "X": 1}, { "VarName": "x[8,3,8,1]", "X": 1}, { "VarName": "x[8,3,8,2]", "X": 1}, { "VarName": "s[0,0,1]", "X": 29}, { "VarName": "s[0,2,2]", "X": 26}, { "VarName": "s[0,3,7]", "X": 24}, { "VarName": "s[1,0,1]", "X": 6}, { "VarName": "s[1,1,5]", "X": 3}, { "VarName": "s[1,2,2]", "X": 4}, { "VarName": "s[2,0,3]", "X": 1.6999999999999943e+01}, { "VarName": "s[2,1,4]", "X": 15}, { "VarName": "s[2,2,7]", "X": 14}, { "VarName": "s[2,3,0]", "X": 12}, { "VarName": "s[3,0,6]", "X": 3.0000000000000355e+01}, { "VarName": "s[3,1,3]", "X": 2.4999999999999659e+01}, { "VarName": "s[3,2,5]", "X": 2.8000000000000355e+01}, { "VarName": "s[3,3,5]", "X": 1.4999999999999998e+01}, { "VarName": "s[4,0,1]", "X": 20}, { "VarName": "s[4,1,3]", "X": 1}, { "VarName": "s[4,2,0]", "X": 3.9999999999999996e+00}, { "VarName": "s[4,3,5]", "X": 8}, { "VarName": "s[5,0,4]", "X": 32}, { "VarName": "s[5,1,4]", "X": 23}, { "VarName": "s[5,2,5]", "X": 20}, { "VarName": "s[5,3,6]", "X": 1.4000000000000131e+01}, { "VarName": "s[6,0,0]", "X": 20}, { "VarName": "s[6,1,2]", "X": 16}, { "VarName": "s[6,2,3]", "X": 7}, { "VarName": "s[6,3,6]", "X": 1.9999999999998876e+00}, { "VarName": "s[7,0,0]", "X": 4.6999999999999815e+01}, { "VarName": "s[7,1,3]", "X": 4.2999999999999815e+01}, { "VarName": "s[7,2,1]", "X": 3.8999999999999716e+01}, { "VarName": "s[7,3,6]", "X": 4.0999999999999815e+01}, { "VarName": "s[8,0,6]", "X": 6.9999999999998881e+00}, { "VarName": "s[8,1,7]", "X": 2.0000000000000124e+00}, { "VarName": "s[8,2,4]", "X": 5.0000000000000009e+00}, { "VarName": "Z_FO", "X": 233}]}