{ "SolutionInfo": { "Status": 9, "Runtime": 3.6002189998626709e+03, "Work": 5.1843911397104273e+02, "ObjVal": 242, "ObjBound": 6, "ObjBoundC": 6, "MIPGap": 9.7520661157024791e-01, "IntVio": 0, "BoundVio": 0, "ConstrVio": 2.3945290195115376e-12, "IterCount": 47024393, "BarIterCount": 0, "NodeCount": 2969376, "SolCount": 10, "PoolObjBound": 6, "PoolObjVal": [ 242, 243, 244, 246, 252, 253, 254, 255, 256, 262]}, "Vars": [ { "VarName": "y[0,0,6]", "X": 1}, { "VarName": "y[0,1,4]", "X": 1}, { "VarName": "y[0,2,7]", "X": 1}, { "VarName": "y[0,3,4]", "X": 1}, { "VarName": "y[1,0,4]", "X": 1}, { "VarName": "y[1,1,4]", "X": 1}, { "VarName": "y[1,2,5]", "X": 1}, { "VarName": "y[1,3,0]", "X": 1}, { "VarName": "y[2,0,6]", "X": 1}, { "VarName": "y[2,1,5]", "X": 1}, { "VarName": "y[2,2,2]", "X": 1}, { "VarName": "y[2,3,7]", "X": 1}, { "VarName": "y[3,0,4]", "X": 1}, { "VarName": "y[3,1,6]", "X": 1}, { "VarName": "y[3,2,7]", "X": 1}, { "VarName": "y[3,3,7]", "X": 1}, { "VarName": "y[4,0,6]", "X": 1}, { "VarName": "y[4,1,4]", "X": 1}, { "VarName": "y[4,2,1]", "X": 1}, { "VarName": "y[4,3,7]", "X": 1}, { "VarName": "y[5,0,1]", "X": 1}, { "VarName": "y[5,1,3]", "X": 1}, { "VarName": "y[5,2,0]", "X": 1}, { "VarName": "y[5,3,3]", "X": 1}, { "VarName": "y[6,0,1]", "X": 1}, { "VarName": "y[6,1,0]", "X": 1}, { "VarName": "y[6,2,5]", "X": 1}, { "VarName": "y[6,3,3]", "X": 1}, { "VarName": "y[7,0,3]", "X": 1}, { "VarName": "y[7,1,2]", "X": 1}, { "VarName": "y[7,2,1]", "X": 1}, { "VarName": "y[7,3,6]", "X": 1}, { "VarName": "y[8,0,0]", "X": 1}, { "VarName": "y[8,1,3]", "X": 1}, { "VarName": "y[8,2,5]", "X": 1}, { "VarName": "y[8,3,0]", "X": 1}, { "VarName": "y[9,0,5]", "X": 1}, { "VarName": "y[9,1,1]", "X": 1}, { "VarName": "y[9,2,5]", "X": 1}, { "VarName": "y[9,3,2]", "X": 1}, { "VarName": "y[10,0,3]", "X": 1}, { "VarName": "y[10,1,2]", "X": 1}, { "VarName": "y[10,2,1]", "X": 1}, { "VarName": "y[10,3,6]", "X": 1}, { "VarName": "y[11,0,3]", "X": 1}, { "VarName": "y[11,1,0]", "X": 1}, { "VarName": "y[11,2,2]", "X": 1}, { "VarName": "y[11,3,5]", "X": 1}, { "VarName": "x[0,0,10,3]", "X": 1}, { "VarName": "x[0,1,0,3]", "X": 1}, { "VarName": "x[0,2,0,0]", "X": 1}, { "VarName": "x[0,2,0,1]", "X": 1}, { "VarName": "x[0,2,2,3]", "X": 1}, { "VarName": "x[0,2,10,1]", "X": 1}, { "VarName": "x[0,3,0,0]", "X": 1}, { "VarName": "x[0,3,0,2]", "X": 1}, { "VarName": "x[0,3,7,1]", "X": 1}, { "VarName": "x[1,0,1,1]", "X": 1}, { "VarName": "x[1,1,10,2]", "X": 1}, { "VarName": "x[1,2,1,0]", "X": 1}, { "VarName": "x[1,2,1,1]", "X": 1}, { "VarName": "x[1,3,1,1]", "X": 1}, { "VarName": "x[1,3,1,2]", "X": 1}, { "VarName": "x[2,0,8,3]", "X": 1}, { "VarName": "x[2,0,10,3]", "X": 1}, { "VarName": "x[2,1,2,0]", "X": 1}, { "VarName": "x[2,1,6,1]", "X": 1}, { "VarName": "x[2,1,6,2]", "X": 1}, { "VarName": "x[2,2,2,0]", "X": 1}, { "VarName": "x[2,2,2,1]", "X": 1}, { "VarName": "x[2,2,10,1]", "X": 1}, { "VarName": "x[2,3,2,0]", "X": 1}, { "VarName": "x[2,3,2,1]", "X": 1}, { "VarName": "x[3,0,4,0]", "X": 1}, { "VarName": "x[3,0,4,1]", "X": 1}, { "VarName": "x[3,1,3,0]", "X": 1}, { "VarName": "x[3,1,4,0]", "X": 1}, { "VarName": "x[3,1,7,3]", "X": 1}, { "VarName": "x[3,1,10,3]", "X": 1}, { "VarName": "x[3,2,3,0]", "X": 1}, { "VarName": "x[3,2,3,1]", "X": 1}, { "VarName": "x[3,2,4,0]", "X": 1}, { "VarName": "x[3,2,4,1]", "X": 1}, { "VarName": "x[3,2,9,1]", "X": 1}, { "VarName": "x[3,3,3,0]", "X": 1}, { "VarName": "x[3,3,3,1]", "X": 1}, { "VarName": "x[3,3,3,2]", "X": 1}, { "VarName": "x[3,3,4,3]", "X": 1}, { "VarName": "x[3,3,9,1]", "X": 1}, { "VarName": "x[4,0,4,2]", "X": 1}, { "VarName": "x[4,0,7,3]", "X": 1}, { "VarName": "x[4,0,9,1]", "X": 1}, { "VarName": "x[4,0,10,3]", "X": 1}, { "VarName": "x[4,2,4,3]", "X": 1}, { "VarName": "x[4,2,6,0]", "X": 1}, { "VarName": "x[4,2,7,2]", "X": 1}, { "VarName": "x[4,2,10,2]", "X": 1}, { "VarName": "x[4,2,10,3]", "X": 1}, { "VarName": "x[4,3,4,0]", "X": 1}, { "VarName": "x[4,3,4,1]", "X": 1}, { "VarName": "x[5,0,6,0]", "X": 1}, { "VarName": "x[5,0,7,2]", "X": 1}, { "VarName": "x[5,0,9,1]", "X": 1}, { "VarName": "x[5,0,10,2]", "X": 1}, { "VarName": "x[5,1,5,0]", "X": 1}, { "VarName": "x[5,1,5,3]", "X": 1}, { "VarName": "x[5,1,6,3]", "X": 1}, { "VarName": "x[5,1,7,0]", "X": 1}, { "VarName": "x[5,1,7,3]", "X": 1}, { "VarName": "x[5,1,8,1]", "X": 1}, { "VarName": "x[5,1,10,0]", "X": 1}, { "VarName": "x[5,1,11,0]", "X": 1}, { "VarName": "x[5,2,5,1]", "X": 1}, { "VarName": "x[5,2,6,1]", "X": 1}, { "VarName": "x[5,2,8,0]", "X": 1}, { "VarName": "x[5,2,8,3]", "X": 1}, { "VarName": "x[5,2,11,1]", "X": 1}, { "VarName": "x[5,3,5,0]", "X": 1}, { "VarName": "x[5,3,6,3]", "X": 1}, { "VarName": "x[5,3,7,0]", "X": 1}, { "VarName": "x[5,3,8,1]", "X": 1}, { "VarName": "x[5,3,10,0]", "X": 1}, { "VarName": "x[6,0,7,3]", "X": 1}, { "VarName": "x[6,0,10,2]", "X": 1}, { "VarName": "x[6,1,6,0]", "X": 1}, { "VarName": "x[6,1,11,3]", "X": 1}, { "VarName": "x[6,2,6,0]", "X": 1}, { "VarName": "x[6,2,6,1]", "X": 1}, { "VarName": "x[6,2,10,1]", "X": 1}, { "VarName": "x[6,3,6,0]", "X": 1}, { "VarName": "x[6,3,6,1]", "X": 1}, { "VarName": "x[6,3,6,2]", "X": 1}, { "VarName": "x[7,0,8,1]", "X": 1}, { "VarName": "x[7,0,10,0]", "X": 1}, { "VarName": "x[7,1,7,0]", "X": 1}, { "VarName": "x[7,1,10,1]", "X": 1}, { "VarName": "x[7,2,7,0]", "X": 1}, { "VarName": "x[7,2,7,1]", "X": 1}, { "VarName": "x[7,2,7,3]", "X": 1}, { "VarName": "x[7,2,10,2]", "X": 1}, { "VarName": "x[7,2,10,3]", "X": 1}, { "VarName": "x[7,3,7,0]", "X": 1}, { "VarName": "x[7,3,7,1]", "X": 1}, { "VarName": "x[7,3,10,3]", "X": 1}, { "VarName": "x[8,0,8,3]", "X": 1}, { "VarName": "x[8,1,8,0]", "X": 1}, { "VarName": "x[8,1,10,0]", "X": 1}, { "VarName": "x[8,2,8,0]", "X": 1}, { "VarName": "x[8,3,8,1]", "X": 1}, { "VarName": "x[9,0,9,2]", "X": 1}, { "VarName": "x[9,0,11,3]", "X": 1}, { "VarName": "x[9,1,9,0]", "X": 1}, { "VarName": "x[9,1,10,2]", "X": 1}, { "VarName": "x[9,2,9,1]", "X": 1}, { "VarName": "x[9,2,11,3]", "X": 1}, { "VarName": "x[9,3,9,0]", "X": 1}, { "VarName": "x[9,3,9,1]", "X": 1}, { "VarName": "x[9,3,9,2]", "X": 1}, { "VarName": "x[9,3,10,1]", "X": 1}, { "VarName": "x[10,1,10,0]", "X": 1}, { "VarName": "x[10,2,10,0]", "X": 1}, { "VarName": "x[10,3,10,0]", "X": 1}, { "VarName": "x[10,3,10,1]", "X": 1}, { "VarName": "x[10,3,10,2]", "X": 1}, { "VarName": "x[11,1,11,0]", "X": 1}, { "VarName": "x[11,2,11,0]", "X": 1}, { "VarName": "x[11,3,11,0]", "X": 1}, { "VarName": "x[11,3,11,1]", "X": 1}, { "VarName": "x[11,3,11,2]", "X": 1}, { "VarName": "s[0,0,6]", "X": 1.2000000000000002e+01}, { "VarName": "s[0,1,4]", "X": 8.9999999999994884e+00}, { "VarName": "s[0,2,7]", "X": 6.9999999999997726e+00}, { "VarName": "s[0,3,4]", "X": 1}, { "VarName": "s[1,0,4]", "X": 1.8999999999999602e+01}, { "VarName": "s[1,1,4]", "X": 1.3999999999999488e+01}, { "VarName": "s[1,2,5]", "X": 1}, { "VarName": "s[1,3,0]", "X": 2.9999999999997766e+00}, { "VarName": "s[2,0,6]", "X": 20}, { "VarName": "s[2,1,5]", "X": 1.3000000000002387e+01}, { "VarName": "s[2,2,2]", "X": 1.0000000000002387e+01}, { "VarName": "s[2,3,7]", "X": 9.9999999999977263e-01}, { "VarName": "s[3,0,4]", "X": 48}, { "VarName": "s[3,1,6]", "X": 43}, { "VarName": "s[3,2,7]", "X": 1.8999999999999773e+01}, { "VarName": "s[3,3,7]", "X": 44}, { "VarName": "s[4,0,6]", "X": 38}, { "VarName": "s[4,1,4]", "X": 32.9999999999996}, { "VarName": "s[4,2,1]", "X": 2.8999999999999204e+01}, { "VarName": "s[4,3,7]", "X": 3.3000000000002387e+01}, { "VarName": "s[5,0,1]", "X": 5.4999999999999943e+01}, { "VarName": "s[5,1,3]", "X": 5.2999999999999943e+01}, { "VarName": "s[5,2,0]", "X": 4.5999999999999062e+01}, { "VarName": "s[5,3,3]", "X": 3.7999999999999943e+01}, { "VarName": "s[6,0,1]", "X": 1.2999999999999778e+01}, { "VarName": "s[6,1,0]", "X": 9.9999999999997780e+00}, { "VarName": "s[6,2,5]", "X": 5.0000000000023874e+00}, { "VarName": "s[7,0,3]", "X": 34}, { "VarName": "s[7,1,2]", "X": 2.5000000000002331e+01}, { "VarName": "s[7,2,1]", "X": 2.0999999999999780e+01}, { "VarName": "s[7,3,6]", "X": 29}, { "VarName": "s[8,0,0]", "X": 2.6999999999999794e+01}, { "VarName": "s[8,1,3]", "X": 2.1999999999999943e+01}, { "VarName": "s[8,2,5]", "X": 2.1000000000002387e+01}, { "VarName": "s[8,3,0]", "X": 2.0999999999999794e+01}, { "VarName": "s[9,0,5]", "X": 44}, { "VarName": "s[9,1,1]", "X": 42}, { "VarName": "s[9,2,5]", "X": 37}, { "VarName": "s[9,3,2]", "X": 3.1000000000002331e+01}, { "VarName": "s[10,0,3]", "X": 6.9999999999999432e+00}, { "VarName": "s[10,1,2]", "X": 2.3874235921539366e-12}, { "VarName": "s[10,2,1]", "X": 4.9999999999999432e+00}, { "VarName": "s[11,0,3]", "X": 4.4999999999999943e+01}, { "VarName": "s[11,1,0]", "X": 3.7999999999999062e+01}, { "VarName": "s[11,2,2]", "X": 4.2000000000002338e+01}, { "VarName": "s[11,3,5]", "X": 30}, { "VarName": "Z_FO", "X": 242}, { "VarName": "C2594", "X": 1}, { "VarName": "C2598", "X": 1}, { "VarName": "C2601", "X": 1}, { "VarName": "C2603", "X": 1}, { "VarName": "C2606", "X": 1}, { "VarName": "C2608", "X": 1}, { "VarName": "C2611", "X": 1}, { "VarName": "C2615", "X": 1}, { "VarName": "C2617", "X": 1}, { "VarName": "C2620", "X": 1}, { "VarName": "C2627", "X": 1}]}