{ "SolutionInfo": { "Status": 9, "Runtime": 3.6011429998874664e+03, "Work": 2.2272186876973892e+03, "ObjVal": 415, "ObjBound": 119, "ObjBoundC": 1.1817475440131113e+02, "MIPGap": 7.1325301204819280e-01, "IntVio": 0, "BoundVio": 0, "ConstrVio": 6.1817218011128716e-13, "IterCount": 49455250, "BarIterCount": 0, "NodeCount": 510058, "SolCount": 10, "PoolObjBound": 119, "PoolObjVal": [ 415, 416, 419, 420, 421, 422, 424, 426, 427, 429]}, "Vars": [ { "VarName": "y[0,0,7]", "X": 1}, { "VarName": "y[0,1,4]", "X": 1}, { "VarName": "y[0,2,2]", "X": 1}, { "VarName": "y[0,3,1]", "X": 1}, { "VarName": "y[1,0,5]", "X": 1}, { "VarName": "y[1,1,2]", "X": 1}, { "VarName": "y[1,2,7]", "X": 1}, { "VarName": "y[1,3,3]", "X": 1}, { "VarName": "y[2,0,6]", "X": 1}, { "VarName": "y[2,1,0]", "X": 1}, { "VarName": "y[2,2,5]", "X": 1}, { "VarName": "y[2,3,6]", "X": 1}, { "VarName": "y[3,0,3]", "X": 1}, { "VarName": "y[3,1,5]", "X": 1}, { "VarName": "y[3,2,7]", "X": 1}, { "VarName": "y[3,3,4]", "X": 1}, { "VarName": "y[4,0,3]", "X": 1}, { "VarName": "y[4,1,0]", "X": 1}, { "VarName": "y[4,2,5]", "X": 1}, { "VarName": "y[4,3,2]", "X": 1}, { "VarName": "y[5,0,4]", "X": 1}, { "VarName": "y[5,1,6]", "X": 1}, { "VarName": "y[5,2,3]", "X": 1}, { "VarName": "y[5,3,4]", "X": 1}, { "VarName": "y[6,0,4]", "X": 1}, { "VarName": "y[6,1,2]", "X": 1}, { "VarName": "y[6,2,1]", "X": 1}, { "VarName": "y[6,3,0]", "X": 1}, { "VarName": "y[7,0,0]", "X": 1}, { "VarName": "y[7,1,1]", "X": 1}, { "VarName": "y[7,2,0]", "X": 1}, { "VarName": "y[7,3,7]", "X": 1}, { "VarName": "y[8,0,7]", "X": 1}, { "VarName": "y[8,1,5]", "X": 1}, { "VarName": "y[8,2,2]", "X": 1}, { "VarName": "y[8,3,3]", "X": 1}, { "VarName": "y[9,0,2]", "X": 1}, { "VarName": "y[9,1,1]", "X": 1}, { "VarName": "y[9,2,5]", "X": 1}, { "VarName": "y[9,3,0]", "X": 1}, { "VarName": "y[10,0,4]", "X": 1}, { "VarName": "y[10,1,2]", "X": 1}, { "VarName": "y[10,2,0]", "X": 1}, { "VarName": "y[10,3,6]", "X": 1}, { "VarName": "y[11,0,3]", "X": 1}, { "VarName": "y[11,1,6]", "X": 1}, { "VarName": "y[11,2,4]", "X": 1}, { "VarName": "y[11,3,1]", "X": 1}, { "VarName": "x[0,0,0,1]", "X": 1}, { "VarName": "x[0,0,1,2]", "X": 1}, { "VarName": "x[0,0,2,3]", "X": 1}, { "VarName": "x[0,0,3,2]", "X": 1}, { "VarName": "x[0,0,4,0]", "X": 1}, { "VarName": "x[0,0,6,2]", "X": 1}, { "VarName": "x[0,0,7,1]", "X": 1}, { "VarName": "x[0,0,7,3]", "X": 1}, { "VarName": "x[0,0,8,0]", "X": 1}, { "VarName": "x[0,0,9,1]", "X": 1}, { "VarName": "x[0,1,0,3]", "X": 1}, { "VarName": "x[0,1,1,2]", "X": 1}, { "VarName": "x[0,1,1,3]", "X": 1}, { "VarName": "x[0,1,3,3]", "X": 1}, { "VarName": "x[0,1,5,0]", "X": 1}, { "VarName": "x[0,1,5,3]", "X": 1}, { "VarName": "x[0,1,6,1]", "X": 1}, { "VarName": "x[0,1,6,2]", "X": 1}, { "VarName": "x[0,1,6,3]", "X": 1}, { "VarName": "x[0,1,7,1]", "X": 1}, { "VarName": "x[0,1,7,2]", "X": 1}, { "VarName": "x[0,1,8,0]", "X": 1}, { "VarName": "x[0,1,8,2]", "X": 1}, { "VarName": "x[0,1,9,0]", "X": 1}, { "VarName": "x[0,1,9,1]", "X": 1}, { "VarName": "x[0,1,10,0]", "X": 1}, { "VarName": "x[0,1,10,1]", "X": 1}, { "VarName": "x[0,2,0,0]", "X": 1}, { "VarName": "x[0,2,0,1]", "X": 1}, { "VarName": "x[0,2,4,3]", "X": 1}, { "VarName": "x[0,2,6,0]", "X": 1}, { "VarName": "x[0,2,7,0]", "X": 1}, { "VarName": "x[0,2,7,1]", "X": 1}, { "VarName": "x[0,2,8,2]", "X": 1}, { "VarName": "x[0,2,9,0]", "X": 1}, { "VarName": "x[0,2,9,3]", "X": 1}, { "VarName": "x[0,2,10,1]", "X": 1}, { "VarName": "x[0,2,10,2]", "X": 1}, { "VarName": "x[0,2,11,3]", "X": 1}, { "VarName": "x[0,3,0,0]", "X": 1}, { "VarName": "x[0,3,1,2]", "X": 1}, { "VarName": "x[0,3,2,2]", "X": 1}, { "VarName": "x[0,3,4,0]", "X": 1}, { "VarName": "x[0,3,5,2]", "X": 1}, { "VarName": "x[0,3,7,1]", "X": 1}, { "VarName": "x[0,3,8,2]", "X": 1}, { "VarName": "x[0,3,9,1]", "X": 1}, { "VarName": "x[0,3,9,3]", "X": 1}, { "VarName": "x[0,3,10,0]", "X": 1}, { "VarName": "x[1,0,1,2]", "X": 1}, { "VarName": "x[1,0,2,2]", "X": 1}, { "VarName": "x[1,0,3,0]", "X": 1}, { "VarName": "x[1,0,3,1]", "X": 1}, { "VarName": "x[1,0,4,2]", "X": 1}, { "VarName": "x[1,0,5,0]", "X": 1}, { "VarName": "x[1,0,5,3]", "X": 1}, { "VarName": "x[1,0,6,0]", "X": 1}, { "VarName": "x[1,0,7,1]", "X": 1}, { "VarName": "x[1,0,8,1]", "X": 1}, { "VarName": "x[1,0,8,3]", "X": 1}, { "VarName": "x[1,0,9,2]", "X": 1}, { "VarName": "x[1,0,10,0]", "X": 1}, { "VarName": "x[1,0,10,2]", "X": 1}, { "VarName": "x[1,0,11,0]", "X": 1}, { "VarName": "x[1,1,1,0]", "X": 1}, { "VarName": "x[1,1,1,3]", "X": 1}, { "VarName": "x[1,1,3,3]", "X": 1}, { "VarName": "x[1,1,4,3]", "X": 1}, { "VarName": "x[1,1,8,0]", "X": 1}, { "VarName": "x[1,1,8,2]", "X": 1}, { "VarName": "x[1,1,9,0]", "X": 1}, { "VarName": "x[1,1,9,1]", "X": 1}, { "VarName": "x[1,1,9,2]", "X": 1}, { "VarName": "x[1,1,10,1]", "X": 1}, { "VarName": "x[1,1,10,3]", "X": 1}, { "VarName": "x[1,1,11,0]", "X": 1}, { "VarName": "x[1,1,11,3]", "X": 1}, { "VarName": "x[1,2,1,3]", "X": 1}, { "VarName": "x[1,2,2,2]", "X": 1}, { "VarName": "x[1,2,3,1]", "X": 1}, { "VarName": "x[1,2,3,2]", "X": 1}, { "VarName": "x[1,2,4,2]", "X": 1}, { "VarName": "x[1,2,5,0]", "X": 1}, { "VarName": "x[1,2,5,3]", "X": 1}, { "VarName": "x[1,2,6,0]", "X": 1}, { "VarName": "x[1,2,6,3]", "X": 1}, { "VarName": "x[1,2,7,1]", "X": 1}, { "VarName": "x[1,2,7,3]", "X": 1}, { "VarName": "x[1,2,8,0]", "X": 1}, { "VarName": "x[1,2,8,1]", "X": 1}, { "VarName": "x[1,2,9,1]", "X": 1}, { "VarName": "x[1,2,10,0]", "X": 1}, { "VarName": "x[1,2,10,2]", "X": 1}, { "VarName": "x[1,3,1,0]", "X": 1}, { "VarName": "x[1,3,2,0]", "X": 1}, { "VarName": "x[1,3,5,2]", "X": 1}, { "VarName": "x[1,3,6,0]", "X": 1}, { "VarName": "x[1,3,6,1]", "X": 1}, { "VarName": "x[1,3,7,0]", "X": 1}, { "VarName": "x[1,3,8,0]", "X": 1}, { "VarName": "x[1,3,10,1]", "X": 1}, { "VarName": "x[1,3,11,2]", "X": 1}, { "VarName": "x[2,0,2,1]", "X": 1}, { "VarName": "x[2,0,2,3]", "X": 1}, { "VarName": "x[2,0,3,0]", "X": 1}, { "VarName": "x[2,0,3,1]", "X": 1}, { "VarName": "x[2,0,3,3]", "X": 1}, { "VarName": "x[2,0,4,3]", "X": 1}, { "VarName": "x[2,0,5,0]", "X": 1}, { "VarName": "x[2,0,5,1]", "X": 1}, { "VarName": "x[2,0,5,3]", "X": 1}, { "VarName": "x[2,0,6,0]", "X": 1}, { "VarName": "x[2,0,6,3]", "X": 1}, { "VarName": "x[2,0,8,0]", "X": 1}, { "VarName": "x[2,0,8,1]", "X": 1}, { "VarName": "x[2,0,8,2]", "X": 1}, { "VarName": "x[2,0,9,1]", "X": 1}, { "VarName": "x[2,0,10,3]", "X": 1}, { "VarName": "x[2,1,5,0]", "X": 1}, { "VarName": "x[2,1,5,1]", "X": 1}, { "VarName": "x[2,1,5,3]", "X": 1}, { "VarName": "x[2,1,6,0]", "X": 1}, { "VarName": "x[2,1,7,0]", "X": 1}, { "VarName": "x[2,1,7,2]", "X": 1}, { "VarName": "x[2,1,9,0]", "X": 1}, { "VarName": "x[2,1,9,3]", "X": 1}, { "VarName": "x[2,1,10,0]", "X": 1}, { "VarName": "x[2,1,10,2]", "X": 1}, { "VarName": "x[2,2,2,0]", "X": 1}, { "VarName": "x[2,2,2,1]", "X": 1}, { "VarName": "x[2,2,3,1]", "X": 1}, { "VarName": "x[2,2,4,1]", "X": 1}, { "VarName": "x[2,2,7,0]", "X": 1}, { "VarName": "x[2,2,7,1]", "X": 1}, { "VarName": "x[2,2,8,0]", "X": 1}, { "VarName": "x[2,2,8,1]", "X": 1}, { "VarName": "x[2,2,9,2]", "X": 1}, { "VarName": "x[2,2,10,0]", "X": 1}, { "VarName": "x[2,3,2,1]", "X": 1}, { "VarName": "x[2,3,2,2]", "X": 1}, { "VarName": "x[2,3,3,2]", "X": 1}, { "VarName": "x[2,3,4,1]", "X": 1}, { "VarName": "x[2,3,5,0]", "X": 1}, { "VarName": "x[2,3,5,2]", "X": 1}, { "VarName": "x[2,3,7,2]", "X": 1}, { "VarName": "x[2,3,7,3]", "X": 1}, { "VarName": "x[2,3,8,2]", "X": 1}, { "VarName": "x[2,3,9,2]", "X": 1}, { "VarName": "x[2,3,10,0]", "X": 1}, { "VarName": "x[2,3,10,2]", "X": 1}, { "VarName": "x[2,3,11,2]", "X": 1}, { "VarName": "x[3,0,3,2]", "X": 1}, { "VarName": "x[3,0,4,3]", "X": 1}, { "VarName": "x[3,0,5,0]", "X": 1}, { "VarName": "x[3,0,5,2]", "X": 1}, { "VarName": "x[3,0,5,3]", "X": 1}, { "VarName": "x[3,0,7,0]", "X": 1}, { "VarName": "x[3,0,7,2]", "X": 1}, { "VarName": "x[3,0,8,0]", "X": 1}, { "VarName": "x[3,0,8,1]", "X": 1}, { "VarName": "x[3,0,8,2]", "X": 1}, { "VarName": "x[3,0,8,3]", "X": 1}, { "VarName": "x[3,0,10,0]", "X": 1}, { "VarName": "x[3,0,11,1]", "X": 1}, { "VarName": "x[3,1,4,0]", "X": 1}, { "VarName": "x[3,1,6,2]", "X": 1}, { "VarName": "x[3,1,6,3]", "X": 1}, { "VarName": "x[3,1,7,1]", "X": 1}, { "VarName": "x[3,1,8,1]", "X": 1}, { "VarName": "x[3,1,9,1]", "X": 1}, { "VarName": "x[3,1,9,2]", "X": 1}, { "VarName": "x[3,1,10,2]", "X": 1}, { "VarName": "x[3,2,3,1]", "X": 1}, { "VarName": "x[3,2,4,1]", "X": 1}, { "VarName": "x[3,2,4,2]", "X": 1}, { "VarName": "x[3,2,5,0]", "X": 1}, { "VarName": "x[3,2,5,3]", "X": 1}, { "VarName": "x[3,2,6,3]", "X": 1}, { "VarName": "x[3,2,7,0]", "X": 1}, { "VarName": "x[3,2,7,2]", "X": 1}, { "VarName": "x[3,2,9,3]", "X": 1}, { "VarName": "x[3,2,10,0]", "X": 1}, { "VarName": "x[3,2,10,2]", "X": 1}, { "VarName": "x[3,2,11,3]", "X": 1}, { "VarName": "x[3,3,3,0]", "X": 1}, { "VarName": "x[3,3,3,1]", "X": 1}, { "VarName": "x[3,3,5,3]", "X": 1}, { "VarName": "x[3,3,8,0]", "X": 1}, { "VarName": "x[3,3,8,1]", "X": 1}, { "VarName": "x[3,3,9,1]", "X": 1}, { "VarName": "x[3,3,9,2]", "X": 1}, { "VarName": "x[3,3,10,3]", "X": 1}, { "VarName": "x[3,3,11,0]", "X": 1}, { "VarName": "x[3,3,11,3]", "X": 1}, { "VarName": "x[4,0,4,2]", "X": 1}, { "VarName": "x[4,0,5,2]", "X": 1}, { "VarName": "x[4,0,6,2]", "X": 1}, { "VarName": "x[4,0,8,3]", "X": 1}, { "VarName": "x[4,0,10,2]", "X": 1}, { "VarName": "x[4,0,11,1]", "X": 1}, { "VarName": "x[4,1,4,0]", "X": 1}, { "VarName": "x[4,1,7,0]", "X": 1}, { "VarName": "x[4,1,7,2]", "X": 1}, { "VarName": "x[4,1,8,0]", "X": 1}, { "VarName": "x[4,1,9,3]", "X": 1}, { "VarName": "x[4,1,10,0]", "X": 1}, { "VarName": "x[4,1,10,2]", "X": 1}, { "VarName": "x[4,1,11,0]", "X": 1}, { "VarName": "x[4,1,11,1]", "X": 1}, { "VarName": "x[4,1,11,2]", "X": 1}, { "VarName": "x[4,1,11,3]", "X": 1}, { "VarName": "x[4,2,5,3]", "X": 1}, { "VarName": "x[4,2,7,1]", "X": 1}, { "VarName": "x[4,2,8,0]", "X": 1}, { "VarName": "x[4,2,8,1]", "X": 1}, { "VarName": "x[4,2,8,3]", "X": 1}, { "VarName": "x[4,2,9,1]", "X": 1}, { "VarName": "x[4,2,9,2]", "X": 1}, { "VarName": "x[4,2,10,0]", "X": 1}, { "VarName": "x[4,2,11,0]", "X": 1}, { "VarName": "x[4,3,4,0]", "X": 1}, { "VarName": "x[4,3,4,2]", "X": 1}, { "VarName": "x[4,3,5,0]", "X": 1}, { "VarName": "x[4,3,5,1]", "X": 1}, { "VarName": "x[4,3,5,3]", "X": 1}, { "VarName": "x[4,3,6,0]", "X": 1}, { "VarName": "x[4,3,6,2]", "X": 1}, { "VarName": "x[4,3,7,2]", "X": 1}, { "VarName": "x[4,3,8,1]", "X": 1}, { "VarName": "x[4,3,8,2]", "X": 1}, { "VarName": "x[4,3,9,0]", "X": 1}, { "VarName": "x[4,3,9,1]", "X": 1}, { "VarName": "x[4,3,10,1]", "X": 1}, { "VarName": "x[5,0,5,3]", "X": 1}, { "VarName": "x[5,0,8,0]", "X": 1}, { "VarName": "x[5,0,8,1]", "X": 1}, { "VarName": "x[5,0,8,2]", "X": 1}, { "VarName": "x[5,0,8,3]", "X": 1}, { "VarName": "x[5,0,9,2]", "X": 1}, { "VarName": "x[5,0,10,0]", "X": 1}, { "VarName": "x[5,0,10,2]", "X": 1}, { "VarName": "x[5,1,5,0]", "X": 1}, { "VarName": "x[5,1,8,0]", "X": 1}, { "VarName": "x[5,1,8,1]", "X": 1}, { "VarName": "x[5,1,8,2]", "X": 1}, { "VarName": "x[5,1,8,3]", "X": 1}, { "VarName": "x[5,1,9,2]", "X": 1}, { "VarName": "x[5,1,10,0]", "X": 1}, { "VarName": "x[5,1,10,3]", "X": 1}, { "VarName": "x[5,2,5,0]", "X": 1}, { "VarName": "x[5,2,5,1]", "X": 1}, { "VarName": "x[5,2,6,0]", "X": 1}, { "VarName": "x[5,2,7,0]", "X": 1}, { "VarName": "x[5,2,7,2]", "X": 1}, { "VarName": "x[5,2,8,0]", "X": 1}, { "VarName": "x[5,2,8,1]", "X": 1}, { "VarName": "x[5,2,8,2]", "X": 1}, { "VarName": "x[5,2,10,0]", "X": 1}, { "VarName": "x[5,2,10,1]", "X": 1}, { "VarName": "x[5,3,5,1]", "X": 1}, { "VarName": "x[5,3,5,2]", "X": 1}, { "VarName": "x[5,3,7,2]", "X": 1}, { "VarName": "x[5,3,9,3]", "X": 1}, { "VarName": "x[6,0,7,0]", "X": 1}, { "VarName": "x[6,0,8,0]", "X": 1}, { "VarName": "x[6,0,8,1]", "X": 1}, { "VarName": "x[6,0,8,2]", "X": 1}, { "VarName": "x[6,0,9,1]", "X": 1}, { "VarName": "x[6,0,10,0]", "X": 1}, { "VarName": "x[6,0,10,3]", "X": 1}, { "VarName": "x[6,0,11,1]", "X": 1}, { "VarName": "x[6,0,11,2]", "X": 1}, { "VarName": "x[6,1,6,0]", "X": 1}, { "VarName": "x[6,1,7,0]", "X": 1}, { "VarName": "x[6,1,8,0]", "X": 1}, { "VarName": "x[6,1,8,2]", "X": 1}, { "VarName": "x[6,1,9,0]", "X": 1}, { "VarName": "x[6,1,9,2]", "X": 1}, { "VarName": "x[6,1,10,1]", "X": 1}, { "VarName": "x[6,1,10,2]", "X": 1}, { "VarName": "x[6,1,10,3]", "X": 1}, { "VarName": "x[6,1,11,0]", "X": 1}, { "VarName": "x[6,1,11,3]", "X": 1}, { "VarName": "x[6,2,6,0]", "X": 1}, { "VarName": "x[6,2,6,1]", "X": 1}, { "VarName": "x[6,2,7,0]", "X": 1}, { "VarName": "x[6,2,7,1]", "X": 1}, { "VarName": "x[6,2,8,0]", "X": 1}, { "VarName": "x[6,2,8,2]", "X": 1}, { "VarName": "x[6,2,9,1]", "X": 1}, { "VarName": "x[6,2,10,1]", "X": 1}, { "VarName": "x[6,2,10,2]", "X": 1}, { "VarName": "x[6,2,10,3]", "X": 1}, { "VarName": "x[6,2,11,2]", "X": 1}, { "VarName": "x[6,3,6,0]", "X": 1}, { "VarName": "x[6,3,7,0]", "X": 1}, { "VarName": "x[6,3,7,2]", "X": 1}, { "VarName": "x[6,3,8,0]", "X": 1}, { "VarName": "x[6,3,8,1]", "X": 1}, { "VarName": "x[6,3,9,0]", "X": 1}, { "VarName": "x[6,3,9,1]", "X": 1}, { "VarName": "x[6,3,9,2]", "X": 1}, { "VarName": "x[6,3,9,3]", "X": 1}, { "VarName": "x[6,3,10,0]", "X": 1}, { "VarName": "x[6,3,10,2]", "X": 1}, { "VarName": "x[7,0,7,2]", "X": 1}, { "VarName": "x[7,0,8,0]", "X": 1}, { "VarName": "x[7,0,8,3]", "X": 1}, { "VarName": "x[7,0,9,3]", "X": 1}, { "VarName": "x[7,0,10,1]", "X": 1}, { "VarName": "x[7,0,10,2]", "X": 1}, { "VarName": "x[7,0,11,1]", "X": 1}, { "VarName": "x[7,1,9,1]", "X": 1}, { "VarName": "x[7,1,10,0]", "X": 1}, { "VarName": "x[7,1,10,1]", "X": 1}, { "VarName": "x[7,1,10,2]", "X": 1}, { "VarName": "x[7,2,8,2]", "X": 1}, { "VarName": "x[7,2,9,0]", "X": 1}, { "VarName": "x[7,2,9,3]", "X": 1}, { "VarName": "x[7,2,10,2]", "X": 1}, { "VarName": "x[7,2,11,1]", "X": 1}, { "VarName": "x[7,2,11,3]", "X": 1}, { "VarName": "x[7,3,7,1]", "X": 1}, { "VarName": "x[7,3,7,2]", "X": 1}, { "VarName": "x[7,3,8,1]", "X": 1}, { "VarName": "x[7,3,8,2]", "X": 1}, { "VarName": "x[7,3,8,3]", "X": 1}, { "VarName": "x[7,3,9,2]", "X": 1}, { "VarName": "x[7,3,9,3]", "X": 1}, { "VarName": "x[7,3,10,0]", "X": 1}, { "VarName": "x[7,3,10,2]", "X": 1}, { "VarName": "x[7,3,11,1]", "X": 1}, { "VarName": "x[7,3,11,2]", "X": 1}, { "VarName": "x[8,0,9,1]", "X": 1}, { "VarName": "x[8,0,10,3]", "X": 1}, { "VarName": "x[8,1,8,0]", "X": 1}, { "VarName": "x[8,1,8,2]", "X": 1}, { "VarName": "x[8,1,8,3]", "X": 1}, { "VarName": "x[8,1,9,0]", "X": 1}, { "VarName": "x[8,1,9,1]", "X": 1}, { "VarName": "x[8,1,9,2]", "X": 1}, { "VarName": "x[8,1,11,2]", "X": 1}, { "VarName": "x[8,2,8,0]", "X": 1}, { "VarName": "x[8,2,10,0]", "X": 1}, { "VarName": "x[8,3,8,0]", "X": 1}, { "VarName": "x[8,3,10,0]", "X": 1}, { "VarName": "x[8,3,11,3]", "X": 1}, { "VarName": "x[9,0,9,3]", "X": 1}, { "VarName": "x[9,0,10,2]", "X": 1}, { "VarName": "x[9,0,11,1]", "X": 1}, { "VarName": "x[9,1,10,1]", "X": 1}, { "VarName": "x[9,1,10,2]", "X": 1}, { "VarName": "x[9,1,11,0]", "X": 1}, { "VarName": "x[9,2,9,0]", "X": 1}, { "VarName": "x[9,2,9,1]", "X": 1}, { "VarName": "x[9,2,11,3]", "X": 1}, { "VarName": "x[9,3,9,1]", "X": 1}, { "VarName": "x[9,3,9,2]", "X": 1}, { "VarName": "x[9,3,10,0]", "X": 1}, { "VarName": "x[9,3,10,1]", "X": 1}, { "VarName": "x[9,3,11,0]", "X": 1}, { "VarName": "x[9,3,11,1]", "X": 1}, { "VarName": "x[10,0,11,1]", "X": 1}, { "VarName": "x[10,1,10,2]", "X": 1}, { "VarName": "x[10,1,10,3]", "X": 1}, { "VarName": "x[10,2,10,0]", "X": 1}, { "VarName": "x[10,2,11,1]", "X": 1}, { "VarName": "x[10,3,11,3]", "X": 1}, { "VarName": "x[11,1,11,0]", "X": 1}, { "VarName": "x[11,1,11,2]", "X": 1}, { "VarName": "x[11,2,11,0]", "X": 1}, { "VarName": "x[11,2,11,3]", "X": 1}, { "VarName": "x[11,3,11,0]", "X": 1}, { "VarName": "x[11,3,11,1]", "X": 1}, { "VarName": "s[0,0,7]", "X": 3.9999999999999986e+01}, { "VarName": "s[0,1,4]", "X": 3.6999999999999986e+01}, { "VarName": "s[0,2,2]", "X": 3.4999999999999993e+01}, { "VarName": "s[0,3,1]", "X": 30}, { "VarName": "s[1,0,5]", "X": 4.4999999999999986e+01}, { "VarName": "s[1,1,2]", "X": 4.2999999999999986e+01}, { "VarName": "s[1,2,7]", "X": 29}, { "VarName": "s[1,3,3]", "X": 8.9999999999993747e+00}, { "VarName": "s[2,0,6]", "X": 3.1999999999999858e+01}, { "VarName": "s[2,1,0]", "X": 2.7999999999999858e+01}, { "VarName": "s[2,2,5]", "X": 2.5999999999999858e+01}, { "VarName": "s[3,0,3]", "X": 2.3999999999999375e+01}, { "VarName": "s[3,1,5]", "X": 1.8999999999999858e+01}, { "VarName": "s[3,2,7]", "X": 3.0000000000000018e+00}, { "VarName": "s[3,3,4]", "X": 5.9999999999988640e+00}, { "VarName": "s[4,0,3]", "X": 3.7999999999999858e+01}, { "VarName": "s[4,1,0]", "X": 3.5999999999999858e+01}, { "VarName": "s[4,2,5]", "X": 3.1999999999999858e+01}, { "VarName": "s[4,3,2]", "X": 2.6999999999999943e+01}, { "VarName": "s[5,0,4]", "X": 2.6999999999998863e+01}, { "VarName": "s[5,1,6]", "X": 2.3999999999999986e+01}, { "VarName": "s[5,2,3]", "X": 9.9999999999977263e-01}, { "VarName": "s[5,3,4]", "X": 9.9999999999977263e-01}, { "VarName": "s[6,0,4]", "X": 5.4999999999999972e+01}, { "VarName": "s[6,1,2]", "X": 4.9999999999999972e+01}, { "VarName": "s[6,2,1]", "X": 35}, { "VarName": "s[6,3,0]", "X": 5.0999999999999972e+01}, { "VarName": "s[7,0,0]", "X": 22}, { "VarName": "s[7,1,1]", "X": 17}, { "VarName": "s[7,2,0]", "X": 14}, { "VarName": "s[7,3,7]", "X": 13}, { "VarName": "s[8,0,1]", "X": 8.8817841970012523e-16}, { "VarName": "s[8,0,7]", "X": 20}, { "VarName": "s[8,1,5]", "X": 8}, { "VarName": "s[8,3,3]", "X": 1.6999999999999375e+01}, { "VarName": "s[9,0,2]", "X": 4.0000000000000044e+00}, { "VarName": "s[9,1,1]", "X": 2.0000000000000036e+00}, { "VarName": "s[9,3,0]", "X": 9.9999999999985789e-01}, { "VarName": "s[10,0,4]", "X": 1.7999999999998863e+01}, { "VarName": "s[10,1,2]", "X": 1.2999999999999943e+01}, { "VarName": "s[10,2,0]", "X": 7.0000000000000151e+00}, { "VarName": "s[10,3,6]", "X": 1.0999999999999986e+01}, { "VarName": "s[11,0,3]", "X": 5.3999999999999368e+01}, { "VarName": "s[11,1,6]", "X": 5.0999999999999986e+01}, { "VarName": "s[11,2,4]", "X": 4.5999999999999986e+01}, { "VarName": "s[11,3,1]", "X": 4.7999999999999147e+01}, { "VarName": "Z_FO", "X": 415}]}