{ "SolutionInfo": { "Status": 2, "Runtime": 1.4240000247955322e+00, "Work": 7.8934016229420922e-01, "ObjVal": 3202, "ObjBound": 3202, "ObjBoundC": 3202, "MIPGap": 0, "IntVio": 0, "BoundVio": 0, "ConstrVio": 1.2164491636212915e-11, "IterCount": 135389, "BarIterCount": 0, "NodeCount": 28386, "SolCount": 10, "PoolObjBound": 3202, "PoolObjVal": [ 3202, 3202, 3.2329999999995516e+03, 3.2709999999997844e+03, 3360, 3441, 3618, 3974, 4400, 4455]}, "Vars": [ { "VarName": "y[0,0,4]", "X": 1}, { "VarName": "y[0,1,1]", "X": 1}, { "VarName": "y[0,2,0]", "X": 1}, { "VarName": "y[1,0,5]", "X": 1}, { "VarName": "y[1,1,2]", "X": 1}, { "VarName": "y[1,2,2]", "X": 1}, { "VarName": "y[2,0,4]", "X": 1}, { "VarName": "y[2,1,3]", "X": 1}, { "VarName": "y[2,2,1]", "X": 1}, { "VarName": "y[3,0,3]", "X": 1}, { "VarName": "y[3,1,4]", "X": 1}, { "VarName": "y[3,2,1]", "X": 1}, { "VarName": "y[4,0,5]", "X": 1}, { "VarName": "y[4,1,3]", "X": 1}, { "VarName": "y[4,2,0]", "X": 1}, { "VarName": "x[0,0,2,0]", "X": 1}, { "VarName": "x[0,0,2,1]", "X": 1}, { "VarName": "x[0,0,3,0]", "X": 1}, { "VarName": "x[0,0,3,1]", "X": 1}, { "VarName": "x[0,0,4,0]", "X": 1}, { "VarName": "x[0,0,4,1]", "X": 1}, { "VarName": "x[0,1,0,0]", "X": 1}, { "VarName": "x[0,1,0,2]", "X": 1}, { "VarName": "x[0,1,2,0]", "X": 1}, { "VarName": "x[0,1,2,2]", "X": 1}, { "VarName": "x[0,1,3,2]", "X": 1}, { "VarName": "x[0,1,4,2]", "X": 1}, { "VarName": "x[0,2,4,2]", "X": 1}, { "VarName": "x[1,0,2,0]", "X": 1}, { "VarName": "x[1,0,3,1]", "X": 1}, { "VarName": "x[1,0,4,0]", "X": 1}, { "VarName": "x[1,0,4,1]", "X": 1}, { "VarName": "x[1,1,1,2]", "X": 1}, { "VarName": "x[1,1,2,1]", "X": 1}, { "VarName": "x[1,1,3,2]", "X": 1}, { "VarName": "x[1,1,4,2]", "X": 1}, { "VarName": "x[2,0,2,1]", "X": 1}, { "VarName": "x[2,0,3,0]", "X": 1}, { "VarName": "x[2,0,3,1]", "X": 1}, { "VarName": "x[2,1,4,1]", "X": 1}, { "VarName": "x[2,2,3,2]", "X": 1}, { "VarName": "x[3,0,4,1]", "X": 1}, { "VarName": "x[3,2,4,2]", "X": 1}, { "VarName": "x[4,1,4,0]", "X": 1}, { "VarName": "s[0,0,4]", "X": 1.1920000000000011e+03}, { "VarName": "s[0,1,1]", "X": 1.0211142178026073e+03}, { "VarName": "s[0,2,0]", "X": 807}, { "VarName": "s[1,0,5]", "X": 9.1800000000000512e+02}, { "VarName": "s[1,1,2]", "X": 831}, { "VarName": "s[1,2,2]", "X": 480}, { "VarName": "s[2,0,4]", "X": 8.2699999999999955e+02}, { "VarName": "s[2,1,3]", "X": 722.000000000001}, { "VarName": "s[2,2,1]", "X": 6.4361579774765721e+02}, { "VarName": "s[3,0,3]", "X": 1.4070000000000016e+03}, { "VarName": "s[3,1,4]", "X": 545}, { "VarName": "s[3,2,1]", "X": 480}, { "VarName": "s[4,0,5]", "X": 6.7300000000000512e+02}, { "VarName": "s[4,1,3]", "X": 608}, { "VarName": "s[4,2,0]", "X": 480}, { "VarName": "Z_FO", "X": 3202}, { "VarName": "C293", "X": 1}, { "VarName": "C295", "X": 1}, { "VarName": "C297", "X": 1}, { "VarName": "C299", "X": 1}, { "VarName": "C302", "X": 1}]}