{ "SolutionInfo": { "Status": 2, "Runtime": 7.1703399991989136e+02, "Work": 1.9405398193169967e+02, "ObjVal": 5221, "ObjBound": 5221, "ObjBoundC": 5221, "MIPGap": 0, "IntVio": 0, "BoundVio": 0, "ConstrVio": 4.18367562815547e-11, "IterCount": 12374154, "BarIterCount": 0, "NodeCount": 715067, "SolCount": 10, "PoolObjBound": 5221, "PoolObjVal": [ 5221, 5221, 5235, 5254, 5268, 5270, 5286, 5287, 5288, 5290]}, "Vars": [ { "VarName": "y[0,0,3]", "X": 1}, { "VarName": "y[0,1,6]", "X": 1}, { "VarName": "y[0,2,1]", "X": 1}, { "VarName": "y[1,0,5]", "X": 1}, { "VarName": "y[1,1,2]", "X": 1}, { "VarName": "y[1,2,2]", "X": 1}, { "VarName": "y[2,0,4]", "X": 1}, { "VarName": "y[2,1,6]", "X": 1}, { "VarName": "y[2,2,1]", "X": 1}, { "VarName": "y[3,0,3]", "X": 1}, { "VarName": "y[3,1,4]", "X": 1}, { "VarName": "y[3,2,1]", "X": 1}, { "VarName": "y[4,0,5]", "X": 1}, { "VarName": "y[4,1,3]", "X": 1}, { "VarName": "y[4,2,0]", "X": 1}, { "VarName": "y[5,0,5]", "X": 1}, { "VarName": "y[5,1,2]", "X": 1}, { "VarName": "y[5,2,1]", "X": 1}, { "VarName": "y[6,0,4]", "X": 1}, { "VarName": "y[6,1,2]", "X": 1}, { "VarName": "y[6,2,0]", "X": 1}, { "VarName": "x[0,0,2,0]", "X": 1}, { "VarName": "x[0,0,3,0]", "X": 1}, { "VarName": "x[0,0,4,1]", "X": 1}, { "VarName": "x[0,0,5,1]", "X": 1}, { "VarName": "x[0,0,5,2]", "X": 1}, { "VarName": "x[0,0,6,1]", "X": 1}, { "VarName": "x[0,1,0,0]", "X": 1}, { "VarName": "x[0,1,2,1]", "X": 1}, { "VarName": "x[0,1,6,0]", "X": 1}, { "VarName": "x[0,2,0,1]", "X": 1}, { "VarName": "x[0,2,1,1]", "X": 1}, { "VarName": "x[0,2,2,2]", "X": 1}, { "VarName": "x[0,2,3,2]", "X": 1}, { "VarName": "x[1,0,3,0]", "X": 1}, { "VarName": "x[1,0,4,0]", "X": 1}, { "VarName": "x[1,1,1,2]", "X": 1}, { "VarName": "x[1,1,4,2]", "X": 1}, { "VarName": "x[1,2,3,2]", "X": 1}, { "VarName": "x[1,2,6,2]", "X": 1}, { "VarName": "x[2,0,3,1]", "X": 1}, { "VarName": "x[2,0,4,1]", "X": 1}, { "VarName": "x[2,1,2,0]", "X": 1}, { "VarName": "x[2,1,5,1]", "X": 1}, { "VarName": "x[2,1,6,0]", "X": 1}, { "VarName": "x[2,2,3,2]", "X": 1}, { "VarName": "x[3,0,4,0]", "X": 1}, { "VarName": "x[3,0,4,1]", "X": 1}, { "VarName": "x[3,1,4,1]", "X": 1}, { "VarName": "x[3,1,4,2]", "X": 1}, { "VarName": "x[4,1,4,0]", "X": 1}, { "VarName": "x[4,1,5,1]", "X": 1}, { "VarName": "x[4,1,5,2]", "X": 1}, { "VarName": "x[4,2,5,2]", "X": 1}, { "VarName": "x[5,0,6,0]", "X": 1}, { "VarName": "x[5,1,5,0]", "X": 1}, { "VarName": "x[5,1,6,2]", "X": 1}, { "VarName": "x[5,2,5,1]", "X": 1}, { "VarName": "x[5,2,6,1]", "X": 1}, { "VarName": "x[6,0,6,1]", "X": 1}, { "VarName": "x[6,1,6,2]", "X": 1}, { "VarName": "s[0,0,3]", "X": 1.2910000000000068e+03}, { "VarName": "s[0,1,6]", "X": 1.1224925479229842e+03}, { "VarName": "s[0,2,1]", "X": 7.8500000000000364e+02}, { "VarName": "s[1,0,5]", "X": 9.7400000000000659e+02}, { "VarName": "s[1,1,2]", "X": 777}, { "VarName": "s[1,2,2]", "X": 480}, { "VarName": "s[2,0,4]", "X": 8.1700000000000568e+02}, { "VarName": "s[2,1,6]", "X": 669.000000000004}, { "VarName": "s[2,2,1]", "X": 607.000000000004}, { "VarName": "s[3,0,3]", "X": 8.7100000000000432e+02}, { "VarName": "s[3,1,4]", "X": 5.4500000000000364e+02}, { "VarName": "s[3,2,1]", "X": 4.8000000000000364e+02}, { "VarName": "s[4,0,5]", "X": 673.000000000004}, { "VarName": "s[4,1,3]", "X": 608}, { "VarName": "s[4,2,0]", "X": 480}, { "VarName": "s[5,0,5]", "X": 1.3440000000000066e+03}, { "VarName": "s[5,1,2]", "X": 1.2219999999999995e+03}, { "VarName": "s[5,2,1]", "X": 1.0769999999999995e+03}, { "VarName": "s[6,0,4]", "X": 1.6510000000000070e+03}, { "VarName": "s[6,1,2]", "X": 1.5269999999999995e+03}, { "VarName": "s[6,2,0]", "X": 833}, { "VarName": "Z_FO", "X": 5221}, { "VarName": "C554", "X": 1}, { "VarName": "C558", "X": 1}, { "VarName": "C561", "X": 1}, { "VarName": "C563", "X": 1}, { "VarName": "C566", "X": 1}, { "VarName": "C568", "X": 1}, { "VarName": "C570", "X": 1}]}