{ "SolutionInfo": { "Status": 9, "Runtime": 3.6002070000171661e+03, "Work": 7.0175977090689832e+02, "ObjVal": 11812, "ObjBound": 6217, "ObjBoundC": 6217, "MIPGap": 4.7367084321029462e-01, "IntVio": 0, "BoundVio": 0, "ConstrVio": 2.5465851649641991e-11, "IterCount": 43429497, "BarIterCount": 0, "NodeCount": 1640306, "SolCount": 10, "PoolObjBound": 6217, "PoolObjVal": [ 11812, 11820, 12047, 12049, 12050, 12051, 12052, 12237, 12816, 12903]}, "Vars": [ { "VarName": "y[0,0,5]", "X": 1}, { "VarName": "y[0,1,4]", "X": 1}, { "VarName": "y[0,2,1]", "X": 1}, { "VarName": "y[0,3,2]", "X": 1}, { "VarName": "y[1,0,4]", "X": 1}, { "VarName": "y[1,1,5]", "X": 1}, { "VarName": "y[1,2,1]", "X": 1}, { "VarName": "y[1,3,0]", "X": 1}, { "VarName": "y[2,0,6]", "X": 1}, { "VarName": "y[2,1,3]", "X": 1}, { "VarName": "y[2,2,3]", "X": 1}, { "VarName": "y[2,3,0]", "X": 1}, { "VarName": "y[3,0,5]", "X": 1}, { "VarName": "y[3,1,3]", "X": 1}, { "VarName": "y[3,2,2]", "X": 1}, { "VarName": "y[3,3,0]", "X": 1}, { "VarName": "y[4,0,3]", "X": 1}, { "VarName": "y[4,1,5]", "X": 1}, { "VarName": "y[4,2,6]", "X": 1}, { "VarName": "y[4,3,0]", "X": 1}, { "VarName": "y[5,0,6]", "X": 1}, { "VarName": "y[5,1,4]", "X": 1}, { "VarName": "y[5,2,2]", "X": 1}, { "VarName": "y[5,3,1]", "X": 1}, { "VarName": "y[6,0,6]", "X": 1}, { "VarName": "y[6,1,4]", "X": 1}, { "VarName": "y[6,2,2]", "X": 1}, { "VarName": "y[6,3,2]", "X": 1}, { "VarName": "y[7,0,6]", "X": 1}, { "VarName": "y[7,1,5]", "X": 1}, { "VarName": "y[7,2,4]", "X": 1}, { "VarName": "y[7,3,2]", "X": 1}, { "VarName": "x[0,0,0,1]", "X": 1}, { "VarName": "x[0,0,0,2]", "X": 1}, { "VarName": "x[0,0,4,1]", "X": 1}, { "VarName": "x[0,0,5,0]", "X": 1}, { "VarName": "x[0,1,2,1]", "X": 1}, { "VarName": "x[0,1,4,2]", "X": 1}, { "VarName": "x[0,1,5,1]", "X": 1}, { "VarName": "x[0,1,7,3]", "X": 1}, { "VarName": "x[0,2,0,1]", "X": 1}, { "VarName": "x[0,2,1,0]", "X": 1}, { "VarName": "x[0,2,1,1]", "X": 1}, { "VarName": "x[0,2,2,3]", "X": 1}, { "VarName": "x[0,2,4,0]", "X": 1}, { "VarName": "x[0,2,4,1]", "X": 1}, { "VarName": "x[0,2,4,2]", "X": 1}, { "VarName": "x[0,2,5,3]", "X": 1}, { "VarName": "x[0,2,6,0]", "X": 1}, { "VarName": "x[0,2,6,1]", "X": 1}, { "VarName": "x[0,3,0,2]", "X": 1}, { "VarName": "x[0,3,1,3]", "X": 1}, { "VarName": "x[0,3,5,2]", "X": 1}, { "VarName": "x[0,3,5,3]", "X": 1}, { "VarName": "x[1,0,2,2]", "X": 1}, { "VarName": "x[1,0,4,2]", "X": 1}, { "VarName": "x[1,0,5,1]", "X": 1}, { "VarName": "x[1,0,7,1]", "X": 1}, { "VarName": "x[1,1,1,0]", "X": 1}, { "VarName": "x[1,1,4,1]", "X": 1}, { "VarName": "x[1,1,5,1]", "X": 1}, { "VarName": "x[1,1,7,0]", "X": 1}, { "VarName": "x[1,2,1,3]", "X": 1}, { "VarName": "x[1,2,3,2]", "X": 1}, { "VarName": "x[1,2,3,3]", "X": 1}, { "VarName": "x[1,2,5,2]", "X": 1}, { "VarName": "x[1,2,5,3]", "X": 1}, { "VarName": "x[1,2,6,2]", "X": 1}, { "VarName": "x[1,2,6,3]", "X": 1}, { "VarName": "x[1,2,7,3]", "X": 1}, { "VarName": "x[1,3,2,3]", "X": 1}, { "VarName": "x[1,3,3,2]", "X": 1}, { "VarName": "x[1,3,4,3]", "X": 1}, { "VarName": "x[1,3,5,2]", "X": 1}, { "VarName": "x[1,3,6,2]", "X": 1}, { "VarName": "x[2,0,2,2]", "X": 1}, { "VarName": "x[2,0,4,1]", "X": 1}, { "VarName": "x[2,0,4,2]", "X": 1}, { "VarName": "x[2,0,5,0]", "X": 1}, { "VarName": "x[2,1,2,0]", "X": 1}, { "VarName": "x[2,1,2,2]", "X": 1}, { "VarName": "x[2,1,3,2]", "X": 1}, { "VarName": "x[2,1,4,0]", "X": 1}, { "VarName": "x[2,1,5,1]", "X": 1}, { "VarName": "x[2,1,6,0]", "X": 1}, { "VarName": "x[2,1,7,1]", "X": 1}, { "VarName": "x[2,2,4,0]", "X": 1}, { "VarName": "x[2,2,5,0]", "X": 1}, { "VarName": "x[2,2,6,2]", "X": 1}, { "VarName": "x[2,2,6,3]", "X": 1}, { "VarName": "x[2,2,7,0]", "X": 1}, { "VarName": "x[2,3,4,3]", "X": 1}, { "VarName": "x[3,0,4,1]", "X": 1}, { "VarName": "x[3,0,4,2]", "X": 1}, { "VarName": "x[3,0,5,1]", "X": 1}, { "VarName": "x[3,1,3,0]", "X": 1}, { "VarName": "x[3,1,4,0]", "X": 1}, { "VarName": "x[3,1,4,1]", "X": 1}, { "VarName": "x[3,1,4,2]", "X": 1}, { "VarName": "x[3,1,7,2]", "X": 1}, { "VarName": "x[3,2,3,0]", "X": 1}, { "VarName": "x[3,2,4,2]", "X": 1}, { "VarName": "x[3,2,5,1]", "X": 1}, { "VarName": "x[3,2,5,2]", "X": 1}, { "VarName": "x[3,2,6,1]", "X": 1}, { "VarName": "x[3,2,6,2]", "X": 1}, { "VarName": "x[3,2,6,3]", "X": 1}, { "VarName": "x[3,2,7,2]", "X": 1}, { "VarName": "x[3,3,4,3]", "X": 1}, { "VarName": "x[3,3,5,3]", "X": 1}, { "VarName": "x[4,0,4,2]", "X": 1}, { "VarName": "x[4,0,5,2]", "X": 1}, { "VarName": "x[4,0,7,1]", "X": 1}, { "VarName": "x[4,1,4,0]", "X": 1}, { "VarName": "x[4,2,4,1]", "X": 1}, { "VarName": "x[4,2,5,1]", "X": 1}, { "VarName": "x[4,2,5,3]", "X": 1}, { "VarName": "x[4,3,4,1]", "X": 1}, { "VarName": "x[4,3,5,3]", "X": 1}, { "VarName": "x[5,1,5,0]", "X": 1}, { "VarName": "x[5,1,6,2]", "X": 1}, { "VarName": "x[5,2,5,0]", "X": 1}, { "VarName": "x[5,2,5,1]", "X": 1}, { "VarName": "x[5,3,5,0]", "X": 1}, { "VarName": "x[5,3,5,2]", "X": 1}, { "VarName": "x[5,3,6,2]", "X": 1}, { "VarName": "x[5,3,7,3]", "X": 1}, { "VarName": "x[6,0,6,1]", "X": 1}, { "VarName": "x[6,0,7,1]", "X": 1}, { "VarName": "x[6,0,7,2]", "X": 1}, { "VarName": "x[6,1,7,0]", "X": 1}, { "VarName": "x[6,2,6,0]", "X": 1}, { "VarName": "x[6,2,6,1]", "X": 1}, { "VarName": "x[6,2,6,3]", "X": 1}, { "VarName": "x[6,2,7,1]", "X": 1}, { "VarName": "x[7,1,7,0]", "X": 1}, { "VarName": "x[7,2,7,0]", "X": 1}, { "VarName": "x[7,2,7,1]", "X": 1}, { "VarName": "s[0,0,5]", "X": 1.4449999999999891e+03}, { "VarName": "s[0,1,4]", "X": 1.2849999999999891e+03}, { "VarName": "s[0,2,1]", "X": 894}, { "VarName": "s[0,3,2]", "X": 794}, { "VarName": "s[1,0,4]", "X": 1.7979999999999864e+03}, { "VarName": "s[1,1,5]", "X": 1.7029999999999864e+03}, { "VarName": "s[1,2,1]", "X": 1.6369999999999864e+03}, { "VarName": "s[1,3,0]", "X": 1.4229999999999864e+03}, { "VarName": "s[2,0,6]", "X": 1.6219999999999984e+03}, { "VarName": "s[2,1,3]", "X": 1.4319999999999984e+03}, { "VarName": "s[2,2,3]", "X": 1.1649999999999984e+03}, { "VarName": "s[2,3,0]", "X": 1.0249999999999864e+03}, { "VarName": "s[3,0,5]", "X": 2.4449999999999736e+03}, { "VarName": "s[3,1,3]", "X": 2.2999999999999736e+03}, { "VarName": "s[3,2,2]", "X": 2.0499999999999736e+03}, { "VarName": "s[3,3,0]", "X": 1.9629999999999736e+03}, { "VarName": "s[4,0,3]", "X": 7.7899999999999989e+02}, { "VarName": "s[4,1,5]", "X": 6.9399999999999989e+02}, { "VarName": "s[4,2,4]", "X": 3.5242919693700969e-12}, { "VarName": "s[4,2,6]", "X": 6.0799999999999636e+02}, { "VarName": "s[4,3,0]", "X": 4.7999999999999994e+02}, { "VarName": "s[5,0,6]", "X": 8.6699999999996362e+02}, { "VarName": "s[5,1,4]", "X": 7.4699999999998909e+02}, { "VarName": "s[5,2,2]", "X": 6.2499999999997453e+02}, { "VarName": "s[5,3,1]", "X": 480}, { "VarName": "s[6,0,6]", "X": 2.2949999999999864e+03}, { "VarName": "s[6,1,4]", "X": 2.1499999999999864e+03}, { "VarName": "s[6,2,2]", "X": 1683}, { "VarName": "s[6,3,2]", "X": 1146}, { "VarName": "s[7,0,6]", "X": 3.2059999999999864e+03}, { "VarName": "s[7,1,5]", "X": 3.0409999999999864e+03}, { "VarName": "s[7,2,4]", "X": 2.7729999999999864e+03}, { "VarName": "s[7,3,2]", "X": 2.5159999999999864e+03}, { "VarName": "Z_FO", "X": 11812}, { "VarName": "C1181", "X": 1}, { "VarName": "C1183", "X": 1}, { "VarName": "C1186", "X": 1}, { "VarName": "C1188", "X": 1}, { "VarName": "C1189", "X": 1}, { "VarName": "C1192", "X": 1}, { "VarName": "C1194", "X": 1}, { "VarName": "C1196", "X": 1}]}