{ "SolutionInfo": { "Status": 2, "Runtime": 0.0409998893737793, "Work": 9.1839575327554313e-03, "ObjVal": 1180, "ObjBound": 1180, "ObjBoundC": 1180, "MIPGap": 0, "IntVio": 0, "BoundVio": 0, "ConstrVio": 4.1495695768389851e-11, "IterCount": 323, "BarIterCount": 0, "NodeCount": 35, "SolCount": 4, "PoolObjBound": 1180, "PoolObjVal": [ 1180, 1402, 1718, 2090]}, "Vars": [ { "VarName": "y[0,0,0]", "X": 1}, { "VarName": "y[0,1,0]", "X": 1}, { "VarName": "y[1,0,1]", "X": 1}, { "VarName": "y[1,1,1]", "X": 1}, { "VarName": "y[2,0,0]", "X": 1}, { "VarName": "y[2,1,1]", "X": 1}, { "VarName": "x[0,0,0,1]", "X": 1}, { "VarName": "x[0,0,1,0]", "X": 1}, { "VarName": "x[1,0,1,1]", "X": 1}, { "VarName": "x[1,0,2,1]", "X": 1}, { "VarName": "x[2,1,2,0]", "X": 1}, { "VarName": "s[0,0,0]", "X": 6.5300000000001808e+02}, { "VarName": "s[0,1,0]", "X": 4.8000000000001666e+02}, { "VarName": "s[1,0,1]", "X": 902}, { "VarName": "s[1,1,1]", "X": 480}, { "VarName": "s[2,0,0]", "X": 8.6200000000002342e+02}, { "VarName": "s[2,1,1]", "X": 587}, { "VarName": "Z_FO", "X": 1180}, { "VarName": "C57", "X": 1}, { "VarName": "C59", "X": 1}, { "VarName": "C60", "X": 1}]}