{ "SolutionInfo": { "Status": 2, "Runtime": 8.4709999561309814e+00, "Work": 5.4686757880992, "ObjVal": 2908, "ObjBound": 2908, "ObjBoundC": 2.9079999999999995e+03, "MIPGap": 0, "IntVio": 0, "BoundVio": 0, "ConstrVio": 3.7516656448133290e-12, "IterCount": 558649, "BarIterCount": 0, "NodeCount": 42778, "SolCount": 10, "PoolObjBound": 2.9079999999999995e+03, "PoolObjVal": [ 2908, 2932, 2943, 2970, 2971, 2972, 3087, 3088, 3114, 3176]}, "Vars": [ { "VarName": "y[0,0,4]", "X": 1}, { "VarName": "y[0,1,3]", "X": 1}, { "VarName": "y[0,2,1]", "X": 1}, { "VarName": "y[1,0,6]", "X": 1}, { "VarName": "y[1,1,2]", "X": 1}, { "VarName": "y[1,2,0]", "X": 1}, { "VarName": "y[2,0,5]", "X": 1}, { "VarName": "y[2,1,3]", "X": 1}, { "VarName": "y[2,2,1]", "X": 1}, { "VarName": "y[3,0,5]", "X": 1}, { "VarName": "y[3,1,2]", "X": 1}, { "VarName": "y[3,2,0]", "X": 1}, { "VarName": "y[4,0,4]", "X": 1}, { "VarName": "y[4,1,4]", "X": 1}, { "VarName": "y[4,2,2]", "X": 1}, { "VarName": "x[0,0,0,1]", "X": 1}, { "VarName": "x[0,0,1,1]", "X": 1}, { "VarName": "x[0,0,2,1]", "X": 1}, { "VarName": "x[0,0,4,0]", "X": 1}, { "VarName": "x[0,0,4,1]", "X": 1}, { "VarName": "x[0,1,1,2]", "X": 1}, { "VarName": "x[0,1,2,0]", "X": 1}, { "VarName": "x[0,1,2,1]", "X": 1}, { "VarName": "x[0,1,4,1]", "X": 1}, { "VarName": "x[0,1,4,2]", "X": 1}, { "VarName": "x[0,2,0,1]", "X": 1}, { "VarName": "x[0,2,1,2]", "X": 1}, { "VarName": "x[0,2,2,1]", "X": 1}, { "VarName": "x[0,2,2,2]", "X": 1}, { "VarName": "x[0,2,3,1]", "X": 1}, { "VarName": "x[0,2,4,1]", "X": 1}, { "VarName": "x[0,2,4,2]", "X": 1}, { "VarName": "x[1,0,2,0]", "X": 1}, { "VarName": "x[1,1,1,2]", "X": 1}, { "VarName": "x[1,1,3,0]", "X": 1}, { "VarName": "x[1,1,3,2]", "X": 1}, { "VarName": "x[1,1,4,1]", "X": 1}, { "VarName": "x[1,1,4,2]", "X": 1}, { "VarName": "x[1,2,2,1]", "X": 1}, { "VarName": "x[1,2,4,1]", "X": 1}, { "VarName": "x[1,2,4,2]", "X": 1}, { "VarName": "x[2,0,2,1]", "X": 1}, { "VarName": "x[2,0,4,0]", "X": 1}, { "VarName": "x[2,1,4,1]", "X": 1}, { "VarName": "x[2,1,4,2]", "X": 1}, { "VarName": "x[3,0,4,1]", "X": 1}, { "VarName": "x[3,1,4,1]", "X": 1}, { "VarName": "x[3,1,4,2]", "X": 1}, { "VarName": "x[3,2,4,2]", "X": 1}, { "VarName": "x[4,0,4,1]", "X": 1}, { "VarName": "x[4,1,4,2]", "X": 1}, { "VarName": "s[0,0,4]", "X": 963.000000000001}, { "VarName": "s[0,1,3]", "X": 823}, { "VarName": "s[0,2,1]", "X": 701}, { "VarName": "s[1,0,6]", "X": 781}, { "VarName": "s[1,1,2]", "X": 694}, { "VarName": "s[1,2,0]", "X": 480}, { "VarName": "s[2,0,5]", "X": 647.000000000001}, { "VarName": "s[2,1,3]", "X": 542}, { "VarName": "s[2,2,1]", "X": 480}, { "VarName": "s[3,0,5]", "X": 1.4870000000000009e+03}, { "VarName": "s[3,1,2]", "X": 1237}, { "VarName": "s[3,2,0]", "X": 1096}, { "VarName": "s[4,0,4]", "X": 721.000000000001}, { "VarName": "s[4,1,4]", "X": 625}, { "VarName": "s[4,2,2]", "X": 480}, { "VarName": "Z_FO", "X": 2908}, { "VarName": "C305", "X": 1}, { "VarName": "C309", "X": 1}, { "VarName": "C312", "X": 1}, { "VarName": "C314", "X": 1}, { "VarName": "C315", "X": 1}]}