{ "SolutionInfo": { "Status": 2, "Runtime": 7.2000026702880859e-02, "Work": 2.0153229168673636e-02, "ObjVal": 2914, "ObjBound": 2914, "ObjBoundC": 2914, "MIPGap": 0, "IntVio": 0, "BoundVio": 0, "ConstrVio": 1.0231815394945443e-12, "IterCount": 825, "BarIterCount": 0, "NodeCount": 81, "SolCount": 10, "PoolObjBound": 2914, "PoolObjVal": [ 2914, 2914, 3.0699999999964980e+03, 3227, 3347, 3349, 3546, 3620, 3622, 3750]}, "Vars": [ { "VarName": "y[0,0,3]", "X": 1}, { "VarName": "y[0,1,1]", "X": 1}, { "VarName": "y[0,2,0]", "X": 1}, { "VarName": "y[1,0,4]", "X": 1}, { "VarName": "y[1,1,1]", "X": 1}, { "VarName": "y[1,2,0]", "X": 1}, { "VarName": "y[2,0,4]", "X": 1}, { "VarName": "y[2,1,2]", "X": 1}, { "VarName": "y[2,2,0]", "X": 1}, { "VarName": "y[3,0,3]", "X": 1}, { "VarName": "y[3,1,4]", "X": 1}, { "VarName": "y[3,2,1]", "X": 1}, { "VarName": "x[0,0,1,0]", "X": 1}, { "VarName": "x[0,0,2,0]", "X": 1}, { "VarName": "x[0,0,3,0]", "X": 1}, { "VarName": "x[0,0,3,1]", "X": 1}, { "VarName": "x[0,1,2,2]", "X": 1}, { "VarName": "x[0,1,3,2]", "X": 1}, { "VarName": "x[0,2,2,2]", "X": 1}, { "VarName": "x[1,0,2,0]", "X": 1}, { "VarName": "x[1,0,3,1]", "X": 1}, { "VarName": "x[1,1,2,1]", "X": 1}, { "VarName": "x[1,1,2,2]", "X": 1}, { "VarName": "x[1,1,3,0]", "X": 1}, { "VarName": "x[1,1,3,2]", "X": 1}, { "VarName": "x[1,2,1,1]", "X": 1}, { "VarName": "x[1,2,2,1]", "X": 1}, { "VarName": "x[1,2,2,2]", "X": 1}, { "VarName": "x[1,2,3,0]", "X": 1}, { "VarName": "x[2,0,3,0]", "X": 1}, { "VarName": "x[2,0,3,1]", "X": 1}, { "VarName": "x[2,2,3,2]", "X": 1}, { "VarName": "s[0,0,3]", "X": 1.1529999999999995e+03}, { "VarName": "s[0,1,1]", "X": 9.8579267226592447e+02}, { "VarName": "s[0,2,0]", "X": 801}, { "VarName": "s[1,0,4]", "X": 1.5180000000000011e+03}, { "VarName": "s[1,1,1]", "X": 1.4188309056433691e+03}, { "VarName": "s[1,2,0]", "X": 1062}, { "VarName": "s[2,0,4]", "X": 8.7200000000000034e+02}, { "VarName": "s[2,1,2]", "X": 567}, { "VarName": "s[2,2,0]", "X": 480}, { "VarName": "s[3,0,3]", "X": 7.1799999999999864e+02}, { "VarName": "s[3,1,4]", "X": 5.4499999999999966e+02}, { "VarName": "s[3,2,1]", "X": 4.8000000000000045e+02}, { "VarName": "Z_FO", "X": 2914}, { "VarName": "C185", "X": 1}, { "VarName": "C187", "X": 1}, { "VarName": "C189", "X": 1}, { "VarName": "C191", "X": 1}]}