{ "SolutionInfo": { "Status": 2, "Runtime": 9.9999904632568359e-03, "Work": 0.00065249306949717, "ObjVal": 1339, "ObjBound": 1339, "ObjBoundC": 1339, "MIPGap": 0, "IntVio": 0, "BoundVio": 0, "ConstrVio": 0, "IterCount": 12, "BarIterCount": 0, "NodeCount": 1, "SolCount": 4, "PoolObjBound": 1339, "PoolObjVal": [ 1339, 1402, 1403, 1405]}, "Vars": [ { "VarName": "y[0,0,1]", "X": 1}, { "VarName": "y[0,1,0]", "X": 1}, { "VarName": "y[1,0,1]", "X": 1}, { "VarName": "y[1,1,0]", "X": 1}, { "VarName": "x[0,0,1,0]", "X": 1}, { "VarName": "x[0,1,0,0]", "X": 1}, { "VarName": "x[0,1,1,1]", "X": 1}, { "VarName": "s[0,0,1]", "X": 724}, { "VarName": "s[0,1,0]", "X": 635}, { "VarName": "s[1,0,1]", "X": 501}, { "VarName": "s[1,1,0]", "X": 480}, { "VarName": "Z_FO", "X": 1339}]}