{ "SolutionInfo": { "Status": 2, "Runtime": 6.0999870300292969e-02, "Work": 2.1557733163498724e-02, "ObjVal": 587, "ObjBound": 587, "ObjBoundC": 587, "MIPGap": 0, "IntVio": 0, "BoundVio": 0, "ConstrVio": 1.0004441719502211e-11, "IterCount": 1324, "BarIterCount": 0, "NodeCount": 197, "SolCount": 4, "PoolObjBound": 587, "PoolObjVal": [ 587, 627, 706, 842]}, "Vars": [ { "VarName": "y[0,0,0]", "X": 1}, { "VarName": "y[0,1,1]", "X": 1}, { "VarName": "y[1,0,1]", "X": 1}, { "VarName": "y[1,1,0]", "X": 1}, { "VarName": "y[2,0,1]", "X": 1}, { "VarName": "y[2,1,0]", "X": 1}, { "VarName": "x[0,0,2,1]", "X": 1}, { "VarName": "x[0,1,2,0]", "X": 1}, { "VarName": "x[0,1,2,1]", "X": 1}, { "VarName": "x[1,0,2,0]", "X": 1}, { "VarName": "x[1,1,2,1]", "X": 1}, { "VarName": "s[0,0,0]", "X": 6.0000000000000318e+02}, { "VarName": "s[0,1,1]", "X": 5.6400000000000773e+02}, { "VarName": "s[1,0,1]", "X": 8.0399999999999011e+02}, { "VarName": "s[1,1,0]", "X": 7.7000000000000011e+02}, { "VarName": "s[2,0,1]", "X": 5.0100000000000762e+02}, { "VarName": "s[2,1,0]", "X": 480}, { "VarName": "Z_FO", "X": 587}, { "VarName": "C61", "X": 1}, { "VarName": "C64", "X": 1}, { "VarName": "C66", "X": 1}]}