{ "SolutionInfo": { "Status": 2, "Runtime": 9.9999904632568359e-03, "Work": 4.1459977243401929e-04, "ObjVal": 379, "ObjBound": 379, "ObjBoundC": 379, "MIPGap": 0, "IntVio": 0, "BoundVio": 0, "ConstrVio": 2.4556356947869062e-11, "IterCount": 8, "BarIterCount": 0, "NodeCount": 1, "SolCount": 2, "PoolObjBound": 379, "PoolObjVal": [ 379, 445]}, "Vars": [ { "VarName": "y[0,0,1]", "X": 1}, { "VarName": "y[0,1,0]", "X": 1}, { "VarName": "y[1,0,1]", "X": 1}, { "VarName": "y[1,1,0]", "X": 1}, { "VarName": "x[0,0,1,0]", "X": 1}, { "VarName": "x[0,1,1,1]", "X": 1}, { "VarName": "s[0,0,1]", "X": 7.2400000000001660e+02}, { "VarName": "s[0,1,0]", "X": 635}, { "VarName": "s[1,0,1]", "X": 501.000000000008}, { "VarName": "s[1,1,0]", "X": 480}, { "VarName": "Z_FO", "X": 379}, { "VarName": "C30", "X": 1}, { "VarName": "C31", "X": 1}]}