{ "SolutionInfo": { "Status": 2, "Runtime": 4.6000003814697266e-02, "Work": 1.5878090989194675e-02, "ObjVal": 3306, "ObjBound": 3306, "ObjBoundC": 3306, "MIPGap": 0, "IntVio": 0, "BoundVio": 0, "ConstrVio": 0, "IterCount": 921, "BarIterCount": 0, "NodeCount": 177, "SolCount": 7, "PoolObjBound": 3306, "PoolObjVal": [ 3306, 3306, 3324, 3346, 3403, 3429, 3551]}, "Vars": [ { "VarName": "y[0,0,1]", "X": 1}, { "VarName": "y[0,1,1]", "X": 1}, { "VarName": "y[0,2,0]", "X": 1}, { "VarName": "y[1,0,2]", "X": 1}, { "VarName": "y[1,1,1]", "X": 1}, { "VarName": "y[1,2,0]", "X": 1}, { "VarName": "y[2,0,2]", "X": 1}, { "VarName": "y[2,1,2]", "X": 1}, { "VarName": "y[2,2,0]", "X": 1}, { "VarName": "x[0,0,0,1]", "X": 1}, { "VarName": "x[0,0,1,1]", "X": 1}, { "VarName": "x[0,0,2,0]", "X": 1}, { "VarName": "x[0,0,2,1]", "X": 1}, { "VarName": "x[0,1,1,1]", "X": 1}, { "VarName": "x[0,2,1,1]", "X": 1}, { "VarName": "x[0,2,1,2]", "X": 1}, { "VarName": "x[1,1,2,0]", "X": 1}, { "VarName": "x[2,0,2,1]", "X": 1}, { "VarName": "x[2,2,2,0]", "X": 1}, { "VarName": "s[0,0,1]", "X": 1156}, { "VarName": "s[0,1,1]", "X": 920}, { "VarName": "s[0,2,0]", "X": 682}, { "VarName": "s[1,0,2]", "X": 670}, { "VarName": "s[1,1,1]", "X": 510}, { "VarName": "s[1,2,0]", "X": 480}, { "VarName": "s[2,0,2]", "X": 1260}, { "VarName": "s[2,1,2]", "X": 1008}, { "VarName": "s[2,2,0]", "X": 958}, { "VarName": "Z_FO", "X": 3306}]}