{ "SolutionInfo": { "Status": 2, "Runtime": 6.2000012397766113e-01, "Work": 2.5120890687354747e-01, "ObjVal": 2027, "ObjBound": 2027, "ObjBoundC": 2027, "MIPGap": 0, "IntVio": 0, "BoundVio": 0, "ConstrVio": 0, "IterCount": 2582, "BarIterCount": 0, "NodeCount": 29002, "SolCount": 8, "PoolObjBound": 2027, "PoolObjVal": [ 2027, 2067, 2094, 2123, 2145, 2146, 2218, 2258]}, "Vars": [ { "VarName": "y[0,0,0]", "X": 1}, { "VarName": "y[0,1,1]", "X": 1}, { "VarName": "y[1,0,1]", "X": 1}, { "VarName": "y[1,1,0]", "X": 1}, { "VarName": "y[2,0,1]", "X": 1}, { "VarName": "y[2,1,0]", "X": 1}, { "VarName": "x[0,0,2,1]", "X": 1}, { "VarName": "x[0,1,2,0]", "X": 1}, { "VarName": "x[1,0,2,0]", "X": 1}, { "VarName": "x[1,1,2,1]", "X": 1}, { "VarName": "s[0,0,0]", "X": 600}, { "VarName": "s[0,1,1]", "X": 564}, { "VarName": "s[1,0,1]", "X": 804}, { "VarName": "s[1,1,0]", "X": 770}, { "VarName": "s[2,0,1]", "X": 501}, { "VarName": "s[2,1,0]", "X": 480}, { "VarName": "Z_FO", "X": 2027}]}