{ "SolutionInfo": { "Status": 2, "Runtime": 4.0000200271606445e-02, "Work": 1.2513525849720562e-02, "ObjVal": 4834, "ObjBound": 4834, "ObjBoundC": 4834, "MIPGap": 0, "IntVio": 0, "BoundVio": 0, "ConstrVio": 0, "IterCount": 603, "BarIterCount": 0, "NodeCount": 88, "SolCount": 5, "PoolObjBound": 4834, "PoolObjVal": [ 4834, 4863, 6165, 6279, 6942]}, "Vars": [ { "VarName": "y[0,0,3]", "X": 1}, { "VarName": "y[0,1,1]", "X": 1}, { "VarName": "y[0,2,0]", "X": 1}, { "VarName": "y[1,0,4]", "X": 1}, { "VarName": "y[1,1,2]", "X": 1}, { "VarName": "y[1,2,0]", "X": 1}, { "VarName": "y[2,0,4]", "X": 1}, { "VarName": "y[2,1,2]", "X": 1}, { "VarName": "y[2,2,0]", "X": 1}, { "VarName": "y[3,0,3]", "X": 1}, { "VarName": "y[3,1,4]", "X": 1}, { "VarName": "y[3,2,1]", "X": 1}, { "VarName": "x[0,0,3,0]", "X": 1}, { "VarName": "x[0,1,1,1]", "X": 1}, { "VarName": "x[0,1,2,2]", "X": 1}, { "VarName": "x[0,1,3,2]", "X": 1}, { "VarName": "x[0,2,2,2]", "X": 1}, { "VarName": "x[1,0,2,0]", "X": 1}, { "VarName": "x[1,0,3,1]", "X": 1}, { "VarName": "x[1,1,1,2]", "X": 1}, { "VarName": "x[1,1,2,1]", "X": 1}, { "VarName": "x[1,1,3,0]", "X": 1}, { "VarName": "x[1,2,2,2]", "X": 1}, { "VarName": "x[2,0,3,1]", "X": 1}, { "VarName": "x[2,1,3,0]", "X": 1}, { "VarName": "x[2,2,3,2]", "X": 1}, { "VarName": "s[0,0,3]", "X": 1153}, { "VarName": "s[0,1,1]", "X": 948}, { "VarName": "s[0,2,0]", "X": 801}, { "VarName": "s[1,0,4]", "X": 1518}, { "VarName": "s[1,1,2]", "X": 1276}, { "VarName": "s[1,2,0]", "X": 1062}, { "VarName": "s[2,0,4]", "X": 872}, { "VarName": "s[2,1,2]", "X": 567}, { "VarName": "s[2,2,0]", "X": 480}, { "VarName": "s[3,0,3]", "X": 718}, { "VarName": "s[3,1,4]", "X": 545}, { "VarName": "s[3,2,1]", "X": 480}, { "VarName": "Z_FO", "X": 4834}]}