{ "SolutionInfo": { "Status": 2, "Runtime": 2.9000043869018555e-02, "Work": 2.2337728956687659e-03, "ObjVal": 271, "ObjBound": 271, "ObjBoundC": 271, "MIPGap": 0, "IntVio": 0, "BoundVio": 0, "ConstrVio": 3.3480773709015921e-11, "IterCount": 54, "BarIterCount": 0, "NodeCount": 1, "SolCount": 1, "PoolObjBound": 271, "PoolObjVal": [ 271]}, "Vars": [ { "VarName": "y[0,0,1]", "X": 1}, { "VarName": "y[0,1,0]", "X": 1}, { "VarName": "y[1,0,0]", "X": 1}, { "VarName": "y[1,1,1]", "X": 1}, { "VarName": "x[0,1,0,0]", "X": 1}, { "VarName": "x[1,1,1,0]", "X": 1}, { "VarName": "s[0,0,1]", "X": 5.0500000000001177e+02}, { "VarName": "s[0,1,0]", "X": 480}, { "VarName": "s[1,0,0]", "X": 6.8100000000002171e+02}, { "VarName": "s[1,1,1]", "X": 6.1600000000002171e+02}, { "VarName": "Z_FO", "X": 271}, { "VarName": "C34", "X": 1}, { "VarName": "C35", "X": 1}]}