{ "SolutionInfo": { "Status": 2, "Runtime": 3.3796399998664856e+02, "Work": 8.7692485859481650e+01, "ObjVal": 4367, "ObjBound": 4367, "ObjBoundC": 4.3669999999999964e+03, "MIPGap": 0, "IntVio": 0, "BoundVio": 0, "ConstrVio": 4.5474735088646412e-12, "IterCount": 6386420, "BarIterCount": 0, "NodeCount": 434002, "SolCount": 10, "PoolObjBound": 4.3669999999999964e+03, "PoolObjVal": [ 4367, 4367, 4519, 4520, 4521, 4523, 4525, 4527, 4.5279999999999973e+03, 4594]}, "Vars": [ { "VarName": "y[0,0,6]", "X": 1}, { "VarName": "y[0,1,1]", "X": 1}, { "VarName": "y[0,2,2]", "X": 1}, { "VarName": "y[1,0,5]", "X": 1}, { "VarName": "y[1,1,2]", "X": 1}, { "VarName": "y[1,2,0]", "X": 1}, { "VarName": "y[2,0,4]", "X": 1}, { "VarName": "y[2,1,6]", "X": 1}, { "VarName": "y[2,2,1]", "X": 1}, { "VarName": "y[3,0,3]", "X": 1}, { "VarName": "y[3,1,4]", "X": 1}, { "VarName": "y[3,2,1]", "X": 1}, { "VarName": "y[4,0,4]", "X": 1}, { "VarName": "y[4,1,3]", "X": 1}, { "VarName": "y[4,2,0]", "X": 1}, { "VarName": "y[5,0,5]", "X": 1}, { "VarName": "y[5,1,2]", "X": 1}, { "VarName": "y[5,2,3]", "X": 1}, { "VarName": "x[0,0,2,0]", "X": 1}, { "VarName": "x[0,0,2,1]", "X": 1}, { "VarName": "x[0,0,4,0]", "X": 1}, { "VarName": "x[0,0,4,1]", "X": 1}, { "VarName": "x[0,0,5,1]", "X": 1}, { "VarName": "x[0,1,0,0]", "X": 1}, { "VarName": "x[0,1,2,2]", "X": 1}, { "VarName": "x[0,1,5,2]", "X": 1}, { "VarName": "x[0,2,0,1]", "X": 1}, { "VarName": "x[0,2,5,2]", "X": 1}, { "VarName": "x[1,0,2,0]", "X": 1}, { "VarName": "x[1,0,3,0]", "X": 1}, { "VarName": "x[1,0,3,1]", "X": 1}, { "VarName": "x[1,0,4,1]", "X": 1}, { "VarName": "x[1,0,5,1]", "X": 1}, { "VarName": "x[1,1,2,0]", "X": 1}, { "VarName": "x[1,1,2,1]", "X": 1}, { "VarName": "x[1,1,2,2]", "X": 1}, { "VarName": "x[1,2,1,1]", "X": 1}, { "VarName": "x[1,2,2,2]", "X": 1}, { "VarName": "x[1,2,5,2]", "X": 1}, { "VarName": "x[2,0,2,1]", "X": 1}, { "VarName": "x[2,0,5,1]", "X": 1}, { "VarName": "x[2,0,5,2]", "X": 1}, { "VarName": "x[2,1,5,0]", "X": 1}, { "VarName": "x[2,1,5,2]", "X": 1}, { "VarName": "x[2,2,4,2]", "X": 1}, { "VarName": "x[3,0,4,0]", "X": 1}, { "VarName": "x[3,0,4,1]", "X": 1}, { "VarName": "x[3,0,5,1]", "X": 1}, { "VarName": "x[3,0,5,2]", "X": 1}, { "VarName": "x[3,1,4,0]", "X": 1}, { "VarName": "x[3,1,4,1]", "X": 1}, { "VarName": "x[3,1,4,2]", "X": 1}, { "VarName": "x[3,1,5,1]", "X": 1}, { "VarName": "x[3,1,5,2]", "X": 1}, { "VarName": "x[4,0,5,1]", "X": 1}, { "VarName": "x[4,1,4,0]", "X": 1}, { "VarName": "x[4,1,4,2]", "X": 1}, { "VarName": "x[4,1,5,1]", "X": 1}, { "VarName": "x[4,1,5,2]", "X": 1}, { "VarName": "x[5,0,5,1]", "X": 1}, { "VarName": "x[5,2,5,1]", "X": 1}, { "VarName": "s[0,0,6]", "X": 1.1340000000000009e+03}, { "VarName": "s[0,1,1]", "X": 8.1200000000000091e+02}, { "VarName": "s[0,2,2]", "X": 480}, { "VarName": "s[1,0,5]", "X": 8.0800000000000250e+02}, { "VarName": "s[1,1,2]", "X": 721}, { "VarName": "s[1,2,0]", "X": 480}, { "VarName": "s[2,0,4]", "X": 6.8700000000000091e+02}, { "VarName": "s[2,1,6]", "X": 5.4200000000000091e+02}, { "VarName": "s[2,2,1]", "X": 4.8000000000000085e+02}, { "VarName": "s[3,0,3]", "X": 1.5719999999999993e+03}, { "VarName": "s[3,1,4]", "X": 1399}, { "VarName": "s[3,2,1]", "X": 1.2620000000000011e+03}, { "VarName": "s[4,0,4]", "X": 1009}, { "VarName": "s[4,1,3]", "X": 9.4400000000000057e+02}, { "VarName": "s[4,2,0]", "X": 816}, { "VarName": "s[5,0,5]", "X": 1.1470000000000011e+03}, { "VarName": "s[5,1,2]", "X": 1.0250000000000014e+03}, { "VarName": "s[5,2,3]", "X": 536.630566568883}, { "VarName": "Z_FO", "X": 4367}, { "VarName": "C423", "X": 1}, { "VarName": "C425", "X": 1}, { "VarName": "C428", "X": 1}, { "VarName": "C430", "X": 1}, { "VarName": "C432", "X": 1}, { "VarName": "C435", "X": 1}]}