{ "SolutionInfo": { "Status": 2, "Runtime": 1.1499699997901917e+02, "Work": 6.7616656873024269e+01, "ObjVal": 8885, "ObjBound": 8885, "ObjBoundC": 8885, "MIPGap": 0, "IntVio": 0, "BoundVio": 0, "ConstrVio": 0, "IterCount": 10834042, "BarIterCount": 0, "NodeCount": 1453465, "SolCount": 10, "PoolObjBound": 8885, "PoolObjVal": [ 8885, 8885, 9.0809999999999982e+03, 9103, 9155, 9263, 9281, 9322, 9323, 9643]}, "Vars": [ { "VarName": "y[0,0,3]", "X": 1}, { "VarName": "y[0,1,6]", "X": 1}, { "VarName": "y[0,2,0]", "X": 1}, { "VarName": "y[1,0,5]", "X": 1}, { "VarName": "y[1,1,2]", "X": 1}, { "VarName": "y[1,2,2]", "X": 1}, { "VarName": "y[2,0,4]", "X": 1}, { "VarName": "y[2,1,6]", "X": 1}, { "VarName": "y[2,2,1]", "X": 1}, { "VarName": "y[3,0,3]", "X": 1}, { "VarName": "y[3,1,4]", "X": 1}, { "VarName": "y[3,2,1]", "X": 1}, { "VarName": "y[4,0,5]", "X": 1}, { "VarName": "y[4,1,3]", "X": 1}, { "VarName": "y[4,2,0]", "X": 1}, { "VarName": "y[5,0,5]", "X": 1}, { "VarName": "y[5,1,2]", "X": 1}, { "VarName": "y[5,2,1]", "X": 1}, { "VarName": "y[6,0,4]", "X": 1}, { "VarName": "y[6,1,2]", "X": 1}, { "VarName": "y[6,2,1]", "X": 1}, { "VarName": "x[0,0,0,1]", "X": 1}, { "VarName": "x[0,0,2,0]", "X": 1}, { "VarName": "x[0,0,3,0]", "X": 1}, { "VarName": "x[0,0,3,1]", "X": 1}, { "VarName": "x[0,0,4,1]", "X": 1}, { "VarName": "x[0,0,5,0]", "X": 1}, { "VarName": "x[0,0,5,1]", "X": 1}, { "VarName": "x[0,0,6,1]", "X": 1}, { "VarName": "x[0,1,0,2]", "X": 1}, { "VarName": "x[0,1,1,1]", "X": 1}, { "VarName": "x[0,1,2,1]", "X": 1}, { "VarName": "x[0,1,3,2]", "X": 1}, { "VarName": "x[0,1,5,0]", "X": 1}, { "VarName": "x[0,1,6,0]", "X": 1}, { "VarName": "x[0,1,6,2]", "X": 1}, { "VarName": "x[0,2,1,1]", "X": 1}, { "VarName": "x[0,2,3,1]", "X": 1}, { "VarName": "x[0,2,4,0]", "X": 1}, { "VarName": "x[0,2,4,2]", "X": 1}, { "VarName": "x[0,2,5,1]", "X": 1}, { "VarName": "x[0,2,6,2]", "X": 1}, { "VarName": "x[1,0,2,0]", "X": 1}, { "VarName": "x[1,0,2,1]", "X": 1}, { "VarName": "x[1,0,3,0]", "X": 1}, { "VarName": "x[1,0,3,1]", "X": 1}, { "VarName": "x[1,0,4,0]", "X": 1}, { "VarName": "x[1,0,5,1]", "X": 1}, { "VarName": "x[1,0,6,1]", "X": 1}, { "VarName": "x[1,1,1,2]", "X": 1}, { "VarName": "x[1,1,3,1]", "X": 1}, { "VarName": "x[1,1,4,2]", "X": 1}, { "VarName": "x[1,1,5,2]", "X": 1}, { "VarName": "x[1,2,3,1]", "X": 1}, { "VarName": "x[1,2,3,2]", "X": 1}, { "VarName": "x[1,2,4,2]", "X": 1}, { "VarName": "x[1,2,5,2]", "X": 1}, { "VarName": "x[1,2,6,2]", "X": 1}, { "VarName": "x[2,0,3,1]", "X": 1}, { "VarName": "x[2,0,4,1]", "X": 1}, { "VarName": "x[2,0,5,1]", "X": 1}, { "VarName": "x[2,0,5,2]", "X": 1}, { "VarName": "x[2,1,2,0]", "X": 1}, { "VarName": "x[2,1,3,0]", "X": 1}, { "VarName": "x[2,1,4,2]", "X": 1}, { "VarName": "x[2,1,5,1]", "X": 1}, { "VarName": "x[2,1,5,2]", "X": 1}, { "VarName": "x[2,1,6,1]", "X": 1}, { "VarName": "x[2,2,3,2]", "X": 1}, { "VarName": "x[2,2,4,0]", "X": 1}, { "VarName": "x[3,0,4,1]", "X": 1}, { "VarName": "x[3,0,5,1]", "X": 1}, { "VarName": "x[3,0,6,0]", "X": 1}, { "VarName": "x[3,1,4,0]", "X": 1}, { "VarName": "x[3,1,4,1]", "X": 1}, { "VarName": "x[3,1,4,2]", "X": 1}, { "VarName": "x[3,1,5,2]", "X": 1}, { "VarName": "x[3,1,6,2]", "X": 1}, { "VarName": "x[3,2,4,0]", "X": 1}, { "VarName": "x[4,1,4,0]", "X": 1}, { "VarName": "x[4,1,5,2]", "X": 1}, { "VarName": "x[4,2,4,0]", "X": 1}, { "VarName": "x[4,2,5,1]", "X": 1}, { "VarName": "x[4,2,6,1]", "X": 1}, { "VarName": "x[4,2,6,2]", "X": 1}, { "VarName": "x[5,1,5,0]", "X": 1}, { "VarName": "x[5,1,6,0]", "X": 1}, { "VarName": "x[5,2,5,1]", "X": 1}, { "VarName": "x[5,2,6,1]", "X": 1}, { "VarName": "x[6,0,6,1]", "X": 1}, { "VarName": "x[6,1,6,2]", "X": 1}, { "VarName": "s[0,0,3]", "X": 1291}, { "VarName": "s[0,1,6]", "X": 1084}, { "VarName": "s[0,2,0]", "X": 818}, { "VarName": "s[1,0,5]", "X": 974}, { "VarName": "s[1,1,2]", "X": 777}, { "VarName": "s[1,2,2]", "X": 480}, { "VarName": "s[2,0,4]", "X": 817}, { "VarName": "s[2,1,6]", "X": 669}, { "VarName": "s[2,2,1]", "X": 607}, { "VarName": "s[3,0,3]", "X": 871}, { "VarName": "s[3,1,4]", "X": 545}, { "VarName": "s[3,2,1]", "X": 480}, { "VarName": "s[4,0,5]", "X": 673}, { "VarName": "s[4,1,3]", "X": 608}, { "VarName": "s[4,2,0]", "X": 480}, { "VarName": "s[5,0,5]", "X": 1277}, { "VarName": "s[5,1,2]", "X": 1155}, { "VarName": "s[5,2,1]", "X": 844}, { "VarName": "s[6,0,4]", "X": 2022}, { "VarName": "s[6,1,2]", "X": 1898}, { "VarName": "s[6,2,1]", "X": 1741}, { "VarName": "Z_FO", "X": 8885}]}