{ "SolutionInfo": { "Status": 9, "Runtime": 3.6002769999504089e+03, "Work": 4.6217037499661274e+02, "ObjVal": 7929, "ObjBound": 5946, "ObjBoundC": 5.9454378285892062e+03, "MIPGap": 2.5009458948164964e-01, "IntVio": 0, "BoundVio": 0, "ConstrVio": 1.8189894035458565e-12, "IterCount": 31467815, "BarIterCount": 0, "NodeCount": 2543644, "SolCount": 10, "PoolObjBound": 5946, "PoolObjVal": [ 7929, 8004, 8219, 8228, 8.3100000000000036e+03, 8370, 8431, 8599, 8.7430000000000018e+03, 8787]}, "Vars": [ { "VarName": "y[0,0,3]", "X": 1}, { "VarName": "y[0,1,1]", "X": 1}, { "VarName": "y[0,2,0]", "X": 1}, { "VarName": "y[1,0,5]", "X": 1}, { "VarName": "y[1,1,1]", "X": 1}, { "VarName": "y[1,2,2]", "X": 1}, { "VarName": "y[2,0,4]", "X": 1}, { "VarName": "y[2,1,6]", "X": 1}, { "VarName": "y[2,2,0]", "X": 1}, { "VarName": "y[3,0,5]", "X": 1}, { "VarName": "y[3,1,2]", "X": 1}, { "VarName": "y[3,2,0]", "X": 1}, { "VarName": "y[4,0,4]", "X": 1}, { "VarName": "y[4,1,6]", "X": 1}, { "VarName": "y[4,2,2]", "X": 1}, { "VarName": "y[5,0,6]", "X": 1}, { "VarName": "y[5,1,3]", "X": 1}, { "VarName": "y[5,2,2]", "X": 1}, { "VarName": "y[6,0,5]", "X": 1}, { "VarName": "y[6,1,4]", "X": 1}, { "VarName": "y[6,2,1]", "X": 1}, { "VarName": "y[7,0,5]", "X": 1}, { "VarName": "y[7,1,4]", "X": 1}, { "VarName": "y[7,2,3]", "X": 1}, { "VarName": "x[0,0,0,1]", "X": 1}, { "VarName": "x[0,0,2,1]", "X": 1}, { "VarName": "x[0,0,3,1]", "X": 1}, { "VarName": "x[0,0,4,1]", "X": 1}, { "VarName": "x[0,0,5,1]", "X": 1}, { "VarName": "x[0,0,5,2]", "X": 1}, { "VarName": "x[0,0,7,0]", "X": 1}, { "VarName": "x[0,0,7,2]", "X": 1}, { "VarName": "x[0,1,0,2]", "X": 1}, { "VarName": "x[0,1,1,1]", "X": 1}, { "VarName": "x[0,1,2,0]", "X": 1}, { "VarName": "x[0,1,2,1]", "X": 1}, { "VarName": "x[0,1,3,0]", "X": 1}, { "VarName": "x[0,1,3,2]", "X": 1}, { "VarName": "x[0,1,4,0]", "X": 1}, { "VarName": "x[0,1,4,2]", "X": 1}, { "VarName": "x[0,1,5,0]", "X": 1}, { "VarName": "x[0,1,5,1]", "X": 1}, { "VarName": "x[0,1,5,2]", "X": 1}, { "VarName": "x[0,1,6,2]", "X": 1}, { "VarName": "x[0,1,7,0]", "X": 1}, { "VarName": "x[0,1,7,2]", "X": 1}, { "VarName": "x[0,2,1,1]", "X": 1}, { "VarName": "x[0,2,1,2]", "X": 1}, { "VarName": "x[0,2,2,1]", "X": 1}, { "VarName": "x[0,2,2,2]", "X": 1}, { "VarName": "x[0,2,4,0]", "X": 1}, { "VarName": "x[0,2,4,2]", "X": 1}, { "VarName": "x[0,2,5,2]", "X": 1}, { "VarName": "x[1,0,2,0]", "X": 1}, { "VarName": "x[1,0,3,1]", "X": 1}, { "VarName": "x[1,0,4,0]", "X": 1}, { "VarName": "x[1,0,4,1]", "X": 1}, { "VarName": "x[1,0,7,1]", "X": 1}, { "VarName": "x[1,1,1,2]", "X": 1}, { "VarName": "x[1,1,2,1]", "X": 1}, { "VarName": "x[1,1,5,1]", "X": 1}, { "VarName": "x[1,1,6,1]", "X": 1}, { "VarName": "x[1,2,3,2]", "X": 1}, { "VarName": "x[1,2,6,2]", "X": 1}, { "VarName": "x[2,0,2,1]", "X": 1}, { "VarName": "x[2,0,3,0]", "X": 1}, { "VarName": "x[2,0,3,1]", "X": 1}, { "VarName": "x[2,0,5,0]", "X": 1}, { "VarName": "x[2,0,5,1]", "X": 1}, { "VarName": "x[2,0,5,2]", "X": 1}, { "VarName": "x[2,0,6,0]", "X": 1}, { "VarName": "x[2,0,7,0]", "X": 1}, { "VarName": "x[2,1,3,1]", "X": 1}, { "VarName": "x[2,1,4,2]", "X": 1}, { "VarName": "x[2,1,5,2]", "X": 1}, { "VarName": "x[2,1,6,2]", "X": 1}, { "VarName": "x[2,1,7,2]", "X": 1}, { "VarName": "x[2,2,4,0]", "X": 1}, { "VarName": "x[2,2,4,2]", "X": 1}, { "VarName": "x[2,2,6,2]", "X": 1}, { "VarName": "x[3,0,4,0]", "X": 1}, { "VarName": "x[3,0,4,1]", "X": 1}, { "VarName": "x[3,0,5,1]", "X": 1}, { "VarName": "x[3,0,5,2]", "X": 1}, { "VarName": "x[3,0,6,0]", "X": 1}, { "VarName": "x[3,0,7,0]", "X": 1}, { "VarName": "x[3,0,7,1]", "X": 1}, { "VarName": "x[3,0,7,2]", "X": 1}, { "VarName": "x[3,1,4,2]", "X": 1}, { "VarName": "x[3,1,5,1]", "X": 1}, { "VarName": "x[3,1,5,2]", "X": 1}, { "VarName": "x[3,1,6,2]", "X": 1}, { "VarName": "x[3,1,7,1]", "X": 1}, { "VarName": "x[3,1,7,2]", "X": 1}, { "VarName": "x[3,2,4,2]", "X": 1}, { "VarName": "x[4,0,4,1]", "X": 1}, { "VarName": "x[4,0,4,2]", "X": 1}, { "VarName": "x[4,0,6,0]", "X": 1}, { "VarName": "x[4,0,6,1]", "X": 1}, { "VarName": "x[4,0,7,0]", "X": 1}, { "VarName": "x[4,0,7,1]", "X": 1}, { "VarName": "x[4,1,5,0]", "X": 1}, { "VarName": "x[4,1,5,1]", "X": 1}, { "VarName": "x[4,1,6,1]", "X": 1}, { "VarName": "x[4,1,7,1]", "X": 1}, { "VarName": "x[4,1,7,2]", "X": 1}, { "VarName": "x[4,2,5,2]", "X": 1}, { "VarName": "x[4,2,6,2]", "X": 1}, { "VarName": "x[5,0,7,0]", "X": 1}, { "VarName": "x[5,1,5,0]", "X": 1}, { "VarName": "x[5,1,6,1]", "X": 1}, { "VarName": "x[5,1,6,2]", "X": 1}, { "VarName": "x[5,1,7,2]", "X": 1}, { "VarName": "x[5,2,5,1]", "X": 1}, { "VarName": "x[5,2,6,1]", "X": 1}, { "VarName": "x[6,0,7,0]", "X": 1}, { "VarName": "x[6,1,6,0]", "X": 1}, { "VarName": "x[6,1,7,1]", "X": 1}, { "VarName": "x[6,2,6,1]", "X": 1}, { "VarName": "x[7,1,7,0]", "X": 1}, { "VarName": "s[0,0,3]", "X": 1491}, { "VarName": "s[0,1,1]", "X": 1361}, { "VarName": "s[0,2,0]", "X": 1.0110000000000018e+03}, { "VarName": "s[1,0,5]", "X": 6.9599999999999977e+02}, { "VarName": "s[1,1,1]", "X": 630}, { "VarName": "s[1,2,2]", "X": 4.7999999999999972e+02}, { "VarName": "s[2,0,4]", "X": 712}, { "VarName": "s[2,1,6]", "X": 567}, { "VarName": "s[2,2,0]", "X": 480}, { "VarName": "s[3,0,5]", "X": 2.1430000000000018e+03}, { "VarName": "s[3,1,2]", "X": 1.8930000000000020e+03}, { "VarName": "s[3,2,0]", "X": 1.8060000000000018e+03}, { "VarName": "s[3,2,1]", "X": 2.2358755851823179e-13}, { "VarName": "s[4,0,4]", "X": 1.7070000000000009e+03}, { "VarName": "s[4,1,6]", "X": 1.6210000000000009e+03}, { "VarName": "s[4,2,2]", "X": 1.4760000000000009e+03}, { "VarName": "s[5,0,6]", "X": 1.2149999999999991e+03}, { "VarName": "s[5,1,3]", "X": 1.0649999999999991e+03}, { "VarName": "s[5,2,2]", "X": 7.4499999999999909e+02}, { "VarName": "s[6,0,5]", "X": 1550}, { "VarName": "s[6,1,4]", "X": 1.3290000000000009e+03}, { "VarName": "s[6,2,1]", "X": 901}, { "VarName": "s[7,0,5]", "X": 1154}, { "VarName": "s[7,1,4]", "X": 886}, { "VarName": "s[7,2,3]", "X": 480}, { "VarName": "Z_FO", "X": 7929}, { "VarName": "C701", "X": 1}, { "VarName": "C705", "X": 1}, { "VarName": "C708", "X": 1}, { "VarName": "C711", "X": 1}, { "VarName": "C713", "X": 1}, { "VarName": "C717", "X": 1}, { "VarName": "C719", "X": 1}, { "VarName": "C722", "X": 1}]}