{ "SolutionInfo": { "Status": 2, "Runtime": 6.8000078201293945e-02, "Work": 2.2762616983311963e-02, "ObjVal": 2932, "ObjBound": 2932, "ObjBoundC": 2932, "MIPGap": 0, "IntVio": 0, "BoundVio": 0, "ConstrVio": 0, "IterCount": 1717, "BarIterCount": 0, "NodeCount": 519, "SolCount": 10, "PoolObjBound": 2932, "PoolObjVal": [ 2932, 2968, 2979, 2981, 2988, 3000, 3032, 3107, 3334, 3753]}, "Vars": [ { "VarName": "y[0,0,3]", "X": 1}, { "VarName": "y[0,1,1]", "X": 1}, { "VarName": "y[0,2,0]", "X": 1}, { "VarName": "y[1,0,2]", "X": 1}, { "VarName": "y[1,1,1]", "X": 1}, { "VarName": "y[1,2,0]", "X": 1}, { "VarName": "y[2,0,4]", "X": 1}, { "VarName": "y[2,1,3]", "X": 1}, { "VarName": "y[2,2,1]", "X": 1}, { "VarName": "x[0,0,0,1]", "X": 1}, { "VarName": "x[0,0,2,0]", "X": 1}, { "VarName": "x[0,0,2,1]", "X": 1}, { "VarName": "x[0,1,0,2]", "X": 1}, { "VarName": "x[0,1,1,1]", "X": 1}, { "VarName": "x[0,1,2,0]", "X": 1}, { "VarName": "x[0,1,2,1]", "X": 1}, { "VarName": "x[0,1,2,2]", "X": 1}, { "VarName": "x[0,2,1,1]", "X": 1}, { "VarName": "x[0,2,1,2]", "X": 1}, { "VarName": "x[0,2,2,2]", "X": 1}, { "VarName": "x[1,1,1,2]", "X": 1}, { "VarName": "x[1,1,2,2]", "X": 1}, { "VarName": "x[1,2,1,0]", "X": 1}, { "VarName": "s[0,0,3]", "X": 1142}, { "VarName": "s[0,1,1]", "X": 1012}, { "VarName": "s[0,2,0]", "X": 895}, { "VarName": "s[1,0,2]", "X": 863}, { "VarName": "s[1,1,1]", "X": 797}, { "VarName": "s[1,2,0]", "X": 480}, { "VarName": "s[2,0,4]", "X": 612}, { "VarName": "s[2,1,3]", "X": 542}, { "VarName": "s[2,2,1]", "X": 480}, { "VarName": "Z_FO", "X": 2932}]}