{ "SolutionInfo": { "Status": 2, "Runtime": 1.2999987602233887e-01, "Work": 6.2982398531177958e-02, "ObjVal": 850, "ObjBound": 850, "ObjBoundC": 850, "MIPGap": 0, "IntVio": 0, "BoundVio": 0, "ConstrVio": 2.0463630789890885e-12, "IterCount": 4976, "BarIterCount": 0, "NodeCount": 987, "SolCount": 4, "PoolObjBound": 850, "PoolObjVal": [ 850, 905, 962, 963]}, "Vars": [ { "VarName": "y[0,0,2]", "X": 1}, { "VarName": "y[0,1,1]", "X": 1}, { "VarName": "y[0,2,0]", "X": 1}, { "VarName": "y[1,0,2]", "X": 1}, { "VarName": "y[1,1,0]", "X": 1}, { "VarName": "y[1,2,2]", "X": 1}, { "VarName": "y[2,0,1]", "X": 1}, { "VarName": "y[2,1,1]", "X": 1}, { "VarName": "y[2,2,0]", "X": 1}, { "VarName": "x[0,0,0,2]", "X": 1}, { "VarName": "x[0,0,1,2]", "X": 1}, { "VarName": "x[0,1,0,2]", "X": 1}, { "VarName": "x[1,0,1,2]", "X": 1}, { "VarName": "x[1,0,2,1]", "X": 1}, { "VarName": "x[1,1,2,2]", "X": 1}, { "VarName": "x[2,0,2,1]", "X": 1}, { "VarName": "s[0,0,2]", "X": 574.000000000001}, { "VarName": "s[0,1,1]", "X": 497}, { "VarName": "s[0,2,0]", "X": 480}, { "VarName": "s[1,0,2]", "X": 759.000000000001}, { "VarName": "s[1,1,0]", "X": 709}, { "VarName": "s[1,2,2]", "X": 480}, { "VarName": "s[2,0,1]", "X": 747}, { "VarName": "s[2,1,1]", "X": 613}, { "VarName": "s[2,2,0]", "X": 561}, { "VarName": "Z_FO", "X": 850}, { "VarName": "C119", "X": 1}, { "VarName": "C121", "X": 1}, { "VarName": "C122", "X": 1}]}