{ "SolutionInfo": { "Status": 2, "Runtime": 3.2999992370605469e-02, "Work": 6.0069361767675980e-03, "ObjVal": 2620, "ObjBound": 2620, "ObjBoundC": 2620, "MIPGap": 0, "IntVio": 0, "BoundVio": 0, "ConstrVio": 0, "IterCount": 168, "BarIterCount": 0, "NodeCount": 1, "SolCount": 6, "PoolObjBound": 2620, "PoolObjVal": [ 2620, 2722, 2994, 3019, 3150, 3530]}, "Vars": [ { "VarName": "y[0,0,0]", "X": 1}, { "VarName": "y[0,1,0]", "X": 1}, { "VarName": "y[1,0,1]", "X": 1}, { "VarName": "y[1,1,1]", "X": 1}, { "VarName": "y[2,0,0]", "X": 1}, { "VarName": "y[2,1,1]", "X": 1}, { "VarName": "x[0,0,0,1]", "X": 1}, { "VarName": "x[1,0,1,1]", "X": 1}, { "VarName": "x[1,0,2,0]", "X": 1}, { "VarName": "x[1,0,2,1]", "X": 1}, { "VarName": "s[0,0,0]", "X": 653}, { "VarName": "s[0,1,0]", "X": 480}, { "VarName": "s[1,0,1]", "X": 902}, { "VarName": "s[1,1,1]", "X": 480}, { "VarName": "s[2,0,0]", "X": 862}, { "VarName": "s[2,1,1]", "X": 587}, { "VarName": "Z_FO", "X": 2620}]}