{ "SolutionInfo": { "Status": 2, "Runtime": 7.2000026702880859e-02, "Work": 2.6476380504421221e-02, "ObjVal": 1866, "ObjBound": 1866, "ObjBoundC": 1866, "MIPGap": 0, "IntVio": 0, "BoundVio": 0, "ConstrVio": 1.3187673175707459e-11, "IterCount": 1796, "BarIterCount": 0, "NodeCount": 300, "SolCount": 4, "PoolObjBound": 1866, "PoolObjVal": [ 1866, 1876, 2085, 2086]}, "Vars": [ { "VarName": "y[0,0,1]", "X": 1}, { "VarName": "y[0,1,1]", "X": 1}, { "VarName": "y[0,2,0]", "X": 1}, { "VarName": "y[1,0,2]", "X": 1}, { "VarName": "y[1,1,1]", "X": 1}, { "VarName": "y[1,2,0]", "X": 1}, { "VarName": "y[2,0,2]", "X": 1}, { "VarName": "y[2,1,2]", "X": 1}, { "VarName": "y[2,2,0]", "X": 1}, { "VarName": "x[0,0,0,1]", "X": 1}, { "VarName": "x[0,0,1,0]", "X": 1}, { "VarName": "x[0,0,1,1]", "X": 1}, { "VarName": "x[0,0,2,1]", "X": 1}, { "VarName": "x[0,0,2,2]", "X": 1}, { "VarName": "x[0,1,1,1]", "X": 1}, { "VarName": "x[0,1,1,2]", "X": 1}, { "VarName": "x[0,2,1,1]", "X": 1}, { "VarName": "x[0,2,1,2]", "X": 1}, { "VarName": "x[1,1,1,2]", "X": 1}, { "VarName": "x[1,1,2,0]", "X": 1}, { "VarName": "x[2,0,2,1]", "X": 1}, { "VarName": "x[2,1,2,2]", "X": 1}, { "VarName": "s[0,0,1]", "X": 1156}, { "VarName": "s[0,1,1]", "X": 920}, { "VarName": "s[0,2,0]", "X": 682}, { "VarName": "s[1,0,2]", "X": 6.7000000000000125e+02}, { "VarName": "s[1,1,1]", "X": 510}, { "VarName": "s[1,2,0]", "X": 480}, { "VarName": "s[2,0,2]", "X": 1.2600000000000118e+03}, { "VarName": "s[2,1,2]", "X": 1.0080000000000117e+03}, { "VarName": "s[2,2,0]", "X": 958}, { "VarName": "Z_FO", "X": 1866}, { "VarName": "C112", "X": 1}, { "VarName": "C114", "X": 1}, { "VarName": "C116", "X": 1}]}