{ "SolutionInfo": { "Status": 9, "Runtime": 3.6003919999599457e+03, "Work": 6.7245927398208494e+02, "ObjVal": 14463, "ObjBound": 6582, "ObjBoundC": 6.5818280929407165e+03, "MIPGap": 5.4490769549885920e-01, "IntVio": 0, "BoundVio": 0, "ConstrVio": 4.6566128730773926e-10, "IterCount": 31039955, "BarIterCount": 0, "NodeCount": 1682717, "SolCount": 10, "PoolObjBound": 6582, "PoolObjVal": [ 14463, 14465, 14466, 14467, 14469, 14470, 14471, 14472, 14473, 14474]}, "Vars": [ { "VarName": "y[0,0,7]", "X": 1}, { "VarName": "y[0,1,3]", "X": 1}, { "VarName": "y[0,2,1]", "X": 1}, { "VarName": "y[0,3,1]", "X": 1}, { "VarName": "y[1,0,4]", "X": 1}, { "VarName": "y[1,1,6]", "X": 1}, { "VarName": "y[1,2,2]", "X": 1}, { "VarName": "y[1,3,0]", "X": 1}, { "VarName": "y[2,0,7]", "X": 1}, { "VarName": "y[2,1,4]", "X": 1}, { "VarName": "y[2,2,3]", "X": 1}, { "VarName": "y[2,3,1]", "X": 1}, { "VarName": "y[3,0,5]", "X": 1}, { "VarName": "y[3,1,5]", "X": 1}, { "VarName": "y[3,2,2]", "X": 1}, { "VarName": "y[3,3,0]", "X": 1}, { "VarName": "y[4,0,7]", "X": 1}, { "VarName": "y[4,1,5]", "X": 1}, { "VarName": "y[4,2,3]", "X": 1}, { "VarName": "y[4,3,0]", "X": 1}, { "VarName": "y[5,0,6]", "X": 1}, { "VarName": "y[5,1,4]", "X": 1}, { "VarName": "y[5,2,2]", "X": 1}, { "VarName": "y[5,3,1]", "X": 1}, { "VarName": "y[6,0,7]", "X": 1}, { "VarName": "y[6,1,6]", "X": 1}, { "VarName": "y[6,2,4]", "X": 1}, { "VarName": "y[6,3,2]", "X": 1}, { "VarName": "y[7,0,6]", "X": 1}, { "VarName": "y[7,1,4]", "X": 1}, { "VarName": "y[7,2,5]", "X": 1}, { "VarName": "y[7,3,3]", "X": 1}, { "VarName": "y[8,0,5]", "X": 1}, { "VarName": "y[8,1,6]", "X": 1}, { "VarName": "y[8,2,3]", "X": 1}, { "VarName": "y[8,3,1]", "X": 1}, { "VarName": "x[0,0,1,0]", "X": 1}, { "VarName": "x[0,0,4,0]", "X": 1}, { "VarName": "x[0,0,6,0]", "X": 1}, { "VarName": "x[0,1,0,0]", "X": 1}, { "VarName": "x[0,1,1,0]", "X": 1}, { "VarName": "x[0,1,1,1]", "X": 1}, { "VarName": "x[0,1,2,2]", "X": 1}, { "VarName": "x[0,1,3,1]", "X": 1}, { "VarName": "x[0,1,4,2]", "X": 1}, { "VarName": "x[0,1,5,1]", "X": 1}, { "VarName": "x[0,1,6,0]", "X": 1}, { "VarName": "x[0,1,6,1]", "X": 1}, { "VarName": "x[0,1,6,2]", "X": 1}, { "VarName": "x[0,1,7,0]", "X": 1}, { "VarName": "x[0,1,7,1]", "X": 1}, { "VarName": "x[0,1,7,3]", "X": 1}, { "VarName": "x[0,2,0,0]", "X": 1}, { "VarName": "x[0,2,0,1]", "X": 1}, { "VarName": "x[0,2,0,3]", "X": 1}, { "VarName": "x[0,2,1,2]", "X": 1}, { "VarName": "x[0,2,2,1]", "X": 1}, { "VarName": "x[0,2,2,2]", "X": 1}, { "VarName": "x[0,2,2,3]", "X": 1}, { "VarName": "x[0,2,4,2]", "X": 1}, { "VarName": "x[0,2,5,0]", "X": 1}, { "VarName": "x[0,2,5,3]", "X": 1}, { "VarName": "x[0,2,6,3]", "X": 1}, { "VarName": "x[0,2,7,0]", "X": 1}, { "VarName": "x[0,3,1,3]", "X": 1}, { "VarName": "x[0,3,2,2]", "X": 1}, { "VarName": "x[0,3,3,2]", "X": 1}, { "VarName": "x[0,3,3,3]", "X": 1}, { "VarName": "x[0,3,4,3]", "X": 1}, { "VarName": "x[0,3,8,2]", "X": 1}, { "VarName": "x[1,0,3,0]", "X": 1}, { "VarName": "x[1,0,4,0]", "X": 1}, { "VarName": "x[1,0,5,2]", "X": 1}, { "VarName": "x[1,0,6,0]", "X": 1}, { "VarName": "x[1,0,6,1]", "X": 1}, { "VarName": "x[1,0,6,2]", "X": 1}, { "VarName": "x[1,0,7,1]", "X": 1}, { "VarName": "x[1,0,8,0]", "X": 1}, { "VarName": "x[1,0,8,1]", "X": 1}, { "VarName": "x[1,1,1,0]", "X": 1}, { "VarName": "x[1,1,2,0]", "X": 1}, { "VarName": "x[1,1,2,1]", "X": 1}, { "VarName": "x[1,1,3,0]", "X": 1}, { "VarName": "x[1,1,3,1]", "X": 1}, { "VarName": "x[1,1,4,2]", "X": 1}, { "VarName": "x[1,1,5,1]", "X": 1}, { "VarName": "x[1,1,6,1]", "X": 1}, { "VarName": "x[1,1,7,0]", "X": 1}, { "VarName": "x[1,1,7,2]", "X": 1}, { "VarName": "x[1,2,6,3]", "X": 1}, { "VarName": "x[1,3,1,2]", "X": 1}, { "VarName": "x[1,3,3,2]", "X": 1}, { "VarName": "x[2,0,2,1]", "X": 1}, { "VarName": "x[2,0,3,0]", "X": 1}, { "VarName": "x[2,0,3,1]", "X": 1}, { "VarName": "x[2,0,4,0]", "X": 1}, { "VarName": "x[2,0,4,1]", "X": 1}, { "VarName": "x[2,0,6,0]", "X": 1}, { "VarName": "x[2,0,7,2]", "X": 1}, { "VarName": "x[2,1,3,0]", "X": 1}, { "VarName": "x[2,1,3,1]", "X": 1}, { "VarName": "x[2,1,4,2]", "X": 1}, { "VarName": "x[2,1,5,1]", "X": 1}, { "VarName": "x[2,1,5,3]", "X": 1}, { "VarName": "x[2,1,6,2]", "X": 1}, { "VarName": "x[2,1,7,1]", "X": 1}, { "VarName": "x[2,1,7,3]", "X": 1}, { "VarName": "x[2,1,8,0]", "X": 1}, { "VarName": "x[2,1,8,2]", "X": 1}, { "VarName": "x[2,2,2,1]", "X": 1}, { "VarName": "x[2,2,3,1]", "X": 1}, { "VarName": "x[2,2,3,2]", "X": 1}, { "VarName": "x[2,2,4,2]", "X": 1}, { "VarName": "x[2,2,4,3]", "X": 1}, { "VarName": "x[2,2,6,3]", "X": 1}, { "VarName": "x[2,2,7,3]", "X": 1}, { "VarName": "x[2,3,3,3]", "X": 1}, { "VarName": "x[2,3,6,3]", "X": 1}, { "VarName": "x[3,0,3,1]", "X": 1}, { "VarName": "x[3,0,4,1]", "X": 1}, { "VarName": "x[3,0,6,1]", "X": 1}, { "VarName": "x[3,0,7,2]", "X": 1}, { "VarName": "x[3,0,8,1]", "X": 1}, { "VarName": "x[3,1,4,1]", "X": 1}, { "VarName": "x[3,1,4,2]", "X": 1}, { "VarName": "x[3,1,5,2]", "X": 1}, { "VarName": "x[3,1,6,1]", "X": 1}, { "VarName": "x[3,1,7,2]", "X": 1}, { "VarName": "x[3,2,3,0]", "X": 1}, { "VarName": "x[3,2,5,1]", "X": 1}, { "VarName": "x[3,2,6,3]", "X": 1}, { "VarName": "x[3,2,7,2]", "X": 1}, { "VarName": "x[3,3,4,3]", "X": 1}, { "VarName": "x[4,0,4,1]", "X": 1}, { "VarName": "x[4,0,6,0]", "X": 1}, { "VarName": "x[4,0,7,2]", "X": 1}, { "VarName": "x[4,1,5,2]", "X": 1}, { "VarName": "x[4,1,5,3]", "X": 1}, { "VarName": "x[4,1,6,1]", "X": 1}, { "VarName": "x[4,1,6,2]", "X": 1}, { "VarName": "x[4,1,7,2]", "X": 1}, { "VarName": "x[4,1,8,3]", "X": 1}, { "VarName": "x[4,2,4,1]", "X": 1}, { "VarName": "x[4,2,5,1]", "X": 1}, { "VarName": "x[4,2,6,0]", "X": 1}, { "VarName": "x[4,2,6,1]", "X": 1}, { "VarName": "x[4,2,7,3]", "X": 1}, { "VarName": "x[4,2,8,1]", "X": 1}, { "VarName": "x[4,3,4,1]", "X": 1}, { "VarName": "x[4,3,5,2]", "X": 1}, { "VarName": "x[4,3,6,3]", "X": 1}, { "VarName": "x[4,3,7,3]", "X": 1}, { "VarName": "x[4,3,8,3]", "X": 1}, { "VarName": "x[5,0,5,1]", "X": 1}, { "VarName": "x[5,0,5,3]", "X": 1}, { "VarName": "x[5,0,6,1]", "X": 1}, { "VarName": "x[5,0,7,0]", "X": 1}, { "VarName": "x[5,0,7,3]", "X": 1}, { "VarName": "x[5,0,8,2]", "X": 1}, { "VarName": "x[5,1,5,2]", "X": 1}, { "VarName": "x[5,1,6,1]", "X": 1}, { "VarName": "x[5,1,6,2]", "X": 1}, { "VarName": "x[5,1,7,0]", "X": 1}, { "VarName": "x[5,1,7,1]", "X": 1}, { "VarName": "x[5,1,7,2]", "X": 1}, { "VarName": "x[5,1,8,0]", "X": 1}, { "VarName": "x[5,1,8,1]", "X": 1}, { "VarName": "x[5,2,5,0]", "X": 1}, { "VarName": "x[5,2,6,1]", "X": 1}, { "VarName": "x[5,2,6,3]", "X": 1}, { "VarName": "x[5,2,7,3]", "X": 1}, { "VarName": "x[5,3,5,2]", "X": 1}, { "VarName": "x[5,3,6,3]", "X": 1}, { "VarName": "x[5,3,7,3]", "X": 1}, { "VarName": "x[6,0,7,0]", "X": 1}, { "VarName": "x[6,0,7,1]", "X": 1}, { "VarName": "x[6,1,6,0]", "X": 1}, { "VarName": "x[6,1,7,2]", "X": 1}, { "VarName": "x[6,2,6,0]", "X": 1}, { "VarName": "x[6,2,6,1]", "X": 1}, { "VarName": "x[6,2,6,3]", "X": 1}, { "VarName": "x[6,2,8,1]", "X": 1}, { "VarName": "x[6,2,8,2]", "X": 1}, { "VarName": "x[6,3,7,3]", "X": 1}, { "VarName": "x[7,1,7,0]", "X": 1}, { "VarName": "x[7,1,8,0]", "X": 1}, { "VarName": "x[7,1,8,1]", "X": 1}, { "VarName": "x[7,2,7,1]", "X": 1}, { "VarName": "x[8,2,8,3]", "X": 1}, { "VarName": "s[0,0,7]", "X": 2.1009999999999145e+03}, { "VarName": "s[0,1,3]", "X": 1.9039999999999950e+03}, { "VarName": "s[0,2,1]", "X": 1.7739999999999948e+03}, { "VarName": "s[0,3,1]", "X": 4.7999999999999636e+02}, { "VarName": "s[1,0,4]", "X": 1.8359999999996817e+03}, { "VarName": "s[1,1,6]", "X": 1.5559999999996410e+03}, { "VarName": "s[1,2,2]", "X": 8.1499999999999272e+02}, { "VarName": "s[1,3,0]", "X": 4.7999999999999636e+02}, { "VarName": "s[2,0,7]", "X": 2.6099999999999145e+03}, { "VarName": "s[2,1,4]", "X": 2.2749999999996826e+03}, { "VarName": "s[2,2,3]", "X": 1.5799999999999363e+03}, { "VarName": "s[2,3,1]", "X": 9.8799999999999363e+02}, { "VarName": "s[3,0,5]", "X": 2.2839999999999468e+03}, { "VarName": "s[3,1,5]", "X": 1.7779999999999482e+03}, { "VarName": "s[3,2,2]", "X": 1353}, { "VarName": "s[3,3,0]", "X": 1266}, { "VarName": "s[4,0,7]", "X": 1.4679999999999145e+03}, { "VarName": "s[4,1,5]", "X": 1.3829999999999472e+03}, { "VarName": "s[4,2,3]", "X": 1.3179999999999964e+03}, { "VarName": "s[4,3,0]", "X": 7.7999999999995634e+02}, { "VarName": "s[5,0,6]", "X": 2.1569999999996817e+03}, { "VarName": "s[5,1,4]", "X": 2.0369999999996826e+03}, { "VarName": "s[5,2,2]", "X": 1.8319999999999927e+03}, { "VarName": "s[5,3,1]", "X": 1.3119999999999948e+03}, { "VarName": "s[6,0,7]", "X": 9.7099999999987267e+02}, { "VarName": "s[6,1,6]", "X": 7.9299999999989268e+02}, { "VarName": "s[6,2,4]", "X": 6.2499999999996589e+02}, { "VarName": "s[6,3,2]", "X": 4.7999999999999454e+02}, { "VarName": "s[7,0,6]", "X": 1.2949999999997381e+03}, { "VarName": "s[7,1,4]", "X": 1.0809999999998729e+03}, { "VarName": "s[7,2,5]", "X": 7.2399999999999454e+02}, { "VarName": "s[7,3,3]", "X": 4.7999999999999636e+02}, { "VarName": "s[8,0,5]", "X": 2.7159999999995780e+03}, { "VarName": "s[8,1,6]", "X": 2.6659999999995780e+03}, { "VarName": "s[8,2,3]", "X": 2.4439999999999345e+03}, { "VarName": "s[8,3,1]", "X": 2.1859999999999936e+03}, { "VarName": "Z_FO", "X": 14463}, { "VarName": "C1470", "X": 1}, { "VarName": "C1471", "X": 1}, { "VarName": "C1474", "X": 1}, { "VarName": "C1476", "X": 1}, { "VarName": "C1478", "X": 1}, { "VarName": "C1480", "X": 1}, { "VarName": "C1482", "X": 1}, { "VarName": "C1483", "X": 1}, { "VarName": "C1485", "X": 1}]}