{ "SolutionInfo": { "Status": 2, "Runtime": 9.2999935150146484e-02, "Work": 0.0339904495738011, "ObjVal": 1492, "ObjBound": 1492, "ObjBoundC": 1492, "MIPGap": 0, "IntVio": 0, "BoundVio": 0, "ConstrVio": 0, "IterCount": 2636, "BarIterCount": 0, "NodeCount": 642, "SolCount": 10, "PoolObjBound": 1492, "PoolObjVal": [ 1492, 1522, 1539, 1.5409999999944148e+03, 1.5479999999988363e+03, 1560, 1850, 1851, 1853, 1854]}, "Vars": [ { "VarName": "y[0,0,3]", "X": 1}, { "VarName": "y[0,1,1]", "X": 1}, { "VarName": "y[0,2,0]", "X": 1}, { "VarName": "y[1,0,2]", "X": 1}, { "VarName": "y[1,1,1]", "X": 1}, { "VarName": "y[1,2,0]", "X": 1}, { "VarName": "y[2,0,4]", "X": 1}, { "VarName": "y[2,1,3]", "X": 1}, { "VarName": "y[2,2,1]", "X": 1}, { "VarName": "x[0,0,0,1]", "X": 1}, { "VarName": "x[0,0,1,0]", "X": 1}, { "VarName": "x[0,0,2,0]", "X": 1}, { "VarName": "x[0,0,2,1]", "X": 1}, { "VarName": "x[0,1,0,2]", "X": 1}, { "VarName": "x[0,1,1,1]", "X": 1}, { "VarName": "x[0,1,2,2]", "X": 1}, { "VarName": "x[0,2,1,2]", "X": 1}, { "VarName": "x[0,2,2,2]", "X": 1}, { "VarName": "x[1,0,1,1]", "X": 1}, { "VarName": "x[1,0,2,0]", "X": 1}, { "VarName": "x[1,1,1,2]", "X": 1}, { "VarName": "x[1,1,2,2]", "X": 1}, { "VarName": "x[1,2,1,0]", "X": 1}, { "VarName": "x[1,2,1,1]", "X": 1}, { "VarName": "x[2,0,2,1]", "X": 1}, { "VarName": "s[0,0,3]", "X": 1142}, { "VarName": "s[0,1,1]", "X": 1012}, { "VarName": "s[0,2,0]", "X": 895}, { "VarName": "s[1,0,2]", "X": 863}, { "VarName": "s[1,1,1]", "X": 797}, { "VarName": "s[1,2,0]", "X": 480}, { "VarName": "s[2,0,4]", "X": 612}, { "VarName": "s[2,1,3]", "X": 542}, { "VarName": "s[2,2,1]", "X": 480}, { "VarName": "Z_FO", "X": 1492}, { "VarName": "C118", "X": 1}, { "VarName": "C120", "X": 1}, { "VarName": "C123", "X": 1}]}