{ "SolutionInfo": { "Status": 9, "Runtime": 3.6007019999027252e+03, "Work": 4.1532408968897084e+02, "ObjVal": 32566, "ObjBound": 13834, "ObjBoundC": 1.3833910563254218e+04, "MIPGap": 5.7520113001289686e-01, "IntVio": 0, "BoundVio": 0, "ConstrVio": 4.6566128730773926e-10, "IterCount": 54268264, "BarIterCount": 0, "NodeCount": 6013841, "SolCount": 10, "PoolObjBound": 13834, "PoolObjVal": [ 32566, 32840, 33140, 33141, 33143, 33165, 33166, 33167, 33234, 33618]}, "Vars": [ { "VarName": "y[0,0,6]", "X": 1}, { "VarName": "y[0,1,4]", "X": 1}, { "VarName": "y[0,2,1]", "X": 1}, { "VarName": "y[0,3,0]", "X": 1}, { "VarName": "y[1,0,7]", "X": 1}, { "VarName": "y[1,1,6]", "X": 1}, { "VarName": "y[1,2,1]", "X": 1}, { "VarName": "y[1,3,0]", "X": 1}, { "VarName": "y[2,0,5]", "X": 1}, { "VarName": "y[2,1,3]", "X": 1}, { "VarName": "y[2,2,6]", "X": 1}, { "VarName": "y[2,3,0]", "X": 1}, { "VarName": "y[3,0,4]", "X": 1}, { "VarName": "y[3,1,3]", "X": 1}, { "VarName": "y[3,2,4]", "X": 1}, { "VarName": "y[3,3,0]", "X": 1}, { "VarName": "y[4,0,7]", "X": 1}, { "VarName": "y[4,1,1]", "X": 1}, { "VarName": "y[4,2,6]", "X": 1}, { "VarName": "y[4,3,2]", "X": 1}, { "VarName": "y[5,0,3]", "X": 1}, { "VarName": "y[5,1,5]", "X": 1}, { "VarName": "y[5,2,2]", "X": 1}, { "VarName": "y[5,3,3]", "X": 1}, { "VarName": "y[6,0,4]", "X": 1}, { "VarName": "y[6,1,6]", "X": 1}, { "VarName": "y[6,2,4]", "X": 1}, { "VarName": "y[6,3,1]", "X": 1}, { "VarName": "y[7,0,7]", "X": 1}, { "VarName": "y[7,1,4]", "X": 1}, { "VarName": "y[7,2,5]", "X": 1}, { "VarName": "y[7,3,2]", "X": 1}, { "VarName": "y[8,0,5]", "X": 1}, { "VarName": "y[8,1,6]", "X": 1}, { "VarName": "y[8,2,2]", "X": 1}, { "VarName": "y[8,3,1]", "X": 1}, { "VarName": "y[9,0,7]", "X": 1}, { "VarName": "y[9,1,6]", "X": 1}, { "VarName": "y[9,2,5]", "X": 1}, { "VarName": "y[9,3,3]", "X": 1}, { "VarName": "y[10,0,7]", "X": 1}, { "VarName": "y[10,1,6]", "X": 1}, { "VarName": "y[10,2,2]", "X": 1}, { "VarName": "y[10,3,2]", "X": 1}, { "VarName": "y[11,0,4]", "X": 1}, { "VarName": "y[11,1,5]", "X": 1}, { "VarName": "y[11,2,2]", "X": 1}, { "VarName": "y[11,3,1]", "X": 1}, { "VarName": "x[0,0,2,2]", "X": 1}, { "VarName": "x[0,0,4,2]", "X": 1}, { "VarName": "x[0,0,10,0]", "X": 1}, { "VarName": "x[0,0,10,1]", "X": 1}, { "VarName": "x[0,1,0,0]", "X": 1}, { "VarName": "x[0,2,0,0]", "X": 1}, { "VarName": "x[0,2,0,1]", "X": 1}, { "VarName": "x[0,2,8,3]", "X": 1}, { "VarName": "x[0,3,0,2]", "X": 1}, { "VarName": "x[1,0,4,0]", "X": 1}, { "VarName": "x[1,0,8,0]", "X": 1}, { "VarName": "x[1,0,10,0]", "X": 1}, { "VarName": "x[1,1,1,0]", "X": 1}, { "VarName": "x[1,1,2,2]", "X": 1}, { "VarName": "x[1,1,4,2]", "X": 1}, { "VarName": "x[1,1,10,1]", "X": 1}, { "VarName": "x[1,2,4,1]", "X": 1}, { "VarName": "x[1,2,6,3]", "X": 1}, { "VarName": "x[1,2,8,3]", "X": 1}, { "VarName": "x[1,3,1,2]", "X": 1}, { "VarName": "x[1,3,2,3]", "X": 1}, { "VarName": "x[1,3,3,3]", "X": 1}, { "VarName": "x[2,1,2,0]", "X": 1}, { "VarName": "x[2,1,3,2]", "X": 1}, { "VarName": "x[2,1,5,3]", "X": 1}, { "VarName": "x[2,2,2,1]", "X": 1}, { "VarName": "x[2,2,4,2]", "X": 1}, { "VarName": "x[3,0,3,2]", "X": 1}, { "VarName": "x[3,1,3,0]", "X": 1}, { "VarName": "x[3,1,5,1]", "X": 1}, { "VarName": "x[3,1,5,3]", "X": 1}, { "VarName": "x[3,1,7,2]", "X": 1}, { "VarName": "x[3,1,9,2]", "X": 1}, { "VarName": "x[4,1,4,0]", "X": 1}, { "VarName": "x[4,1,8,3]", "X": 1}, { "VarName": "x[4,2,4,1]", "X": 1}, { "VarName": "x[4,3,4,1]", "X": 1}, { "VarName": "x[5,0,5,3]", "X": 1}, { "VarName": "x[5,1,5,0]", "X": 1}, { "VarName": "x[5,2,5,0]", "X": 1}, { "VarName": "x[5,2,5,1]", "X": 1}, { "VarName": "x[5,3,5,2]", "X": 1}, { "VarName": "x[6,0,6,2]", "X": 1}, { "VarName": "x[6,0,7,1]", "X": 1}, { "VarName": "x[6,1,6,0]", "X": 1}, { "VarName": "x[6,1,8,1]", "X": 1}, { "VarName": "x[6,1,10,1]", "X": 1}, { "VarName": "x[6,2,6,1]", "X": 1}, { "VarName": "x[6,2,7,1]", "X": 1}, { "VarName": "x[6,3,6,2]", "X": 1}, { "VarName": "x[6,3,8,3]", "X": 1}, { "VarName": "x[7,0,8,0]", "X": 1}, { "VarName": "x[7,0,10,0]", "X": 1}, { "VarName": "x[7,1,7,0]", "X": 1}, { "VarName": "x[7,2,7,1]", "X": 1}, { "VarName": "x[7,3,10,2]", "X": 1}, { "VarName": "x[7,3,10,3]", "X": 1}, { "VarName": "x[8,0,10,0]", "X": 1}, { "VarName": "x[8,1,10,1]", "X": 1}, { "VarName": "x[8,2,10,2]", "X": 1}, { "VarName": "x[8,2,10,3]", "X": 1}, { "VarName": "x[8,3,8,2]", "X": 1}, { "VarName": "x[9,0,10,0]", "X": 1}, { "VarName": "x[9,1,9,0]", "X": 1}, { "VarName": "x[9,1,10,1]", "X": 1}, { "VarName": "x[9,2,9,1]", "X": 1}, { "VarName": "x[10,2,10,3]", "X": 1}, { "VarName": "x[11,1,11,0]", "X": 1}, { "VarName": "x[11,2,11,0]", "X": 1}, { "VarName": "x[11,2,11,1]", "X": 1}, { "VarName": "x[11,3,11,2]", "X": 1}, { "VarName": "s[0,0,6]", "X": 1.9009999999999791e+03}, { "VarName": "s[0,1,4]", "X": 9.1799999999988358e+02}, { "VarName": "s[0,2,1]", "X": 7.8799999999998545e+02}, { "VarName": "s[0,3,0]", "X": 4.7999999999998545e+02}, { "VarName": "s[1,0,7]", "X": 2.4150000000000155e+03}, { "VarName": "s[1,1,6]", "X": 2.2469999999999814e+03}, { "VarName": "s[1,2,1]", "X": 2.1809999999999814e+03}, { "VarName": "s[1,3,0]", "X": 1.9159999999998545e+03}, { "VarName": "s[2,0,5]", "X": 1291.99999999976}, { "VarName": "s[2,1,3]", "X": 1101.99999999976}, { "VarName": "s[2,2,6]", "X": 9.5699999999975989e+02}, { "VarName": "s[2,3,0]", "X": 8.5399999999995634e+02}, { "VarName": "s[3,0,4]", "X": 1.7610000000005191e+03}, { "VarName": "s[3,1,3]", "X": 1.5529999999998786e+03}, { "VarName": "s[3,2,4]", "X": 1.3799999999998786e+03}, { "VarName": "s[3,3,0]", "X": 1.2929999999998786e+03}, { "VarName": "s[4,0,7]", "X": 1.2489999999999936e+03}, { "VarName": "s[4,1,1]", "X": 1.1489999999999936e+03}, { "VarName": "s[4,2,6]", "X": 6.2499999999983993e+02}, { "VarName": "s[4,3,2]", "X": 4.7999999999998545e+02}, { "VarName": "s[5,0,3]", "X": 1.9979999999997817e+03}, { "VarName": "s[5,1,5]", "X": 1.7579999999997817e+03}, { "VarName": "s[5,2,2]", "X": 6.7899999999998545e+02}, { "VarName": "s[5,3,3]", "X": 480}, { "VarName": "s[6,0,4]", "X": 3.4069999999999850e+03}, { "VarName": "s[6,1,6]", "X": 3.1569999999999814e+03}, { "VarName": "s[6,2,4]", "X": 2.9889999999999850e+03}, { "VarName": "s[6,3,1]", "X": 1.5609999999999936e+03}, { "VarName": "s[7,0,7]", "X": 3.0389999999999936e+03}, { "VarName": "s[7,1,4]", "X": 2.7419999999999850e+03}, { "VarName": "s[7,2,5]", "X": 2.5179999999999850e+03}, { "VarName": "s[7,3,2]", "X": 2.2609999999999850e+03}, { "VarName": "s[8,0,5]", "X": 2.9429999999999854e+03}, { "VarName": "s[8,0,7]", "X": 2.1954438267357546e-11}, { "VarName": "s[8,1,6]", "X": 2.8739999999999814e+03}, { "VarName": "s[8,2,2]", "X": 2.6939999999999814e+03}, { "VarName": "s[8,3,1]", "X": 480}, { "VarName": "s[9,0,7]", "X": 4.3379999999999818e+03}, { "VarName": "s[9,1,6]", "X": 4.1599999999999818e+03}, { "VarName": "s[9,2,5]", "X": 3.2589999999999882e+03}, { "VarName": "s[9,3,3]", "X": 3.0149999999999882e+03}, { "VarName": "s[10,0,7]", "X": 1.6449999999999936e+03}, { "VarName": "s[10,1,6]", "X": 1.5759999999999854e+03}, { "VarName": "s[10,2,2]", "X": 1.3959999999999854e+03}, { "VarName": "s[10,3,2]", "X": 1.1659999999999854e+03}, { "VarName": "s[11,0,4]", "X": 4.4129999999999891e+03}, { "VarName": "s[11,1,5]", "X": 4.2479999999999891e+03}, { "VarName": "s[11,2,2]", "X": 4.0239999999999882e+03}, { "VarName": "s[11,3,1]", "X": 3.6669999999999882e+03}, { "VarName": "Z_FO", "X": 32566}]}