{ "SolutionInfo": { "Status": 2, "Runtime": 7.2000026702880859e-02, "Work": 2.8604134046142236e-02, "ObjVal": 2365, "ObjBound": 2365, "ObjBoundC": 2365, "MIPGap": 0, "IntVio": 0, "BoundVio": 0, "ConstrVio": 0, "IterCount": 1616, "BarIterCount": 0, "NodeCount": 440, "SolCount": 9, "PoolObjBound": 2365, "PoolObjVal": [ 2365, 2365, 2384, 2549, 2550, 2633, 2692, 2846, 3013]}, "Vars": [ { "VarName": "y[0,0,3]", "X": 1}, { "VarName": "y[0,1,1]", "X": 1}, { "VarName": "y[0,2,0]", "X": 1}, { "VarName": "y[1,0,2]", "X": 1}, { "VarName": "y[1,1,3]", "X": 1}, { "VarName": "y[1,2,2]", "X": 1}, { "VarName": "y[2,0,2]", "X": 1}, { "VarName": "y[2,1,1]", "X": 1}, { "VarName": "y[2,2,0]", "X": 1}, { "VarName": "x[0,2,0,1]", "X": 1}, { "VarName": "x[0,2,2,1]", "X": 1}, { "VarName": "x[1,0,1,2]", "X": 1}, { "VarName": "x[1,0,2,0]", "X": 1}, { "VarName": "x[2,1,2,0]", "X": 1}, { "VarName": "x[2,2,2,1]", "X": 1}, { "VarName": "s[0,0,3]", "X": 527}, { "VarName": "s[0,1,1]", "X": 497}, { "VarName": "s[0,2,0]", "X": 480}, { "VarName": "s[1,0,2]", "X": 832}, { "VarName": "s[1,1,3]", "X": 777}, { "VarName": "s[1,2,2]", "X": 480}, { "VarName": "s[2,0,2]", "X": 691}, { "VarName": "s[2,1,1]", "X": 621}, { "VarName": "s[2,2,0]", "X": 563}, { "VarName": "Z_FO", "X": 2365}]}