{ "SolutionInfo": { "Status": 2, "Runtime": 2.8939570000171661e+03, "Work": 5.9456350181672121e+02, "ObjVal": 5525, "ObjBound": 5525, "ObjBoundC": 5525, "MIPGap": 0, "IntVio": 0, "BoundVio": 0, "ConstrVio": 1.6370904631912708e-11, "IterCount": 41628536, "BarIterCount": 0, "NodeCount": 2979327, "SolCount": 10, "PoolObjBound": 5525, "PoolObjVal": [ 5525, 5525, 5.9789999999999991e+03, 6082, 6475, 6710, 7475, 7498, 7500, 7728]}, "Vars": [ { "VarName": "y[0,0,3]", "X": 1}, { "VarName": "y[0,1,6]", "X": 1}, { "VarName": "y[0,2,0]", "X": 1}, { "VarName": "y[1,0,5]", "X": 1}, { "VarName": "y[1,1,2]", "X": 1}, { "VarName": "y[1,2,2]", "X": 1}, { "VarName": "y[2,0,4]", "X": 1}, { "VarName": "y[2,1,6]", "X": 1}, { "VarName": "y[2,2,1]", "X": 1}, { "VarName": "y[3,0,3]", "X": 1}, { "VarName": "y[3,1,4]", "X": 1}, { "VarName": "y[3,2,1]", "X": 1}, { "VarName": "y[4,0,5]", "X": 1}, { "VarName": "y[4,1,3]", "X": 1}, { "VarName": "y[4,2,0]", "X": 1}, { "VarName": "y[5,0,5]", "X": 1}, { "VarName": "y[5,1,2]", "X": 1}, { "VarName": "y[5,2,1]", "X": 1}, { "VarName": "y[6,0,4]", "X": 1}, { "VarName": "y[6,1,2]", "X": 1}, { "VarName": "y[6,2,1]", "X": 1}, { "VarName": "x[0,0,0,1]", "X": 1}, { "VarName": "x[0,0,2,0]", "X": 1}, { "VarName": "x[0,0,3,0]", "X": 1}, { "VarName": "x[0,0,4,0]", "X": 1}, { "VarName": "x[0,0,4,1]", "X": 1}, { "VarName": "x[0,0,5,1]", "X": 1}, { "VarName": "x[0,0,5,2]", "X": 1}, { "VarName": "x[0,1,2,0]", "X": 1}, { "VarName": "x[0,1,2,1]", "X": 1}, { "VarName": "x[0,1,2,2]", "X": 1}, { "VarName": "x[0,1,3,2]", "X": 1}, { "VarName": "x[0,1,4,0]", "X": 1}, { "VarName": "x[0,1,4,1]", "X": 1}, { "VarName": "x[0,1,4,2]", "X": 1}, { "VarName": "x[0,1,5,0]", "X": 1}, { "VarName": "x[0,1,5,2]", "X": 1}, { "VarName": "x[0,2,0,1]", "X": 1}, { "VarName": "x[0,2,1,2]", "X": 1}, { "VarName": "x[0,2,2,1]", "X": 1}, { "VarName": "x[0,2,4,2]", "X": 1}, { "VarName": "x[0,2,5,1]", "X": 1}, { "VarName": "x[0,2,5,2]", "X": 1}, { "VarName": "x[1,0,3,0]", "X": 1}, { "VarName": "x[1,0,4,0]", "X": 1}, { "VarName": "x[1,0,4,1]", "X": 1}, { "VarName": "x[1,1,1,2]", "X": 1}, { "VarName": "x[1,1,3,1]", "X": 1}, { "VarName": "x[1,1,3,2]", "X": 1}, { "VarName": "x[1,1,4,0]", "X": 1}, { "VarName": "x[1,2,2,1]", "X": 1}, { "VarName": "x[1,2,2,2]", "X": 1}, { "VarName": "x[2,0,3,0]", "X": 1}, { "VarName": "x[2,0,3,1]", "X": 1}, { "VarName": "x[2,0,4,0]", "X": 1}, { "VarName": "x[2,0,6,1]", "X": 1}, { "VarName": "x[2,1,2,0]", "X": 1}, { "VarName": "x[2,1,3,0]", "X": 1}, { "VarName": "x[2,1,4,1]", "X": 1}, { "VarName": "x[2,1,5,0]", "X": 1}, { "VarName": "x[2,1,6,2]", "X": 1}, { "VarName": "x[2,2,3,2]", "X": 1}, { "VarName": "x[2,2,4,0]", "X": 1}, { "VarName": "x[3,0,4,1]", "X": 1}, { "VarName": "x[3,0,5,2]", "X": 1}, { "VarName": "x[3,1,5,2]", "X": 1}, { "VarName": "x[3,1,6,2]", "X": 1}, { "VarName": "x[3,2,4,0]", "X": 1}, { "VarName": "x[3,2,4,2]", "X": 1}, { "VarName": "x[4,0,5,2]", "X": 1}, { "VarName": "x[4,0,6,1]", "X": 1}, { "VarName": "x[4,1,4,0]", "X": 1}, { "VarName": "x[4,2,4,0]", "X": 1}, { "VarName": "x[5,0,5,1]", "X": 1}, { "VarName": "x[5,1,5,2]", "X": 1}, { "VarName": "x[6,1,6,0]", "X": 1}, { "VarName": "x[6,2,6,1]", "X": 1}, { "VarName": "s[0,0,3]", "X": 1.2909999999999966e+03}, { "VarName": "s[0,1,6]", "X": 1.1439838575430961e+03}, { "VarName": "s[0,2,0]", "X": 818}, { "VarName": "s[1,0,5]", "X": 973.999999999984}, { "VarName": "s[1,1,2]", "X": 777.000000000001}, { "VarName": "s[1,2,2]", "X": 4.8000000000000171e+02}, { "VarName": "s[2,0,4]", "X": 8.1699999999995418e+02}, { "VarName": "s[2,1,6]", "X": 6.7078958301614421e+02}, { "VarName": "s[2,2,1]", "X": 6.0878958301614421e+02}, { "VarName": "s[3,0,3]", "X": 8.7100000000000057e+02}, { "VarName": "s[3,1,4]", "X": 5.4499999999999943e+02}, { "VarName": "s[3,2,1]", "X": 480.000000000001}, { "VarName": "s[4,0,5]", "X": 6.7300000000000080e+02}, { "VarName": "s[4,1,3]", "X": 608}, { "VarName": "s[4,2,0]", "X": 480}, { "VarName": "s[5,0,5]", "X": 1.2769999999999941e+03}, { "VarName": "s[5,1,2]", "X": 1.1550000000000105e+03}, { "VarName": "s[5,2,1]", "X": 9.4459548379946477e+02}, { "VarName": "s[6,0,4]", "X": 2.0219999999999993e+03}, { "VarName": "s[6,1,2]", "X": 1.8980000000000052e+03}, { "VarName": "s[6,2,1]", "X": 1.7410000000000018e+03}, { "VarName": "Z_FO", "X": 5525}, { "VarName": "C552", "X": 1}, { "VarName": "C556", "X": 1}, { "VarName": "C559", "X": 1}, { "VarName": "C561", "X": 1}, { "VarName": "C565", "X": 1}, { "VarName": "C567", "X": 1}, { "VarName": "C569", "X": 1}]}