{ "SolutionInfo": { "Status": 2, "Runtime": 2.4650001525878906e+00, "Work": 1.4715083001459470e+00, "ObjVal": 5308, "ObjBound": 5308, "ObjBoundC": 5308.00000000016, "MIPGap": 0, "IntVio": 0, "BoundVio": 0, "ConstrVio": 0, "IterCount": 283240, "BarIterCount": 0, "NodeCount": 61299, "SolCount": 10, "PoolObjBound": 5308.00000000016, "PoolObjVal": [ 5308, 5.3760000000001164e+03, 5.6649999999927250e+03, 5770, 5808, 5928, 6328, 6329, 7614, 8442]}, "Vars": [ { "VarName": "y[0,0,4]", "X": 1}, { "VarName": "y[0,1,3]", "X": 1}, { "VarName": "y[0,2,1]", "X": 1}, { "VarName": "y[1,0,6]", "X": 1}, { "VarName": "y[1,1,2]", "X": 1}, { "VarName": "y[1,2,0]", "X": 1}, { "VarName": "y[2,0,5]", "X": 1}, { "VarName": "y[2,1,3]", "X": 1}, { "VarName": "y[2,2,1]", "X": 1}, { "VarName": "y[3,0,5]", "X": 1}, { "VarName": "y[3,1,2]", "X": 1}, { "VarName": "y[3,2,0]", "X": 1}, { "VarName": "y[4,0,4]", "X": 1}, { "VarName": "y[4,1,4]", "X": 1}, { "VarName": "y[4,2,2]", "X": 1}, { "VarName": "x[0,0,0,1]", "X": 1}, { "VarName": "x[0,0,1,1]", "X": 1}, { "VarName": "x[0,0,2,0]", "X": 1}, { "VarName": "x[0,0,2,1]", "X": 1}, { "VarName": "x[0,0,4,0]", "X": 1}, { "VarName": "x[0,0,4,1]", "X": 1}, { "VarName": "x[0,1,1,2]", "X": 1}, { "VarName": "x[0,1,2,1]", "X": 1}, { "VarName": "x[0,1,2,2]", "X": 1}, { "VarName": "x[0,1,3,2]", "X": 1}, { "VarName": "x[0,1,4,2]", "X": 1}, { "VarName": "x[0,2,0,1]", "X": 1}, { "VarName": "x[0,2,2,2]", "X": 1}, { "VarName": "x[0,2,4,2]", "X": 1}, { "VarName": "x[1,0,2,0]", "X": 1}, { "VarName": "x[1,0,3,1]", "X": 1}, { "VarName": "x[1,0,4,0]", "X": 1}, { "VarName": "x[1,0,4,1]", "X": 1}, { "VarName": "x[1,1,2,2]", "X": 1}, { "VarName": "x[1,1,4,2]", "X": 1}, { "VarName": "x[1,2,1,1]", "X": 1}, { "VarName": "x[1,2,3,1]", "X": 1}, { "VarName": "x[2,2,4,2]", "X": 1}, { "VarName": "x[3,0,4,0]", "X": 1}, { "VarName": "x[3,0,4,1]", "X": 1}, { "VarName": "x[3,1,4,1]", "X": 1}, { "VarName": "x[3,1,4,2]", "X": 1}, { "VarName": "x[3,2,4,2]", "X": 1}, { "VarName": "x[4,0,4,1]", "X": 1}, { "VarName": "x[4,1,4,2]", "X": 1}, { "VarName": "s[0,0,4]", "X": 963}, { "VarName": "s[0,1,3]", "X": 823}, { "VarName": "s[0,2,1]", "X": 701}, { "VarName": "s[1,0,6]", "X": 781}, { "VarName": "s[1,1,2]", "X": 694}, { "VarName": "s[1,2,0]", "X": 480}, { "VarName": "s[2,0,5]", "X": 647}, { "VarName": "s[2,1,3]", "X": 542}, { "VarName": "s[2,2,1]", "X": 480}, { "VarName": "s[3,0,5]", "X": 1487}, { "VarName": "s[3,1,2]", "X": 1237}, { "VarName": "s[3,2,0]", "X": 1096}, { "VarName": "s[4,0,4]", "X": 721}, { "VarName": "s[4,1,4]", "X": 625}, { "VarName": "s[4,2,2]", "X": 480}, { "VarName": "Z_FO", "X": 5308}]}