{ "SolutionInfo": { "Status": 2, "Runtime": 9.2000007629394531e-02, "Work": 3.8184751150240136e-02, "ObjVal": 2290, "ObjBound": 2290, "ObjBoundC": 2290, "MIPGap": 0, "IntVio": 0, "BoundVio": 0, "ConstrVio": 0, "IterCount": 1814, "BarIterCount": 0, "NodeCount": 367, "SolCount": 4, "PoolObjBound": 2290, "PoolObjVal": [ 2290, 2788, 3225, 3287]}, "Vars": [ { "VarName": "y[0,0,2]", "X": 1}, { "VarName": "y[0,1,1]", "X": 1}, { "VarName": "y[0,2,0]", "X": 1}, { "VarName": "y[1,0,2]", "X": 1}, { "VarName": "y[1,1,0]", "X": 1}, { "VarName": "y[1,2,2]", "X": 1}, { "VarName": "y[2,0,1]", "X": 1}, { "VarName": "y[2,1,1]", "X": 1}, { "VarName": "y[2,2,0]", "X": 1}, { "VarName": "x[0,0,0,1]", "X": 1}, { "VarName": "x[0,0,1,2]", "X": 1}, { "VarName": "x[0,1,1,1]", "X": 1}, { "VarName": "x[0,2,1,2]", "X": 1}, { "VarName": "x[1,0,1,2]", "X": 1}, { "VarName": "x[1,1,1,2]", "X": 1}, { "VarName": "x[1,1,2,2]", "X": 1}, { "VarName": "x[2,0,2,1]", "X": 1}, { "VarName": "s[0,0,2]", "X": 574}, { "VarName": "s[0,1,1]", "X": 497}, { "VarName": "s[0,2,0]", "X": 480}, { "VarName": "s[1,0,2]", "X": 759}, { "VarName": "s[1,1,0]", "X": 709}, { "VarName": "s[1,2,2]", "X": 480}, { "VarName": "s[2,0,1]", "X": 747}, { "VarName": "s[2,1,1]", "X": 613}, { "VarName": "s[2,2,0]", "X": 561}, { "VarName": "Z_FO", "X": 2290}]}