{ "SolutionInfo": { "Status": 9, "Runtime": 3.6000350000858307e+03, "Work": 9.5802119420495717e+02, "ObjVal": 11769, "ObjBound": 1.1540000000000005e+04, "ObjBoundC": 1.1540000000000005e+04, "MIPGap": 1.9457897867277980e-02, "IntVio": 0, "BoundVio": 0, "ConstrVio": 4.6566128730773926e-10, "IterCount": 208437469, "BarIterCount": 0, "NodeCount": 25771982, "SolCount": 10, "PoolObjBound": 1.1540000000000005e+04, "PoolObjVal": [ 11769, 12076, 12077, 12138, 1.2291999999999998e+04, 1.2300999999999869e+04, 12332, 12514, 12786, 12841]}, "Vars": [ { "VarName": "y[0,0,3]", "X": 1}, { "VarName": "y[0,1,1]", "X": 1}, { "VarName": "y[0,2,0]", "X": 1}, { "VarName": "y[1,0,5]", "X": 1}, { "VarName": "y[1,1,1]", "X": 1}, { "VarName": "y[1,2,2]", "X": 1}, { "VarName": "y[2,0,4]", "X": 1}, { "VarName": "y[2,1,6]", "X": 1}, { "VarName": "y[2,2,0]", "X": 1}, { "VarName": "y[3,0,5]", "X": 1}, { "VarName": "y[3,1,2]", "X": 1}, { "VarName": "y[3,2,0]", "X": 1}, { "VarName": "y[4,0,4]", "X": 1}, { "VarName": "y[4,1,6]", "X": 1}, { "VarName": "y[4,2,2]", "X": 1}, { "VarName": "y[5,0,6]", "X": 1}, { "VarName": "y[5,1,3]", "X": 1}, { "VarName": "y[5,2,2]", "X": 1}, { "VarName": "y[6,0,5]", "X": 1}, { "VarName": "y[6,1,4]", "X": 1}, { "VarName": "y[6,2,1]", "X": 1}, { "VarName": "y[7,0,5]", "X": 1}, { "VarName": "y[7,1,4]", "X": 1}, { "VarName": "y[7,2,3]", "X": 1}, { "VarName": "x[0,0,5,1]", "X": 1}, { "VarName": "x[0,0,5,2]", "X": 1}, { "VarName": "x[0,0,7,2]", "X": 1}, { "VarName": "x[0,1,0,0]", "X": 1}, { "VarName": "x[0,1,1,1]", "X": 1}, { "VarName": "x[0,1,2,1]", "X": 1}, { "VarName": "x[0,1,2,2]", "X": 1}, { "VarName": "x[0,1,6,2]", "X": 1}, { "VarName": "x[0,2,0,1]", "X": 1}, { "VarName": "x[0,2,2,2]", "X": 1}, { "VarName": "x[1,0,3,1]", "X": 1}, { "VarName": "x[1,0,5,1]", "X": 1}, { "VarName": "x[1,2,1,1]", "X": 1}, { "VarName": "x[2,1,2,0]", "X": 1}, { "VarName": "x[2,1,4,2]", "X": 1}, { "VarName": "x[2,1,6,0]", "X": 1}, { "VarName": "x[3,0,6,0]", "X": 1}, { "VarName": "x[3,0,7,0]", "X": 1}, { "VarName": "x[3,0,7,1]", "X": 1}, { "VarName": "x[3,1,4,2]", "X": 1}, { "VarName": "x[3,1,5,2]", "X": 1}, { "VarName": "x[3,2,6,2]", "X": 1}, { "VarName": "x[4,0,6,0]", "X": 1}, { "VarName": "x[4,0,6,1]", "X": 1}, { "VarName": "x[4,0,6,2]", "X": 1}, { "VarName": "x[4,0,7,0]", "X": 1}, { "VarName": "x[4,0,7,1]", "X": 1}, { "VarName": "x[4,1,4,0]", "X": 1}, { "VarName": "x[4,1,5,0]", "X": 1}, { "VarName": "x[4,1,6,0]", "X": 1}, { "VarName": "x[4,2,4,0]", "X": 1}, { "VarName": "x[4,2,5,2]", "X": 1}, { "VarName": "x[5,1,5,0]", "X": 1}, { "VarName": "x[5,1,7,2]", "X": 1}, { "VarName": "x[5,2,5,1]", "X": 1}, { "VarName": "x[6,0,7,0]", "X": 1}, { "VarName": "x[6,1,6,0]", "X": 1}, { "VarName": "x[6,1,7,0]", "X": 1}, { "VarName": "x[6,1,7,1]", "X": 1}, { "VarName": "x[6,2,6,1]", "X": 1}, { "VarName": "x[7,1,7,0]", "X": 1}, { "VarName": "s[0,0,3]", "X": 1.4909999999999982e+03}, { "VarName": "s[0,1,1]", "X": 1361}, { "VarName": "s[0,2,0]", "X": 1.0109999999999932e+03}, { "VarName": "s[1,0,5]", "X": 696}, { "VarName": "s[1,1,1]", "X": 630}, { "VarName": "s[1,2,2]", "X": 480}, { "VarName": "s[2,0,4]", "X": 7.1199999999997453e+02}, { "VarName": "s[2,1,6]", "X": 5.6699999999999545e+02}, { "VarName": "s[2,2,0]", "X": 480}, { "VarName": "s[3,0,5]", "X": 2.1429999999999609e+03}, { "VarName": "s[3,1,2]", "X": 1.8929999999999877e+03}, { "VarName": "s[3,2,0]", "X": 1.8059999999999877e+03}, { "VarName": "s[4,0,4]", "X": 1.7069999999996471e+03}, { "VarName": "s[4,1,6]", "X": 1521.99999999995}, { "VarName": "s[4,2,2]", "X": 1.2789999999999982e+03}, { "VarName": "s[5,0,6]", "X": 1.2149999999999964e+03}, { "VarName": "s[5,1,3]", "X": 1.0649999999999982e+03}, { "VarName": "s[5,2,2]", "X": 745}, { "VarName": "s[6,0,5]", "X": 1.5499999999998040e+03}, { "VarName": "s[6,1,4]", "X": 1.3289999999997503e+03}, { "VarName": "s[6,2,1]", "X": 827.999999999914}, { "VarName": "s[7,0,5]", "X": 1.1539999999998522e+03}, { "VarName": "s[7,1,4]", "X": 8.8599999999986608e+02}, { "VarName": "s[7,2,3]", "X": 480}, { "VarName": "Z_FO", "X": 11769}]}