{ "SolutionInfo": { "Status": 2, "Runtime": 1.5000104904174805e-02, "Work": 1.9207406432423355e-03, "ObjVal": 1231, "ObjBound": 1231, "ObjBoundC": 1231, "MIPGap": 0, "IntVio": 0, "BoundVio": 0, "ConstrVio": 0, "IterCount": 57, "BarIterCount": 0, "NodeCount": 1, "SolCount": 3, "PoolObjBound": 1231, "PoolObjVal": [ 1231, 1275, 1537]}, "Vars": [ { "VarName": "y[0,0,1]", "X": 1}, { "VarName": "y[0,1,0]", "X": 1}, { "VarName": "y[1,0,0]", "X": 1}, { "VarName": "y[1,1,1]", "X": 1}, { "VarName": "s[0,0,1]", "X": 505}, { "VarName": "s[0,1,0]", "X": 480}, { "VarName": "s[1,0,0]", "X": 681}, { "VarName": "s[1,1,1]", "X": 616}, { "VarName": "Z_FO", "X": 1231}]}