{ "SolutionInfo": { "Status": 9, "Runtime": 3.6001150000095367e+03, "Work": 4.7308476992581888e+02, "ObjVal": 24818, "ObjBound": 12457, "ObjBoundC": 1.2456874656801296e+04, "MIPGap": 4.9806591989684906e-01, "IntVio": 0, "BoundVio": 0, "ConstrVio": 4.6566128730773926e-10, "IterCount": 68072762, "BarIterCount": 0, "NodeCount": 8332543, "SolCount": 10, "PoolObjBound": 12457, "PoolObjVal": [ 24818, 25413, 25489, 25602, 25641, 25686, 25754, 25755, 25869, 25871]}, "Vars": [ { "VarName": "y[0,0,6]", "X": 1}, { "VarName": "y[0,1,3]", "X": 1}, { "VarName": "y[0,2,1]", "X": 1}, { "VarName": "y[0,3,0]", "X": 1}, { "VarName": "y[1,0,7]", "X": 1}, { "VarName": "y[1,1,6]", "X": 1}, { "VarName": "y[1,2,2]", "X": 1}, { "VarName": "y[1,3,0]", "X": 1}, { "VarName": "y[2,0,7]", "X": 1}, { "VarName": "y[2,1,3]", "X": 1}, { "VarName": "y[2,2,6]", "X": 1}, { "VarName": "y[2,3,0]", "X": 1}, { "VarName": "y[3,0,4]", "X": 1}, { "VarName": "y[3,1,5]", "X": 1}, { "VarName": "y[3,2,2]", "X": 1}, { "VarName": "y[3,3,0]", "X": 1}, { "VarName": "y[4,0,7]", "X": 1}, { "VarName": "y[4,1,5]", "X": 1}, { "VarName": "y[4,2,4]", "X": 1}, { "VarName": "y[4,3,1]", "X": 1}, { "VarName": "y[5,0,6]", "X": 1}, { "VarName": "y[5,1,5]", "X": 1}, { "VarName": "y[5,2,3]", "X": 1}, { "VarName": "y[5,3,1]", "X": 1}, { "VarName": "y[6,0,7]", "X": 1}, { "VarName": "y[6,1,4]", "X": 1}, { "VarName": "y[6,2,2]", "X": 1}, { "VarName": "y[6,3,1]", "X": 1}, { "VarName": "y[7,0,7]", "X": 1}, { "VarName": "y[7,1,4]", "X": 1}, { "VarName": "y[7,2,4]", "X": 1}, { "VarName": "y[7,3,2]", "X": 1}, { "VarName": "y[8,0,5]", "X": 1}, { "VarName": "y[8,1,6]", "X": 1}, { "VarName": "y[8,2,3]", "X": 1}, { "VarName": "y[8,3,2]", "X": 1}, { "VarName": "y[9,0,7]", "X": 1}, { "VarName": "y[9,1,4]", "X": 1}, { "VarName": "y[9,2,5]", "X": 1}, { "VarName": "y[9,3,2]", "X": 1}, { "VarName": "y[10,0,7]", "X": 1}, { "VarName": "y[10,1,4]", "X": 1}, { "VarName": "y[10,2,3]", "X": 1}, { "VarName": "y[10,3,1]", "X": 1}, { "VarName": "x[0,0,0,1]", "X": 1}, { "VarName": "x[0,0,1,1]", "X": 1}, { "VarName": "x[0,0,2,0]", "X": 1}, { "VarName": "x[0,0,2,2]", "X": 1}, { "VarName": "x[0,0,4,0]", "X": 1}, { "VarName": "x[0,0,5,0]", "X": 1}, { "VarName": "x[0,0,5,1]", "X": 1}, { "VarName": "x[0,0,8,1]", "X": 1}, { "VarName": "x[0,1,1,0]", "X": 1}, { "VarName": "x[0,1,2,1]", "X": 1}, { "VarName": "x[0,1,2,2]", "X": 1}, { "VarName": "x[0,1,3,0]", "X": 1}, { "VarName": "x[0,1,5,0]", "X": 1}, { "VarName": "x[0,1,5,2]", "X": 1}, { "VarName": "x[0,1,6,0]", "X": 1}, { "VarName": "x[0,1,6,1]", "X": 1}, { "VarName": "x[0,1,7,1]", "X": 1}, { "VarName": "x[0,1,7,2]", "X": 1}, { "VarName": "x[0,1,8,1]", "X": 1}, { "VarName": "x[0,1,8,2]", "X": 1}, { "VarName": "x[0,1,9,1]", "X": 1}, { "VarName": "x[0,1,9,2]", "X": 1}, { "VarName": "x[0,1,10,2]", "X": 1}, { "VarName": "x[0,2,0,0]", "X": 1}, { "VarName": "x[0,2,0,1]", "X": 1}, { "VarName": "x[0,2,1,2]", "X": 1}, { "VarName": "x[0,2,3,3]", "X": 1}, { "VarName": "x[0,2,4,3]", "X": 1}, { "VarName": "x[0,2,5,3]", "X": 1}, { "VarName": "x[0,2,6,3]", "X": 1}, { "VarName": "x[0,2,7,1]", "X": 1}, { "VarName": "x[0,2,10,3]", "X": 1}, { "VarName": "x[0,3,0,2]", "X": 1}, { "VarName": "x[0,3,1,2]", "X": 1}, { "VarName": "x[0,3,1,3]", "X": 1}, { "VarName": "x[0,3,2,3]", "X": 1}, { "VarName": "x[0,3,3,2]", "X": 1}, { "VarName": "x[0,3,3,3]", "X": 1}, { "VarName": "x[0,3,6,2]", "X": 1}, { "VarName": "x[0,3,8,3]", "X": 1}, { "VarName": "x[1,0,2,1]", "X": 1}, { "VarName": "x[1,0,3,0]", "X": 1}, { "VarName": "x[1,0,4,0]", "X": 1}, { "VarName": "x[1,0,4,2]", "X": 1}, { "VarName": "x[1,0,5,2]", "X": 1}, { "VarName": "x[1,0,6,1]", "X": 1}, { "VarName": "x[1,0,7,1]", "X": 1}, { "VarName": "x[1,0,7,2]", "X": 1}, { "VarName": "x[1,0,9,1]", "X": 1}, { "VarName": "x[1,0,9,2]", "X": 1}, { "VarName": "x[1,0,10,0]", "X": 1}, { "VarName": "x[1,0,10,1]", "X": 1}, { "VarName": "x[1,1,1,0]", "X": 1}, { "VarName": "x[1,1,8,1]", "X": 1}, { "VarName": "x[1,2,3,2]", "X": 1}, { "VarName": "x[1,2,8,3]", "X": 1}, { "VarName": "x[1,2,10,3]", "X": 1}, { "VarName": "x[1,3,1,2]", "X": 1}, { "VarName": "x[1,3,3,3]", "X": 1}, { "VarName": "x[1,3,5,2]", "X": 1}, { "VarName": "x[1,3,8,3]", "X": 1}, { "VarName": "x[2,0,3,1]", "X": 1}, { "VarName": "x[2,0,4,0]", "X": 1}, { "VarName": "x[2,0,6,0]", "X": 1}, { "VarName": "x[2,0,10,0]", "X": 1}, { "VarName": "x[2,1,2,0]", "X": 1}, { "VarName": "x[2,1,3,0]", "X": 1}, { "VarName": "x[2,1,3,1]", "X": 1}, { "VarName": "x[2,1,4,1]", "X": 1}, { "VarName": "x[2,1,4,2]", "X": 1}, { "VarName": "x[2,1,5,2]", "X": 1}, { "VarName": "x[2,1,6,0]", "X": 1}, { "VarName": "x[2,1,6,1]", "X": 1}, { "VarName": "x[2,1,7,1]", "X": 1}, { "VarName": "x[2,1,7,2]", "X": 1}, { "VarName": "x[2,1,8,0]", "X": 1}, { "VarName": "x[2,1,8,2]", "X": 1}, { "VarName": "x[2,1,9,1]", "X": 1}, { "VarName": "x[2,1,10,1]", "X": 1}, { "VarName": "x[2,1,10,2]", "X": 1}, { "VarName": "x[2,2,2,1]", "X": 1}, { "VarName": "x[2,2,3,2]", "X": 1}, { "VarName": "x[2,2,5,1]", "X": 1}, { "VarName": "x[2,2,6,2]", "X": 1}, { "VarName": "x[2,2,7,3]", "X": 1}, { "VarName": "x[2,2,8,1]", "X": 1}, { "VarName": "x[2,2,8,3]", "X": 1}, { "VarName": "x[2,2,9,3]", "X": 1}, { "VarName": "x[2,3,3,3]", "X": 1}, { "VarName": "x[2,3,4,3]", "X": 1}, { "VarName": "x[2,3,5,3]", "X": 1}, { "VarName": "x[2,3,10,3]", "X": 1}, { "VarName": "x[3,0,4,1]", "X": 1}, { "VarName": "x[3,0,4,2]", "X": 1}, { "VarName": "x[3,0,5,2]", "X": 1}, { "VarName": "x[3,0,6,0]", "X": 1}, { "VarName": "x[3,0,8,0]", "X": 1}, { "VarName": "x[3,0,8,1]", "X": 1}, { "VarName": "x[3,0,10,1]", "X": 1}, { "VarName": "x[3,1,3,0]", "X": 1}, { "VarName": "x[3,1,4,1]", "X": 1}, { "VarName": "x[3,1,8,0]", "X": 1}, { "VarName": "x[3,2,3,0]", "X": 1}, { "VarName": "x[3,2,8,3]", "X": 1}, { "VarName": "x[3,3,4,3]", "X": 1}, { "VarName": "x[4,1,4,0]", "X": 1}, { "VarName": "x[4,2,4,1]", "X": 1}, { "VarName": "x[4,2,6,0]", "X": 1}, { "VarName": "x[4,3,4,1]", "X": 1}, { "VarName": "x[5,0,8,1]", "X": 1}, { "VarName": "x[5,0,8,2]", "X": 1}, { "VarName": "x[5,1,5,0]", "X": 1}, { "VarName": "x[5,1,8,0]", "X": 1}, { "VarName": "x[5,1,10,0]", "X": 1}, { "VarName": "x[5,2,5,0]", "X": 1}, { "VarName": "x[5,2,5,1]", "X": 1}, { "VarName": "x[5,2,5,3]", "X": 1}, { "VarName": "x[5,2,6,0]", "X": 1}, { "VarName": "x[5,2,6,1]", "X": 1}, { "VarName": "x[5,2,6,2]", "X": 1}, { "VarName": "x[5,2,7,1]", "X": 1}, { "VarName": "x[5,2,7,2]", "X": 1}, { "VarName": "x[5,2,7,3]", "X": 1}, { "VarName": "x[5,2,8,2]", "X": 1}, { "VarName": "x[5,2,8,3]", "X": 1}, { "VarName": "x[5,2,9,1]", "X": 1}, { "VarName": "x[5,2,9,2]", "X": 1}, { "VarName": "x[5,2,9,3]", "X": 1}, { "VarName": "x[5,2,10,1]", "X": 1}, { "VarName": "x[5,2,10,2]", "X": 1}, { "VarName": "x[5,3,5,0]", "X": 1}, { "VarName": "x[5,3,6,2]", "X": 1}, { "VarName": "x[5,3,6,3]", "X": 1}, { "VarName": "x[5,3,7,3]", "X": 1}, { "VarName": "x[5,3,8,2]", "X": 1}, { "VarName": "x[5,3,8,3]", "X": 1}, { "VarName": "x[5,3,9,3]", "X": 1}, { "VarName": "x[5,3,10,2]", "X": 1}, { "VarName": "x[5,3,10,3]", "X": 1}, { "VarName": "x[6,0,6,1]", "X": 1}, { "VarName": "x[6,0,7,1]", "X": 1}, { "VarName": "x[6,0,7,2]", "X": 1}, { "VarName": "x[6,0,9,1]", "X": 1}, { "VarName": "x[6,0,9,2]", "X": 1}, { "VarName": "x[6,0,10,0]", "X": 1}, { "VarName": "x[6,0,10,1]", "X": 1}, { "VarName": "x[6,1,8,1]", "X": 1}, { "VarName": "x[6,1,10,1]", "X": 1}, { "VarName": "x[6,2,6,0]", "X": 1}, { "VarName": "x[6,2,6,1]", "X": 1}, { "VarName": "x[6,2,8,3]", "X": 1}, { "VarName": "x[6,3,6,2]", "X": 1}, { "VarName": "x[6,3,9,3]", "X": 1}, { "VarName": "x[6,3,10,3]", "X": 1}, { "VarName": "x[7,0,8,1]", "X": 1}, { "VarName": "x[7,0,10,0]", "X": 1}, { "VarName": "x[7,1,7,0]", "X": 1}, { "VarName": "x[7,1,7,2]", "X": 1}, { "VarName": "x[7,1,8,1]", "X": 1}, { "VarName": "x[7,1,10,1]", "X": 1}, { "VarName": "x[7,2,8,1]", "X": 1}, { "VarName": "x[7,2,10,1]", "X": 1}, { "VarName": "x[7,3,8,3]", "X": 1}, { "VarName": "x[8,3,8,2]", "X": 1}, { "VarName": "x[9,0,10,0]", "X": 1}, { "VarName": "x[9,1,9,0]", "X": 1}, { "VarName": "x[9,1,10,1]", "X": 1}, { "VarName": "x[9,2,9,1]", "X": 1}, { "VarName": "x[9,2,10,0]", "X": 1}, { "VarName": "x[10,3,10,2]", "X": 1}, { "VarName": "s[0,0,6]", "X": 3.0849999999999163e+03}, { "VarName": "s[0,1,3]", "X": 2.8839999999999104e+03}, { "VarName": "s[0,2,1]", "X": 2.2079999999999786e+03}, { "VarName": "s[0,3,0]", "X": 1.9619999999999814e+03}, { "VarName": "s[1,0,7]", "X": 1.5009999999999736e+03}, { "VarName": "s[1,1,6]", "X": 1.3439999999999163e+03}, { "VarName": "s[1,2,2]", "X": 1.2569999999999995e+03}, { "VarName": "s[1,3,0]", "X": 1.0430000000000002e+03}, { "VarName": "s[2,0,7]", "X": 2.5439999999999168e+03}, { "VarName": "s[2,1,3]", "X": 2.3539999999999191e+03}, { "VarName": "s[2,2,6]", "X": 1.6529999999999859e+03}, { "VarName": "s[2,3,0]", "X": 1566}, { "VarName": "s[3,0,4]", "X": 1.6049999999998695e+03}, { "VarName": "s[3,1,5]", "X": 1.4689999999998695e+03}, { "VarName": "s[3,2,2]", "X": 7.8899999999992849e+02}, { "VarName": "s[3,3,0]", "X": 480}, { "VarName": "s[4,0,7]", "X": 734}, { "VarName": "s[4,1,5]", "X": 649}, { "VarName": "s[4,2,4]", "X": 6.0200000000000057e+02}, { "VarName": "s[4,3,1]", "X": 4.8000000000000915e+02}, { "VarName": "s[5,0,6]", "X": 2.3989999999999163e+03}, { "VarName": "s[5,1,5]", "X": 2.0149999999998645e+03}, { "VarName": "s[5,2,3]", "X": 1.8189999999999307e+03}, { "VarName": "s[5,3,1]", "X": 1.6739999999999345e+03}, { "VarName": "s[6,0,7]", "X": 2.1409999999998668e+03}, { "VarName": "s[6,1,4]", "X": 1.9959999999998677e+03}, { "VarName": "s[6,2,2]", "X": 1.8219999999999995e+03}, { "VarName": "s[6,3,1]", "X": 1.0859999999998327e+03}, { "VarName": "s[7,0,7]", "X": 3.0629999999997540e+03}, { "VarName": "s[7,1,4]", "X": 2.9179999999997540e+03}, { "VarName": "s[7,2,4]", "X": 2.5969999999998645e+03}, { "VarName": "s[7,3,2]", "X": 2.1069999999999995e+03}, { "VarName": "s[8,0,5]", "X": 965}, { "VarName": "s[8,1,6]", "X": 8.4999999999998545e+02}, { "VarName": "s[8,2,3]", "X": 6.2999999999998545e+02}, { "VarName": "s[8,3,2]", "X": 480}, { "VarName": "s[9,0,7]", "X": 3.7640000000001228e+03}, { "VarName": "s[9,1,4]", "X": 3.6190000000001237e+03}, { "VarName": "s[9,2,5]", "X": 3.3950000000001237e+03}, { "VarName": "s[9,3,2]", "X": 3.1380000000001237e+03}, { "VarName": "s[10,0,7]", "X": 1.1769999999999761e+03}, { "VarName": "s[10,1,4]", "X": 1.1369999999998622e+03}, { "VarName": "s[10,2,3]", "X": 9.1699999999998181e+02}, { "VarName": "s[10,3,1]", "X": 7.1399999999993452e+02}, { "VarName": "Z_FO", "X": 24818}]}