{ "SolutionInfo": { "Status": 2, "Runtime": 4.1588000059127808e+01, "Work": 2.5877658974567037e+01, "ObjVal": 8581, "ObjBound": 8581, "ObjBoundC": 8581, "MIPGap": 0, "IntVio": 0, "BoundVio": 0, "ConstrVio": 0, "IterCount": 6133703, "BarIterCount": 0, "NodeCount": 892525, "SolCount": 10, "PoolObjBound": 8581, "PoolObjVal": [ 8581, 8614, 8801, 8802, 8803, 8805, 8806, 8807, 8809, 9019]}, "Vars": [ { "VarName": "y[0,0,3]", "X": 1}, { "VarName": "y[0,1,6]", "X": 1}, { "VarName": "y[0,2,1]", "X": 1}, { "VarName": "y[1,0,5]", "X": 1}, { "VarName": "y[1,1,2]", "X": 1}, { "VarName": "y[1,2,2]", "X": 1}, { "VarName": "y[2,0,4]", "X": 1}, { "VarName": "y[2,1,6]", "X": 1}, { "VarName": "y[2,2,1]", "X": 1}, { "VarName": "y[3,0,3]", "X": 1}, { "VarName": "y[3,1,4]", "X": 1}, { "VarName": "y[3,2,1]", "X": 1}, { "VarName": "y[4,0,5]", "X": 1}, { "VarName": "y[4,1,3]", "X": 1}, { "VarName": "y[4,2,0]", "X": 1}, { "VarName": "y[5,0,5]", "X": 1}, { "VarName": "y[5,1,2]", "X": 1}, { "VarName": "y[5,2,1]", "X": 1}, { "VarName": "y[6,0,4]", "X": 1}, { "VarName": "y[6,1,2]", "X": 1}, { "VarName": "y[6,2,0]", "X": 1}, { "VarName": "x[0,0,3,0]", "X": 1}, { "VarName": "x[0,0,4,1]", "X": 1}, { "VarName": "x[0,1,0,0]", "X": 1}, { "VarName": "x[0,1,2,1]", "X": 1}, { "VarName": "x[0,1,5,0]", "X": 1}, { "VarName": "x[0,2,0,1]", "X": 1}, { "VarName": "x[0,2,1,1]", "X": 1}, { "VarName": "x[0,2,2,2]", "X": 1}, { "VarName": "x[0,2,3,2]", "X": 1}, { "VarName": "x[0,2,4,2]", "X": 1}, { "VarName": "x[1,0,4,0]", "X": 1}, { "VarName": "x[1,1,1,2]", "X": 1}, { "VarName": "x[1,1,5,2]", "X": 1}, { "VarName": "x[2,0,3,1]", "X": 1}, { "VarName": "x[2,0,4,1]", "X": 1}, { "VarName": "x[2,1,2,0]", "X": 1}, { "VarName": "x[2,1,5,0]", "X": 1}, { "VarName": "x[2,2,3,2]", "X": 1}, { "VarName": "x[3,0,4,1]", "X": 1}, { "VarName": "x[3,1,4,1]", "X": 1}, { "VarName": "x[4,1,4,0]", "X": 1}, { "VarName": "x[5,1,5,0]", "X": 1}, { "VarName": "x[5,1,6,2]", "X": 1}, { "VarName": "x[5,2,5,1]", "X": 1}, { "VarName": "x[6,1,6,0]", "X": 1}, { "VarName": "x[6,2,6,1]", "X": 1}, { "VarName": "s[0,0,3]", "X": 1291}, { "VarName": "s[0,1,6]", "X": 1084}, { "VarName": "s[0,2,1]", "X": 785}, { "VarName": "s[1,0,5]", "X": 974}, { "VarName": "s[1,1,2]", "X": 777}, { "VarName": "s[1,2,2]", "X": 480}, { "VarName": "s[2,0,4]", "X": 817}, { "VarName": "s[2,1,6]", "X": 669}, { "VarName": "s[2,2,1]", "X": 607}, { "VarName": "s[3,0,3]", "X": 871}, { "VarName": "s[3,1,4]", "X": 545}, { "VarName": "s[3,2,1]", "X": 480}, { "VarName": "s[4,0,5]", "X": 673}, { "VarName": "s[4,1,3]", "X": 608}, { "VarName": "s[4,2,0]", "X": 480}, { "VarName": "s[5,0,5]", "X": 1344}, { "VarName": "s[5,1,2]", "X": 1222}, { "VarName": "s[5,2,1]", "X": 1077}, { "VarName": "s[6,0,4]", "X": 1651}, { "VarName": "s[6,1,2]", "X": 1527}, { "VarName": "s[6,2,0]", "X": 833}, { "VarName": "Z_FO", "X": 8581}]}