{ "SolutionInfo": { "Status": 2, "Runtime": 8.6999893188476563e-02, "Work": 3.4111786657840044e-02, "ObjVal": 925, "ObjBound": 925, "ObjBoundC": 9.2499999999881152e+02, "MIPGap": 0, "IntVio": 0, "BoundVio": 0, "ConstrVio": 2.3533175408374518e-11, "IterCount": 3250, "BarIterCount": 0, "NodeCount": 788, "SolCount": 8, "PoolObjBound": 9.2499999999881152e+02, "PoolObjVal": [ 925, 944, 1241, 1366, 1392, 1485, 1487, 1803]}, "Vars": [ { "VarName": "y[0,0,3]", "X": 1}, { "VarName": "y[0,1,1]", "X": 1}, { "VarName": "y[0,2,0]", "X": 1}, { "VarName": "y[1,0,2]", "X": 1}, { "VarName": "y[1,1,3]", "X": 1}, { "VarName": "y[1,2,2]", "X": 1}, { "VarName": "y[2,0,2]", "X": 1}, { "VarName": "y[2,1,1]", "X": 1}, { "VarName": "y[2,2,0]", "X": 1}, { "VarName": "x[0,0,2,0]", "X": 1}, { "VarName": "x[0,0,2,1]", "X": 1}, { "VarName": "x[0,1,1,0]", "X": 1}, { "VarName": "x[1,0,1,2]", "X": 1}, { "VarName": "x[1,0,2,0]", "X": 1}, { "VarName": "x[1,0,2,1]", "X": 1}, { "VarName": "x[1,1,1,0]", "X": 1}, { "VarName": "x[1,1,2,1]", "X": 1}, { "VarName": "x[1,2,2,2]", "X": 1}, { "VarName": "s[0,0,3]", "X": 527.000000000008}, { "VarName": "s[0,1,1]", "X": 497}, { "VarName": "s[0,2,0]", "X": 480}, { "VarName": "s[1,0,2]", "X": 832.000000000014}, { "VarName": "s[1,1,3]", "X": 777.000000000008}, { "VarName": "s[1,2,2]", "X": 480}, { "VarName": "s[2,0,2]", "X": 6.9100000000000159e+02}, { "VarName": "s[2,1,1]", "X": 621}, { "VarName": "s[2,2,0]", "X": 563}, { "VarName": "Z_FO", "X": 925}, { "VarName": "C119", "X": 1}, { "VarName": "C120", "X": 1}, { "VarName": "C122", "X": 1}]}