{ "SolutionInfo": { "Status": 2, "Runtime": 2.4000167846679688e-02, "Work": 4.6240619704430441e-03, "ObjVal": 1712, "ObjBound": 1712, "ObjBoundC": 1712, "MIPGap": 0, "IntVio": 0, "BoundVio": 0, "ConstrVio": 3.2855496101547033e-11, "IterCount": 184, "BarIterCount": 0, "NodeCount": 1, "SolCount": 2, "PoolObjBound": 1712, "PoolObjVal": [ 1712, 1712]}, "Vars": [ { "VarName": "y[0,0,1]", "X": 1}, { "VarName": "y[0,1,0]", "X": 1}, { "VarName": "y[1,0,1]", "X": 1}, { "VarName": "y[1,1,1]", "X": 1}, { "VarName": "y[2,0,0]", "X": 1}, { "VarName": "y[2,1,0]", "X": 1}, { "VarName": "x[1,0,1,1]", "X": 1}, { "VarName": "x[2,0,2,1]", "X": 1}, { "VarName": "s[0,0,1]", "X": 5.3400000000001148e+02}, { "VarName": "s[0,1,0]", "X": 480}, { "VarName": "s[1,0,1]", "X": 1.2590000000000214e+03}, { "VarName": "s[1,1,1]", "X": 8.0900000000002137e+02}, { "VarName": "s[2,0,0]", "X": 969}, { "VarName": "s[2,1,0]", "X": 599}, { "VarName": "Z_FO", "X": 1712}, { "VarName": "C58", "X": 1}, { "VarName": "C59", "X": 1}, { "VarName": "C60", "X": 1}]}