{ "SolutionInfo": { "Status": 9, "Runtime": 3.6001280000209808e+03, "Work": 4.8929175349126973e+02, "ObjVal": 17341, "ObjBound": 10847, "ObjBoundC": 1.0846925980247044e+04, "MIPGap": 0.37448820713915, "IntVio": 0, "BoundVio": 0, "ConstrVio": 1.0913936421275139e-11, "IterCount": 37014477, "BarIterCount": 0, "NodeCount": 2503038, "SolCount": 10, "PoolObjBound": 10847, "PoolObjVal": [ 17341, 17400, 17401, 17402, 17404, 17405, 17407, 17409, 17411, 17412]}, "Vars": [ { "VarName": "y[0,0,7]", "X": 1}, { "VarName": "y[0,1,3]", "X": 1}, { "VarName": "y[0,2,3]", "X": 1}, { "VarName": "y[0,3,2]", "X": 1}, { "VarName": "y[1,0,4]", "X": 1}, { "VarName": "y[1,1,6]", "X": 1}, { "VarName": "y[1,2,1]", "X": 1}, { "VarName": "y[1,3,0]", "X": 1}, { "VarName": "y[2,0,7]", "X": 1}, { "VarName": "y[2,1,4]", "X": 1}, { "VarName": "y[2,2,3]", "X": 1}, { "VarName": "y[2,3,1]", "X": 1}, { "VarName": "y[3,0,5]", "X": 1}, { "VarName": "y[3,1,3]", "X": 1}, { "VarName": "y[3,2,4]", "X": 1}, { "VarName": "y[3,3,0]", "X": 1}, { "VarName": "y[4,0,7]", "X": 1}, { "VarName": "y[4,1,5]", "X": 1}, { "VarName": "y[4,2,3]", "X": 1}, { "VarName": "y[4,3,0]", "X": 1}, { "VarName": "y[5,0,6]", "X": 1}, { "VarName": "y[5,1,4]", "X": 1}, { "VarName": "y[5,2,2]", "X": 1}, { "VarName": "y[5,3,1]", "X": 1}, { "VarName": "y[6,0,4]", "X": 1}, { "VarName": "y[6,1,5]", "X": 1}, { "VarName": "y[6,2,2]", "X": 1}, { "VarName": "y[6,3,1]", "X": 1}, { "VarName": "y[7,0,6]", "X": 1}, { "VarName": "y[7,1,4]", "X": 1}, { "VarName": "y[7,2,5]", "X": 1}, { "VarName": "y[7,3,2]", "X": 1}, { "VarName": "y[8,0,7]", "X": 1}, { "VarName": "y[8,1,6]", "X": 1}, { "VarName": "y[8,2,3]", "X": 1}, { "VarName": "y[8,3,1]", "X": 1}, { "VarName": "x[0,0,0,2]", "X": 1}, { "VarName": "x[0,0,1,0]", "X": 1}, { "VarName": "x[0,0,2,0]", "X": 1}, { "VarName": "x[0,0,2,2]", "X": 1}, { "VarName": "x[0,0,7,0]", "X": 1}, { "VarName": "x[0,1,0,0]", "X": 1}, { "VarName": "x[0,1,0,2]", "X": 1}, { "VarName": "x[0,1,1,0]", "X": 1}, { "VarName": "x[0,1,2,1]", "X": 1}, { "VarName": "x[0,1,2,2]", "X": 1}, { "VarName": "x[0,1,3,1]", "X": 1}, { "VarName": "x[0,1,5,2]", "X": 1}, { "VarName": "x[0,1,5,3]", "X": 1}, { "VarName": "x[0,1,7,2]", "X": 1}, { "VarName": "x[0,2,2,2]", "X": 1}, { "VarName": "x[0,2,3,1]", "X": 1}, { "VarName": "x[0,2,5,0]", "X": 1}, { "VarName": "x[0,3,0,2]", "X": 1}, { "VarName": "x[0,3,3,2]", "X": 1}, { "VarName": "x[1,0,2,1]", "X": 1}, { "VarName": "x[1,0,3,2]", "X": 1}, { "VarName": "x[1,0,4,0]", "X": 1}, { "VarName": "x[1,0,4,1]", "X": 1}, { "VarName": "x[1,0,4,2]", "X": 1}, { "VarName": "x[1,0,6,2]", "X": 1}, { "VarName": "x[1,1,1,0]", "X": 1}, { "VarName": "x[1,1,2,0]", "X": 1}, { "VarName": "x[1,1,2,1]", "X": 1}, { "VarName": "x[1,1,3,1]", "X": 1}, { "VarName": "x[1,1,4,1]", "X": 1}, { "VarName": "x[1,1,4,2]", "X": 1}, { "VarName": "x[1,1,5,1]", "X": 1}, { "VarName": "x[1,1,6,1]", "X": 1}, { "VarName": "x[1,1,7,1]", "X": 1}, { "VarName": "x[1,1,7,2]", "X": 1}, { "VarName": "x[1,2,1,3]", "X": 1}, { "VarName": "x[1,2,2,3]", "X": 1}, { "VarName": "x[1,2,4,1]", "X": 1}, { "VarName": "x[1,2,5,3]", "X": 1}, { "VarName": "x[1,2,6,2]", "X": 1}, { "VarName": "x[1,2,8,2]", "X": 1}, { "VarName": "x[1,3,1,2]", "X": 1}, { "VarName": "x[1,3,2,3]", "X": 1}, { "VarName": "x[1,3,3,2]", "X": 1}, { "VarName": "x[1,3,3,3]", "X": 1}, { "VarName": "x[1,3,5,2]", "X": 1}, { "VarName": "x[1,3,6,2]", "X": 1}, { "VarName": "x[1,3,7,3]", "X": 1}, { "VarName": "x[2,0,3,0]", "X": 1}, { "VarName": "x[2,0,3,1]", "X": 1}, { "VarName": "x[2,0,4,1]", "X": 1}, { "VarName": "x[2,0,7,0]", "X": 1}, { "VarName": "x[2,1,2,0]", "X": 1}, { "VarName": "x[2,1,3,1]", "X": 1}, { "VarName": "x[2,1,3,2]", "X": 1}, { "VarName": "x[2,1,4,1]", "X": 1}, { "VarName": "x[2,1,4,2]", "X": 1}, { "VarName": "x[2,1,6,1]", "X": 1}, { "VarName": "x[2,1,7,2]", "X": 1}, { "VarName": "x[2,1,8,0]", "X": 1}, { "VarName": "x[2,2,2,1]", "X": 1}, { "VarName": "x[2,2,5,1]", "X": 1}, { "VarName": "x[2,2,5,3]", "X": 1}, { "VarName": "x[2,2,6,2]", "X": 1}, { "VarName": "x[2,2,7,3]", "X": 1}, { "VarName": "x[2,3,3,3]", "X": 1}, { "VarName": "x[2,3,4,1]", "X": 1}, { "VarName": "x[2,3,4,3]", "X": 1}, { "VarName": "x[3,0,4,2]", "X": 1}, { "VarName": "x[3,0,5,1]", "X": 1}, { "VarName": "x[3,1,3,0]", "X": 1}, { "VarName": "x[3,1,4,1]", "X": 1}, { "VarName": "x[3,1,5,2]", "X": 1}, { "VarName": "x[3,1,7,2]", "X": 1}, { "VarName": "x[3,2,3,0]", "X": 1}, { "VarName": "x[3,2,4,2]", "X": 1}, { "VarName": "x[3,2,6,1]", "X": 1}, { "VarName": "x[3,2,6,3]", "X": 1}, { "VarName": "x[3,2,7,2]", "X": 1}, { "VarName": "x[3,2,7,3]", "X": 1}, { "VarName": "x[3,2,8,2]", "X": 1}, { "VarName": "x[3,3,4,1]", "X": 1}, { "VarName": "x[3,3,5,3]", "X": 1}, { "VarName": "x[3,3,6,3]", "X": 1}, { "VarName": "x[3,3,8,3]", "X": 1}, { "VarName": "x[4,0,6,0]", "X": 1}, { "VarName": "x[4,0,7,0]", "X": 1}, { "VarName": "x[4,1,4,0]", "X": 1}, { "VarName": "x[4,1,7,1]", "X": 1}, { "VarName": "x[4,1,7,2]", "X": 1}, { "VarName": "x[4,1,8,3]", "X": 1}, { "VarName": "x[4,2,4,1]", "X": 1}, { "VarName": "x[4,2,6,1]", "X": 1}, { "VarName": "x[4,2,7,0]", "X": 1}, { "VarName": "x[4,2,7,1]", "X": 1}, { "VarName": "x[4,3,4,1]", "X": 1}, { "VarName": "x[4,3,5,3]", "X": 1}, { "VarName": "x[4,3,7,3]", "X": 1}, { "VarName": "x[5,0,5,1]", "X": 1}, { "VarName": "x[5,1,5,2]", "X": 1}, { "VarName": "x[5,1,6,1]", "X": 1}, { "VarName": "x[5,2,5,0]", "X": 1}, { "VarName": "x[5,2,5,1]", "X": 1}, { "VarName": "x[5,3,5,0]", "X": 1}, { "VarName": "x[5,3,5,2]", "X": 1}, { "VarName": "x[6,0,7,0]", "X": 1}, { "VarName": "x[6,0,7,1]", "X": 1}, { "VarName": "x[6,0,8,0]", "X": 1}, { "VarName": "x[6,1,6,2]", "X": 1}, { "VarName": "x[6,1,7,1]", "X": 1}, { "VarName": "x[6,1,7,2]", "X": 1}, { "VarName": "x[6,1,8,1]", "X": 1}, { "VarName": "x[6,2,6,0]", "X": 1}, { "VarName": "x[6,2,6,1]", "X": 1}, { "VarName": "x[6,2,7,1]", "X": 1}, { "VarName": "x[6,2,7,3]", "X": 1}, { "VarName": "x[6,2,8,2]", "X": 1}, { "VarName": "x[6,3,7,3]", "X": 1}, { "VarName": "x[7,0,7,1]", "X": 1}, { "VarName": "x[7,1,7,0]", "X": 1}, { "VarName": "x[7,2,7,1]", "X": 1}, { "VarName": "s[0,0,7]", "X": 1.5140000000000005e+03}, { "VarName": "s[0,1,3]", "X": 1.3640000000000005e+03}, { "VarName": "s[0,2,3]", "X": 1.0380000000000005e+03}, { "VarName": "s[0,3,2]", "X": 4.7999999999998909e+02}, { "VarName": "s[1,0,4]", "X": 1.2539999999999998e+03}, { "VarName": "s[1,1,6]", "X": 1.1039999999999998e+03}, { "VarName": "s[1,2,1]", "X": 1.0379999999999998e+03}, { "VarName": "s[1,3,0]", "X": 8.1899999999997272e+02}, { "VarName": "s[2,0,7]", "X": 9.4399999999999670e+02}, { "VarName": "s[2,1,4]", "X": 8.4399999999999682e+02}, { "VarName": "s[2,2,3]", "X": 5.4200000000000045e+02}, { "VarName": "s[2,3,1]", "X": 480}, { "VarName": "s[3,0,5]", "X": 8.9400000000000045e+02}, { "VarName": "s[3,1,3]", "X": 7.4900000000000045e+02}, { "VarName": "s[3,2,4]", "X": 5.6700000000000148e+02}, { "VarName": "s[3,3,0]", "X": 4.7999999999999636e+02}, { "VarName": "s[4,0,7]", "X": 2.2160000000000023e+03}, { "VarName": "s[4,1,5]", "X": 2.1310000000000023e+03}, { "VarName": "s[4,2,3]", "X": 2.0660000000000023e+03}, { "VarName": "s[4,3,0]", "X": 1.9380000000000023e+03}, { "VarName": "s[5,0,6]", "X": 1.5749999999999998e+03}, { "VarName": "s[5,1,4]", "X": 1.4549999999999998e+03}, { "VarName": "s[5,2,2]", "X": 8.8899999999999989e+02}, { "VarName": "s[5,3,1]", "X": 7.4399999999999977e+02}, { "VarName": "s[6,0,4]", "X": 2.5220000000000023e+03}, { "VarName": "s[6,1,5]", "X": 2.3570000000000023e+03}, { "VarName": "s[6,2,2]", "X": 2.2330000000000023e+03}, { "VarName": "s[6,3,1]", "X": 2.0760000000000023e+03}, { "VarName": "s[7,0,6]", "X": 2.3009999999999964e+03}, { "VarName": "s[7,1,4]", "X": 2.1559999999999964e+03}, { "VarName": "s[7,2,5]", "X": 1.5800000000000005e+03}, { "VarName": "s[7,3,2]", "X": 1.3230000000000005e+03}, { "VarName": "s[8,0,7]", "X": 2.8460000000000023e+03}, { "VarName": "s[8,1,6]", "X": 2.7960000000000023e+03}, { "VarName": "s[8,2,3]", "X": 2.5760000000000023e+03}, { "VarName": "s[8,3,1]", "X": 2.4260000000000023e+03}, { "VarName": "Z_FO", "X": 17341}]}