{ "SolutionInfo": { "Status": 2, "Runtime": 3.6000013351440430e-02, "Work": 9.8079506344379789e-03, "ObjVal": 3152, "ObjBound": 3152, "ObjBoundC": 3152, "MIPGap": 0, "IntVio": 0, "BoundVio": 0, "ConstrVio": 0, "IterCount": 491, "BarIterCount": 0, "NodeCount": 95, "SolCount": 4, "PoolObjBound": 3152, "PoolObjVal": [ 3152, 3777, 3925, 3932]}, "Vars": [ { "VarName": "y[0,0,1]", "X": 1}, { "VarName": "y[0,1,0]", "X": 1}, { "VarName": "y[1,0,1]", "X": 1}, { "VarName": "y[1,1,1]", "X": 1}, { "VarName": "y[2,0,0]", "X": 1}, { "VarName": "y[2,1,0]", "X": 1}, { "VarName": "x[0,0,0,1]", "X": 1}, { "VarName": "x[0,0,2,0]", "X": 1}, { "VarName": "x[0,0,2,1]", "X": 1}, { "VarName": "x[1,0,1,1]", "X": 1}, { "VarName": "x[1,0,2,0]", "X": 1}, { "VarName": "x[1,1,2,0]", "X": 1}, { "VarName": "x[2,0,2,1]", "X": 1}, { "VarName": "s[0,0,1]", "X": 534}, { "VarName": "s[0,1,0]", "X": 480}, { "VarName": "s[1,0,1]", "X": 1259}, { "VarName": "s[1,1,1]", "X": 809}, { "VarName": "s[2,0,0]", "X": 969}, { "VarName": "s[2,1,0]", "X": 599}, { "VarName": "Z_FO", "X": 3152}]}