{ "SolutionInfo": { "Status": 9, "Runtime": 3.6002839999198914e+03, "Work": 6.8965732961465960e+02, "ObjVal": 15675, "ObjBound": 9834, "ObjBoundC": 9834, "MIPGap": 3.7263157894736842e-01, "IntVio": 0, "BoundVio": 0, "ConstrVio": 9.0949470177292824e-11, "IterCount": 154367872, "BarIterCount": 0, "NodeCount": 14399891, "SolCount": 10, "PoolObjBound": 9834, "PoolObjVal": [ 15675, 15866, 15867, 15869, 15870, 15871, 15873, 15874, 15875, 15876]}, "Vars": [ { "VarName": "y[0,0,6]", "X": 1}, { "VarName": "y[0,1,4]", "X": 1}, { "VarName": "y[0,2,3]", "X": 1}, { "VarName": "y[0,3,0]", "X": 1}, { "VarName": "y[1,0,4]", "X": 1}, { "VarName": "y[1,1,5]", "X": 1}, { "VarName": "y[1,2,1]", "X": 1}, { "VarName": "y[1,3,0]", "X": 1}, { "VarName": "y[2,0,6]", "X": 1}, { "VarName": "y[2,1,4]", "X": 1}, { "VarName": "y[2,2,3]", "X": 1}, { "VarName": "y[2,3,1]", "X": 1}, { "VarName": "y[3,0,5]", "X": 1}, { "VarName": "y[3,1,5]", "X": 1}, { "VarName": "y[3,2,2]", "X": 1}, { "VarName": "y[3,3,1]", "X": 1}, { "VarName": "y[4,0,5]", "X": 1}, { "VarName": "y[4,1,1]", "X": 1}, { "VarName": "y[4,2,3]", "X": 1}, { "VarName": "y[4,3,0]", "X": 1}, { "VarName": "y[5,0,6]", "X": 1}, { "VarName": "y[5,1,4]", "X": 1}, { "VarName": "y[5,2,3]", "X": 1}, { "VarName": "y[5,3,1]", "X": 1}, { "VarName": "y[6,0,6]", "X": 1}, { "VarName": "y[6,1,5]", "X": 1}, { "VarName": "y[6,2,2]", "X": 1}, { "VarName": "y[6,3,2]", "X": 1}, { "VarName": "y[7,0,6]", "X": 1}, { "VarName": "y[7,1,4]", "X": 1}, { "VarName": "y[7,2,5]", "X": 1}, { "VarName": "y[7,3,2]", "X": 1}, { "VarName": "x[0,0,0,2]", "X": 1}, { "VarName": "x[0,0,2,0]", "X": 1}, { "VarName": "x[0,0,6,0]", "X": 1}, { "VarName": "x[0,1,0,0]", "X": 1}, { "VarName": "x[0,1,1,0]", "X": 1}, { "VarName": "x[0,1,2,1]", "X": 1}, { "VarName": "x[0,1,2,2]", "X": 1}, { "VarName": "x[0,2,0,1]", "X": 1}, { "VarName": "x[0,2,2,2]", "X": 1}, { "VarName": "x[0,3,0,2]", "X": 1}, { "VarName": "x[0,3,1,3]", "X": 1}, { "VarName": "x[0,3,2,3]", "X": 1}, { "VarName": "x[0,3,6,2]", "X": 1}, { "VarName": "x[1,0,2,1]", "X": 1}, { "VarName": "x[1,1,1,0]", "X": 1}, { "VarName": "x[1,1,2,0]", "X": 1}, { "VarName": "x[1,1,2,1]", "X": 1}, { "VarName": "x[1,1,5,1]", "X": 1}, { "VarName": "x[1,1,7,1]", "X": 1}, { "VarName": "x[1,2,2,3]", "X": 1}, { "VarName": "x[1,3,1,2]", "X": 1}, { "VarName": "x[1,3,2,3]", "X": 1}, { "VarName": "x[2,1,2,0]", "X": 1}, { "VarName": "x[2,2,2,0]", "X": 1}, { "VarName": "x[2,2,2,1]", "X": 1}, { "VarName": "x[3,0,3,1]", "X": 1}, { "VarName": "x[3,0,6,1]", "X": 1}, { "VarName": "x[3,1,6,1]", "X": 1}, { "VarName": "x[3,2,3,0]", "X": 1}, { "VarName": "x[3,2,4,3]", "X": 1}, { "VarName": "x[3,2,6,2]", "X": 1}, { "VarName": "x[3,2,6,3]", "X": 1}, { "VarName": "x[4,0,6,1]", "X": 1}, { "VarName": "x[4,0,7,2]", "X": 1}, { "VarName": "x[4,1,4,0]", "X": 1}, { "VarName": "x[4,1,5,3]", "X": 1}, { "VarName": "x[4,1,6,1]", "X": 1}, { "VarName": "x[4,2,4,0]", "X": 1}, { "VarName": "x[4,2,4,1]", "X": 1}, { "VarName": "x[4,2,5,0]", "X": 1}, { "VarName": "x[4,2,5,1]", "X": 1}, { "VarName": "x[4,2,5,2]", "X": 1}, { "VarName": "x[4,2,5,3]", "X": 1}, { "VarName": "x[4,2,6,0]", "X": 1}, { "VarName": "x[4,2,7,1]", "X": 1}, { "VarName": "x[4,3,4,1]", "X": 1}, { "VarName": "x[5,0,5,2]", "X": 1}, { "VarName": "x[5,0,6,0]", "X": 1}, { "VarName": "x[5,0,6,1]", "X": 1}, { "VarName": "x[5,1,5,0]", "X": 1}, { "VarName": "x[5,2,5,1]", "X": 1}, { "VarName": "x[5,3,5,0]", "X": 1}, { "VarName": "x[5,3,5,2]", "X": 1}, { "VarName": "x[6,1,6,0]", "X": 1}, { "VarName": "x[6,2,6,0]", "X": 1}, { "VarName": "x[6,2,6,1]", "X": 1}, { "VarName": "x[6,2,6,3]", "X": 1}, { "VarName": "x[7,1,7,0]", "X": 1}, { "VarName": "x[7,2,7,0]", "X": 1}, { "VarName": "x[7,2,7,1]", "X": 1}, { "VarName": "s[0,0,6]", "X": 1.7799999999999818e+03}, { "VarName": "s[0,1,4]", "X": 1.5849999999999873e+03}, { "VarName": "s[0,2,3]", "X": 1.2549999999999054e+03}, { "VarName": "s[0,3,0]", "X": 1.0089999999999964e+03}, { "VarName": "s[1,0,4]", "X": 9.8699999999997090e+02}, { "VarName": "s[1,1,5]", "X": 891}, { "VarName": "s[1,2,1]", "X": 8.2500000000002558e+02}, { "VarName": "s[1,3,0]", "X": 4.7999999999999636e+02}, { "VarName": "s[2,0,6]", "X": 747}, { "VarName": "s[2,1,4]", "X": 647}, { "VarName": "s[2,2,3]", "X": 5.4200000000001467e+02}, { "VarName": "s[2,3,1]", "X": 4.8000000000002683e+02}, { "VarName": "s[3,0,5]", "X": 1.8299999999998363e+03}, { "VarName": "s[3,1,5]", "X": 1.5259999999998363e+03}, { "VarName": "s[3,2,2]", "X": 1.2759999999998563e+03}, { "VarName": "s[3,3,1]", "X": 1.2010000000000255e+03}, { "VarName": "s[4,0,5]", "X": 2.6059999999998367e+03}, { "VarName": "s[4,1,1]", "X": 2.3709999999999618e+03}, { "VarName": "s[4,2,3]", "X": 2.0949999999999873e+03}, { "VarName": "s[4,3,0]", "X": 1.8299999999999964e+03}, { "VarName": "s[4,3,2]", "X": 7.2759576141834259e-12}, { "VarName": "s[5,0,6]", "X": 2.2719999999999818e+03}, { "VarName": "s[5,1,4]", "X": 1.9729999999999873e+03}, { "VarName": "s[5,2,3]", "X": 1.8229999999999873e+03}, { "VarName": "s[5,3,1]", "X": 1.6779999999999873e+03}, { "VarName": "s[6,0,6]", "X": 1.2559999999999818e+03}, { "VarName": "s[6,1,5]", "X": 1091}, { "VarName": "s[6,2,2]", "X": 9.0899999999992747e+02}, { "VarName": "s[6,3,2]", "X": 4.7999999999999636e+02}, { "VarName": "s[7,0,6]", "X": 2.9219999999999873e+03}, { "VarName": "s[7,1,4]", "X": 2.7769999999999873e+03}, { "VarName": "s[7,2,5]", "X": 2.2919999999998363e+03}, { "VarName": "s[7,3,2]", "X": 1.7049999999999509e+03}, { "VarName": "Z_FO", "X": 15675}]}