{ "SolutionInfo": { "Status": 2, "Runtime": 1.2910001277923584e+00, "Work": 7.2352012332845106e-01, "ObjVal": 5602, "ObjBound": 5602, "ObjBoundC": 5602, "MIPGap": 0, "IntVio": 0, "BoundVio": 0, "ConstrVio": 0, "IterCount": 131632, "BarIterCount": 0, "NodeCount": 19703, "SolCount": 10, "PoolObjBound": 5602, "PoolObjVal": [ 5602, 5602, 5620, 5646, 5648, 5671, 5767, 5784, 5786, 5858]}, "Vars": [ { "VarName": "y[0,0,4]", "X": 1}, { "VarName": "y[0,1,1]", "X": 1}, { "VarName": "y[0,2,0]", "X": 1}, { "VarName": "y[1,0,5]", "X": 1}, { "VarName": "y[1,1,2]", "X": 1}, { "VarName": "y[1,2,2]", "X": 1}, { "VarName": "y[2,0,4]", "X": 1}, { "VarName": "y[2,1,3]", "X": 1}, { "VarName": "y[2,2,1]", "X": 1}, { "VarName": "y[3,0,3]", "X": 1}, { "VarName": "y[3,1,4]", "X": 1}, { "VarName": "y[3,2,1]", "X": 1}, { "VarName": "y[4,0,5]", "X": 1}, { "VarName": "y[4,1,3]", "X": 1}, { "VarName": "y[4,2,0]", "X": 1}, { "VarName": "x[0,0,2,0]", "X": 1}, { "VarName": "x[0,0,2,1]", "X": 1}, { "VarName": "x[0,0,3,0]", "X": 1}, { "VarName": "x[0,0,3,1]", "X": 1}, { "VarName": "x[0,0,4,0]", "X": 1}, { "VarName": "x[0,0,4,1]", "X": 1}, { "VarName": "x[0,1,0,0]", "X": 1}, { "VarName": "x[0,1,2,1]", "X": 1}, { "VarName": "x[0,1,2,2]", "X": 1}, { "VarName": "x[0,1,3,2]", "X": 1}, { "VarName": "x[0,1,4,1]", "X": 1}, { "VarName": "x[0,1,4,2]", "X": 1}, { "VarName": "x[0,2,0,1]", "X": 1}, { "VarName": "x[0,2,3,2]", "X": 1}, { "VarName": "x[0,2,4,1]", "X": 1}, { "VarName": "x[0,2,4,2]", "X": 1}, { "VarName": "x[1,0,3,0]", "X": 1}, { "VarName": "x[1,0,4,0]", "X": 1}, { "VarName": "x[1,1,1,2]", "X": 1}, { "VarName": "x[1,1,2,2]", "X": 1}, { "VarName": "x[1,1,3,2]", "X": 1}, { "VarName": "x[2,0,3,1]", "X": 1}, { "VarName": "x[2,0,4,0]", "X": 1}, { "VarName": "x[2,0,4,1]", "X": 1}, { "VarName": "x[2,1,2,0]", "X": 1}, { "VarName": "x[2,1,4,1]", "X": 1}, { "VarName": "x[2,2,3,2]", "X": 1}, { "VarName": "x[3,0,4,0]", "X": 1}, { "VarName": "x[3,0,4,1]", "X": 1}, { "VarName": "x[3,1,4,1]", "X": 1}, { "VarName": "x[4,1,4,0]", "X": 1}, { "VarName": "x[4,2,4,1]", "X": 1}, { "VarName": "s[0,0,4]", "X": 1192}, { "VarName": "s[0,1,1]", "X": 954}, { "VarName": "s[0,2,0]", "X": 807}, { "VarName": "s[1,0,5]", "X": 918}, { "VarName": "s[1,1,2]", "X": 831}, { "VarName": "s[1,2,2]", "X": 480}, { "VarName": "s[2,0,4]", "X": 827}, { "VarName": "s[2,1,3]", "X": 722}, { "VarName": "s[2,2,1]", "X": 607}, { "VarName": "s[3,0,3]", "X": 1407}, { "VarName": "s[3,1,4]", "X": 545}, { "VarName": "s[3,2,1]", "X": 480}, { "VarName": "s[4,0,5]", "X": 673}, { "VarName": "s[4,1,3]", "X": 608}, { "VarName": "s[4,2,0]", "X": 480}, { "VarName": "Z_FO", "X": 5602}]}