{ "SolutionInfo": { "Status": 9, "Runtime": 3.6004230000972748e+03, "Work": 1.3803517636725194e+03, "ObjVal": 25448, "ObjBound": 8237, "ObjBoundC": 8.2363674344675019e+03, "MIPGap": 6.7632033951587556e-01, "IntVio": 0, "BoundVio": 0, "ConstrVio": 1.8626451492309570e-09, "IterCount": 32651882, "BarIterCount": 0, "NodeCount": 1006846, "SolCount": 10, "PoolObjBound": 8237, "PoolObjVal": [ 25448, 25553, 25663, 25828, 25860, 25862, 25948, 26067, 26069, 26071]}, "Vars": [ { "VarName": "y[0,0,7]", "X": 1}, { "VarName": "y[0,1,6]", "X": 1}, { "VarName": "y[0,2,3]", "X": 1}, { "VarName": "y[0,3,0]", "X": 1}, { "VarName": "y[1,0,4]", "X": 1}, { "VarName": "y[1,1,5]", "X": 1}, { "VarName": "y[1,2,1]", "X": 1}, { "VarName": "y[1,3,0]", "X": 1}, { "VarName": "y[2,0,7]", "X": 1}, { "VarName": "y[2,1,4]", "X": 1}, { "VarName": "y[2,2,2]", "X": 1}, { "VarName": "y[2,3,0]", "X": 1}, { "VarName": "y[3,0,5]", "X": 1}, { "VarName": "y[3,1,5]", "X": 1}, { "VarName": "y[3,2,2]", "X": 1}, { "VarName": "y[3,3,1]", "X": 1}, { "VarName": "y[4,0,5]", "X": 1}, { "VarName": "y[4,1,1]", "X": 1}, { "VarName": "y[4,2,3]", "X": 1}, { "VarName": "y[4,3,0]", "X": 1}, { "VarName": "y[5,0,3]", "X": 1}, { "VarName": "y[5,1,6]", "X": 1}, { "VarName": "y[5,2,3]", "X": 1}, { "VarName": "y[5,3,3]", "X": 1}, { "VarName": "y[6,0,4]", "X": 1}, { "VarName": "y[6,1,6]", "X": 1}, { "VarName": "y[6,2,4]", "X": 1}, { "VarName": "y[6,3,2]", "X": 1}, { "VarName": "y[7,0,7]", "X": 1}, { "VarName": "y[7,1,6]", "X": 1}, { "VarName": "y[7,2,4]", "X": 1}, { "VarName": "y[7,3,3]", "X": 1}, { "VarName": "y[8,0,7]", "X": 1}, { "VarName": "y[8,1,6]", "X": 1}, { "VarName": "y[8,2,2]", "X": 1}, { "VarName": "y[8,3,1]", "X": 1}, { "VarName": "y[9,0,6]", "X": 1}, { "VarName": "y[9,1,5]", "X": 1}, { "VarName": "y[9,2,4]", "X": 1}, { "VarName": "y[9,3,2]", "X": 1}, { "VarName": "y[10,0,7]", "X": 1}, { "VarName": "y[10,1,4]", "X": 1}, { "VarName": "y[10,2,2]", "X": 1}, { "VarName": "y[10,3,1]", "X": 1}, { "VarName": "y[11,0,7]", "X": 1}, { "VarName": "y[11,1,5]", "X": 1}, { "VarName": "y[11,2,2]", "X": 1}, { "VarName": "y[11,3,1]", "X": 1}, { "VarName": "x[0,0,0,1]", "X": 1}, { "VarName": "x[0,0,8,1]", "X": 1}, { "VarName": "x[0,1,0,2]", "X": 1}, { "VarName": "x[0,1,6,2]", "X": 1}, { "VarName": "x[0,1,11,1]", "X": 1}, { "VarName": "x[0,2,0,0]", "X": 1}, { "VarName": "x[0,2,0,3]", "X": 1}, { "VarName": "x[0,2,3,3]", "X": 1}, { "VarName": "x[0,2,8,3]", "X": 1}, { "VarName": "x[0,2,11,3]", "X": 1}, { "VarName": "x[0,3,3,2]", "X": 1}, { "VarName": "x[0,3,8,3]", "X": 1}, { "VarName": "x[0,3,9,3]", "X": 1}, { "VarName": "x[0,3,11,2]", "X": 1}, { "VarName": "x[1,0,4,2]", "X": 1}, { "VarName": "x[1,0,7,2]", "X": 1}, { "VarName": "x[1,0,9,1]", "X": 1}, { "VarName": "x[1,0,9,2]", "X": 1}, { "VarName": "x[1,1,1,0]", "X": 1}, { "VarName": "x[1,1,2,1]", "X": 1}, { "VarName": "x[1,1,3,1]", "X": 1}, { "VarName": "x[1,1,7,2]", "X": 1}, { "VarName": "x[1,1,9,1]", "X": 1}, { "VarName": "x[1,1,9,2]", "X": 1}, { "VarName": "x[1,2,3,3]", "X": 1}, { "VarName": "x[1,2,4,3]", "X": 1}, { "VarName": "x[1,2,5,3]", "X": 1}, { "VarName": "x[1,2,8,3]", "X": 1}, { "VarName": "x[1,2,10,3]", "X": 1}, { "VarName": "x[1,3,1,2]", "X": 1}, { "VarName": "x[1,3,3,2]", "X": 1}, { "VarName": "x[1,3,3,3]", "X": 1}, { "VarName": "x[1,3,8,2]", "X": 1}, { "VarName": "x[1,3,9,3]", "X": 1}, { "VarName": "x[2,0,7,0]", "X": 1}, { "VarName": "x[2,0,8,0]", "X": 1}, { "VarName": "x[2,0,10,0]", "X": 1}, { "VarName": "x[2,1,2,0]", "X": 1}, { "VarName": "x[2,1,3,2]", "X": 1}, { "VarName": "x[2,1,5,2]", "X": 1}, { "VarName": "x[2,1,6,2]", "X": 1}, { "VarName": "x[2,1,7,2]", "X": 1}, { "VarName": "x[2,1,9,1]", "X": 1}, { "VarName": "x[2,1,9,2]", "X": 1}, { "VarName": "x[2,1,10,1]", "X": 1}, { "VarName": "x[2,2,2,1]", "X": 1}, { "VarName": "x[2,2,3,2]", "X": 1}, { "VarName": "x[2,2,6,3]", "X": 1}, { "VarName": "x[2,2,8,2]", "X": 1}, { "VarName": "x[2,2,9,3]", "X": 1}, { "VarName": "x[2,2,10,2]", "X": 1}, { "VarName": "x[2,2,10,3]", "X": 1}, { "VarName": "x[2,3,3,3]", "X": 1}, { "VarName": "x[2,3,4,3]", "X": 1}, { "VarName": "x[3,0,3,1]", "X": 1}, { "VarName": "x[3,0,9,1]", "X": 1}, { "VarName": "x[3,1,9,1]", "X": 1}, { "VarName": "x[3,2,3,0]", "X": 1}, { "VarName": "x[3,2,4,2]", "X": 1}, { "VarName": "x[3,2,5,2]", "X": 1}, { "VarName": "x[3,2,6,0]", "X": 1}, { "VarName": "x[3,2,7,1]", "X": 1}, { "VarName": "x[3,2,9,1]", "X": 1}, { "VarName": "x[3,2,9,2]", "X": 1}, { "VarName": "x[3,2,9,3]", "X": 1}, { "VarName": "x[3,2,11,0]", "X": 1}, { "VarName": "x[3,2,11,1]", "X": 1}, { "VarName": "x[4,0,8,0]", "X": 1}, { "VarName": "x[4,0,9,1]", "X": 1}, { "VarName": "x[4,1,4,0]", "X": 1}, { "VarName": "x[4,1,4,3]", "X": 1}, { "VarName": "x[4,1,8,3]", "X": 1}, { "VarName": "x[4,1,10,3]", "X": 1}, { "VarName": "x[4,1,11,3]", "X": 1}, { "VarName": "x[4,2,4,1]", "X": 1}, { "VarName": "x[4,2,5,2]", "X": 1}, { "VarName": "x[4,2,5,3]", "X": 1}, { "VarName": "x[4,2,6,2]", "X": 1}, { "VarName": "x[4,2,7,1]", "X": 1}, { "VarName": "x[4,2,7,2]", "X": 1}, { "VarName": "x[4,2,7,3]", "X": 1}, { "VarName": "x[4,2,9,0]", "X": 1}, { "VarName": "x[4,2,9,2]", "X": 1}, { "VarName": "x[4,2,10,1]", "X": 1}, { "VarName": "x[4,3,8,3]", "X": 1}, { "VarName": "x[4,3,9,3]", "X": 1}, { "VarName": "x[4,3,10,3]", "X": 1}, { "VarName": "x[5,0,5,2]", "X": 1}, { "VarName": "x[5,0,5,3]", "X": 1}, { "VarName": "x[5,0,7,3]", "X": 1}, { "VarName": "x[5,1,5,0]", "X": 1}, { "VarName": "x[5,1,7,1]", "X": 1}, { "VarName": "x[5,1,7,2]", "X": 1}, { "VarName": "x[5,1,8,1]", "X": 1}, { "VarName": "x[5,1,9,0]", "X": 1}, { "VarName": "x[5,1,10,1]", "X": 1}, { "VarName": "x[5,1,11,1]", "X": 1}, { "VarName": "x[5,2,5,1]", "X": 1}, { "VarName": "x[5,2,5,3]", "X": 1}, { "VarName": "x[5,2,6,0]", "X": 1}, { "VarName": "x[5,2,7,3]", "X": 1}, { "VarName": "x[5,2,11,1]", "X": 1}, { "VarName": "x[5,3,6,3]", "X": 1}, { "VarName": "x[5,3,7,3]", "X": 1}, { "VarName": "x[6,0,6,2]", "X": 1}, { "VarName": "x[6,0,7,1]", "X": 1}, { "VarName": "x[6,0,7,2]", "X": 1}, { "VarName": "x[6,0,8,0]", "X": 1}, { "VarName": "x[6,0,9,1]", "X": 1}, { "VarName": "x[6,0,9,2]", "X": 1}, { "VarName": "x[6,0,10,0]", "X": 1}, { "VarName": "x[6,0,10,1]", "X": 1}, { "VarName": "x[6,0,11,0]", "X": 1}, { "VarName": "x[6,0,11,1]", "X": 1}, { "VarName": "x[6,1,6,0]", "X": 1}, { "VarName": "x[6,1,7,1]", "X": 1}, { "VarName": "x[6,1,8,1]", "X": 1}, { "VarName": "x[6,1,9,0]", "X": 1}, { "VarName": "x[6,1,9,1]", "X": 1}, { "VarName": "x[6,1,11,1]", "X": 1}, { "VarName": "x[6,2,6,1]", "X": 1}, { "VarName": "x[6,2,7,2]", "X": 1}, { "VarName": "x[6,2,8,3]", "X": 1}, { "VarName": "x[6,2,9,1]", "X": 1}, { "VarName": "x[6,2,9,2]", "X": 1}, { "VarName": "x[6,3,6,2]", "X": 1}, { "VarName": "x[6,3,8,2]", "X": 1}, { "VarName": "x[6,3,9,3]", "X": 1}, { "VarName": "x[7,1,7,0]", "X": 1}, { "VarName": "x[7,1,7,2]", "X": 1}, { "VarName": "x[7,1,9,0]", "X": 1}, { "VarName": "x[7,1,9,2]", "X": 1}, { "VarName": "x[7,1,10,1]", "X": 1}, { "VarName": "x[7,2,9,1]", "X": 1}, { "VarName": "x[7,2,9,2]", "X": 1}, { "VarName": "x[7,3,11,3]", "X": 1}, { "VarName": "x[8,1,9,0]", "X": 1}, { "VarName": "x[8,1,9,1]", "X": 1}, { "VarName": "x[8,1,11,1]", "X": 1}, { "VarName": "x[8,2,9,3]", "X": 1}, { "VarName": "x[8,3,8,2]", "X": 1}, { "VarName": "x[9,0,10,0]", "X": 1}, { "VarName": "x[9,1,9,0]", "X": 1}, { "VarName": "x[9,2,9,1]", "X": 1}, { "VarName": "x[10,3,10,2]", "X": 1}, { "VarName": "x[11,1,11,0]", "X": 1}, { "VarName": "x[11,2,11,0]", "X": 1}, { "VarName": "x[11,2,11,1]", "X": 1}, { "VarName": "x[11,3,11,2]", "X": 1}, { "VarName": "s[0,0,7]", "X": 1.0659999999999982e+03}, { "VarName": "s[0,1,6]", "X": 866}, { "VarName": "s[0,2,3]", "X": 726}, { "VarName": "s[0,3,0]", "X": 480}, { "VarName": "s[1,0,4]", "X": 1.9129999999998690e+03}, { "VarName": "s[1,1,5]", "X": 1767.99999999997}, { "VarName": "s[1,2,1]", "X": 1701.99999999997}, { "VarName": "s[1,3,0]", "X": 1353}, { "VarName": "s[2,0,7]", "X": 3.2459999999996817e+03}, { "VarName": "s[2,1,4]", "X": 3.1320000000015525e+03}, { "VarName": "s[2,2,2]", "X": 2.9199999999995744e+03}, { "VarName": "s[2,3,0]", "X": 2.6029999999999836e+03}, { "VarName": "s[3,0,5]", "X": 1.9739999999998145e+03}, { "VarName": "s[3,1,5]", "X": 1.2679999999999745e+03}, { "VarName": "s[3,2,2]", "X": 9.3400000000001978e+02}, { "VarName": "s[3,3,1]", "X": 480}, { "VarName": "s[4,0,5]", "X": 2.9219999999999864e+03}, { "VarName": "s[4,1,1]", "X": 2.8219999999999864e+03}, { "VarName": "s[4,2,3]", "X": 2.6779999999999955e+03}, { "VarName": "s[4,3,0]", "X": 1823}, { "VarName": "s[5,0,3]", "X": 2836.99999999971}, { "VarName": "s[5,1,6]", "X": 2656.99999999971}, { "VarName": "s[5,2,3]", "X": 2228}, { "VarName": "s[5,3,3]", "X": 1.5939999999999973e+03}, { "VarName": "s[6,0,4]", "X": 3515.99999999987}, { "VarName": "s[6,1,6]", "X": 3.1489999999996653e+03}, { "VarName": "s[6,2,4]", "X": 2.3559999999998763e+03}, { "VarName": "s[6,3,2]", "X": 1943}, { "VarName": "s[7,0,7]", "X": 1.7689999999998727e+03}, { "VarName": "s[7,1,6]", "X": 1.5909999999998727e+03}, { "VarName": "s[7,2,4]", "X": 1.3229999999998747e+03}, { "VarName": "s[7,3,3]", "X": 1079}, { "VarName": "s[8,0,7]", "X": 2.0689999999998645e+03}, { "VarName": "s[8,1,6]", "X": 1.9279999999999181e+03}, { "VarName": "s[8,2,2]", "X": 1.4680000000000368e+03}, { "VarName": "s[8,3,1]", "X": 771}, { "VarName": "s[9,0,6]", "X": 1192}, { "VarName": "s[9,1,5]", "X": 1.0049999999999709e+03}, { "VarName": "s[9,2,4]", "X": 7.3699999999997453e+02}, { "VarName": "s[9,3,2]", "X": 4.7999999999998653e+02}, { "VarName": "s[10,0,7]", "X": 2.7119999999996908e+03}, { "VarName": "s[10,1,4]", "X": 2.6719999999998763e+03}, { "VarName": "s[10,2,2]", "X": 2.4159999999999209e+03}, { "VarName": "s[10,3,1]", "X": 1299}, { "VarName": "s[11,0,7]", "X": 4.0819999999999864e+03}, { "VarName": "s[11,1,5]", "X": 3.9169999999999864e+03}, { "VarName": "s[11,2,2]", "X": 3.3259999999995744e+03}, { "VarName": "s[11,3,1]", "X": 2.3099999999999854e+03}, { "VarName": "Z_FO", "X": 25448}, { "VarName": "C2530", "X": 1}, { "VarName": "C2531", "X": 1}, { "VarName": "C2534", "X": 1}, { "VarName": "C2536", "X": 1}, { "VarName": "C2537", "X": 1}, { "VarName": "C2539", "X": 1}, { "VarName": "C2541", "X": 1}, { "VarName": "C2544", "X": 1}, { "VarName": "C2546", "X": 1}, { "VarName": "C2547", "X": 1}, { "VarName": "C2550", "X": 1}, { "VarName": "C2552", "X": 1}]}