{ "SolutionInfo": { "Status": 9, "Runtime": 3.6004579999446869e+03, "Work": 6.5762574848868462e+02, "ObjVal": 20690, "ObjBound": 8216, "ObjBoundC": 8.2158971414555945e+03, "MIPGap": 6.0289995166747223e-01, "IntVio": 0, "BoundVio": 0, "ConstrVio": 8.2854967331513762e-10, "IterCount": 28218695, "BarIterCount": 0, "NodeCount": 1447302, "SolCount": 10, "PoolObjBound": 8216, "PoolObjVal": [ 20690, 21181, 21195, 2.1627000000001466e+04, 2.1629000000001466e+04, 21811, 22555, 2.2565000000003369e+04, 22668, 22876]}, "Vars": [ { "VarName": "y[0,0,6]", "X": 1}, { "VarName": "y[0,1,3]", "X": 1}, { "VarName": "y[0,2,3]", "X": 1}, { "VarName": "y[0,3,2]", "X": 1}, { "VarName": "y[1,0,7]", "X": 1}, { "VarName": "y[1,1,5]", "X": 1}, { "VarName": "y[1,2,2]", "X": 1}, { "VarName": "y[1,3,2]", "X": 1}, { "VarName": "y[2,0,7]", "X": 1}, { "VarName": "y[2,1,4]", "X": 1}, { "VarName": "y[2,2,6]", "X": 1}, { "VarName": "y[2,3,0]", "X": 1}, { "VarName": "y[3,0,4]", "X": 1}, { "VarName": "y[3,1,3]", "X": 1}, { "VarName": "y[3,2,4]", "X": 1}, { "VarName": "y[3,3,0]", "X": 1}, { "VarName": "y[4,0,7]", "X": 1}, { "VarName": "y[4,1,1]", "X": 1}, { "VarName": "y[4,2,4]", "X": 1}, { "VarName": "y[4,3,1]", "X": 1}, { "VarName": "y[5,0,6]", "X": 1}, { "VarName": "y[5,1,5]", "X": 1}, { "VarName": "y[5,2,3]", "X": 1}, { "VarName": "y[5,3,3]", "X": 1}, { "VarName": "y[6,0,7]", "X": 1}, { "VarName": "y[6,1,5]", "X": 1}, { "VarName": "y[6,2,4]", "X": 1}, { "VarName": "y[6,3,2]", "X": 1}, { "VarName": "y[7,0,7]", "X": 1}, { "VarName": "y[7,1,4]", "X": 1}, { "VarName": "y[7,2,4]", "X": 1}, { "VarName": "y[7,3,2]", "X": 1}, { "VarName": "y[8,0,5]", "X": 1}, { "VarName": "y[8,1,6]", "X": 1}, { "VarName": "y[8,2,3]", "X": 1}, { "VarName": "y[8,3,1]", "X": 1}, { "VarName": "y[9,0,7]", "X": 1}, { "VarName": "y[9,1,6]", "X": 1}, { "VarName": "y[9,2,5]", "X": 1}, { "VarName": "y[9,3,3]", "X": 1}, { "VarName": "y[10,0,5]", "X": 1}, { "VarName": "y[10,1,6]", "X": 1}, { "VarName": "y[10,2,2]", "X": 1}, { "VarName": "y[10,3,1]", "X": 1}, { "VarName": "x[0,0,2,0]", "X": 1}, { "VarName": "x[0,0,2,2]", "X": 1}, { "VarName": "x[0,0,4,0]", "X": 1}, { "VarName": "x[0,0,4,2]", "X": 1}, { "VarName": "x[0,0,5,0]", "X": 1}, { "VarName": "x[0,0,7,0]", "X": 1}, { "VarName": "x[0,0,9,0]", "X": 1}, { "VarName": "x[0,1,0,0]", "X": 1}, { "VarName": "x[0,1,0,2]", "X": 1}, { "VarName": "x[0,1,2,1]", "X": 1}, { "VarName": "x[0,1,4,2]", "X": 1}, { "VarName": "x[0,1,5,2]", "X": 1}, { "VarName": "x[0,1,5,3]", "X": 1}, { "VarName": "x[0,1,7,3]", "X": 1}, { "VarName": "x[0,2,0,0]", "X": 1}, { "VarName": "x[0,2,1,2]", "X": 1}, { "VarName": "x[0,2,2,2]", "X": 1}, { "VarName": "x[0,2,4,2]", "X": 1}, { "VarName": "x[0,2,5,0]", "X": 1}, { "VarName": "x[0,2,5,2]", "X": 1}, { "VarName": "x[0,2,5,3]", "X": 1}, { "VarName": "x[0,2,8,3]", "X": 1}, { "VarName": "x[0,2,9,0]", "X": 1}, { "VarName": "x[0,2,10,3]", "X": 1}, { "VarName": "x[0,3,0,2]", "X": 1}, { "VarName": "x[0,3,2,3]", "X": 1}, { "VarName": "x[0,3,3,2]", "X": 1}, { "VarName": "x[0,3,4,3]", "X": 1}, { "VarName": "x[0,3,6,2]", "X": 1}, { "VarName": "x[0,3,8,2]", "X": 1}, { "VarName": "x[0,3,8,3]", "X": 1}, { "VarName": "x[1,0,2,0]", "X": 1}, { "VarName": "x[1,0,2,1]", "X": 1}, { "VarName": "x[1,0,3,2]", "X": 1}, { "VarName": "x[1,0,4,0]", "X": 1}, { "VarName": "x[1,0,5,1]", "X": 1}, { "VarName": "x[1,0,6,2]", "X": 1}, { "VarName": "x[1,0,7,1]", "X": 1}, { "VarName": "x[1,0,8,1]", "X": 1}, { "VarName": "x[1,0,9,2]", "X": 1}, { "VarName": "x[1,1,1,0]", "X": 1}, { "VarName": "x[1,1,4,1]", "X": 1}, { "VarName": "x[1,1,4,2]", "X": 1}, { "VarName": "x[1,1,5,1]", "X": 1}, { "VarName": "x[1,2,1,3]", "X": 1}, { "VarName": "x[1,2,2,3]", "X": 1}, { "VarName": "x[1,2,3,3]", "X": 1}, { "VarName": "x[1,2,6,2]", "X": 1}, { "VarName": "x[1,2,6,3]", "X": 1}, { "VarName": "x[1,3,3,3]", "X": 1}, { "VarName": "x[1,3,6,3]", "X": 1}, { "VarName": "x[1,3,8,2]", "X": 1}, { "VarName": "x[2,0,4,0]", "X": 1}, { "VarName": "x[2,1,2,0]", "X": 1}, { "VarName": "x[2,1,4,2]", "X": 1}, { "VarName": "x[2,1,5,3]", "X": 1}, { "VarName": "x[2,1,6,1]", "X": 1}, { "VarName": "x[2,1,7,3]", "X": 1}, { "VarName": "x[2,1,8,0]", "X": 1}, { "VarName": "x[2,2,2,1]", "X": 1}, { "VarName": "x[2,2,5,2]", "X": 1}, { "VarName": "x[2,2,7,3]", "X": 1}, { "VarName": "x[2,2,8,3]", "X": 1}, { "VarName": "x[2,3,8,3]", "X": 1}, { "VarName": "x[2,3,10,3]", "X": 1}, { "VarName": "x[3,0,3,2]", "X": 1}, { "VarName": "x[3,0,4,1]", "X": 1}, { "VarName": "x[3,0,4,2]", "X": 1}, { "VarName": "x[3,0,5,1]", "X": 1}, { "VarName": "x[3,0,6,0]", "X": 1}, { "VarName": "x[3,0,6,1]", "X": 1}, { "VarName": "x[3,0,6,2]", "X": 1}, { "VarName": "x[3,0,10,1]", "X": 1}, { "VarName": "x[3,1,3,0]", "X": 1}, { "VarName": "x[3,1,4,0]", "X": 1}, { "VarName": "x[3,1,4,1]", "X": 1}, { "VarName": "x[3,1,5,1]", "X": 1}, { "VarName": "x[3,1,5,2]", "X": 1}, { "VarName": "x[3,1,5,3]", "X": 1}, { "VarName": "x[3,1,6,1]", "X": 1}, { "VarName": "x[3,1,7,3]", "X": 1}, { "VarName": "x[3,1,10,2]", "X": 1}, { "VarName": "x[3,2,4,2]", "X": 1}, { "VarName": "x[3,2,6,1]", "X": 1}, { "VarName": "x[3,2,8,3]", "X": 1}, { "VarName": "x[3,2,10,2]", "X": 1}, { "VarName": "x[3,3,8,3]", "X": 1}, { "VarName": "x[3,3,10,3]", "X": 1}, { "VarName": "x[4,0,4,1]", "X": 1}, { "VarName": "x[4,0,10,0]", "X": 1}, { "VarName": "x[4,1,4,3]", "X": 1}, { "VarName": "x[4,1,5,1]", "X": 1}, { "VarName": "x[4,2,4,1]", "X": 1}, { "VarName": "x[4,2,5,3]", "X": 1}, { "VarName": "x[4,2,6,1]", "X": 1}, { "VarName": "x[4,3,5,2]", "X": 1}, { "VarName": "x[4,3,7,3]", "X": 1}, { "VarName": "x[4,3,9,3]", "X": 1}, { "VarName": "x[4,3,10,2]", "X": 1}, { "VarName": "x[5,1,5,0]", "X": 1}, { "VarName": "x[5,1,8,1]", "X": 1}, { "VarName": "x[5,1,9,1]", "X": 1}, { "VarName": "x[5,2,5,0]", "X": 1}, { "VarName": "x[5,2,5,1]", "X": 1}, { "VarName": "x[5,2,5,3]", "X": 1}, { "VarName": "x[5,2,6,2]", "X": 1}, { "VarName": "x[5,2,6,3]", "X": 1}, { "VarName": "x[5,2,8,3]", "X": 1}, { "VarName": "x[5,3,5,0]", "X": 1}, { "VarName": "x[5,3,8,3]", "X": 1}, { "VarName": "x[5,3,10,3]", "X": 1}, { "VarName": "x[6,0,6,1]", "X": 1}, { "VarName": "x[6,0,7,1]", "X": 1}, { "VarName": "x[6,0,9,1]", "X": 1}, { "VarName": "x[6,1,6,2]", "X": 1}, { "VarName": "x[6,1,7,2]", "X": 1}, { "VarName": "x[6,1,10,1]", "X": 1}, { "VarName": "x[6,2,6,0]", "X": 1}, { "VarName": "x[6,2,8,3]", "X": 1}, { "VarName": "x[6,2,9,3]", "X": 1}, { "VarName": "x[6,3,6,2]", "X": 1}, { "VarName": "x[7,1,7,0]", "X": 1}, { "VarName": "x[7,1,7,2]", "X": 1}, { "VarName": "x[7,1,8,0]", "X": 1}, { "VarName": "x[7,1,9,1]", "X": 1}, { "VarName": "x[7,1,9,2]", "X": 1}, { "VarName": "x[7,1,10,1]", "X": 1}, { "VarName": "x[7,2,10,0]", "X": 1}, { "VarName": "x[7,2,10,1]", "X": 1}, { "VarName": "x[7,3,10,2]", "X": 1}, { "VarName": "x[8,0,10,0]", "X": 1}, { "VarName": "x[8,1,9,2]", "X": 1}, { "VarName": "x[8,1,10,1]", "X": 1}, { "VarName": "x[8,2,8,3]", "X": 1}, { "VarName": "x[8,2,10,2]", "X": 1}, { "VarName": "x[8,3,9,3]", "X": 1}, { "VarName": "x[8,3,10,3]", "X": 1}, { "VarName": "x[9,0,10,1]", "X": 1}, { "VarName": "x[9,1,9,0]", "X": 1}, { "VarName": "x[9,1,10,1]", "X": 1}, { "VarName": "x[9,2,9,1]", "X": 1}, { "VarName": "x[9,2,10,0]", "X": 1}, { "VarName": "x[9,2,10,1]", "X": 1}, { "VarName": "x[9,3,10,2]", "X": 1}, { "VarName": "x[9,3,10,3]", "X": 1}, { "VarName": "x[10,3,10,2]", "X": 1}, { "VarName": "s[0,0,6]", "X": 1.8519999999999973e+03}, { "VarName": "s[0,1,3]", "X": 1.4859999999999991e+03}, { "VarName": "s[0,2,3]", "X": 1006}, { "VarName": "s[0,3,2]", "X": 4.7999999999999272e+02}, { "VarName": "s[1,0,7]", "X": 1.5619999999999886e+03}, { "VarName": "s[1,1,5]", "X": 1.4669999999999918e+03}, { "VarName": "s[1,2,2]", "X": 1.3799999999999952e+03}, { "VarName": "s[1,3,2]", "X": 1.0539999999999952e+03}, { "VarName": "s[2,0,7]", "X": 1.1800000000002394e+03}, { "VarName": "s[2,1,4]", "X": 8.0899999999977445e+02}, { "VarName": "s[2,2,6]", "X": 5.6699999999999091e+02}, { "VarName": "s[2,3,0]", "X": 4.7999999999999085e+02}, { "VarName": "s[3,0,4]", "X": 2.3609999999994207e+03}, { "VarName": "s[3,1,3]", "X": 2.2160000000002492e+03}, { "VarName": "s[3,2,4]", "X": 1.4559999999996799e+03}, { "VarName": "s[3,3,0]", "X": 8.4099999999999091e+02}, { "VarName": "s[4,0,7]", "X": 8.6699999999999989e+02}, { "VarName": "s[4,1,1]", "X": 7.6699999999999989e+02}, { "VarName": "s[4,2,4]", "X": 601.999999999809}, { "VarName": "s[4,3,1]", "X": 4.7999999999999272e+02}, { "VarName": "s[5,0,6]", "X": 1166}, { "VarName": "s[5,1,5]", "X": 926}, { "VarName": "s[5,2,3]", "X": 776}, { "VarName": "s[5,3,3]", "X": 480}, { "VarName": "s[6,0,7]", "X": 2.0929999999999859e+03}, { "VarName": "s[6,1,5]", "X": 1.9279999999999898e+03}, { "VarName": "s[6,2,4]", "X": 1.7469999999996799e+03}, { "VarName": "s[6,3,2]", "X": 7.5100000000027035e+02}, { "VarName": "s[7,0,7]", "X": 3.5229999999999809e+03}, { "VarName": "s[7,1,4]", "X": 3.3779999999999809e+03}, { "VarName": "s[7,2,4]", "X": 3.0569999999999809e+03}, { "VarName": "s[7,3,2]", "X": 2.7999999999999809e+03}, { "VarName": "s[8,0,5]", "X": 2.9410000000002269e+03}, { "VarName": "s[8,1,6]", "X": 2.8910000000002269e+03}, { "VarName": "s[8,2,3]", "X": 2.6710000000002269e+03}, { "VarName": "s[8,3,1]", "X": 2.5210000000002269e+03}, { "VarName": "s[9,0,7]", "X": 4.0950000000001678e+03}, { "VarName": "s[9,1,6]", "X": 3.9170000000001678e+03}, { "VarName": "s[9,2,5]", "X": 3.6930000000001678e+03}, { "VarName": "s[9,3,3]", "X": 3.3049999999999677e+03}, { "VarName": "s[10,0,5]", "X": 2509.99999999999}, { "VarName": "s[10,1,6]", "X": 2.4600000000004852e+03}, { "VarName": "s[10,2,2]", "X": 1.8560000000002706e+03}, { "VarName": "s[10,3,1]", "X": 1.5190000000002760e+03}, { "VarName": "Z_FO", "X": 20690}, { "VarName": "C2143", "X": 1}, { "VarName": "C2146", "X": 1}, { "VarName": "C2148", "X": 1}, { "VarName": "C2149", "X": 1}, { "VarName": "C2152", "X": 1}, { "VarName": "C2154", "X": 1}, { "VarName": "C2156", "X": 1}, { "VarName": "C2158", "X": 1}, { "VarName": "C2159", "X": 1}, { "VarName": "C2162", "X": 1}, { "VarName": "C2163", "X": 1}]}