{ "SolutionInfo": { "Status": 2, "Runtime": 2.1499991416931152e-01, "Work": 1.3130870790207624e-01, "ObjVal": 74452, "ObjBound": 74452, "ObjBoundC": 74452, "MIPGap": 0, "IntVio": 0, "BoundVio": 0, "ConstrVio": 0, "IterCount": 10640, "BarIterCount": 0, "NodeCount": 1160, "SolCount": 9, "PoolObjBound": 74452, "PoolObjVal": [ 74452, 74452, 74729, 75598, 75659, 75660, 75661, 113628, 116151]}, "Vars": [ { "VarName": "y[0,0,1]", "X": 1}, { "VarName": "y[0,1,0]", "X": 1}, { "VarName": "y[0,2,2]", "X": 1}, { "VarName": "y[0,3,3]", "X": 1}, { "VarName": "y[0,4,4]", "X": 1}, { "VarName": "y[1,0,3]", "X": 1}, { "VarName": "y[1,1,1]", "X": 1}, { "VarName": "y[1,2,2]", "X": 1}, { "VarName": "y[1,3,0]", "X": 1}, { "VarName": "y[1,4,4]", "X": 1}, { "VarName": "y[2,0,0]", "X": 1}, { "VarName": "y[2,1,2]", "X": 1}, { "VarName": "y[2,2,3]", "X": 1}, { "VarName": "y[2,3,1]", "X": 1}, { "VarName": "y[2,4,4]", "X": 1}, { "VarName": "y[3,0,0]", "X": 1}, { "VarName": "y[3,1,3]", "X": 1}, { "VarName": "y[3,2,2]", "X": 1}, { "VarName": "y[3,3,4]", "X": 1}, { "VarName": "y[4,0,0]", "X": 1}, { "VarName": "y[4,1,3]", "X": 1}, { "VarName": "y[4,2,0]", "X": 1}, { "VarName": "y[4,3,2]", "X": 1}, { "VarName": "y[4,4,4]", "X": 1}, { "VarName": "x[0,0,1,1]", "X": 1}, { "VarName": "x[0,0,2,3]", "X": 1}, { "VarName": "x[0,1,1,3]", "X": 1}, { "VarName": "x[0,1,4,0]", "X": 1}, { "VarName": "x[0,1,4,2]", "X": 1}, { "VarName": "x[0,2,1,2]", "X": 1}, { "VarName": "x[0,2,4,3]", "X": 1}, { "VarName": "x[0,4,1,4]", "X": 1}, { "VarName": "x[2,0,4,0]", "X": 1}, { "VarName": "x[2,0,4,2]", "X": 1}, { "VarName": "x[2,1,3,2]", "X": 1}, { "VarName": "x[2,1,4,3]", "X": 1}, { "VarName": "x[2,2,4,1]", "X": 1}, { "VarName": "x[2,4,4,4]", "X": 1}, { "VarName": "x[3,0,4,0]", "X": 1}, { "VarName": "x[3,0,4,2]", "X": 1}, { "VarName": "x[3,1,4,1]", "X": 1}, { "VarName": "x[3,2,4,3]", "X": 1}, { "VarName": "x[3,3,4,4]", "X": 1}, { "VarName": "x[4,0,4,2]", "X": 1}, { "VarName": "s[0,0,1]", "X": 13679}, { "VarName": "s[0,1,0]", "X": 12239}, { "VarName": "s[0,2,2]", "X": 7978}, { "VarName": "s[0,3,3]", "X": 3499}, { "VarName": "s[0,4,4]", "X": 2059}, { "VarName": "s[1,0,3]", "X": 6439}, { "VarName": "s[1,1,1]", "X": 4800}, { "VarName": "s[1,2,2]", "X": 3360}, { "VarName": "s[1,3,0]", "X": 1920}, { "VarName": "s[1,4,4]", "X": 480}, { "VarName": "s[2,0,0]", "X": 16678}, { "VarName": "s[2,1,2]", "X": 15238}, { "VarName": "s[2,2,3]", "X": 10918}, { "VarName": "s[2,3,1]", "X": 7978}, { "VarName": "s[2,4,4]", "X": 6538}, { "VarName": "s[3,0,0]", "X": 18277}, { "VarName": "s[3,1,3]", "X": 15397}, { "VarName": "s[3,2,2]", "X": 11037}, { "VarName": "s[3,3,4]", "X": 9597}, { "VarName": "s[4,0,0]", "X": 10739}, { "VarName": "s[4,1,3]", "X": 9299}, { "VarName": "s[4,2,0]", "X": 7859}, { "VarName": "s[4,3,2]", "X": 6419}, { "VarName": "s[4,4,4]", "X": 3539}, { "VarName": "Z_FO", "X": 74452}]}