{ "SolutionInfo": { "Status": 11, "Runtime": 2.0819210000038147e+03, "Work": 2.8076874840653650e+03, "ObjVal": 534737, "ObjBound": 449164, "ObjBoundC": 4.4916387146578514e+05, "MIPGap": 1.6002820077907456e-01, "IntVio": 0, "BoundVio": 0, "ConstrVio": 6.1992977862246335e-07, "IterCount": 1572711, "BarIterCount": 0, "NodeCount": 4035, "SolCount": 10, "PoolObjBound": 449164, "PoolObjVal": [ 534737, 534749, 534785, 535459, 535614, 536062, 536063, 536173, 536174, 537244]}, "Vars": [ { "VarName": "y[0,0,18]", "X": 1}, { "VarName": "y[0,1,13]", "X": 1}, { "VarName": "y[0,2,9]", "X": 1}, { "VarName": "y[0,3,11]", "X": 1}, { "VarName": "y[0,4,8]", "X": 1}, { "VarName": "y[0,5,12]", "X": 1}, { "VarName": "y[0,6,20]", "X": 1}, { "VarName": "y[1,0,18]", "X": 1}, { "VarName": "y[1,1,17]", "X": 1}, { "VarName": "y[1,2,6]", "X": 1}, { "VarName": "y[1,3,12]", "X": 1}, { "VarName": "y[1,4,11]", "X": 1}, { "VarName": "y[1,5,7]", "X": 1}, { "VarName": "y[2,0,18]", "X": 1}, { "VarName": "y[2,1,17]", "X": 1}, { "VarName": "y[2,2,16]", "X": 1}, { "VarName": "y[2,3,10]", "X": 1}, { "VarName": "y[2,4,9]", "X": 1}, { "VarName": "y[2,5,7]", "X": 1}, { "VarName": "y[2,6,12]", "X": 1}, { "VarName": "y[2,7,20]", "X": 1}, { "VarName": "y[2,8,4]", "X": 1}, { "VarName": "y[2,9,3]", "X": 1}, { "VarName": "y[2,10,2]", "X": 1}, { "VarName": "y[2,11,3]", "X": 1}, { "VarName": "y[3,0,18]", "X": 1}, { "VarName": "y[3,1,13]", "X": 1}, { "VarName": "y[3,2,9]", "X": 1}, { "VarName": "y[3,3,11]", "X": 1}, { "VarName": "y[3,4,5]", "X": 1}, { "VarName": "y[3,5,12]", "X": 1}, { "VarName": "y[3,6,19]", "X": 1}, { "VarName": "y[4,0,18]", "X": 1}, { "VarName": "y[4,1,13]", "X": 1}, { "VarName": "y[4,2,9]", "X": 1}, { "VarName": "y[4,3,10]", "X": 1}, { "VarName": "y[4,4,5]", "X": 1}, { "VarName": "y[4,5,12]", "X": 1}, { "VarName": "y[4,6,20]", "X": 1}, { "VarName": "y[5,0,18]", "X": 1}, { "VarName": "y[5,1,17]", "X": 1}, { "VarName": "y[5,2,16]", "X": 1}, { "VarName": "y[5,3,10]", "X": 1}, { "VarName": "y[5,4,9]", "X": 1}, { "VarName": "y[5,5,8]", "X": 1}, { "VarName": "y[5,6,12]", "X": 1}, { "VarName": "y[5,7,19]", "X": 1}, { "VarName": "y[5,8,4]", "X": 1}, { "VarName": "y[5,9,3]", "X": 1}, { "VarName": "y[5,10,1]", "X": 1}, { "VarName": "y[5,11,3]", "X": 1}, { "VarName": "y[6,0,18]", "X": 1}, { "VarName": "y[6,1,17]", "X": 1}, { "VarName": "y[6,2,7]", "X": 1}, { "VarName": "y[6,3,12]", "X": 1}, { "VarName": "y[6,4,10]", "X": 1}, { "VarName": "y[6,5,6]", "X": 1}, { "VarName": "y[7,0,18]", "X": 1}, { "VarName": "y[7,1,17]", "X": 1}, { "VarName": "y[7,2,5]", "X": 1}, { "VarName": "y[7,3,12]", "X": 1}, { "VarName": "y[7,4,10]", "X": 1}, { "VarName": "y[7,5,8]", "X": 1}, { "VarName": "y[8,0,18]", "X": 1}, { "VarName": "y[8,1,14]", "X": 1}, { "VarName": "y[8,2,9]", "X": 1}, { "VarName": "y[8,3,11]", "X": 1}, { "VarName": "y[8,4,5]", "X": 1}, { "VarName": "y[8,5,12]", "X": 1}, { "VarName": "y[8,6,19]", "X": 1}, { "VarName": "y[9,0,18]", "X": 1}, { "VarName": "y[9,1,14]", "X": 1}, { "VarName": "y[9,2,9]", "X": 1}, { "VarName": "y[9,3,11]", "X": 1}, { "VarName": "y[9,4,7]", "X": 1}, { "VarName": "y[9,5,12]", "X": 1}, { "VarName": "y[9,6,20]", "X": 1}, { "VarName": "y[10,0,18]", "X": 1}, { "VarName": "y[10,1,19]", "X": 1}, { "VarName": "y[11,0,18]", "X": 1}, { "VarName": "y[11,1,14]", "X": 1}, { "VarName": "y[11,2,9]", "X": 1}, { "VarName": "y[11,3,10]", "X": 1}, { "VarName": "y[11,4,6]", "X": 1}, { "VarName": "y[11,5,12]", "X": 1}, { "VarName": "y[11,6,19]", "X": 1}, { "VarName": "y[12,0,18]", "X": 1}, { "VarName": "y[12,1,17]", "X": 1}, { "VarName": "y[12,2,16]", "X": 1}, { "VarName": "y[12,3,11]", "X": 1}, { "VarName": "y[12,4,9]", "X": 1}, { "VarName": "y[12,5,7]", "X": 1}, { "VarName": "y[12,6,12]", "X": 1}, { "VarName": "y[12,7,20]", "X": 1}, { "VarName": "y[12,8,4]", "X": 1}, { "VarName": "y[12,9,3]", "X": 1}, { "VarName": "y[12,10,0]", "X": 1}, { "VarName": "y[12,11,3]", "X": 1}, { "VarName": "y[13,0,18]", "X": 1}, { "VarName": "y[13,1,20]", "X": 1}, { "VarName": "y[14,0,18]", "X": 1}, { "VarName": "y[14,1,14]", "X": 1}, { "VarName": "y[14,2,9]", "X": 1}, { "VarName": "y[14,3,10]", "X": 1}, { "VarName": "y[14,4,8]", "X": 1}, { "VarName": "y[14,5,12]", "X": 1}, { "VarName": "y[14,6,19]", "X": 1}, { "VarName": "y[15,0,18]", "X": 1}, { "VarName": "y[15,1,17]", "X": 1}, { "VarName": "y[15,2,15]", "X": 1}, { "VarName": "y[15,3,11]", "X": 1}, { "VarName": "y[15,4,9]", "X": 1}, { "VarName": "y[15,5,8]", "X": 1}, { "VarName": "y[15,6,12]", "X": 1}, { "VarName": "y[15,7,19]", "X": 1}, { "VarName": "y[15,8,4]", "X": 1}, { "VarName": "y[15,9,3]", "X": 1}, { "VarName": "y[15,10,0]", "X": 1}, { "VarName": "y[15,11,3]", "X": 1}, { "VarName": "y[16,0,18]", "X": 1}, { "VarName": "y[16,1,13]", "X": 1}, { "VarName": "y[16,2,9]", "X": 1}, { "VarName": "y[16,3,11]", "X": 1}, { "VarName": "y[16,4,6]", "X": 1}, { "VarName": "y[16,5,12]", "X": 1}, { "VarName": "y[16,6,20]", "X": 1}, { "VarName": "y[17,0,18]", "X": 1}, { "VarName": "y[17,1,20]", "X": 1}, { "VarName": "y[18,0,18]", "X": 1}, { "VarName": "y[18,1,17]", "X": 1}, { "VarName": "y[18,2,15]", "X": 1}, { "VarName": "y[18,3,11]", "X": 1}, { "VarName": "y[18,4,9]", "X": 1}, { "VarName": "y[18,5,8]", "X": 1}, { "VarName": "y[18,6,12]", "X": 1}, { "VarName": "y[18,7,20]", "X": 1}, { "VarName": "y[18,8,4]", "X": 1}, { "VarName": "y[18,9,3]", "X": 1}, { "VarName": "y[18,10,1]", "X": 1}, { "VarName": "y[18,11,3]", "X": 1}, { "VarName": "y[19,0,18]", "X": 1}, { "VarName": "y[19,1,17]", "X": 1}, { "VarName": "y[19,2,8]", "X": 1}, { "VarName": "y[19,3,12]", "X": 1}, { "VarName": "y[19,4,10]", "X": 1}, { "VarName": "y[19,5,6]", "X": 1}, { "VarName": "y[20,0,18]", "X": 1}, { "VarName": "y[20,1,13]", "X": 1}, { "VarName": "y[20,2,9]", "X": 1}, { "VarName": "y[20,3,10]", "X": 1}, { "VarName": "y[20,4,8]", "X": 1}, { "VarName": "y[20,5,12]", "X": 1}, { "VarName": "y[20,6,19]", "X": 1}, { "VarName": "y[21,0,18]", "X": 1}, { "VarName": "y[21,1,20]", "X": 1}, { "VarName": "y[22,0,18]", "X": 1}, { "VarName": "y[22,1,19]", "X": 1}, { "VarName": "y[23,0,18]", "X": 1}, { "VarName": "y[23,1,17]", "X": 1}, { "VarName": "y[23,2,15]", "X": 1}, { "VarName": "y[23,3,10]", "X": 1}, { "VarName": "y[23,4,9]", "X": 1}, { "VarName": "y[23,5,6]", "X": 1}, { "VarName": "y[23,6,12]", "X": 1}, { "VarName": "y[23,7,20]", "X": 1}, { "VarName": "y[23,8,4]", "X": 1}, { "VarName": "y[23,9,3]", "X": 1}, { "VarName": "y[23,10,0]", "X": 1}, { "VarName": "y[23,11,3]", "X": 1}, { "VarName": "y[24,0,18]", "X": 1}, { "VarName": "y[24,1,17]", "X": 1}, { "VarName": "y[24,2,6]", "X": 1}, { "VarName": "y[24,3,12]", "X": 1}, { "VarName": "y[24,4,11]", "X": 1}, { "VarName": "y[24,5,6]", "X": 1}, { "VarName": "y[25,0,18]", "X": 1}, { "VarName": "y[25,1,17]", "X": 1}, { "VarName": "y[25,2,15]", "X": 1}, { "VarName": "y[25,3,11]", "X": 1}, { "VarName": "y[25,4,9]", "X": 1}, { "VarName": "y[25,5,5]", "X": 1}, { "VarName": "y[25,6,12]", "X": 1}, { "VarName": "y[25,7,19]", "X": 1}, { "VarName": "y[25,8,4]", "X": 1}, { "VarName": "y[25,9,3]", "X": 1}, { "VarName": "y[25,10,0]", "X": 1}, { "VarName": "y[25,11,3]", "X": 1}, { "VarName": "y[26,0,18]", "X": 1}, { "VarName": "y[26,1,13]", "X": 1}, { "VarName": "y[26,2,9]", "X": 1}, { "VarName": "y[26,3,11]", "X": 1}, { "VarName": "y[26,4,6]", "X": 1}, { "VarName": "y[26,5,12]", "X": 1}, { "VarName": "y[26,6,20]", "X": 1}, { "VarName": "y[27,0,18]", "X": 1}, { "VarName": "y[27,1,13]", "X": 1}, { "VarName": "y[27,2,9]", "X": 1}, { "VarName": "y[27,3,11]", "X": 1}, { "VarName": "y[27,4,6]", "X": 1}, { "VarName": "y[27,5,12]", "X": 1}, { "VarName": "y[27,6,19]", "X": 1}, { "VarName": "y[28,0,18]", "X": 1}, { "VarName": "y[28,1,17]", "X": 1}, { "VarName": "y[28,2,15]", "X": 1}, { "VarName": "y[28,3,11]", "X": 1}, { "VarName": "y[28,4,9]", "X": 1}, { "VarName": "y[28,5,7]", "X": 1}, { "VarName": "y[28,6,12]", "X": 1}, { "VarName": "y[28,7,20]", "X": 1}, { "VarName": "y[28,8,4]", "X": 1}, { "VarName": "y[28,9,3]", "X": 1}, { "VarName": "y[28,10,2]", "X": 1}, { "VarName": "y[28,11,3]", "X": 1}, { "VarName": "y[29,0,18]", "X": 1}, { "VarName": "y[29,1,17]", "X": 1}, { "VarName": "y[29,2,8]", "X": 1}, { "VarName": "y[29,3,12]", "X": 1}, { "VarName": "y[29,4,10]", "X": 1}, { "VarName": "y[29,5,5]", "X": 1}, { "VarName": "y[30,0,18]", "X": 1}, { "VarName": "y[30,1,17]", "X": 1}, { "VarName": "y[30,2,7]", "X": 1}, { "VarName": "y[30,3,12]", "X": 1}, { "VarName": "y[30,4,10]", "X": 1}, { "VarName": "y[30,5,5]", "X": 1}, { "VarName": "y[31,0,18]", "X": 1}, { "VarName": "y[31,1,14]", "X": 1}, { "VarName": "y[31,2,9]", "X": 1}, { "VarName": "y[31,3,11]", "X": 1}, { "VarName": "y[31,4,8]", "X": 1}, { "VarName": "y[31,5,12]", "X": 1}, { "VarName": "y[31,6,19]", "X": 1}, { "VarName": "y[32,0,18]", "X": 1}, { "VarName": "y[32,1,13]", "X": 1}, { "VarName": "y[32,2,9]", "X": 1}, { "VarName": "y[32,3,11]", "X": 1}, { "VarName": "y[32,4,5]", "X": 1}, { "VarName": "y[32,5,12]", "X": 1}, { "VarName": "y[32,6,20]", "X": 1}, { "VarName": "y[33,0,18]", "X": 1}, { "VarName": "y[33,1,19]", "X": 1}, { "VarName": "y[34,0,18]", "X": 1}, { "VarName": "y[34,1,14]", "X": 1}, { "VarName": "y[34,2,9]", "X": 1}, { "VarName": "y[34,3,10]", "X": 1}, { "VarName": "y[34,4,6]", "X": 1}, { "VarName": "y[34,5,12]", "X": 1}, { "VarName": "y[34,6,19]", "X": 1}, { "VarName": "y[35,0,18]", "X": 1}, { "VarName": "y[35,1,17]", "X": 1}, { "VarName": "y[35,2,16]", "X": 1}, { "VarName": "y[35,3,11]", "X": 1}, { "VarName": "y[35,4,9]", "X": 1}, { "VarName": "y[35,5,8]", "X": 1}, { "VarName": "y[35,6,12]", "X": 1}, { "VarName": "y[35,7,19]", "X": 1}, { "VarName": "y[35,8,4]", "X": 1}, { "VarName": "y[35,9,3]", "X": 1}, { "VarName": "y[35,10,0]", "X": 1}, { "VarName": "y[35,11,3]", "X": 1}, { "VarName": "y[36,0,18]", "X": 1}, { "VarName": "y[36,1,20]", "X": 1}, { "VarName": "y[37,0,18]", "X": 1}, { "VarName": "y[37,1,14]", "X": 1}, { "VarName": "y[37,2,9]", "X": 1}, { "VarName": "y[37,3,10]", "X": 1}, { "VarName": "y[37,4,6]", "X": 1}, { "VarName": "y[37,5,12]", "X": 1}, { "VarName": "y[37,6,19]", "X": 1}, { "VarName": "y[38,0,18]", "X": 1}, { "VarName": "y[38,1,17]", "X": 1}, { "VarName": "y[38,2,15]", "X": 1}, { "VarName": "y[38,3,10]", "X": 1}, { "VarName": "y[38,4,9]", "X": 1}, { "VarName": "y[38,5,7]", "X": 1}, { "VarName": "y[38,6,12]", "X": 1}, { "VarName": "y[38,7,19]", "X": 1}, { "VarName": "y[38,8,4]", "X": 1}, { "VarName": "y[38,9,3]", "X": 1}, { "VarName": "y[38,10,3]", "X": 1}, { "VarName": "y[38,11,3]", "X": 1}, { "VarName": "y[39,0,18]", "X": 1}, { "VarName": "y[39,1,14]", "X": 1}, { "VarName": "y[39,2,9]", "X": 1}, { "VarName": "y[39,3,11]", "X": 1}, { "VarName": "y[39,4,7]", "X": 1}, { "VarName": "y[39,5,12]", "X": 1}, { "VarName": "y[39,6,19]", "X": 1}, { "VarName": "y[40,0,18]", "X": 1}, { "VarName": "y[40,1,14]", "X": 1}, { "VarName": "y[40,2,9]", "X": 1}, { "VarName": "y[40,3,10]", "X": 1}, { "VarName": "y[40,4,5]", "X": 1}, { "VarName": "y[40,5,12]", "X": 1}, { "VarName": "y[40,6,19]", "X": 1}, { "VarName": "x[0,0,1,0]", "X": 1}, { "VarName": "x[0,0,2,0]", "X": 1}, { "VarName": "x[0,0,3,0]", "X": 1}, { "VarName": "x[0,0,4,0]", "X": 1}, { "VarName": "x[0,0,5,0]", "X": 1}, { "VarName": "x[0,0,6,0]", "X": 1}, { "VarName": "x[0,0,7,0]", "X": 1}, { "VarName": "x[0,0,8,0]", "X": 1}, { "VarName": "x[0,0,10,0]", "X": 1}, { "VarName": "x[0,0,11,0]", "X": 1}, { "VarName": "x[0,0,12,0]", "X": 1}, { "VarName": "x[0,0,13,0]", "X": 1}, { "VarName": "x[0,0,14,0]", "X": 1}, { "VarName": "x[0,0,15,0]", "X": 1}, { "VarName": "x[0,0,16,0]", "X": 1}, { "VarName": "x[0,0,17,0]", "X": 1}, { "VarName": "x[0,0,18,0]", "X": 1}, { "VarName": "x[0,0,19,0]", "X": 1}, { "VarName": "x[0,0,20,0]", "X": 1}, { "VarName": "x[0,0,21,0]", "X": 1}, { "VarName": "x[0,0,22,0]", "X": 1}, { "VarName": "x[0,0,23,0]", "X": 1}, { "VarName": "x[0,0,24,0]", "X": 1}, { "VarName": "x[0,0,26,0]", "X": 1}, { "VarName": "x[0,0,27,0]", "X": 1}, { "VarName": "x[0,0,28,0]", "X": 1}, { "VarName": "x[0,0,29,0]", "X": 1}, { "VarName": "x[0,0,30,0]", "X": 1}, { "VarName": "x[0,0,31,0]", "X": 1}, { "VarName": "x[0,0,33,0]", "X": 1}, { "VarName": "x[0,0,34,0]", "X": 1}, { "VarName": "x[0,0,35,0]", "X": 1}, { "VarName": "x[0,0,36,0]", "X": 1}, { "VarName": "x[0,0,37,0]", "X": 1}, { "VarName": "x[0,0,38,0]", "X": 1}, { "VarName": "x[0,0,39,0]", "X": 1}, { "VarName": "x[0,0,40,0]", "X": 1}, { "VarName": "x[0,1,3,1]", "X": 1}, { "VarName": "x[0,1,4,1]", "X": 1}, { "VarName": "x[0,1,16,1]", "X": 1}, { "VarName": "x[0,1,20,1]", "X": 1}, { "VarName": "x[0,1,26,1]", "X": 1}, { "VarName": "x[0,1,27,1]", "X": 1}, { "VarName": "x[0,1,37,1]", "X": 1}, { "VarName": "x[0,1,40,1]", "X": 1}, { "VarName": "x[0,2,2,4]", "X": 1}, { "VarName": "x[0,2,3,2]", "X": 1}, { "VarName": "x[0,2,4,2]", "X": 1}, { "VarName": "x[0,2,5,4]", "X": 1}, { "VarName": "x[0,2,8,2]", "X": 1}, { "VarName": "x[0,2,11,2]", "X": 1}, { "VarName": "x[0,2,12,4]", "X": 1}, { "VarName": "x[0,2,14,2]", "X": 1}, { "VarName": "x[0,2,15,4]", "X": 1}, { "VarName": "x[0,2,16,2]", "X": 1}, { "VarName": "x[0,2,18,4]", "X": 1}, { "VarName": "x[0,2,20,2]", "X": 1}, { "VarName": "x[0,2,23,4]", "X": 1}, { "VarName": "x[0,2,25,4]", "X": 1}, { "VarName": "x[0,2,26,2]", "X": 1}, { "VarName": "x[0,2,27,2]", "X": 1}, { "VarName": "x[0,2,28,4]", "X": 1}, { "VarName": "x[0,2,31,2]", "X": 1}, { "VarName": "x[0,2,34,2]", "X": 1}, { "VarName": "x[0,2,35,4]", "X": 1}, { "VarName": "x[0,2,37,2]", "X": 1}, { "VarName": "x[0,2,38,4]", "X": 1}, { "VarName": "x[0,2,39,2]", "X": 1}, { "VarName": "x[0,2,40,2]", "X": 1}, { "VarName": "x[0,3,1,4]", "X": 1}, { "VarName": "x[0,3,3,3]", "X": 1}, { "VarName": "x[0,3,8,3]", "X": 1}, { "VarName": "x[0,3,9,3]", "X": 1}, { "VarName": "x[0,3,12,3]", "X": 1}, { "VarName": "x[0,3,15,3]", "X": 1}, { "VarName": "x[0,3,16,3]", "X": 1}, { "VarName": "x[0,3,18,3]", "X": 1}, { "VarName": "x[0,3,20,3]", "X": 1}, { "VarName": "x[0,3,24,4]", "X": 1}, { "VarName": "x[0,3,26,3]", "X": 1}, { "VarName": "x[0,3,27,3]", "X": 1}, { "VarName": "x[0,3,28,3]", "X": 1}, { "VarName": "x[0,3,31,3]", "X": 1}, { "VarName": "x[0,3,32,3]", "X": 1}, { "VarName": "x[0,3,39,3]", "X": 1}, { "VarName": "x[0,4,5,5]", "X": 1}, { "VarName": "x[0,4,7,5]", "X": 1}, { "VarName": "x[0,4,14,4]", "X": 1}, { "VarName": "x[0,4,15,5]", "X": 1}, { "VarName": "x[0,4,18,5]", "X": 1}, { "VarName": "x[0,4,19,2]", "X": 1}, { "VarName": "x[0,4,20,4]", "X": 1}, { "VarName": "x[0,4,24,2]", "X": 1}, { "VarName": "x[0,4,29,2]", "X": 1}, { "VarName": "x[0,4,31,4]", "X": 1}, { "VarName": "x[0,4,35,5]", "X": 1}, { "VarName": "x[0,5,1,3]", "X": 1}, { "VarName": "x[0,5,2,6]", "X": 1}, { "VarName": "x[0,5,3,5]", "X": 1}, { "VarName": "x[0,5,4,5]", "X": 1}, { "VarName": "x[0,5,5,6]", "X": 1}, { "VarName": "x[0,5,6,3]", "X": 1}, { "VarName": "x[0,5,7,3]", "X": 1}, { "VarName": "x[0,5,8,5]", "X": 1}, { "VarName": "x[0,5,9,5]", "X": 1}, { "VarName": "x[0,5,11,5]", "X": 1}, { "VarName": "x[0,5,12,6]", "X": 1}, { "VarName": "x[0,5,14,5]", "X": 1}, { "VarName": "x[0,5,15,6]", "X": 1}, { "VarName": "x[0,5,16,5]", "X": 1}, { "VarName": "x[0,5,18,6]", "X": 1}, { "VarName": "x[0,5,19,3]", "X": 1}, { "VarName": "x[0,5,20,5]", "X": 1}, { "VarName": "x[0,5,23,6]", "X": 1}, { "VarName": "x[0,5,24,3]", "X": 1}, { "VarName": "x[0,5,25,6]", "X": 1}, { "VarName": "x[0,5,26,5]", "X": 1}, { "VarName": "x[0,5,27,5]", "X": 1}, { "VarName": "x[0,5,28,6]", "X": 1}, { "VarName": "x[0,5,29,3]", "X": 1}, { "VarName": "x[0,5,30,3]", "X": 1}, { "VarName": "x[0,5,31,5]", "X": 1}, { "VarName": "x[0,5,32,5]", "X": 1}, { "VarName": "x[0,5,34,5]", "X": 1}, { "VarName": "x[0,5,35,6]", "X": 1}, { "VarName": "x[0,5,37,5]", "X": 1}, { "VarName": "x[0,5,38,6]", "X": 1}, { "VarName": "x[0,5,39,5]", "X": 1}, { "VarName": "x[0,5,40,5]", "X": 1}, { "VarName": "x[0,6,2,7]", "X": 1}, { "VarName": "x[0,6,3,6]", "X": 1}, { "VarName": "x[0,6,4,6]", "X": 1}, { "VarName": "x[0,6,5,7]", "X": 1}, { "VarName": "x[0,6,9,6]", "X": 1}, { "VarName": "x[0,6,12,7]", "X": 1}, { "VarName": "x[0,6,13,1]", "X": 1}, { "VarName": "x[0,6,16,6]", "X": 1}, { "VarName": "x[0,6,17,1]", "X": 1}, { "VarName": "x[0,6,18,7]", "X": 1}, { "VarName": "x[0,6,21,1]", "X": 1}, { "VarName": "x[0,6,23,7]", "X": 1}, { "VarName": "x[0,6,26,6]", "X": 1}, { "VarName": "x[0,6,28,7]", "X": 1}, { "VarName": "x[0,6,32,6]", "X": 1}, { "VarName": "x[0,6,36,1]", "X": 1}, { "VarName": "x[1,0,4,0]", "X": 1}, { "VarName": "x[1,2,1,5]", "X": 1}, { "VarName": "x[1,2,29,2]", "X": 1}, { "VarName": "x[1,3,4,5]", "X": 1}, { "VarName": "x[1,3,5,6]", "X": 1}, { "VarName": "x[1,3,8,5]", "X": 1}, { "VarName": "x[1,4,4,3]", "X": 1}, { "VarName": "x[2,0,3,0]", "X": 1}, { "VarName": "x[2,0,4,0]", "X": 1}, { "VarName": "x[2,0,5,0]", "X": 1}, { "VarName": "x[2,0,6,0]", "X": 1}, { "VarName": "x[2,0,7,0]", "X": 1}, { "VarName": "x[2,0,8,0]", "X": 1}, { "VarName": "x[2,0,10,0]", "X": 1}, { "VarName": "x[2,0,11,0]", "X": 1}, { "VarName": "x[2,0,12,0]", "X": 1}, { "VarName": "x[2,0,13,0]", "X": 1}, { "VarName": "x[2,0,14,0]", "X": 1}, { "VarName": "x[2,0,15,0]", "X": 1}, { "VarName": "x[2,0,16,0]", "X": 1}, { "VarName": "x[2,0,17,0]", "X": 1}, { "VarName": "x[2,0,18,0]", "X": 1}, { "VarName": "x[2,0,19,0]", "X": 1}, { "VarName": "x[2,0,20,0]", "X": 1}, { "VarName": "x[2,0,21,0]", "X": 1}, { "VarName": "x[2,0,22,0]", "X": 1}, { "VarName": "x[2,0,23,0]", "X": 1}, { "VarName": "x[2,0,24,0]", "X": 1}, { "VarName": "x[2,0,26,0]", "X": 1}, { "VarName": "x[2,0,27,0]", "X": 1}, { "VarName": "x[2,0,28,0]", "X": 1}, { "VarName": "x[2,0,29,0]", "X": 1}, { "VarName": "x[2,0,30,0]", "X": 1}, { "VarName": "x[2,0,31,0]", "X": 1}, { "VarName": "x[2,0,33,0]", "X": 1}, { "VarName": "x[2,0,34,0]", "X": 1}, { "VarName": "x[2,0,36,0]", "X": 1}, { "VarName": "x[2,0,37,0]", "X": 1}, { "VarName": "x[2,0,38,0]", "X": 1}, { "VarName": "x[2,0,39,0]", "X": 1}, { "VarName": "x[2,0,40,0]", "X": 1}, { "VarName": "x[2,1,5,1]", "X": 1}, { "VarName": "x[2,1,6,1]", "X": 1}, { "VarName": "x[2,1,7,1]", "X": 1}, { "VarName": "x[2,1,12,1]", "X": 1}, { "VarName": "x[2,1,15,1]", "X": 1}, { "VarName": "x[2,1,18,1]", "X": 1}, { "VarName": "x[2,1,19,1]", "X": 1}, { "VarName": "x[2,1,23,1]", "X": 1}, { "VarName": "x[2,1,24,1]", "X": 1}, { "VarName": "x[2,1,28,1]", "X": 1}, { "VarName": "x[2,1,29,1]", "X": 1}, { "VarName": "x[2,1,30,1]", "X": 1}, { "VarName": "x[2,1,38,1]", "X": 1}, { "VarName": "x[2,2,5,2]", "X": 1}, { "VarName": "x[2,2,12,2]", "X": 1}, { "VarName": "x[2,2,23,2]", "X": 1}, { "VarName": "x[2,3,4,3]", "X": 1}, { "VarName": "x[2,3,5,3]", "X": 1}, { "VarName": "x[2,3,6,4]", "X": 1}, { "VarName": "x[2,3,7,4]", "X": 1}, { "VarName": "x[2,3,11,3]", "X": 1}, { "VarName": "x[2,3,14,3]", "X": 1}, { "VarName": "x[2,3,19,4]", "X": 1}, { "VarName": "x[2,3,20,3]", "X": 1}, { "VarName": "x[2,3,29,4]", "X": 1}, { "VarName": "x[2,3,30,4]", "X": 1}, { "VarName": "x[2,4,3,2]", "X": 1}, { "VarName": "x[2,4,4,2]", "X": 1}, { "VarName": "x[2,4,5,4]", "X": 1}, { "VarName": "x[2,4,8,2]", "X": 1}, { "VarName": "x[2,4,12,4]", "X": 1}, { "VarName": "x[2,4,14,2]", "X": 1}, { "VarName": "x[2,4,15,4]", "X": 1}, { "VarName": "x[2,4,18,4]", "X": 1}, { "VarName": "x[2,4,20,2]", "X": 1}, { "VarName": "x[2,5,4,4]", "X": 1}, { "VarName": "x[2,5,6,2]", "X": 1}, { "VarName": "x[2,5,34,4]", "X": 1}, { "VarName": "x[2,6,3,5]", "X": 1}, { "VarName": "x[2,6,4,5]", "X": 1}, { "VarName": "x[2,6,5,6]", "X": 1}, { "VarName": "x[2,6,6,3]", "X": 1}, { "VarName": "x[2,6,7,3]", "X": 1}, { "VarName": "x[2,6,8,5]", "X": 1}, { "VarName": "x[2,6,15,6]", "X": 1}, { "VarName": "x[2,6,18,6]", "X": 1}, { "VarName": "x[2,6,20,5]", "X": 1}, { "VarName": "x[2,7,4,6]", "X": 1}, { "VarName": "x[2,7,5,7]", "X": 1}, { "VarName": "x[2,7,18,7]", "X": 1}, { "VarName": "x[2,8,12,8]", "X": 1}, { "VarName": "x[2,9,2,11]", "X": 1}, { "VarName": "x[2,9,12,9]", "X": 1}, { "VarName": "x[2,9,12,11]", "X": 1}, { "VarName": "x[2,10,2,9]", "X": 1}, { "VarName": "x[2,10,15,9]", "X": 1}, { "VarName": "x[2,10,18,11]", "X": 1}, { "VarName": "x[2,11,2,10]", "X": 1}, { "VarName": "x[3,0,4,0]", "X": 1}, { "VarName": "x[3,0,6,0]", "X": 1}, { "VarName": "x[3,0,7,0]", "X": 1}, { "VarName": "x[3,0,8,0]", "X": 1}, { "VarName": "x[3,0,10,0]", "X": 1}, { "VarName": "x[3,0,20,0]", "X": 1}, { "VarName": "x[3,0,24,0]", "X": 1}, { "VarName": "x[3,1,4,1]", "X": 1}, { "VarName": "x[3,1,20,1]", "X": 1}, { "VarName": "x[3,1,34,1]", "X": 1}, { "VarName": "x[3,2,4,2]", "X": 1}, { "VarName": "x[3,2,5,4]", "X": 1}, { "VarName": "x[3,2,8,2]", "X": 1}, { "VarName": "x[3,2,15,4]", "X": 1}, { "VarName": "x[3,2,20,2]", "X": 1}, { "VarName": "x[3,3,8,3]", "X": 1}, { "VarName": "x[3,4,4,4]", "X": 1}, { "VarName": "x[3,4,8,4]", "X": 1}, { "VarName": "x[3,5,4,5]", "X": 1}, { "VarName": "x[3,5,5,6]", "X": 1}, { "VarName": "x[3,5,8,5]", "X": 1}, { "VarName": "x[3,5,20,5]", "X": 1}, { "VarName": "x[3,6,5,7]", "X": 1}, { "VarName": "x[3,6,8,6]", "X": 1}, { "VarName": "x[3,6,20,6]", "X": 1}, { "VarName": "x[4,2,5,4]", "X": 1}, { "VarName": "x[4,4,24,2]", "X": 1}, { "VarName": "x[4,5,5,6]", "X": 1}, { "VarName": "x[5,0,6,0]", "X": 1}, { "VarName": "x[5,0,7,0]", "X": 1}, { "VarName": "x[5,0,8,0]", "X": 1}, { "VarName": "x[5,0,10,0]", "X": 1}, { "VarName": "x[5,0,13,0]", "X": 1}, { "VarName": "x[5,0,14,0]", "X": 1}, { "VarName": "x[5,0,15,0]", "X": 1}, { "VarName": "x[5,0,16,0]", "X": 1}, { "VarName": "x[5,0,17,0]", "X": 1}, { "VarName": "x[5,0,19,0]", "X": 1}, { "VarName": "x[5,0,20,0]", "X": 1}, { "VarName": "x[5,0,21,0]", "X": 1}, { "VarName": "x[5,0,24,0]", "X": 1}, { "VarName": "x[5,0,29,0]", "X": 1}, { "VarName": "x[5,1,6,1]", "X": 1}, { "VarName": "x[5,1,7,1]", "X": 1}, { "VarName": "x[5,1,15,1]", "X": 1}, { "VarName": "x[5,1,19,1]", "X": 1}, { "VarName": "x[5,1,24,1]", "X": 1}, { "VarName": "x[5,1,29,1]", "X": 1}, { "VarName": "x[5,3,15,3]", "X": 1}, { "VarName": "x[5,3,18,3]", "X": 1}, { "VarName": "x[5,8,12,8]", "X": 1}, { "VarName": "x[5,8,15,8]", "X": 1}, { "VarName": "x[5,9,5,11]", "X": 1}, { "VarName": "x[5,9,12,9]", "X": 1}, { "VarName": "x[5,9,12,11]", "X": 1}, { "VarName": "x[5,9,15,9]", "X": 1}, { "VarName": "x[5,9,15,11]", "X": 1}, { "VarName": "x[5,9,18,11]", "X": 1}, { "VarName": "x[5,10,5,9]", "X": 1}, { "VarName": "x[5,10,18,11]", "X": 1}, { "VarName": "x[5,10,28,11]", "X": 1}, { "VarName": "x[5,11,5,10]", "X": 1}, { "VarName": "x[5,11,12,9]", "X": 1}, { "VarName": "x[5,11,12,11]", "X": 1}, { "VarName": "x[5,11,15,10]", "X": 1}, { "VarName": "x[5,11,15,11]", "X": 1}, { "VarName": "x[6,0,7,0]", "X": 1}, { "VarName": "x[6,0,8,0]", "X": 1}, { "VarName": "x[6,0,20,0]", "X": 1}, { "VarName": "x[6,1,7,1]", "X": 1}, { "VarName": "x[6,2,19,2]", "X": 1}, { "VarName": "x[6,3,7,3]", "X": 1}, { "VarName": "x[6,3,8,5]", "X": 1}, { "VarName": "x[6,3,15,6]", "X": 1}, { "VarName": "x[6,3,18,6]", "X": 1}, { "VarName": "x[6,3,20,5]", "X": 1}, { "VarName": "x[6,4,7,4]", "X": 1}, { "VarName": "x[6,4,20,3]", "X": 1}, { "VarName": "x[6,5,6,2]", "X": 1}, { "VarName": "x[6,5,18,5]", "X": 1}, { "VarName": "x[7,0,8,0]", "X": 1}, { "VarName": "x[7,0,20,0]", "X": 1}, { "VarName": "x[7,2,8,4]", "X": 1}, { "VarName": "x[7,2,20,4]", "X": 1}, { "VarName": "x[7,3,8,5]", "X": 1}, { "VarName": "x[7,3,15,6]", "X": 1}, { "VarName": "x[7,3,18,6]", "X": 1}, { "VarName": "x[7,3,20,5]", "X": 1}, { "VarName": "x[7,4,16,3]", "X": 1}, { "VarName": "x[7,4,20,3]", "X": 1}, { "VarName": "x[7,5,7,2]", "X": 1}, { "VarName": "x[7,5,20,4]", "X": 1}, { "VarName": "x[7,5,27,4]", "X": 1}, { "VarName": "x[9,0,10,0]", "X": 1}, { "VarName": "x[9,0,11,0]", "X": 1}, { "VarName": "x[9,0,12,0]", "X": 1}, { "VarName": "x[9,0,13,0]", "X": 1}, { "VarName": "x[9,0,14,0]", "X": 1}, { "VarName": "x[9,0,15,0]", "X": 1}, { "VarName": "x[9,0,16,0]", "X": 1}, { "VarName": "x[9,0,17,0]", "X": 1}, { "VarName": "x[9,0,18,0]", "X": 1}, { "VarName": "x[9,0,19,0]", "X": 1}, { "VarName": "x[9,0,20,0]", "X": 1}, { "VarName": "x[9,0,21,0]", "X": 1}, { "VarName": "x[9,0,22,0]", "X": 1}, { "VarName": "x[9,0,23,0]", "X": 1}, { "VarName": "x[9,0,24,0]", "X": 1}, { "VarName": "x[9,0,26,0]", "X": 1}, { "VarName": "x[9,0,27,0]", "X": 1}, { "VarName": "x[9,0,28,0]", "X": 1}, { "VarName": "x[9,0,29,0]", "X": 1}, { "VarName": "x[9,0,30,0]", "X": 1}, { "VarName": "x[9,0,31,0]", "X": 1}, { "VarName": "x[9,0,32,0]", "X": 1}, { "VarName": "x[9,0,33,0]", "X": 1}, { "VarName": "x[9,0,34,0]", "X": 1}, { "VarName": "x[9,0,35,0]", "X": 1}, { "VarName": "x[9,0,36,0]", "X": 1}, { "VarName": "x[9,0,37,0]", "X": 1}, { "VarName": "x[9,0,38,0]", "X": 1}, { "VarName": "x[9,0,39,0]", "X": 1}, { "VarName": "x[9,0,40,0]", "X": 1}, { "VarName": "x[9,1,11,1]", "X": 1}, { "VarName": "x[9,1,14,1]", "X": 1}, { "VarName": "x[9,1,31,1]", "X": 1}, { "VarName": "x[9,1,34,1]", "X": 1}, { "VarName": "x[9,1,37,1]", "X": 1}, { "VarName": "x[9,1,39,1]", "X": 1}, { "VarName": "x[9,1,40,1]", "X": 1}, { "VarName": "x[9,2,11,2]", "X": 1}, { "VarName": "x[9,2,12,4]", "X": 1}, { "VarName": "x[9,2,14,2]", "X": 1}, { "VarName": "x[9,2,15,4]", "X": 1}, { "VarName": "x[9,2,16,2]", "X": 1}, { "VarName": "x[9,2,18,4]", "X": 1}, { "VarName": "x[9,2,20,2]", "X": 1}, { "VarName": "x[9,2,23,4]", "X": 1}, { "VarName": "x[9,2,25,4]", "X": 1}, { "VarName": "x[9,2,26,2]", "X": 1}, { "VarName": "x[9,2,27,2]", "X": 1}, { "VarName": "x[9,2,28,4]", "X": 1}, { "VarName": "x[9,2,31,2]", "X": 1}, { "VarName": "x[9,2,32,2]", "X": 1}, { "VarName": "x[9,2,34,2]", "X": 1}, { "VarName": "x[9,2,35,4]", "X": 1}, { "VarName": "x[9,2,37,2]", "X": 1}, { "VarName": "x[9,2,38,4]", "X": 1}, { "VarName": "x[9,2,39,2]", "X": 1}, { "VarName": "x[9,2,40,2]", "X": 1}, { "VarName": "x[9,3,12,3]", "X": 1}, { "VarName": "x[9,3,15,3]", "X": 1}, { "VarName": "x[9,3,16,3]", "X": 1}, { "VarName": "x[9,3,18,3]", "X": 1}, { "VarName": "x[9,3,24,4]", "X": 1}, { "VarName": "x[9,3,26,3]", "X": 1}, { "VarName": "x[9,3,27,3]", "X": 1}, { "VarName": "x[9,3,28,3]", "X": 1}, { "VarName": "x[9,3,31,3]", "X": 1}, { "VarName": "x[9,3,39,3]", "X": 1}, { "VarName": "x[9,4,11,4]", "X": 1}, { "VarName": "x[9,4,12,5]", "X": 1}, { "VarName": "x[9,5,11,5]", "X": 1}, { "VarName": "x[9,5,12,6]", "X": 1}, { "VarName": "x[9,5,14,5]", "X": 1}, { "VarName": "x[9,5,15,6]", "X": 1}, { "VarName": "x[9,5,16,5]", "X": 1}, { "VarName": "x[9,5,18,6]", "X": 1}, { "VarName": "x[9,5,19,3]", "X": 1}, { "VarName": "x[9,5,20,5]", "X": 1}, { "VarName": "x[9,5,24,3]", "X": 1}, { "VarName": "x[9,5,29,3]", "X": 1}, { "VarName": "x[9,6,18,7]", "X": 1}, { "VarName": "x[10,0,20,0]", "X": 1}, { "VarName": "x[10,1,14,6]", "X": 1}, { "VarName": "x[10,1,15,7]", "X": 1}, { "VarName": "x[10,1,20,6]", "X": 1}, { "VarName": "x[11,0,13,0]", "X": 1}, { "VarName": "x[11,0,14,0]", "X": 1}, { "VarName": "x[11,0,15,0]", "X": 1}, { "VarName": "x[11,0,16,0]", "X": 1}, { "VarName": "x[11,0,17,0]", "X": 1}, { "VarName": "x[11,0,19,0]", "X": 1}, { "VarName": "x[11,0,20,0]", "X": 1}, { "VarName": "x[11,0,21,0]", "X": 1}, { "VarName": "x[11,0,24,0]", "X": 1}, { "VarName": "x[11,0,29,0]", "X": 1}, { "VarName": "x[11,0,33,0]", "X": 1}, { "VarName": "x[11,0,36,0]", "X": 1}, { "VarName": "x[11,1,14,1]", "X": 1}, { "VarName": "x[11,2,12,4]", "X": 1}, { "VarName": "x[11,2,14,2]", "X": 1}, { "VarName": "x[11,2,15,4]", "X": 1}, { "VarName": "x[11,2,16,2]", "X": 1}, { "VarName": "x[11,2,18,4]", "X": 1}, { "VarName": "x[11,2,20,2]", "X": 1}, { "VarName": "x[11,3,14,3]", "X": 1}, { "VarName": "x[11,3,19,4]", "X": 1}, { "VarName": "x[11,3,20,3]", "X": 1}, { "VarName": "x[11,3,29,4]", "X": 1}, { "VarName": "x[11,3,39,3]", "X": 1}, { "VarName": "x[11,4,19,5]", "X": 1}, { "VarName": "x[11,4,24,2]", "X": 1}, { "VarName": "x[11,4,24,5]", "X": 1}, { "VarName": "x[11,5,12,6]", "X": 1}, { "VarName": "x[11,5,14,5]", "X": 1}, { "VarName": "x[11,5,15,6]", "X": 1}, { "VarName": "x[11,5,18,6]", "X": 1}, { "VarName": "x[11,5,19,3]", "X": 1}, { "VarName": "x[11,5,20,5]", "X": 1}, { "VarName": "x[11,5,24,3]", "X": 1}, { "VarName": "x[11,6,14,6]", "X": 1}, { "VarName": "x[11,6,15,7]", "X": 1}, { "VarName": "x[11,6,20,6]", "X": 1}, { "VarName": "x[12,0,13,0]", "X": 1}, { "VarName": "x[12,0,14,0]", "X": 1}, { "VarName": "x[12,0,15,0]", "X": 1}, { "VarName": "x[12,0,16,0]", "X": 1}, { "VarName": "x[12,0,17,0]", "X": 1}, { "VarName": "x[12,0,18,0]", "X": 1}, { "VarName": "x[12,0,19,0]", "X": 1}, { "VarName": "x[12,0,20,0]", "X": 1}, { "VarName": "x[12,0,21,0]", "X": 1}, { "VarName": "x[12,0,22,0]", "X": 1}, { "VarName": "x[12,0,24,0]", "X": 1}, { "VarName": "x[12,0,29,0]", "X": 1}, { "VarName": "x[12,0,30,0]", "X": 1}, { "VarName": "x[12,0,33,0]", "X": 1}, { "VarName": "x[12,0,36,0]", "X": 1}, { "VarName": "x[12,0,37,0]", "X": 1}, { "VarName": "x[12,0,39,0]", "X": 1}, { "VarName": "x[12,0,40,0]", "X": 1}, { "VarName": "x[12,1,15,1]", "X": 1}, { "VarName": "x[12,1,18,1]", "X": 1}, { "VarName": "x[12,1,19,1]", "X": 1}, { "VarName": "x[12,1,24,1]", "X": 1}, { "VarName": "x[12,1,29,1]", "X": 1}, { "VarName": "x[12,1,30,1]", "X": 1}, { "VarName": "x[12,3,15,3]", "X": 1}, { "VarName": "x[12,3,16,3]", "X": 1}, { "VarName": "x[12,3,18,3]", "X": 1}, { "VarName": "x[12,3,24,4]", "X": 1}, { "VarName": "x[12,3,37,3]", "X": 1}, { "VarName": "x[12,4,14,2]", "X": 1}, { "VarName": "x[12,4,15,4]", "X": 1}, { "VarName": "x[12,4,18,4]", "X": 1}, { "VarName": "x[12,4,20,2]", "X": 1}, { "VarName": "x[12,5,19,5]", "X": 1}, { "VarName": "x[12,6,14,5]", "X": 1}, { "VarName": "x[12,6,15,6]", "X": 1}, { "VarName": "x[12,6,18,6]", "X": 1}, { "VarName": "x[12,6,19,3]", "X": 1}, { "VarName": "x[12,6,20,5]", "X": 1}, { "VarName": "x[12,6,24,3]", "X": 1}, { "VarName": "x[12,7,18,7]", "X": 1}, { "VarName": "x[12,9,12,10]", "X": 1}, { "VarName": "x[12,9,12,11]", "X": 1}, { "VarName": "x[12,10,18,11]", "X": 1}, { "VarName": "x[12,11,12,10]", "X": 1}, { "VarName": "x[13,0,19,0]", "X": 1}, { "VarName": "x[13,0,20,0]", "X": 1}, { "VarName": "x[13,0,24,0]", "X": 1}, { "VarName": "x[13,1,18,7]", "X": 1}, { "VarName": "x[14,0,19,0]", "X": 1}, { "VarName": "x[14,0,20,0]", "X": 1}, { "VarName": "x[14,0,24,0]", "X": 1}, { "VarName": "x[14,1,20,1]", "X": 1}, { "VarName": "x[14,2,15,4]", "X": 1}, { "VarName": "x[14,2,18,4]", "X": 1}, { "VarName": "x[14,2,20,2]", "X": 1}, { "VarName": "x[14,3,19,4]", "X": 1}, { "VarName": "x[14,3,20,3]", "X": 1}, { "VarName": "x[14,4,15,5]", "X": 1}, { "VarName": "x[14,4,18,5]", "X": 1}, { "VarName": "x[14,4,20,4]", "X": 1}, { "VarName": "x[14,5,15,6]", "X": 1}, { "VarName": "x[14,5,18,6]", "X": 1}, { "VarName": "x[14,5,20,5]", "X": 1}, { "VarName": "x[14,5,24,3]", "X": 1}, { "VarName": "x[14,6,15,7]", "X": 1}, { "VarName": "x[14,6,20,6]", "X": 1}, { "VarName": "x[15,0,17,0]", "X": 1}, { "VarName": "x[15,0,19,0]", "X": 1}, { "VarName": "x[15,0,20,0]", "X": 1}, { "VarName": "x[15,0,24,0]", "X": 1}, { "VarName": "x[15,0,29,0]", "X": 1}, { "VarName": "x[15,1,19,1]", "X": 1}, { "VarName": "x[15,1,24,1]", "X": 1}, { "VarName": "x[15,1,29,1]", "X": 1}, { "VarName": "x[15,3,24,4]", "X": 1}, { "VarName": "x[15,4,20,2]", "X": 1}, { "VarName": "x[15,5,20,4]", "X": 1}, { "VarName": "x[15,6,18,6]", "X": 1}, { "VarName": "x[15,6,20,5]", "X": 1}, { "VarName": "x[15,7,20,6]", "X": 1}, { "VarName": "x[15,9,15,11]", "X": 1}, { "VarName": "x[15,10,15,9]", "X": 1}, { "VarName": "x[15,11,15,10]", "X": 1}, { "VarName": "x[16,0,17,0]", "X": 1}, { "VarName": "x[16,0,19,0]", "X": 1}, { "VarName": "x[16,0,20,0]", "X": 1}, { "VarName": "x[16,0,24,0]", "X": 1}, { "VarName": "x[16,0,29,0]", "X": 1}, { "VarName": "x[16,1,20,1]", "X": 1}, { "VarName": "x[16,2,18,4]", "X": 1}, { "VarName": "x[16,2,20,2]", "X": 1}, { "VarName": "x[16,3,18,3]", "X": 1}, { "VarName": "x[16,3,24,4]", "X": 1}, { "VarName": "x[16,4,19,5]", "X": 1}, { "VarName": "x[16,4,24,2]", "X": 1}, { "VarName": "x[16,4,24,5]", "X": 1}, { "VarName": "x[16,5,18,6]", "X": 1}, { "VarName": "x[16,5,19,3]", "X": 1}, { "VarName": "x[16,5,20,5]", "X": 1}, { "VarName": "x[16,5,24,3]", "X": 1}, { "VarName": "x[16,5,29,3]", "X": 1}, { "VarName": "x[16,6,18,7]", "X": 1}, { "VarName": "x[16,6,20,6]", "X": 1}, { "VarName": "x[17,0,19,0]", "X": 1}, { "VarName": "x[17,0,20,0]", "X": 1}, { "VarName": "x[17,0,24,0]", "X": 1}, { "VarName": "x[17,0,29,0]", "X": 1}, { "VarName": "x[17,1,18,7]", "X": 1}, { "VarName": "x[18,0,19,0]", "X": 1}, { "VarName": "x[18,0,20,0]", "X": 1}, { "VarName": "x[18,0,21,0]", "X": 1}, { "VarName": "x[18,0,24,0]", "X": 1}, { "VarName": "x[18,0,29,0]", "X": 1}, { "VarName": "x[18,0,33,0]", "X": 1}, { "VarName": "x[18,0,36,0]", "X": 1}, { "VarName": "x[18,1,19,1]", "X": 1}, { "VarName": "x[18,1,24,1]", "X": 1}, { "VarName": "x[18,1,29,1]", "X": 1}, { "VarName": "x[18,3,24,4]", "X": 1}, { "VarName": "x[18,4,20,2]", "X": 1}, { "VarName": "x[18,5,20,4]", "X": 1}, { "VarName": "x[18,6,20,5]", "X": 1}, { "VarName": "x[18,9,18,11]", "X": 1}, { "VarName": "x[18,9,28,11]", "X": 1}, { "VarName": "x[18,10,18,9]", "X": 1}, { "VarName": "x[18,11,18,10]", "X": 1}, { "VarName": "x[19,0,20,0]", "X": 1}, { "VarName": "x[19,0,24,0]", "X": 1}, { "VarName": "x[19,1,24,1]", "X": 1}, { "VarName": "x[19,2,20,4]", "X": 1}, { "VarName": "x[19,3,20,5]", "X": 1}, { "VarName": "x[19,3,24,3]", "X": 1}, { "VarName": "x[19,4,20,3]", "X": 1}, { "VarName": "x[19,5,19,2]", "X": 1}, { "VarName": "x[19,5,24,5]", "X": 1}, { "VarName": "x[21,0,24,0]", "X": 1}, { "VarName": "x[21,0,29,0]", "X": 1}, { "VarName": "x[21,1,28,7]", "X": 1}, { "VarName": "x[22,0,24,0]", "X": 1}, { "VarName": "x[22,0,29,0]", "X": 1}, { "VarName": "x[22,0,30,0]", "X": 1}, { "VarName": "x[22,0,33,0]", "X": 1}, { "VarName": "x[22,0,36,0]", "X": 1}, { "VarName": "x[22,0,39,0]", "X": 1}, { "VarName": "x[22,1,25,7]", "X": 1}, { "VarName": "x[22,1,27,6]", "X": 1}, { "VarName": "x[22,1,31,6]", "X": 1}, { "VarName": "x[22,1,33,1]", "X": 1}, { "VarName": "x[22,1,34,6]", "X": 1}, { "VarName": "x[22,1,37,6]", "X": 1}, { "VarName": "x[22,1,38,7]", "X": 1}, { "VarName": "x[22,1,39,6]", "X": 1}, { "VarName": "x[22,1,40,6]", "X": 1}, { "VarName": "x[23,0,24,0]", "X": 1}, { "VarName": "x[23,0,26,0]", "X": 1}, { "VarName": "x[23,0,27,0]", "X": 1}, { "VarName": "x[23,0,28,0]", "X": 1}, { "VarName": "x[23,0,29,0]", "X": 1}, { "VarName": "x[23,0,30,0]", "X": 1}, { "VarName": "x[23,0,31,0]", "X": 1}, { "VarName": "x[23,0,33,0]", "X": 1}, { "VarName": "x[23,0,34,0]", "X": 1}, { "VarName": "x[23,0,36,0]", "X": 1}, { "VarName": "x[23,0,37,0]", "X": 1}, { "VarName": "x[23,0,38,0]", "X": 1}, { "VarName": "x[23,0,39,0]", "X": 1}, { "VarName": "x[23,0,40,0]", "X": 1}, { "VarName": "x[23,1,24,1]", "X": 1}, { "VarName": "x[23,1,28,1]", "X": 1}, { "VarName": "x[23,1,29,1]", "X": 1}, { "VarName": "x[23,1,30,1]", "X": 1}, { "VarName": "x[23,1,38,1]", "X": 1}, { "VarName": "x[23,2,28,2]", "X": 1}, { "VarName": "x[23,2,38,2]", "X": 1}, { "VarName": "x[23,3,29,4]", "X": 1}, { "VarName": "x[23,3,30,4]", "X": 1}, { "VarName": "x[23,3,34,3]", "X": 1}, { "VarName": "x[23,3,37,3]", "X": 1}, { "VarName": "x[23,3,38,3]", "X": 1}, { "VarName": "x[23,3,40,3]", "X": 1}, { "VarName": "x[23,4,28,4]", "X": 1}, { "VarName": "x[23,4,31,2]", "X": 1}, { "VarName": "x[23,4,37,2]", "X": 1}, { "VarName": "x[23,4,38,4]", "X": 1}, { "VarName": "x[23,4,39,2]", "X": 1}, { "VarName": "x[23,4,40,2]", "X": 1}, { "VarName": "x[23,5,24,2]", "X": 1}, { "VarName": "x[23,5,24,5]", "X": 1}, { "VarName": "x[23,5,26,4]", "X": 1}, { "VarName": "x[23,5,27,4]", "X": 1}, { "VarName": "x[23,5,34,4]", "X": 1}, { "VarName": "x[23,5,37,4]", "X": 1}, { "VarName": "x[23,6,24,3]", "X": 1}, { "VarName": "x[23,6,25,6]", "X": 1}, { "VarName": "x[23,6,26,5]", "X": 1}, { "VarName": "x[23,6,27,5]", "X": 1}, { "VarName": "x[23,6,28,6]", "X": 1}, { "VarName": "x[23,6,29,3]", "X": 1}, { "VarName": "x[23,6,30,3]", "X": 1}, { "VarName": "x[23,6,31,5]", "X": 1}, { "VarName": "x[23,6,34,5]", "X": 1}, { "VarName": "x[23,6,37,5]", "X": 1}, { "VarName": "x[23,6,38,6]", "X": 1}, { "VarName": "x[23,6,39,5]", "X": 1}, { "VarName": "x[23,6,40,5]", "X": 1}, { "VarName": "x[23,7,26,6]", "X": 1}, { "VarName": "x[23,7,28,7]", "X": 1}, { "VarName": "x[23,7,36,1]", "X": 1}, { "VarName": "x[23,8,28,8]", "X": 1}, { "VarName": "x[23,8,38,8]", "X": 1}, { "VarName": "x[23,9,23,11]", "X": 1}, { "VarName": "x[23,9,25,9]", "X": 1}, { "VarName": "x[23,9,25,11]", "X": 1}, { "VarName": "x[23,9,28,9]", "X": 1}, { "VarName": "x[23,9,28,11]", "X": 1}, { "VarName": "x[23,9,35,9]", "X": 1}, { "VarName": "x[23,9,35,11]", "X": 1}, { "VarName": "x[23,9,38,9]", "X": 1}, { "VarName": "x[23,9,38,10]", "X": 1}, { "VarName": "x[23,9,38,11]", "X": 1}, { "VarName": "x[23,10,23,9]", "X": 1}, { "VarName": "x[23,10,25,10]", "X": 1}, { "VarName": "x[23,10,35,9]", "X": 1}, { "VarName": "x[23,10,35,10]", "X": 1}, { "VarName": "x[23,10,35,11]", "X": 1}, { "VarName": "x[23,11,23,10]", "X": 1}, { "VarName": "x[23,11,25,9]", "X": 1}, { "VarName": "x[23,11,25,11]", "X": 1}, { "VarName": "x[23,11,28,9]", "X": 1}, { "VarName": "x[23,11,28,11]", "X": 1}, { "VarName": "x[23,11,35,11]", "X": 1}, { "VarName": "x[23,11,38,9]", "X": 1}, { "VarName": "x[23,11,38,10]", "X": 1}, { "VarName": "x[23,11,38,11]", "X": 1}, { "VarName": "x[24,2,24,5]", "X": 1}, { "VarName": "x[25,0,26,0]", "X": 1}, { "VarName": "x[25,0,27,0]", "X": 1}, { "VarName": "x[25,0,28,0]", "X": 1}, { "VarName": "x[25,0,29,0]", "X": 1}, { "VarName": "x[25,0,30,0]", "X": 1}, { "VarName": "x[25,0,31,0]", "X": 1}, { "VarName": "x[25,0,32,0]", "X": 1}, { "VarName": "x[25,0,33,0]", "X": 1}, { "VarName": "x[25,0,34,0]", "X": 1}, { "VarName": "x[25,0,35,0]", "X": 1}, { "VarName": "x[25,0,36,0]", "X": 1}, { "VarName": "x[25,0,37,0]", "X": 1}, { "VarName": "x[25,0,38,0]", "X": 1}, { "VarName": "x[25,0,39,0]", "X": 1}, { "VarName": "x[25,0,40,0]", "X": 1}, { "VarName": "x[25,1,28,1]", "X": 1}, { "VarName": "x[25,1,29,1]", "X": 1}, { "VarName": "x[25,1,30,1]", "X": 1}, { "VarName": "x[25,1,35,1]", "X": 1}, { "VarName": "x[25,1,38,1]", "X": 1}, { "VarName": "x[25,2,28,2]", "X": 1}, { "VarName": "x[25,2,38,2]", "X": 1}, { "VarName": "x[25,3,26,3]", "X": 1}, { "VarName": "x[25,3,27,3]", "X": 1}, { "VarName": "x[25,3,28,3]", "X": 1}, { "VarName": "x[25,3,31,3]", "X": 1}, { "VarName": "x[25,3,32,3]", "X": 1}, { "VarName": "x[25,3,35,3]", "X": 1}, { "VarName": "x[25,3,39,3]", "X": 1}, { "VarName": "x[25,4,26,2]", "X": 1}, { "VarName": "x[25,4,27,2]", "X": 1}, { "VarName": "x[25,4,28,4]", "X": 1}, { "VarName": "x[25,4,31,2]", "X": 1}, { "VarName": "x[25,4,34,2]", "X": 1}, { "VarName": "x[25,4,35,4]", "X": 1}, { "VarName": "x[25,4,37,2]", "X": 1}, { "VarName": "x[25,4,38,4]", "X": 1}, { "VarName": "x[25,4,39,2]", "X": 1}, { "VarName": "x[25,4,40,2]", "X": 1}, { "VarName": "x[25,5,29,5]", "X": 1}, { "VarName": "x[25,5,30,5]", "X": 1}, { "VarName": "x[25,5,40,4]", "X": 1}, { "VarName": "x[25,6,27,5]", "X": 1}, { "VarName": "x[25,6,28,6]", "X": 1}, { "VarName": "x[25,6,29,3]", "X": 1}, { "VarName": "x[25,6,30,3]", "X": 1}, { "VarName": "x[25,7,31,6]", "X": 1}, { "VarName": "x[25,8,28,8]", "X": 1}, { "VarName": "x[25,8,38,8]", "X": 1}, { "VarName": "x[25,9,25,11]", "X": 1}, { "VarName": "x[25,9,28,9]", "X": 1}, { "VarName": "x[25,9,28,11]", "X": 1}, { "VarName": "x[25,9,35,11]", "X": 1}, { "VarName": "x[25,9,38,10]", "X": 1}, { "VarName": "x[25,9,38,11]", "X": 1}, { "VarName": "x[25,10,25,9]", "X": 1}, { "VarName": "x[25,11,25,10]", "X": 1}, { "VarName": "x[25,11,28,11]", "X": 1}, { "VarName": "x[26,0,28,0]", "X": 1}, { "VarName": "x[26,0,29,0]", "X": 1}, { "VarName": "x[26,0,30,0]", "X": 1}, { "VarName": "x[26,0,31,0]", "X": 1}, { "VarName": "x[26,0,33,0]", "X": 1}, { "VarName": "x[26,0,36,0]", "X": 1}, { "VarName": "x[26,0,37,0]", "X": 1}, { "VarName": "x[26,0,39,0]", "X": 1}, { "VarName": "x[26,0,40,0]", "X": 1}, { "VarName": "x[26,1,37,1]", "X": 1}, { "VarName": "x[26,2,28,4]", "X": 1}, { "VarName": "x[26,2,31,2]", "X": 1}, { "VarName": "x[26,2,37,2]", "X": 1}, { "VarName": "x[26,2,38,4]", "X": 1}, { "VarName": "x[26,2,39,2]", "X": 1}, { "VarName": "x[26,2,40,2]", "X": 1}, { "VarName": "x[26,3,27,3]", "X": 1}, { "VarName": "x[26,3,28,3]", "X": 1}, { "VarName": "x[26,3,34,3]", "X": 1}, { "VarName": "x[26,3,39,3]", "X": 1}, { "VarName": "x[26,4,27,4]", "X": 1}, { "VarName": "x[26,5,27,5]", "X": 1}, { "VarName": "x[26,5,28,6]", "X": 1}, { "VarName": "x[26,5,29,3]", "X": 1}, { "VarName": "x[26,5,30,3]", "X": 1}, { "VarName": "x[26,5,31,5]", "X": 1}, { "VarName": "x[26,5,38,6]", "X": 1}, { "VarName": "x[26,5,39,5]", "X": 1}, { "VarName": "x[26,5,40,5]", "X": 1}, { "VarName": "x[26,6,28,7]", "X": 1}, { "VarName": "x[26,6,36,1]", "X": 1}, { "VarName": "x[27,0,28,0]", "X": 1}, { "VarName": "x[27,0,29,0]", "X": 1}, { "VarName": "x[27,0,30,0]", "X": 1}, { "VarName": "x[27,0,31,0]", "X": 1}, { "VarName": "x[27,0,33,0]", "X": 1}, { "VarName": "x[27,0,34,0]", "X": 1}, { "VarName": "x[27,0,36,0]", "X": 1}, { "VarName": "x[27,0,37,0]", "X": 1}, { "VarName": "x[27,0,38,0]", "X": 1}, { "VarName": "x[27,0,39,0]", "X": 1}, { "VarName": "x[27,0,40,0]", "X": 1}, { "VarName": "x[27,2,28,4]", "X": 1}, { "VarName": "x[27,2,31,2]", "X": 1}, { "VarName": "x[27,2,34,2]", "X": 1}, { "VarName": "x[27,2,37,2]", "X": 1}, { "VarName": "x[27,2,38,4]", "X": 1}, { "VarName": "x[27,2,39,2]", "X": 1}, { "VarName": "x[27,2,40,2]", "X": 1}, { "VarName": "x[27,5,28,6]", "X": 1}, { "VarName": "x[27,5,29,3]", "X": 1}, { "VarName": "x[27,5,30,3]", "X": 1}, { "VarName": "x[27,6,31,6]", "X": 1}, { "VarName": "x[28,0,29,0]", "X": 1}, { "VarName": "x[28,0,30,0]", "X": 1}, { "VarName": "x[28,0,31,0]", "X": 1}, { "VarName": "x[28,0,33,0]", "X": 1}, { "VarName": "x[28,0,36,0]", "X": 1}, { "VarName": "x[28,0,37,0]", "X": 1}, { "VarName": "x[28,0,39,0]", "X": 1}, { "VarName": "x[28,0,40,0]", "X": 1}, { "VarName": "x[28,1,29,1]", "X": 1}, { "VarName": "x[28,1,30,1]", "X": 1}, { "VarName": "x[28,2,35,2]", "X": 1}, { "VarName": "x[28,3,39,3]", "X": 1}, { "VarName": "x[28,6,29,3]", "X": 1}, { "VarName": "x[28,6,30,3]", "X": 1}, { "VarName": "x[28,9,28,11]", "X": 1}, { "VarName": "x[28,10,28,9]", "X": 1}, { "VarName": "x[28,11,28,10]", "X": 1}, { "VarName": "x[29,5,29,2]", "X": 1}, { "VarName": "x[30,0,33,0]", "X": 1}, { "VarName": "x[30,0,36,0]", "X": 1}, { "VarName": "x[30,0,39,0]", "X": 1}, { "VarName": "x[30,2,39,4]", "X": 1}, { "VarName": "x[30,5,30,2]", "X": 1}, { "VarName": "x[31,0,33,0]", "X": 1}, { "VarName": "x[31,0,36,0]", "X": 1}, { "VarName": "x[31,0,37,0]", "X": 1}, { "VarName": "x[31,0,39,0]", "X": 1}, { "VarName": "x[31,0,40,0]", "X": 1}, { "VarName": "x[31,1,37,1]", "X": 1}, { "VarName": "x[31,1,39,1]", "X": 1}, { "VarName": "x[31,1,40,1]", "X": 1}, { "VarName": "x[31,2,37,2]", "X": 1}, { "VarName": "x[31,2,38,4]", "X": 1}, { "VarName": "x[31,2,39,2]", "X": 1}, { "VarName": "x[31,2,40,2]", "X": 1}, { "VarName": "x[31,3,39,3]", "X": 1}, { "VarName": "x[31,5,38,6]", "X": 1}, { "VarName": "x[31,5,39,5]", "X": 1}, { "VarName": "x[32,0,33,0]", "X": 1}, { "VarName": "x[32,0,34,0]", "X": 1}, { "VarName": "x[32,0,35,0]", "X": 1}, { "VarName": "x[32,0,36,0]", "X": 1}, { "VarName": "x[32,0,37,0]", "X": 1}, { "VarName": "x[32,0,38,0]", "X": 1}, { "VarName": "x[32,0,39,0]", "X": 1}, { "VarName": "x[32,0,40,0]", "X": 1}, { "VarName": "x[32,1,34,1]", "X": 1}, { "VarName": "x[32,1,37,1]", "X": 1}, { "VarName": "x[32,1,39,1]", "X": 1}, { "VarName": "x[32,1,40,1]", "X": 1}, { "VarName": "x[32,2,34,2]", "X": 1}, { "VarName": "x[32,2,35,4]", "X": 1}, { "VarName": "x[32,2,37,2]", "X": 1}, { "VarName": "x[32,2,38,4]", "X": 1}, { "VarName": "x[32,2,39,2]", "X": 1}, { "VarName": "x[32,2,40,2]", "X": 1}, { "VarName": "x[32,3,39,3]", "X": 1}, { "VarName": "x[32,4,40,4]", "X": 1}, { "VarName": "x[32,5,34,5]", "X": 1}, { "VarName": "x[32,5,37,5]", "X": 1}, { "VarName": "x[32,5,38,6]", "X": 1}, { "VarName": "x[32,5,39,5]", "X": 1}, { "VarName": "x[32,5,40,5]", "X": 1}, { "VarName": "x[32,6,36,1]", "X": 1}, { "VarName": "x[33,0,36,0]", "X": 1}, { "VarName": "x[33,1,38,7]", "X": 1}, { "VarName": "x[33,1,39,6]", "X": 1}, { "VarName": "x[33,1,40,6]", "X": 1}, { "VarName": "x[34,0,36,0]", "X": 1}, { "VarName": "x[34,0,37,0]", "X": 1}, { "VarName": "x[34,0,38,0]", "X": 1}, { "VarName": "x[34,0,39,0]", "X": 1}, { "VarName": "x[34,0,40,0]", "X": 1}, { "VarName": "x[34,1,37,1]", "X": 1}, { "VarName": "x[34,1,39,1]", "X": 1}, { "VarName": "x[34,1,40,1]", "X": 1}, { "VarName": "x[34,2,37,2]", "X": 1}, { "VarName": "x[34,2,38,4]", "X": 1}, { "VarName": "x[34,2,39,2]", "X": 1}, { "VarName": "x[34,2,40,2]", "X": 1}, { "VarName": "x[34,3,37,3]", "X": 1}, { "VarName": "x[34,3,38,3]", "X": 1}, { "VarName": "x[34,3,40,3]", "X": 1}, { "VarName": "x[34,4,37,4]", "X": 1}, { "VarName": "x[34,5,37,5]", "X": 1}, { "VarName": "x[34,5,38,6]", "X": 1}, { "VarName": "x[34,5,39,5]", "X": 1}, { "VarName": "x[34,5,40,5]", "X": 1}, { "VarName": "x[34,6,37,6]", "X": 1}, { "VarName": "x[34,6,38,7]", "X": 1}, { "VarName": "x[34,6,39,6]", "X": 1}, { "VarName": "x[34,6,40,6]", "X": 1}, { "VarName": "x[35,0,36,0]", "X": 1}, { "VarName": "x[35,0,37,0]", "X": 1}, { "VarName": "x[35,0,38,0]", "X": 1}, { "VarName": "x[35,0,39,0]", "X": 1}, { "VarName": "x[35,0,40,0]", "X": 1}, { "VarName": "x[35,1,38,1]", "X": 1}, { "VarName": "x[35,3,39,3]", "X": 1}, { "VarName": "x[35,4,37,2]", "X": 1}, { "VarName": "x[35,4,38,4]", "X": 1}, { "VarName": "x[35,4,39,2]", "X": 1}, { "VarName": "x[35,4,40,2]", "X": 1}, { "VarName": "x[35,6,37,5]", "X": 1}, { "VarName": "x[35,6,38,6]", "X": 1}, { "VarName": "x[35,6,39,5]", "X": 1}, { "VarName": "x[35,6,40,5]", "X": 1}, { "VarName": "x[35,7,37,6]", "X": 1}, { "VarName": "x[35,7,38,7]", "X": 1}, { "VarName": "x[35,7,39,6]", "X": 1}, { "VarName": "x[35,7,40,6]", "X": 1}, { "VarName": "x[35,8,38,8]", "X": 1}, { "VarName": "x[35,9,35,11]", "X": 1}, { "VarName": "x[35,9,38,9]", "X": 1}, { "VarName": "x[35,9,38,10]", "X": 1}, { "VarName": "x[35,9,38,11]", "X": 1}, { "VarName": "x[35,10,35,9]", "X": 1}, { "VarName": "x[35,11,35,10]", "X": 1}, { "VarName": "x[35,11,38,11]", "X": 1}, { "VarName": "x[37,0,39,0]", "X": 1}, { "VarName": "x[37,0,40,0]", "X": 1}, { "VarName": "x[37,1,39,1]", "X": 1}, { "VarName": "x[37,1,40,1]", "X": 1}, { "VarName": "x[37,2,38,4]", "X": 1}, { "VarName": "x[37,2,39,2]", "X": 1}, { "VarName": "x[37,2,40,2]", "X": 1}, { "VarName": "x[37,3,40,3]", "X": 1}, { "VarName": "x[37,5,38,6]", "X": 1}, { "VarName": "x[37,5,39,5]", "X": 1}, { "VarName": "x[37,5,40,5]", "X": 1}, { "VarName": "x[37,6,38,7]", "X": 1}, { "VarName": "x[37,6,39,6]", "X": 1}, { "VarName": "x[37,6,40,6]", "X": 1}, { "VarName": "x[38,0,39,0]", "X": 1}, { "VarName": "x[38,0,40,0]", "X": 1}, { "VarName": "x[38,3,40,3]", "X": 1}, { "VarName": "x[38,4,39,2]", "X": 1}, { "VarName": "x[38,5,39,4]", "X": 1}, { "VarName": "x[38,6,39,5]", "X": 1}, { "VarName": "x[38,9,38,10]", "X": 1}, { "VarName": "x[38,9,38,11]", "X": 1}, { "VarName": "x[38,10,38,11]", "X": 1}, { "VarName": "s[0,0,18]", "X": 2.2150999999969892e+04}, { "VarName": "s[0,1,13]", "X": 2.0950999999969928e+04}, { "VarName": "s[0,2,9]", "X": 1.9270999999969881e+04}, { "VarName": "s[0,3,11]", "X": 1.6156999999968706e+04}, { "VarName": "s[0,4,8]", "X": 1.5436999999968706e+04}, { "VarName": "s[0,5,12]", "X": 1.4349999999960050e+04}, { "VarName": "s[0,6,20]", "X": 1.3389999999961212e+04}, { "VarName": "s[1,0,18]", "X": 5220}, { "VarName": "s[1,1,17]", "X": 4.7399999999999418e+03}, { "VarName": "s[1,2,6]", "X": 4.3799999999990541e+03}, { "VarName": "s[1,3,12]", "X": 4.2599999999990541e+03}, { "VarName": "s[1,4,11]", "X": 4.0799999999993743e+03}, { "VarName": "s[1,5,7]", "X": 3840}, { "VarName": "s[2,0,18]", "X": 2.0585999999968706e+04}, { "VarName": "s[2,1,17]", "X": 1.7706000000588636e+04}, { "VarName": "s[2,2,16]", "X": 1.2454999999973392e+04}, { "VarName": "s[2,3,10]", "X": 1.0105999999970143e+04}, { "VarName": "s[2,4,9]", "X": 9.0159999999847059e+03}, { "VarName": "s[2,5,7]", "X": 6.6229999999889769e+03}, { "VarName": "s[2,6,12]", "X": 6.0529999999901283e+03}, { "VarName": "s[2,7,20]", "X": 4.3559999999962092e+03}, { "VarName": "s[2,8,4]", "X": 4.7639999999999127e+03}, { "VarName": "s[2,9,3]", "X": 3.6839999999999127e+03}, { "VarName": "s[2,10,2]", "X": 1080}, { "VarName": "s[3,0,18]", "X": 7.9119999999984284e+03}, { "VarName": "s[3,1,13]", "X": 7.3119999999988941e+03}, { "VarName": "s[3,2,9]", "X": 6.4719999999998108e+03}, { "VarName": "s[3,3,11]", "X": 5.4939999999917782e+03}, { "VarName": "s[3,4,5]", "X": 5.1339999999931460e+03}, { "VarName": "s[3,5,12]", "X": 4.8939999999964930e+03}, { "VarName": "s[3,6,19]", "X": 4.4139999999972788e+03}, { "VarName": "s[4,0,18]", "X": 4080}, { "VarName": "s[4,1,13]", "X": 3480}, { "VarName": "s[4,2,9]", "X": 2640}, { "VarName": "s[4,3,10]", "X": 2040}, { "VarName": "s[4,4,5]", "X": 1680}, { "VarName": "s[4,5,12]", "X": 1440}, { "VarName": "s[4,6,20]", "X": 960}, { "VarName": "s[5,0,18]", "X": 1.1045999999999913e+04}, { "VarName": "s[5,1,17]", "X": 1.0085999999999913e+04}, { "VarName": "s[5,2,16]", "X": 8.6459999999999127e+03}, { "VarName": "s[5,3,10]", "X": 3.9599999999902284e+03}, { "VarName": "s[5,4,9]", "X": 2119}, { "VarName": "s[5,5,8]", "X": 1416}, { "VarName": "s[5,6,12]", "X": 1296}, { "VarName": "s[5,8,4]", "X": 7.9259999999999127e+03}, { "VarName": "s[5,9,3]", "X": 6990}, { "VarName": "s[5,10,1]", "X": 6210}, { "VarName": "s[5,11,3]", "X": 5850}, { "VarName": "s[6,0,18]", "X": 7.1459999999999982e+03}, { "VarName": "s[6,1,17]", "X": 6665.99999999999}, { "VarName": "s[6,2,7]", "X": 6.0059999999918273e+03}, { "VarName": "s[6,3,12]", "X": 5.8859999999918273e+03}, { "VarName": "s[6,4,10]", "X": 5.7059999999933971e+03}, { "VarName": "s[6,5,6]", "X": 5.4659999999933971e+03}, { "VarName": "s[7,0,18]", "X": 6.6599999999998836e+03}, { "VarName": "s[7,1,17]", "X": 6180}, { "VarName": "s[7,2,5]", "X": 5820}, { "VarName": "s[7,3,12]", "X": 5700}, { "VarName": "s[7,4,10]", "X": 5520}, { "VarName": "s[7,5,8]", "X": 5280}, { "VarName": "s[8,0,18]", "X": 5.4589999999999964e+03}, { "VarName": "s[8,1,14]", "X": 5100}, { "VarName": "s[8,2,9]", "X": 4680}, { "VarName": "s[8,3,11]", "X": 4.3799999999971769e+03}, { "VarName": "s[8,4,5]", "X": 4.1999999999976280e+03}, { "VarName": "s[8,5,12]", "X": 4080}, { "VarName": "s[8,6,19]", "X": 3840}, { "VarName": "s[9,0,18]", "X": 2.5563999999969797e+04}, { "VarName": "s[9,1,14]", "X": 2.4363999999969797e+04}, { "VarName": "s[9,2,9]", "X": 2.2683999999969797e+04}, { "VarName": "s[9,3,11]", "X": 1.3684999999968706e+04}, { "VarName": "s[9,4,7]", "X": 9.9279999999687043e+03}, { "VarName": "s[9,5,12]", "X": 9.1969999999918509e+03}, { "VarName": "s[9,6,20]", "X": 5.8259999999962092e+03}, { "VarName": "s[10,0,18]", "X": 7.3379999999999927e+03}, { "VarName": "s[10,1,19]", "X": 6.5039999999983993e+03}, { "VarName": "s[11,0,18]", "X": 1.1800999999977383e+04}, { "VarName": "s[11,1,14]", "X": 1.1200999999977383e+04}, { "VarName": "s[11,2,9]", "X": 1.0220999999971749e+04}, { "VarName": "s[11,3,10]", "X": 8.8909999999918509e+03}, { "VarName": "s[11,4,6]", "X": 8279.99999998045}, { "VarName": "s[11,5,12]", "X": 7.8539999999996653e+03}, { "VarName": "s[11,6,19]", "X": 7.2419999999978318e+03}, { "VarName": "s[12,0,18]", "X": 1.4049999999999913e+04}, { "VarName": "s[12,1,17]", "X": 1.2609999999999913e+04}, { "VarName": "s[12,2,16]", "X": 1.0264999999974527e+04}, { "VarName": "s[12,3,11]", "X": 9.1849999999767424e+03}, { "VarName": "s[12,4,9]", "X": 8.2839999999889769e+03}, { "VarName": "s[12,5,7]", "X": 7.7439999999889769e+03}, { "VarName": "s[12,6,12]", "X": 7.5639999999889769e+03}, { "VarName": "s[12,7,20]", "X": 6.8219999999940846e+03}, { "VarName": "s[12,8,4]", "X": 3.6659999999999127e+03}, { "VarName": "s[12,9,3]", "X": 3.1259999999999127e+03}, { "VarName": "s[12,10,0]", "X": 1650}, { "VarName": "s[12,11,3]", "X": 1110}, { "VarName": "s[13,0,18]", "X": 8.4209999999983866e+03}, { "VarName": "s[13,1,20]", "X": 7.6009999999918073e+03}, { "VarName": "s[14,0,18]", "X": 8.5599999999909523e+03}, { "VarName": "s[14,1,14]", "X": 8.2599999999932334e+03}, { "VarName": "s[14,2,9]", "X": 7.8399999999932334e+03}, { "VarName": "s[14,3,10]", "X": 7.5399999999932334e+03}, { "VarName": "s[14,4,8]", "X": 6.8749999999872107e+03}, { "VarName": "s[14,5,12]", "X": 6.5989999999872107e+03}, { "VarName": "s[14,6,19]", "X": 6.2399999999999563e+03}, { "VarName": "s[15,0,18]", "X": 1.0049999999998847e+04}, { "VarName": "s[15,1,17]", "X": 9.0899999999999127e+03}, { "VarName": "s[15,2,15]", "X": 7.6499999999999127e+03}, { "VarName": "s[15,3,11]", "X": 6.9299999999999127e+03}, { "VarName": "s[15,4,9]", "X": 5.9329999999998545e+03}, { "VarName": "s[15,5,8]", "X": 5.5729999999999418e+03}, { "VarName": "s[15,6,12]", "X": 5.4269999999934371e+03}, { "VarName": "s[15,7,19]", "X": 4.9469999999942884e+03}, { "VarName": "s[15,8,4]", "X": 6.9299999999999127e+03}, { "VarName": "s[15,9,3]", "X": 6240}, { "VarName": "s[15,10,0]", "X": 5.6399999999982247e+03}, { "VarName": "s[15,11,3]", "X": 5280}, { "VarName": "s[16,0,18]", "X": 1.0479999999978038e+04}, { "VarName": "s[16,1,13]", "X": 10179.9999999809}, { "VarName": "s[16,2,9]", "X": 9759.9999999809}, { "VarName": "s[16,3,11]", "X": 8866.99999998045}, { "VarName": "s[16,4,6]", "X": 8686.99999998045}, { "VarName": "s[16,5,12]", "X": 8.5669999999840547e+03}, { "VarName": "s[16,6,20]", "X": 8.3269999999855827e+03}, { "VarName": "s[17,0,18]", "X": 9.3169999999788924e+03}, { "VarName": "s[17,1,20]", "X": 8.5969999999797583e+03}, { "VarName": "s[18,0,18]", "X": 1.2064999999971171e+04}, { "VarName": "s[18,1,17]", "X": 1.1104999999999913e+04}, { "VarName": "s[18,2,15]", "X": 9.6649999999999127e+03}, { "VarName": "s[18,3,11]", "X": 8.0879999999781830e+03}, { "VarName": "s[18,4,9]", "X": 7.3299999999975553e+03}, { "VarName": "s[18,5,8]", "X": 6.4739999999872107e+03}, { "VarName": "s[18,6,12]", "X": 5.2829999999934371e+03}, { "VarName": "s[18,7,20]", "X": 3840}, { "VarName": "s[18,8,4]", "X": 8.9449999999999127e+03}, { "VarName": "s[18,9,3]", "X": 7799}, { "VarName": "s[18,10,1]", "X": 7199}, { "VarName": "s[18,11,3]", "X": 6618}, { "VarName": "s[19,0,18]", "X": 8.2050000006181654e+03}, { "VarName": "s[19,1,17]", "X": 7.7250000006181654e+03}, { "VarName": "s[19,2,8]", "X": 7.1079999999872107e+03}, { "VarName": "s[19,3,12]", "X": 6.9879999999872107e+03}, { "VarName": "s[19,4,10]", "X": 6.8079999999872107e+03}, { "VarName": "s[19,5,6]", "X": 6.2929999999872107e+03}, { "VarName": "s[20,0,18]", "X": 5860.99999999813}, { "VarName": "s[20,1,13]", "X": 5.5609999999999709e+03}, { "VarName": "s[20,2,9]", "X": 5.1409999999999709e+03}, { "VarName": "s[20,3,10]", "X": 4.7209999999902284e+03}, { "VarName": "s[20,4,8]", "X": 4.5409999999913489e+03}, { "VarName": "s[20,5,12]", "X": 4.4209999999942811e+03}, { "VarName": "s[20,6,19]", "X": 4127}, { "VarName": "s[21,0,18]", "X": 1.0658999999973632e+04}, { "VarName": "s[21,1,20]", "X": 9.8569999999774082e+03}, { "VarName": "s[22,0,18]", "X": 1.3269999999968941e+04}, { "VarName": "s[22,1,19]", "X": 1.2549999999970634e+04}, { "VarName": "s[23,0,18]", "X": 1.7861999999970005e+04}, { "VarName": "s[23,1,17]", "X": 1.6704999999968706e+04}, { "VarName": "s[23,2,15]", "X": 1.5264999999968704e+04}, { "VarName": "s[23,3,10]", "X": 1.4544999999968704e+04}, { "VarName": "s[23,4,9]", "X": 1.3961999999970143e+04}, { "VarName": "s[23,5,6]", "X": 1.3601999999970143e+04}, { "VarName": "s[23,6,12]", "X": 1.3371999999967284e+04}, { "VarName": "s[23,7,20]", "X": 1.1889999999967818e+04}, { "VarName": "s[23,8,4]", "X": 14037}, { "VarName": "s[23,9,3]", "X": 13677}, { "VarName": "s[23,10,0]", "X": 13077}, { "VarName": "s[23,11,3]", "X": 12688}, { "VarName": "s[24,0,18]", "X": 7661.99999999999}, { "VarName": "s[24,1,17]", "X": 7181.99999999999}, { "VarName": "s[24,2,6]", "X": 6.5689999999872107e+03}, { "VarName": "s[24,3,12]", "X": 6.4489999999872107e+03}, { "VarName": "s[24,4,11]", "X": 6.1059999999873544e+03}, { "VarName": "s[24,5,6]", "X": 5.8659999999873544e+03}, { "VarName": "s[25,0,18]", "X": 2.8600999999969958e+04}, { "VarName": "s[25,1,17]", "X": 2.5720999999969958e+04}, { "VarName": "s[25,2,15]", "X": 2.1400999999969958e+04}, { "VarName": "s[25,3,11]", "X": 1.9240999999969958e+04}, { "VarName": "s[25,4,9]", "X": 1.7800999999969881e+04}, { "VarName": "s[25,5,5]", "X": 1.3114999999968706e+04}, { "VarName": "s[25,6,12]", "X": 1.0228999999983505e+04}, { "VarName": "s[25,7,19]", "X": 8.0099999999966822e+03}, { "VarName": "s[25,8,4]", "X": 14787}, { "VarName": "s[25,9,3]", "X": 11212}, { "VarName": "s[25,10,0]", "X": 9280}, { "VarName": "s[25,11,3]", "X": 8200}, { "VarName": "s[26,0,18]", "X": 1.5893999999970121e+04}, { "VarName": "s[26,1,13]", "X": 1.5293999999969881e+04}, { "VarName": "s[26,2,9]", "X": 1.4453999999969881e+04}, { "VarName": "s[26,3,11]", "X": 1.2559999999970143e+04}, { "VarName": "s[26,4,6]", "X": 1.2145999999970143e+04}, { "VarName": "s[26,5,12]", "X": 1.1905999999970143e+04}, { "VarName": "s[26,6,20]", "X": 1.1373999999967818e+04}, { "VarName": "s[27,0,18]", "X": 1.7603999999970056e+04}, { "VarName": "s[27,1,13]", "X": 1.7003999999970074e+04}, { "VarName": "s[27,2,9]", "X": 1.6163999999969881e+04}, { "VarName": "s[27,3,11]", "X": 1.0593999999968704e+04}, { "VarName": "s[27,4,6]", "X": 1.0233999999968704e+04}, { "VarName": "s[27,5,12]", "X": 9.9769999999918509e+03}, { "VarName": "s[27,6,19]", "X": 9.4969999999927168e+03}, { "VarName": "s[28,0,18]", "X": 1.5062999999999913e+04}, { "VarName": "s[28,1,17]", "X": 1.4102999999999913e+04}, { "VarName": "s[28,2,15]", "X": 1.2313999999968704e+04}, { "VarName": "s[28,3,11]", "X": 1.1593999999968704e+04}, { "VarName": "s[28,4,9]", "X": 1.1113999999970143e+04}, { "VarName": "s[28,5,7]", "X": 1.0665999999968704e+04}, { "VarName": "s[28,6,12]", "X": 9.8509999999918509e+03}, { "VarName": "s[28,7,20]", "X": 9.3529999999787542e+03}, { "VarName": "s[28,8,4]", "X": 1.1593999999968704e+04}, { "VarName": "s[28,9,3]", "X": 9286}, { "VarName": "s[28,10,2]", "X": 8686}, { "VarName": "s[28,11,3]", "X": 7380}, { "VarName": "s[29,0,18]", "X": 9.0599999999999127e+03}, { "VarName": "s[29,1,17]", "X": 8580}, { "VarName": "s[29,2,8]", "X": 8.2199999999987485e+03}, { "VarName": "s[29,3,12]", "X": 8.0999999999996653e+03}, { "VarName": "s[29,4,10]", "X": 7.9199999999997672e+03}, { "VarName": "s[29,5,5]", "X": 7680}, { "VarName": "s[30,0,18]", "X": 1.2562999999999913e+04}, { "VarName": "s[30,1,17]", "X": 1.2082999999999913e+04}, { "VarName": "s[30,2,7]", "X": 1.1294999999970143e+04}, { "VarName": "s[30,3,12]", "X": 9.7069999999918509e+03}, { "VarName": "s[30,4,10]", "X": 9.5269999999918509e+03}, { "VarName": "s[30,5,5]", "X": 9.2869999999918509e+03}, { "VarName": "s[31,0,18]", "X": 1.4415999999999913e+04}, { "VarName": "s[31,1,14]", "X": 1.4115999999999913e+04}, { "VarName": "s[31,2,9]", "X": 1.3500999999970143e+04}, { "VarName": "s[31,3,11]", "X": 1.3200999999970143e+04}, { "VarName": "s[31,4,8]", "X": 1.3020999999970143e+04}, { "VarName": "s[31,5,12]", "X": 1.1032999999978614e+04}, { "VarName": "s[31,6,19]", "X": 7.7339999999971187e+03}, { "VarName": "s[32,0,18]", "X": 2.3836999999969881e+04}, { "VarName": "s[32,1,13]", "X": 2.2636999999969881e+04}, { "VarName": "s[32,2,9]", "X": 2.0956999999969881e+04}, { "VarName": "s[32,3,11]", "X": 1.4920999999968706e+04}, { "VarName": "s[32,4,5]", "X": 1.4200999999968706e+04}, { "VarName": "s[32,5,12]", "X": 1.3515999999967284e+04}, { "VarName": "s[32,6,20]", "X": 1.2393999999964077e+04}, { "VarName": "s[33,0,18]", "X": 1.1716999999978738e+04}, { "VarName": "s[33,1,19]", "X": 1.0996999999979595e+04}, { "VarName": "s[34,0,18]", "X": 1.6751999999970107e+04}, { "VarName": "s[34,1,14]", "X": 1.6151999999970107e+04}, { "VarName": "s[34,2,9]", "X": 1.5311999999969881e+04}, { "VarName": "s[34,3,10]", "X": 1.3885999999968704e+04}, { "VarName": "s[34,4,6]", "X": 1.3194999999970143e+04}, { "VarName": "s[34,5,12]", "X": 1.2954999999970143e+04}, { "VarName": "s[34,6,19]", "X": 1.2051999999972248e+04}, { "VarName": "s[35,0,18]", "X": 2.1724999999969976e+04}, { "VarName": "s[35,1,17]", "X": 2.1004999999969976e+04}, { "VarName": "s[35,2,16]", "X": 1.8844999999969976e+04}, { "VarName": "s[35,3,11]", "X": 1.7764999999970027e+04}, { "VarName": "s[35,4,9]", "X": 1.7044999999969881e+04}, { "VarName": "s[35,5,8]", "X": 1.4890999999968706e+04}, { "VarName": "s[35,6,12]", "X": 1.4019999999967284e+04}, { "VarName": "s[35,7,19]", "X": 1.3299999999969337e+04}, { "VarName": "s[35,8,4]", "X": 16994}, { "VarName": "s[35,9,3]", "X": 13101}, { "VarName": "s[35,10,0]", "X": 1.1909999999996671e+04}, { "VarName": "s[35,11,3]", "X": 10036}, { "VarName": "s[36,0,18]", "X": 1.1344999999999904e+04}, { "VarName": "s[36,1,20]", "X": 1.0623999999975254e+04}, { "VarName": "s[37,0,18]", "X": 1.3741999999970143e+04}, { "VarName": "s[37,1,14]", "X": 1.3441999999970143e+04}, { "VarName": "s[37,2,9]", "X": 1.3021999999970143e+04}, { "VarName": "s[37,3,10]", "X": 1.2721999999970143e+04}, { "VarName": "s[37,4,6]", "X": 1.2541999999970143e+04}, { "VarName": "s[37,5,12]", "X": 1.2421999999970143e+04}, { "VarName": "s[37,6,19]", "X": 1.1752999999977923e+04}, { "VarName": "s[38,0,18]", "X": 1.6171999999968704e+04}, { "VarName": "s[38,1,17]", "X": 1.5211999999968704e+04}, { "VarName": "s[38,2,15]", "X": 1.3771999999968704e+04}, { "VarName": "s[38,3,10]", "X": 1.3051999999968704e+04}, { "VarName": "s[38,4,9]", "X": 1.2055999999970143e+04}, { "VarName": "s[38,5,7]", "X": 1.1695999999970143e+04}, { "VarName": "s[38,6,12]", "X": 1.0882999999981475e+04}, { "VarName": "s[38,7,19]", "X": 1.0006999999989574e+04}, { "VarName": "s[38,8,4]", "X": 12676}, { "VarName": "s[38,9,3]", "X": 12316}, { "VarName": "s[38,10,3]", "X": 10600}, { "VarName": "s[38,11,3]", "X": 9664}, { "VarName": "s[39,0,18]", "X": 1.2334999999966878e+04}, { "VarName": "s[39,1,14]", "X": 1.2034999999966878e+04}, { "VarName": "s[39,2,9]", "X": 1.1599999999970143e+04}, { "VarName": "s[39,3,11]", "X": 1.1252999999968704e+04}, { "VarName": "s[39,4,7]", "X": 1.1072999999968704e+04}, { "VarName": "s[39,5,12]", "X": 1.0738999999983620e+04}, { "VarName": "s[39,6,19]", "X": 1.0498999999984899e+04}, { "VarName": "s[40,0,18]", "X": 1.3365999999966980e+04}, { "VarName": "s[40,1,14]", "X": 1.3065999999966980e+04}, { "VarName": "s[40,2,9]", "X": 1.2571999999970143e+04}, { "VarName": "s[40,3,10]", "X": 1.2271999999970143e+04}, { "VarName": "s[40,4,5]", "X": 1.2091999999970143e+04}, { "VarName": "s[40,5,12]", "X": 1.1205999999978614e+04}, { "VarName": "s[40,6,19]", "X": 1.0744999999981987e+04}, { "VarName": "Z_FO", "X": 534737}]}