{ "SolutionInfo": { "Status": 2, "Runtime": 2.2058000087738037e+01, "Work": 6.7131083802874549e+00, "ObjVal": 77, "ObjBound": 77, "ObjBoundC": 77, "MIPGap": 0, "IntVio": 0, "BoundVio": 0, "ConstrVio": 0, "IterCount": 2239126, "BarIterCount": 0, "NodeCount": 259027, "SolCount": 8, "PoolObjBound": 77, "PoolObjVal": [ 77, 77, 78, 83, 85, 87, 111, 173]}, "Vars": [ { "VarName": "y[0,0,3]", "X": 1}, { "VarName": "y[0,1,4]", "X": 1}, { "VarName": "y[0,2,1]", "X": 1}, { "VarName": "y[1,0,0]", "X": 1}, { "VarName": "y[1,1,2]", "X": 1}, { "VarName": "y[1,2,5]", "X": 1}, { "VarName": "y[2,0,0]", "X": 1}, { "VarName": "y[2,1,2]", "X": 1}, { "VarName": "y[2,2,0]", "X": 1}, { "VarName": "y[3,0,6]", "X": 1}, { "VarName": "y[3,1,5]", "X": 1}, { "VarName": "y[3,2,3]", "X": 1}, { "VarName": "y[4,0,4]", "X": 1}, { "VarName": "y[4,1,6]", "X": 1}, { "VarName": "y[4,2,3]", "X": 1}, { "VarName": "x[0,0,0,2]", "X": 1}, { "VarName": "x[0,0,2,2]", "X": 1}, { "VarName": "x[0,0,3,0]", "X": 1}, { "VarName": "x[0,0,3,2]", "X": 1}, { "VarName": "x[0,1,4,2]", "X": 1}, { "VarName": "x[0,2,3,1]", "X": 1}, { "VarName": "x[0,2,4,1]", "X": 1}, { "VarName": "x[1,0,2,1]", "X": 1}, { "VarName": "x[1,0,2,2]", "X": 1}, { "VarName": "x[1,0,4,0]", "X": 1}, { "VarName": "x[1,0,4,1]", "X": 1}, { "VarName": "x[1,0,4,2]", "X": 1}, { "VarName": "x[1,1,4,0]", "X": 1}, { "VarName": "x[2,0,2,2]", "X": 1}, { "VarName": "x[2,0,3,0]", "X": 1}, { "VarName": "x[2,0,3,1]", "X": 1}, { "VarName": "x[2,0,4,2]", "X": 1}, { "VarName": "x[2,2,3,2]", "X": 1}, { "VarName": "x[2,2,4,2]", "X": 1}, { "VarName": "x[3,0,3,2]", "X": 1}, { "VarName": "x[3,0,4,0]", "X": 1}, { "VarName": "x[3,1,3,2]", "X": 1}, { "VarName": "x[3,2,3,1]", "X": 1}, { "VarName": "x[4,0,4,1]", "X": 1}, { "VarName": "x[4,1,4,2]", "X": 1}, { "VarName": "s[0,0,3]", "X": 8}, { "VarName": "s[0,1,4]", "X": 3}, { "VarName": "s[0,2,1]", "X": 5}, { "VarName": "s[1,0,0]", "X": 9}, { "VarName": "s[1,1,2]", "X": 5}, { "VarName": "s[1,2,5]", "X": 3}, { "VarName": "s[2,0,0]", "X": 14}, { "VarName": "s[2,1,2]", "X": 12}, { "VarName": "s[2,2,0]", "X": 3}, { "VarName": "s[3,0,6]", "X": 9}, { "VarName": "s[3,1,5]", "X": 7}, { "VarName": "s[3,2,3]", "X": 3}, { "VarName": "s[4,0,4]", "X": 23}, { "VarName": "s[4,1,6]", "X": 19}, { "VarName": "s[4,2,3]", "X": 14}, { "VarName": "Z_FO", "X": 77}]}