{ "SolutionInfo": { "Status": 9, "Runtime": 3.6000490000247955e+03, "Work": 603.573888535663, "ObjVal": 115, "ObjBound": 87, "ObjBoundC": 87, "MIPGap": 2.4347826086956523e-01, "IntVio": 0, "BoundVio": 0, "ConstrVio": 3.2684965844964609e-13, "IterCount": 165432564, "BarIterCount": 0, "NodeCount": 21515929, "SolCount": 10, "PoolObjBound": 87, "PoolObjVal": [ 115, 116, 118, 119, 125, 131, 132, 135, 137, 141]}, "Vars": [ { "VarName": "y[0,0,3]", "X": 1}, { "VarName": "y[0,1,2]", "X": 1}, { "VarName": "y[0,2,2]", "X": 1}, { "VarName": "y[1,0,1]", "X": 1}, { "VarName": "y[1,1,4]", "X": 1}, { "VarName": "y[1,2,4]", "X": 1}, { "VarName": "y[2,0,2]", "X": 1}, { "VarName": "y[2,1,5]", "X": 1}, { "VarName": "y[2,2,0]", "X": 1}, { "VarName": "y[3,0,3]", "X": 1}, { "VarName": "y[3,1,1]", "X": 1}, { "VarName": "y[3,2,4]", "X": 1}, { "VarName": "y[4,0,6]", "X": 1}, { "VarName": "y[4,1,0]", "X": 1}, { "VarName": "y[4,2,5]", "X": 1}, { "VarName": "y[5,0,6]", "X": 1}, { "VarName": "y[5,1,3]", "X": 1}, { "VarName": "y[5,2,1]", "X": 1}, { "VarName": "y[6,0,0]", "X": 1}, { "VarName": "y[6,1,5]", "X": 1}, { "VarName": "y[6,2,6]", "X": 1}, { "VarName": "x[0,0,0,2]", "X": 1}, { "VarName": "x[0,0,2,1]", "X": 1}, { "VarName": "x[0,0,4,0]", "X": 1}, { "VarName": "x[0,0,4,1]", "X": 1}, { "VarName": "x[0,0,4,2]", "X": 1}, { "VarName": "x[0,0,5,0]", "X": 1}, { "VarName": "x[0,0,5,1]", "X": 1}, { "VarName": "x[0,0,6,2]", "X": 1}, { "VarName": "x[0,1,0,0]", "X": 1}, { "VarName": "x[0,1,0,2]", "X": 1}, { "VarName": "x[0,1,1,1]", "X": 1}, { "VarName": "x[0,1,1,2]", "X": 1}, { "VarName": "x[0,1,3,1]", "X": 1}, { "VarName": "x[0,1,3,2]", "X": 1}, { "VarName": "x[0,1,5,1]", "X": 1}, { "VarName": "x[0,1,5,2]", "X": 1}, { "VarName": "x[0,1,6,1]", "X": 1}, { "VarName": "x[0,2,1,0]", "X": 1}, { "VarName": "x[0,2,2,2]", "X": 1}, { "VarName": "x[0,2,5,2]", "X": 1}, { "VarName": "x[0,2,6,1]", "X": 1}, { "VarName": "x[1,0,1,1]", "X": 1}, { "VarName": "x[1,0,4,0]", "X": 1}, { "VarName": "x[1,0,4,2]", "X": 1}, { "VarName": "x[1,0,5,1]", "X": 1}, { "VarName": "x[1,0,5,2]", "X": 1}, { "VarName": "x[1,0,6,2]", "X": 1}, { "VarName": "x[1,1,1,2]", "X": 1}, { "VarName": "x[1,1,2,0]", "X": 1}, { "VarName": "x[1,1,2,1]", "X": 1}, { "VarName": "x[1,1,2,2]", "X": 1}, { "VarName": "x[1,1,3,0]", "X": 1}, { "VarName": "x[1,1,4,0]", "X": 1}, { "VarName": "x[1,1,4,1]", "X": 1}, { "VarName": "x[1,2,1,0]", "X": 1}, { "VarName": "x[1,2,2,0]", "X": 1}, { "VarName": "x[1,2,2,1]", "X": 1}, { "VarName": "x[1,2,4,0]", "X": 1}, { "VarName": "x[1,2,4,2]", "X": 1}, { "VarName": "x[1,2,5,0]", "X": 1}, { "VarName": "x[1,2,6,1]", "X": 1}, { "VarName": "x[2,0,2,1]", "X": 1}, { "VarName": "x[2,0,4,0]", "X": 1}, { "VarName": "x[2,0,4,2]", "X": 1}, { "VarName": "x[2,0,5,0]", "X": 1}, { "VarName": "x[2,0,6,1]", "X": 1}, { "VarName": "x[2,1,3,0]", "X": 1}, { "VarName": "x[2,1,3,1]", "X": 1}, { "VarName": "x[2,1,4,1]", "X": 1}, { "VarName": "x[2,1,5,0]", "X": 1}, { "VarName": "x[2,1,5,2]", "X": 1}, { "VarName": "x[2,1,6,1]", "X": 1}, { "VarName": "x[2,1,6,2]", "X": 1}, { "VarName": "x[2,2,2,0]", "X": 1}, { "VarName": "x[2,2,3,1]", "X": 1}, { "VarName": "x[2,2,4,2]", "X": 1}, { "VarName": "x[2,2,5,0]", "X": 1}, { "VarName": "x[2,2,5,1]", "X": 1}, { "VarName": "x[2,2,6,0]", "X": 1}, { "VarName": "x[2,2,6,2]", "X": 1}, { "VarName": "x[3,0,3,2]", "X": 1}, { "VarName": "x[3,0,4,1]", "X": 1}, { "VarName": "x[3,0,4,2]", "X": 1}, { "VarName": "x[3,0,5,1]", "X": 1}, { "VarName": "x[3,0,5,2]", "X": 1}, { "VarName": "x[3,1,3,2]", "X": 1}, { "VarName": "x[3,1,4,0]", "X": 1}, { "VarName": "x[3,1,5,0]", "X": 1}, { "VarName": "x[3,1,5,1]", "X": 1}, { "VarName": "x[3,1,5,2]", "X": 1}, { "VarName": "x[3,1,6,1]", "X": 1}, { "VarName": "x[3,1,6,2]", "X": 1}, { "VarName": "x[3,2,4,0]", "X": 1}, { "VarName": "x[3,2,4,1]", "X": 1}, { "VarName": "x[3,2,4,2]", "X": 1}, { "VarName": "x[3,2,5,0]", "X": 1}, { "VarName": "x[3,2,5,2]", "X": 1}, { "VarName": "x[3,2,6,1]", "X": 1}, { "VarName": "x[4,0,4,1]", "X": 1}, { "VarName": "x[4,0,5,0]", "X": 1}, { "VarName": "x[4,0,5,1]", "X": 1}, { "VarName": "x[4,0,6,1]", "X": 1}, { "VarName": "x[4,0,6,2]", "X": 1}, { "VarName": "x[4,1,6,0]", "X": 1}, { "VarName": "x[4,1,6,1]", "X": 1}, { "VarName": "x[4,2,4,1]", "X": 1}, { "VarName": "x[4,2,5,2]", "X": 1}, { "VarName": "x[4,2,6,1]", "X": 1}, { "VarName": "x[5,0,6,0]", "X": 1}, { "VarName": "x[5,0,6,2]", "X": 1}, { "VarName": "x[5,1,5,2]", "X": 1}, { "VarName": "x[5,2,5,0]", "X": 1}, { "VarName": "x[6,1,6,0]", "X": 1}, { "VarName": "x[6,2,6,0]", "X": 1}, { "VarName": "x[6,2,6,1]", "X": 1}, { "VarName": "s[0,0,3]", "X": 1.0999999999999972e+01}, { "VarName": "s[0,1,2]", "X": 6.9999999999999929e+00}, { "VarName": "s[0,2,2]", "X": 3}, { "VarName": "s[1,0,1]", "X": 1.1999999999999964e+01}, { "VarName": "s[1,1,4]", "X": 6.9999999999999680e+00}, { "VarName": "s[1,2,4]", "X": 1.9999999999999716e+00}, { "VarName": "s[2,0,2]", "X": 1.3999999999999993e+01}, { "VarName": "s[2,1,5]", "X": 5.9999999999999005e+00}, { "VarName": "s[2,2,0]", "X": 9.9999999999997868e+00}, { "VarName": "s[3,0,3]", "X": 2.5999999999999673e+01}, { "VarName": "s[3,1,1]", "X": 23}, { "VarName": "s[3,2,4]", "X": 1.4999999999999968e+01}, { "VarName": "s[4,0,6]", "X": 1.9999999999999410e+01}, { "VarName": "s[4,1,0]", "X": 1.7999999999999481e+01}, { "VarName": "s[4,2,5]", "X": 1.3999999999999524e+01}, { "VarName": "s[5,0,6]", "X": 8.0000000000012168e+00}, { "VarName": "s[5,1,3]", "X": 2.9999999999999147e+00}, { "VarName": "s[6,0,0]", "X": 3.9999999999999574e+00}, { "VarName": "s[6,1,5]", "X": 1.9999999999999574e+00}, { "VarName": "Z_FO", "X": 115}]}