{ "SolutionInfo": { "Status": 2, "Runtime": 2.0799994468688965e-01, "Work": 3.6151443490773510e-02, "ObjVal": 27, "ObjBound": 27, "ObjBoundC": 27, "MIPGap": 0, "IntVio": 0, "BoundVio": 0, "ConstrVio": 8.8782314833224518e-12, "IterCount": 1837, "BarIterCount": 0, "NodeCount": 215, "SolCount": 10, "PoolObjBound": 27, "PoolObjVal": [ 27, 27, 30, 32, 33, 34, 35, 49, 50, 52]}, "Vars": [ { "VarName": "y[0,0,3]", "X": 1}, { "VarName": "y[0,1,0]", "X": 1}, { "VarName": "y[0,2,3]", "X": 1}, { "VarName": "y[1,0,2]", "X": 1}, { "VarName": "y[1,1,2]", "X": 1}, { "VarName": "y[1,2,1]", "X": 1}, { "VarName": "y[2,0,1]", "X": 1}, { "VarName": "y[2,1,0]", "X": 1}, { "VarName": "y[2,2,2]", "X": 1}, { "VarName": "x[0,0,0,2]", "X": 1}, { "VarName": "x[0,0,1,1]", "X": 1}, { "VarName": "x[0,0,2,0]", "X": 1}, { "VarName": "x[0,1,2,1]", "X": 1}, { "VarName": "x[0,2,1,1]", "X": 1}, { "VarName": "x[1,0,1,1]", "X": 1}, { "VarName": "x[1,0,2,2]", "X": 1}, { "VarName": "x[1,1,2,2]", "X": 1}, { "VarName": "x[1,2,2,0]", "X": 1}, { "VarName": "s[0,0,3]", "X": 1.2000000000002515e+01}, { "VarName": "s[0,1,0]", "X": 9.3511394773028940e+00}, { "VarName": "s[0,2,3]", "X": 3}, { "VarName": "s[1,0,2]", "X": 2.2000000000002050e+01}, { "VarName": "s[1,1,2]", "X": 12}, { "VarName": "s[1,2,1]", "X": 1.5000000000004315e+01}, { "VarName": "s[2,0,1]", "X": 4.0000000000043157e+00}, { "VarName": "s[2,1,0]", "X": 2.0000000000035336e+00}, { "VarName": "Z_FO", "X": 27}, { "VarName": "C119", "X": 1}, { "VarName": "C121", "X": 1}, { "VarName": "C122", "X": 1}]}