{ "SolutionInfo": { "Status": 9, "Runtime": 3.6000750000476837e+03, "Work": 7.3534766109194766e+02, "ObjVal": 56, "ObjBound": 8, "ObjBoundC": 8, "MIPGap": 8.5714285714285710e-01, "IntVio": 0, "BoundVio": 0, "ConstrVio": 4.3343106881366111e-13, "IterCount": 194579413, "BarIterCount": 0, "NodeCount": 14802928, "SolCount": 10, "PoolObjBound": 8, "PoolObjVal": [ 56, 5.7999999998368658e+01, 61, 6.3999998353048987e+01, 67, 70, 71, 79, 80, 81]}, "Vars": [ { "VarName": "y[0,0,5]", "X": 1}, { "VarName": "y[0,1,0]", "X": 1}, { "VarName": "y[0,2,6]", "X": 1}, { "VarName": "y[1,0,2]", "X": 1}, { "VarName": "y[1,1,6]", "X": 1}, { "VarName": "y[1,2,0]", "X": 1}, { "VarName": "y[2,0,4]", "X": 1}, { "VarName": "y[2,1,5]", "X": 1}, { "VarName": "y[2,2,2]", "X": 1}, { "VarName": "y[3,0,2]", "X": 1}, { "VarName": "y[3,1,4]", "X": 1}, { "VarName": "y[3,2,2]", "X": 1}, { "VarName": "y[4,0,4]", "X": 1}, { "VarName": "y[4,1,5]", "X": 1}, { "VarName": "y[4,2,4]", "X": 1}, { "VarName": "y[5,0,0]", "X": 1}, { "VarName": "y[5,1,3]", "X": 1}, { "VarName": "y[5,2,0]", "X": 1}, { "VarName": "y[6,0,3]", "X": 1}, { "VarName": "y[6,1,2]", "X": 1}, { "VarName": "y[6,2,1]", "X": 1}, { "VarName": "y[7,0,1]", "X": 1}, { "VarName": "y[7,1,6]", "X": 1}, { "VarName": "y[7,2,3]", "X": 1}, { "VarName": "x[0,0,2,1]", "X": 1}, { "VarName": "x[0,0,2,2]", "X": 1}, { "VarName": "x[0,0,4,0]", "X": 1}, { "VarName": "x[0,0,4,1]", "X": 1}, { "VarName": "x[0,0,5,1]", "X": 1}, { "VarName": "x[0,0,5,2]", "X": 1}, { "VarName": "x[0,0,6,1]", "X": 1}, { "VarName": "x[0,0,6,2]", "X": 1}, { "VarName": "x[0,0,7,0]", "X": 1}, { "VarName": "x[0,1,1,2]", "X": 1}, { "VarName": "x[0,1,2,2]", "X": 1}, { "VarName": "x[0,2,0,0]", "X": 1}, { "VarName": "x[0,2,0,1]", "X": 1}, { "VarName": "x[0,2,1,0]", "X": 1}, { "VarName": "x[0,2,1,1]", "X": 1}, { "VarName": "x[0,2,5,2]", "X": 1}, { "VarName": "x[0,2,7,1]", "X": 1}, { "VarName": "x[1,0,1,2]", "X": 1}, { "VarName": "x[1,0,2,2]", "X": 1}, { "VarName": "x[1,0,6,1]", "X": 1}, { "VarName": "x[1,1,1,0]", "X": 1}, { "VarName": "x[1,1,7,1]", "X": 1}, { "VarName": "x[1,2,1,1]", "X": 1}, { "VarName": "x[2,0,2,1]", "X": 1}, { "VarName": "x[2,0,4,0]", "X": 1}, { "VarName": "x[2,0,4,2]", "X": 1}, { "VarName": "x[2,0,7,0]", "X": 1}, { "VarName": "x[2,1,2,2]", "X": 1}, { "VarName": "x[2,1,4,0]", "X": 1}, { "VarName": "x[2,1,4,1]", "X": 1}, { "VarName": "x[2,1,4,2]", "X": 1}, { "VarName": "x[2,1,5,1]", "X": 1}, { "VarName": "x[2,1,5,2]", "X": 1}, { "VarName": "x[2,1,7,0]", "X": 1}, { "VarName": "x[2,1,7,2]", "X": 1}, { "VarName": "x[2,2,2,0]", "X": 1}, { "VarName": "x[2,2,6,1]", "X": 1}, { "VarName": "x[2,2,7,2]", "X": 1}, { "VarName": "x[3,0,3,2]", "X": 1}, { "VarName": "x[3,0,4,2]", "X": 1}, { "VarName": "x[3,0,6,1]", "X": 1}, { "VarName": "x[3,1,4,0]", "X": 1}, { "VarName": "x[3,1,4,2]", "X": 1}, { "VarName": "x[3,1,5,1]", "X": 1}, { "VarName": "x[3,1,5,2]", "X": 1}, { "VarName": "x[3,1,6,0]", "X": 1}, { "VarName": "x[3,1,6,2]", "X": 1}, { "VarName": "x[3,1,7,2]", "X": 1}, { "VarName": "x[3,2,3,1]", "X": 1}, { "VarName": "x[3,2,4,2]", "X": 1}, { "VarName": "x[3,2,5,0]", "X": 1}, { "VarName": "x[3,2,5,1]", "X": 1}, { "VarName": "x[3,2,6,0]", "X": 1}, { "VarName": "x[3,2,6,1]", "X": 1}, { "VarName": "x[3,2,7,2]", "X": 1}, { "VarName": "x[4,0,4,2]", "X": 1}, { "VarName": "x[4,1,4,0]", "X": 1}, { "VarName": "x[4,1,6,1]", "X": 1}, { "VarName": "x[4,1,6,2]", "X": 1}, { "VarName": "x[4,1,7,0]", "X": 1}, { "VarName": "x[4,2,4,1]", "X": 1}, { "VarName": "x[4,2,5,2]", "X": 1}, { "VarName": "x[4,2,6,1]", "X": 1}, { "VarName": "x[4,2,7,1]", "X": 1}, { "VarName": "x[5,0,5,1]", "X": 1}, { "VarName": "x[5,0,5,2]", "X": 1}, { "VarName": "x[5,0,6,2]", "X": 1}, { "VarName": "x[5,0,7,1]", "X": 1}, { "VarName": "x[5,0,7,2]", "X": 1}, { "VarName": "x[5,1,5,2]", "X": 1}, { "VarName": "x[5,1,6,0]", "X": 1}, { "VarName": "x[5,1,7,2]", "X": 1}, { "VarName": "x[5,2,6,1]", "X": 1}, { "VarName": "x[5,2,7,1]", "X": 1}, { "VarName": "x[6,0,7,2]", "X": 1}, { "VarName": "x[6,1,6,0]", "X": 1}, { "VarName": "x[6,1,7,0]", "X": 1}, { "VarName": "x[6,2,6,1]", "X": 1}, { "VarName": "x[6,2,7,0]", "X": 1}, { "VarName": "x[6,2,7,2]", "X": 1}, { "VarName": "x[7,0,7,2]", "X": 1}, { "VarName": "x[7,1,7,0]", "X": 1}, { "VarName": "s[0,0,5]", "X": 16.9999999999999}, { "VarName": "s[0,1,0]", "X": 5.9999999999999858e+00}, { "VarName": "s[0,2,6]", "X": 1.4000000000000002e+01}, { "VarName": "s[1,0,2]", "X": 1.3000000000001265e+01}, { "VarName": "s[1,1,6]", "X": 7}, { "VarName": "s[1,2,0]", "X": 1}, { "VarName": "s[2,0,4]", "X": 1.5999999999999874e+01}, { "VarName": "s[2,1,5]", "X": 11}, { "VarName": "s[2,2,2]", "X": 7.0000000000012648e+00}, { "VarName": "s[3,0,2]", "X": 3.1999999999999439e+01}, { "VarName": "s[3,1,4]", "X": 2.6999999999999872e+01}, { "VarName": "s[3,2,2]", "X": 1.8000000000001265e+01}, { "VarName": "s[4,0,4]", "X": 8}, { "VarName": "s[4,1,5]", "X": 4}, { "VarName": "s[4,2,4]", "X": 2}, { "VarName": "s[5,0,0]", "X": 2.6999999999999524e+01}, { "VarName": "s[5,1,3]", "X": 1.9999999999999680e+01}, { "VarName": "s[5,2,0]", "X": 1.3999999999999734e+01}, { "VarName": "s[6,0,3]", "X": 13}, { "VarName": "s[6,1,2]", "X": 2.0000000000012648e+00}, { "VarName": "s[6,2,1]", "X": 10}, { "VarName": "s[7,0,1]", "X": 4}, { "VarName": "s[7,1,6]", "X": 2}, { "VarName": "s[7,2,3]", "X": 2}, { "VarName": "Z_FO", "X": 56}, { "VarName": "C722", "X": 1}, { "VarName": "C724", "X": 1}, { "VarName": "C728", "X": 1}, { "VarName": "C730", "X": 1}, { "VarName": "C736", "X": 1}, { "VarName": "C740", "X": 1}]}