{ "SolutionInfo": { "Status": 2, "Runtime": 1.4999866485595703e-02, "Work": 1.1770510700549446e-04, "ObjVal": 53, "ObjBound": 53, "ObjBoundC": 53, "MIPGap": 0, "IntVio": 0, "BoundVio": 0, "ConstrVio": 0, "IterCount": 1, "BarIterCount": 0, "NodeCount": 1, "SolCount": 4, "PoolObjBound": 53, "PoolObjVal": [ 53, 59, 89, 90]}, "Vars": [ { "VarName": "y[0,0,0]", "X": 1}, { "VarName": "y[0,1,1]", "X": 1}, { "VarName": "y[1,0,1]", "X": 1}, { "VarName": "y[1,1,1]", "X": 1}, { "VarName": "x[1,0,1,1]", "X": 1}, { "VarName": "s[0,0,0]", "X": 6}, { "VarName": "s[0,1,1]", "X": 1}, { "VarName": "s[1,0,1]", "X": 39}, { "VarName": "s[1,1,1]", "X": 21}, { "VarName": "Z_FO", "X": 53}]}