{ "SolutionInfo": { "Status": 2, "Runtime": 4.4869999885559082e+00, "Work": 6.6960144029244217e-01, "ObjVal": 44, "ObjBound": 44, "ObjBoundC": 44, "MIPGap": 0, "IntVio": 0, "BoundVio": 0, "ConstrVio": 4.9382720135326963e-12, "IterCount": 72202, "BarIterCount": 0, "NodeCount": 17833, "SolCount": 10, "PoolObjBound": 44, "PoolObjVal": [ 44, 44, 58, 61, 70, 72, 81, 87, 138, 139]}, "Vars": [ { "VarName": "y[0,0,3]", "X": 1}, { "VarName": "y[0,1,2]", "X": 1}, { "VarName": "y[0,2,3]", "X": 1}, { "VarName": "y[1,0,3]", "X": 1}, { "VarName": "y[1,1,2]", "X": 1}, { "VarName": "y[1,2,4]", "X": 1}, { "VarName": "y[2,0,4]", "X": 1}, { "VarName": "y[2,1,1]", "X": 1}, { "VarName": "y[2,2,0]", "X": 1}, { "VarName": "y[3,0,2]", "X": 1}, { "VarName": "y[3,1,5]", "X": 1}, { "VarName": "y[3,2,1]", "X": 1}, { "VarName": "y[4,0,0]", "X": 1}, { "VarName": "y[4,1,5]", "X": 1}, { "VarName": "y[4,2,4]", "X": 1}, { "VarName": "x[0,0,0,2]", "X": 1}, { "VarName": "x[0,0,4,2]", "X": 1}, { "VarName": "x[0,1,4,1]", "X": 1}, { "VarName": "x[0,2,3,0]", "X": 1}, { "VarName": "x[1,0,1,1]", "X": 1}, { "VarName": "x[1,0,4,2]", "X": 1}, { "VarName": "x[1,1,1,0]", "X": 1}, { "VarName": "x[1,1,4,1]", "X": 1}, { "VarName": "x[1,2,2,1]", "X": 1}, { "VarName": "x[1,2,3,0]", "X": 1}, { "VarName": "x[1,2,3,2]", "X": 1}, { "VarName": "x[1,2,4,2]", "X": 1}, { "VarName": "x[2,0,2,2]", "X": 1}, { "VarName": "x[2,0,3,0]", "X": 1}, { "VarName": "x[2,0,3,2]", "X": 1}, { "VarName": "x[2,0,4,2]", "X": 1}, { "VarName": "x[2,1,3,2]", "X": 1}, { "VarName": "x[2,1,4,1]", "X": 1}, { "VarName": "x[2,2,4,0]", "X": 1}, { "VarName": "x[2,2,4,2]", "X": 1}, { "VarName": "x[3,0,4,1]", "X": 1}, { "VarName": "x[3,1,4,1]", "X": 1}, { "VarName": "x[3,2,3,0]", "X": 1}, { "VarName": "x[3,2,4,1]", "X": 1}, { "VarName": "x[4,1,4,0]", "X": 1}, { "VarName": "s[0,0,3]", "X": 1.1000000000001425e+01}, { "VarName": "s[0,1,2]", "X": 2}, { "VarName": "s[1,0,3]", "X": 2.1000000000000725e+01}, { "VarName": "s[1,1,2]", "X": 1.2000000000003412e+01}, { "VarName": "s[1,2,4]", "X": 1.0000000000003526e+01}, { "VarName": "s[2,0,4]", "X": 2.0000000000001226e+01}, { "VarName": "s[2,1,1]", "X": 1.2376181586260467e+01}, { "VarName": "s[2,2,0]", "X": 1.6000000000001911e+01}, { "VarName": "s[3,0,2]", "X": 1.9000000000001567e+01}, { "VarName": "s[3,1,5]", "X": 1.4571194628621519e+01}, { "VarName": "s[3,2,1]", "X": 1.3761815862604523e+00}, { "VarName": "s[4,0,0]", "X": 1.0000000000001638e+01}, { "VarName": "s[4,1,5]", "X": 5.0000000000012390e+00}, { "VarName": "s[4,2,4]", "X": 1.0000000000012392e+00}, { "VarName": "Z_FO", "X": 44}, { "VarName": "C286", "X": 1}, { "VarName": "C289", "X": 1}, { "VarName": "C291", "X": 1}, { "VarName": "C292", "X": 1}]}