{ "SolutionInfo": { "Status": 2, "Runtime": 1.2773000001907349e+01, "Work": 3.7922014521239209e+00, "ObjVal": 28, "ObjBound": 28, "ObjBoundC": 2.7999999999999996e+01, "MIPGap": 0, "IntVio": 0, "BoundVio": 0, "ConstrVio": 2.4453328251183848e-11, "IterCount": 966764, "BarIterCount": 0, "NodeCount": 120727, "SolCount": 10, "PoolObjBound": 2.7999999999999996e+01, "PoolObjVal": [ 28, 28, 29, 31, 3.2000000000000014e+01, 3.3999999997906727e+01, 35, 37, 3.7999999997296889e+01, 46]}, "Vars": [ { "VarName": "y[0,0,5]", "X": 1}, { "VarName": "y[0,1,2]", "X": 1}, { "VarName": "y[0,2,6]", "X": 1}, { "VarName": "y[1,0,3]", "X": 1}, { "VarName": "y[1,1,1]", "X": 1}, { "VarName": "y[1,2,2]", "X": 1}, { "VarName": "y[2,0,2]", "X": 1}, { "VarName": "y[2,1,5]", "X": 1}, { "VarName": "y[2,2,0]", "X": 1}, { "VarName": "y[3,0,6]", "X": 1}, { "VarName": "y[3,1,3]", "X": 1}, { "VarName": "y[3,2,3]", "X": 1}, { "VarName": "y[4,0,1]", "X": 1}, { "VarName": "y[4,1,4]", "X": 1}, { "VarName": "y[4,2,4]", "X": 1}, { "VarName": "x[0,0,0,2]", "X": 1}, { "VarName": "x[0,0,3,2]", "X": 1}, { "VarName": "x[0,0,4,2]", "X": 1}, { "VarName": "x[0,1,0,2]", "X": 1}, { "VarName": "x[0,1,1,1]", "X": 1}, { "VarName": "x[0,1,4,0]", "X": 1}, { "VarName": "x[0,1,4,1]", "X": 1}, { "VarName": "x[0,2,3,2]", "X": 1}, { "VarName": "x[0,2,4,1]", "X": 1}, { "VarName": "x[0,2,4,2]", "X": 1}, { "VarName": "x[1,0,1,1]", "X": 1}, { "VarName": "x[1,0,2,1]", "X": 1}, { "VarName": "x[1,0,3,0]", "X": 1}, { "VarName": "x[1,0,3,1]", "X": 1}, { "VarName": "x[1,0,3,2]", "X": 1}, { "VarName": "x[1,0,4,0]", "X": 1}, { "VarName": "x[1,0,4,2]", "X": 1}, { "VarName": "x[1,1,2,1]", "X": 1}, { "VarName": "x[1,1,4,1]", "X": 1}, { "VarName": "x[1,1,4,2]", "X": 1}, { "VarName": "x[1,2,1,0]", "X": 1}, { "VarName": "x[1,2,1,1]", "X": 1}, { "VarName": "x[1,2,2,1]", "X": 1}, { "VarName": "x[1,2,2,2]", "X": 1}, { "VarName": "x[1,2,3,0]", "X": 1}, { "VarName": "x[1,2,4,0]", "X": 1}, { "VarName": "x[1,2,4,2]", "X": 1}, { "VarName": "x[2,0,2,1]", "X": 1}, { "VarName": "x[2,0,2,2]", "X": 1}, { "VarName": "x[2,0,3,1]", "X": 1}, { "VarName": "x[2,0,3,2]", "X": 1}, { "VarName": "x[2,0,4,2]", "X": 1}, { "VarName": "x[2,1,3,0]", "X": 1}, { "VarName": "x[2,1,4,1]", "X": 1}, { "VarName": "x[2,1,4,2]", "X": 1}, { "VarName": "x[2,2,2,1]", "X": 1}, { "VarName": "x[2,2,3,1]", "X": 1}, { "VarName": "x[2,2,4,1]", "X": 1}, { "VarName": "x[3,0,4,0]", "X": 1}, { "VarName": "x[3,0,4,1]", "X": 1}, { "VarName": "x[3,0,4,2]", "X": 1}, { "VarName": "x[3,1,3,2]", "X": 1}, { "VarName": "x[3,1,4,0]", "X": 1}, { "VarName": "x[3,2,3,0]", "X": 1}, { "VarName": "x[3,2,4,2]", "X": 1}, { "VarName": "x[4,0,4,2]", "X": 1}, { "VarName": "x[4,1,4,0]", "X": 1}, { "VarName": "x[4,1,4,2]", "X": 1}, { "VarName": "s[0,0,5]", "X": 5.0000000000085718e+00}, { "VarName": "s[0,1,2]", "X": 3}, { "VarName": "s[1,0,3]", "X": 16}, { "VarName": "s[1,1,1]", "X": 2}, { "VarName": "s[1,2,2]", "X": 9}, { "VarName": "s[2,0,2]", "X": 1.7000000000015884e+01}, { "VarName": "s[2,1,5]", "X": 1.3000000000008573e+01}, { "VarName": "s[2,2,0]", "X": 1}, { "VarName": "s[3,0,6]", "X": 13}, { "VarName": "s[3,1,3]", "X": 10}, { "VarName": "s[3,2,3]", "X": 3}, { "VarName": "s[4,0,1]", "X": 12}, { "VarName": "s[4,1,4]", "X": 10}, { "VarName": "Z_FO", "X": 28}, { "VarName": "C317", "X": 1}, { "VarName": "C320", "X": 1}, { "VarName": "C322", "X": 1}, { "VarName": "C327", "X": 1}, { "VarName": "C328", "X": 1}]}