{ "SolutionInfo": { "Status": 2, "Runtime": 2.5800013542175293e-01, "Work": 3.0689811291388789e-02, "ObjVal": 10, "ObjBound": 10, "ObjBoundC": 10, "MIPGap": 0, "IntVio": 0, "BoundVio": 0, "ConstrVio": 2.9146463020879310e-11, "IterCount": 1953, "BarIterCount": 0, "NodeCount": 1732, "SolCount": 6, "PoolObjBound": 10, "PoolObjVal": [ 10, 10, 12, 13, 14, 25]}, "Vars": [ { "VarName": "y[0,0,3]", "X": 1}, { "VarName": "y[0,1,2]", "X": 1}, { "VarName": "y[0,2,4]", "X": 1}, { "VarName": "y[1,0,2]", "X": 1}, { "VarName": "y[1,1,3]", "X": 1}, { "VarName": "y[1,2,4]", "X": 1}, { "VarName": "y[2,0,1]", "X": 1}, { "VarName": "y[2,1,1]", "X": 1}, { "VarName": "y[2,2,0]", "X": 1}, { "VarName": "x[0,0,0,2]", "X": 1}, { "VarName": "x[0,0,1,0]", "X": 1}, { "VarName": "x[0,0,1,1]", "X": 1}, { "VarName": "x[0,2,1,2]", "X": 1}, { "VarName": "x[1,0,1,1]", "X": 1}, { "VarName": "x[1,2,2,1]", "X": 1}, { "VarName": "x[2,0,2,1]", "X": 1}, { "VarName": "s[0,0,3]", "X": 15}, { "VarName": "s[0,1,2]", "X": 1}, { "VarName": "s[0,2,4]", "X": 11}, { "VarName": "s[1,0,2]", "X": 11}, { "VarName": "s[1,1,3]", "X": 6}, { "VarName": "s[1,2,4]", "X": 2}, { "VarName": "s[2,0,1]", "X": 9.0000000000291465e+00}, { "VarName": "s[2,1,1]", "X": 1.0000000000290479e+00}, { "VarName": "s[2,2,0]", "X": 7.0000000000291465e+00}, { "VarName": "Z_FO", "X": 10}, { "VarName": "C118", "X": 1}, { "VarName": "C122", "X": 1}]}