{ "SolutionInfo": { "Status": 2, "Runtime": 1.3400006294250488e-01, "Work": 2.1157132576447414e-03, "ObjVal": 106, "ObjBound": 106, "ObjBoundC": 106, "MIPGap": 0, "IntVio": 0, "BoundVio": 0, "ConstrVio": 0, "IterCount": 89, "BarIterCount": 0, "NodeCount": 1, "SolCount": 2, "PoolObjBound": 106, "PoolObjVal": [ 106, 140]}, "Vars": [ { "VarName": "y[0,0,1]", "X": 1}, { "VarName": "y[0,1,1]", "X": 1}, { "VarName": "y[1,0,1]", "X": 1}, { "VarName": "y[1,1,1]", "X": 1}, { "VarName": "y[2,0,1]", "X": 1}, { "VarName": "y[2,1,1]", "X": 1}, { "VarName": "x[0,0,0,1]", "X": 1}, { "VarName": "x[1,0,1,1]", "X": 1}, { "VarName": "x[2,0,2,1]", "X": 1}, { "VarName": "s[0,0,1]", "X": 13}, { "VarName": "s[0,1,1]", "X": 1}, { "VarName": "s[1,0,1]", "X": 27}, { "VarName": "s[1,1,1]", "X": 20}, { "VarName": "s[2,0,1]", "X": 57}, { "VarName": "s[2,1,1]", "X": 43}, { "VarName": "Z_FO", "X": 106}]}