{ "SolutionInfo": { "Status": 9, "Runtime": 3.6000369999408722e+03, "Work": 7.6038535925437441e+02, "ObjVal": 52, "ObjBound": 32, "ObjBoundC": 32, "MIPGap": 3.8461538461538464e-01, "IntVio": 0, "BoundVio": 0, "ConstrVio": 5.1869619710487314e-13, "IterCount": 224934007, "BarIterCount": 0, "NodeCount": 21145193, "SolCount": 10, "PoolObjBound": 32, "PoolObjVal": [ 52, 5.3000000000000028e+01, 55, 56, 57, 5.7999999999999986e+01, 61, 64, 69, 70]}, "Vars": [ { "VarName": "y[0,0,3]", "X": 1}, { "VarName": "y[0,1,4]", "X": 1}, { "VarName": "y[0,2,2]", "X": 1}, { "VarName": "y[1,0,2]", "X": 1}, { "VarName": "y[1,1,4]", "X": 1}, { "VarName": "y[1,2,1]", "X": 1}, { "VarName": "y[2,0,4]", "X": 1}, { "VarName": "y[2,1,1]", "X": 1}, { "VarName": "y[2,2,2]", "X": 1}, { "VarName": "y[3,0,6]", "X": 1}, { "VarName": "y[3,1,0]", "X": 1}, { "VarName": "y[3,2,3]", "X": 1}, { "VarName": "y[4,0,4]", "X": 1}, { "VarName": "y[4,1,5]", "X": 1}, { "VarName": "y[4,2,2]", "X": 1}, { "VarName": "y[5,0,6]", "X": 1}, { "VarName": "y[5,1,5]", "X": 1}, { "VarName": "y[5,2,6]", "X": 1}, { "VarName": "y[6,0,3]", "X": 1}, { "VarName": "y[6,1,5]", "X": 1}, { "VarName": "y[6,2,0]", "X": 1}, { "VarName": "x[0,0,0,2]", "X": 1}, { "VarName": "x[0,0,2,2]", "X": 1}, { "VarName": "x[0,0,3,2]", "X": 1}, { "VarName": "x[0,0,6,0]", "X": 1}, { "VarName": "x[0,0,6,1]", "X": 1}, { "VarName": "x[0,0,6,2]", "X": 1}, { "VarName": "x[0,1,1,1]", "X": 1}, { "VarName": "x[0,1,2,0]", "X": 1}, { "VarName": "x[0,1,2,2]", "X": 1}, { "VarName": "x[0,1,3,0]", "X": 1}, { "VarName": "x[0,1,5,2]", "X": 1}, { "VarName": "x[0,1,6,2]", "X": 1}, { "VarName": "x[0,2,0,1]", "X": 1}, { "VarName": "x[0,2,2,0]", "X": 1}, { "VarName": "x[0,2,2,2]", "X": 1}, { "VarName": "x[0,2,5,0]", "X": 1}, { "VarName": "x[0,2,5,2]", "X": 1}, { "VarName": "x[0,2,6,1]", "X": 1}, { "VarName": "x[1,0,1,1]", "X": 1}, { "VarName": "x[1,0,2,0]", "X": 1}, { "VarName": "x[1,0,2,2]", "X": 1}, { "VarName": "x[1,0,4,0]", "X": 1}, { "VarName": "x[1,0,5,1]", "X": 1}, { "VarName": "x[1,0,6,1]", "X": 1}, { "VarName": "x[1,2,1,0]", "X": 1}, { "VarName": "x[1,2,1,1]", "X": 1}, { "VarName": "x[1,2,2,0]", "X": 1}, { "VarName": "x[1,2,2,1]", "X": 1}, { "VarName": "x[1,2,2,2]", "X": 1}, { "VarName": "x[1,2,3,0]", "X": 1}, { "VarName": "x[1,2,3,1]", "X": 1}, { "VarName": "x[1,2,6,0]", "X": 1}, { "VarName": "x[2,0,2,1]", "X": 1}, { "VarName": "x[2,0,3,2]", "X": 1}, { "VarName": "x[2,0,4,1]", "X": 1}, { "VarName": "x[2,0,4,2]", "X": 1}, { "VarName": "x[2,0,5,0]", "X": 1}, { "VarName": "x[2,0,6,0]", "X": 1}, { "VarName": "x[2,1,3,0]", "X": 1}, { "VarName": "x[2,1,3,1]", "X": 1}, { "VarName": "x[2,1,4,1]", "X": 1}, { "VarName": "x[2,1,5,0]", "X": 1}, { "VarName": "x[2,1,5,2]", "X": 1}, { "VarName": "x[2,1,6,0]", "X": 1}, { "VarName": "x[2,2,2,0]", "X": 1}, { "VarName": "x[2,2,2,1]", "X": 1}, { "VarName": "x[2,2,4,0]", "X": 1}, { "VarName": "x[2,2,4,1]", "X": 1}, { "VarName": "x[2,2,6,0]", "X": 1}, { "VarName": "x[2,2,6,1]", "X": 1}, { "VarName": "x[3,0,4,1]", "X": 1}, { "VarName": "x[3,0,4,2]", "X": 1}, { "VarName": "x[3,0,5,0]", "X": 1}, { "VarName": "x[3,0,5,1]", "X": 1}, { "VarName": "x[3,0,5,2]", "X": 1}, { "VarName": "x[3,0,6,0]", "X": 1}, { "VarName": "x[3,0,6,2]", "X": 1}, { "VarName": "x[3,1,3,2]", "X": 1}, { "VarName": "x[3,1,4,0]", "X": 1}, { "VarName": "x[3,1,4,1]", "X": 1}, { "VarName": "x[3,1,4,2]", "X": 1}, { "VarName": "x[3,1,5,0]", "X": 1}, { "VarName": "x[3,1,5,1]", "X": 1}, { "VarName": "x[3,1,6,0]", "X": 1}, { "VarName": "x[3,2,3,0]", "X": 1}, { "VarName": "x[3,2,4,1]", "X": 1}, { "VarName": "x[3,2,4,2]", "X": 1}, { "VarName": "x[3,2,5,0]", "X": 1}, { "VarName": "x[3,2,5,2]", "X": 1}, { "VarName": "x[3,2,6,1]", "X": 1}, { "VarName": "x[4,0,4,2]", "X": 1}, { "VarName": "x[4,0,6,1]", "X": 1}, { "VarName": "x[4,0,6,2]", "X": 1}, { "VarName": "x[4,1,4,0]", "X": 1}, { "VarName": "x[4,1,4,2]", "X": 1}, { "VarName": "x[4,1,5,0]", "X": 1}, { "VarName": "x[4,1,5,1]", "X": 1}, { "VarName": "x[4,1,6,0]", "X": 1}, { "VarName": "x[4,1,6,1]", "X": 1}, { "VarName": "x[4,1,6,2]", "X": 1}, { "VarName": "x[4,2,5,2]", "X": 1}, { "VarName": "x[5,0,5,2]", "X": 1}, { "VarName": "x[5,0,6,0]", "X": 1}, { "VarName": "x[5,0,6,2]", "X": 1}, { "VarName": "x[5,1,5,0]", "X": 1}, { "VarName": "x[5,1,5,2]", "X": 1}, { "VarName": "x[5,1,6,0]", "X": 1}, { "VarName": "x[5,2,6,1]", "X": 1}, { "VarName": "x[5,2,6,2]", "X": 1}, { "VarName": "x[6,1,6,0]", "X": 1}, { "VarName": "x[6,1,6,2]", "X": 1}, { "VarName": "s[0,0,3]", "X": 2.2000000000000320e+01}, { "VarName": "s[0,1,4]", "X": 2.0000000000000320e+01}, { "VarName": "s[0,2,2]", "X": 6.9999999999999716e+00}, { "VarName": "s[1,0,2]", "X": 1.2999999999999972e+01}, { "VarName": "s[1,2,1]", "X": 10}, { "VarName": "s[2,0,4]", "X": 6}, { "VarName": "s[2,1,1]", "X": 3}, { "VarName": "s[2,2,2]", "X": 1}, { "VarName": "s[3,0,6]", "X": 1.5000000000000234e+01}, { "VarName": "s[3,1,0]", "X": 6}, { "VarName": "s[3,2,3]", "X": 2}, { "VarName": "s[4,0,4]", "X": 2.6999999999999972e+01}, { "VarName": "s[4,1,5]", "X": 2.2999999999999972e+01}, { "VarName": "s[4,2,2]", "X": 2.0999999999999972e+01}, { "VarName": "s[5,0,6]", "X": 10}, { "VarName": "s[5,1,5]", "X": 6}, { "VarName": "s[5,2,6]", "X": 3}, { "VarName": "s[6,0,3]", "X": 1.4000000000000028e+01}, { "VarName": "s[6,1,5]", "X": 1.2000000000000007e+01}, { "VarName": "s[6,2,0]", "X": 1.0000000000000028e+01}, { "VarName": "Z_FO", "X": 52}, { "VarName": "C568", "X": 1}, { "VarName": "C571", "X": 1}, { "VarName": "C575", "X": 1}, { "VarName": "C579", "X": 1}, { "VarName": "C581", "X": 1}, { "VarName": "C585", "X": 1}, { "VarName": "C587", "X": 1}]}