{ "SolutionInfo": { "Status": 2, "Runtime": 2.1761800003051758e+02, "Work": 1.1081254294123248e+02, "ObjVal": 20, "ObjBound": 20, "ObjBoundC": 20, "MIPGap": 0, "IntVio": 0, "BoundVio": 0, "ConstrVio": 9.1393559387142886e-12, "IterCount": 42981525, "BarIterCount": 0, "NodeCount": 3719260, "SolCount": 10, "PoolObjBound": 20, "PoolObjVal": [ 20, 20, 22, 23, 25, 26, 28, 29, 30, 34]}, "Vars": [ { "VarName": "y[0,0,3]", "X": 1}, { "VarName": "y[0,1,0]", "X": 1}, { "VarName": "y[0,2,6]", "X": 1}, { "VarName": "y[1,0,2]", "X": 1}, { "VarName": "y[1,1,1]", "X": 1}, { "VarName": "y[1,2,1]", "X": 1}, { "VarName": "y[2,0,6]", "X": 1}, { "VarName": "y[2,1,4]", "X": 1}, { "VarName": "y[2,2,2]", "X": 1}, { "VarName": "y[3,0,5]", "X": 1}, { "VarName": "y[3,1,3]", "X": 1}, { "VarName": "y[3,2,2]", "X": 1}, { "VarName": "y[4,0,5]", "X": 1}, { "VarName": "y[4,1,3]", "X": 1}, { "VarName": "y[4,2,6]", "X": 1}, { "VarName": "y[5,0,4]", "X": 1}, { "VarName": "y[5,1,0]", "X": 1}, { "VarName": "y[5,2,0]", "X": 1}, { "VarName": "x[0,0,3,0]", "X": 1}, { "VarName": "x[0,0,3,1]", "X": 1}, { "VarName": "x[0,0,3,2]", "X": 1}, { "VarName": "x[0,0,4,1]", "X": 1}, { "VarName": "x[0,0,4,2]", "X": 1}, { "VarName": "x[0,1,0,2]", "X": 1}, { "VarName": "x[0,1,2,1]", "X": 1}, { "VarName": "x[0,1,4,2]", "X": 1}, { "VarName": "x[0,1,5,1]", "X": 1}, { "VarName": "x[0,1,5,2]", "X": 1}, { "VarName": "x[0,2,0,0]", "X": 1}, { "VarName": "x[0,2,2,0]", "X": 1}, { "VarName": "x[0,2,3,2]", "X": 1}, { "VarName": "x[0,2,4,2]", "X": 1}, { "VarName": "x[1,0,2,0]", "X": 1}, { "VarName": "x[1,0,2,1]", "X": 1}, { "VarName": "x[1,0,2,2]", "X": 1}, { "VarName": "x[1,0,3,1]", "X": 1}, { "VarName": "x[1,0,3,2]", "X": 1}, { "VarName": "x[1,1,1,0]", "X": 1}, { "VarName": "x[1,1,1,2]", "X": 1}, { "VarName": "x[1,1,2,1]", "X": 1}, { "VarName": "x[1,2,1,0]", "X": 1}, { "VarName": "x[1,2,2,1]", "X": 1}, { "VarName": "x[2,0,2,1]", "X": 1}, { "VarName": "x[2,0,3,2]", "X": 1}, { "VarName": "x[2,0,4,2]", "X": 1}, { "VarName": "x[2,2,2,0]", "X": 1}, { "VarName": "x[2,2,2,1]", "X": 1}, { "VarName": "x[2,2,3,2]", "X": 1}, { "VarName": "x[2,2,5,1]", "X": 1}, { "VarName": "x[3,1,3,2]", "X": 1}, { "VarName": "x[3,1,5,2]", "X": 1}, { "VarName": "x[3,2,3,0]", "X": 1}, { "VarName": "x[4,1,4,0]", "X": 1}, { "VarName": "x[4,2,4,0]", "X": 1}, { "VarName": "x[4,2,4,1]", "X": 1}, { "VarName": "x[4,2,5,2]", "X": 1}, { "VarName": "x[5,0,5,2]", "X": 1}, { "VarName": "x[5,1,5,0]", "X": 1}, { "VarName": "x[5,1,5,2]", "X": 1}, { "VarName": "s[0,0,3]", "X": 2.1000000000001478e+01}, { "VarName": "s[0,1,0]", "X": 17}, { "VarName": "s[0,2,6]", "X": 1.6000000000002103e+01}, { "VarName": "s[1,0,2]", "X": 1.5000000000003295e+01}, { "VarName": "s[1,1,1]", "X": 9}, { "VarName": "s[1,2,1]", "X": 1}, { "VarName": "s[2,0,6]", "X": 1.0000000000002101e+01}, { "VarName": "s[2,1,4]", "X": 9.9612939356315233e-01}, { "VarName": "s[2,2,2]", "X": 5.0000000000032818e+00}, { "VarName": "s[3,0,5]", "X": 6}, { "VarName": "s[3,1,3]", "X": 3}, { "VarName": "s[3,2,2]", "X": 1}, { "VarName": "s[4,0,5]", "X": 13}, { "VarName": "s[4,1,3]", "X": 9}, { "VarName": "s[4,2,6]", "X": 1}, { "VarName": "s[5,0,4]", "X": 1.0000000000002261e+01}, { "VarName": "s[5,1,0]", "X": 6}, { "VarName": "Z_FO", "X": 20}, { "VarName": "C433", "X": 1}, { "VarName": "C436", "X": 1}, { "VarName": "C441", "X": 1}, { "VarName": "C447", "X": 1}, { "VarName": "C449", "X": 1}]}