{ "SolutionInfo": { "Status": 2, "Runtime": 2.8740000724792480e+00, "Work": 5.4780213258344190e-01, "ObjVal": 86, "ObjBound": 86, "ObjBoundC": 86, "MIPGap": 0, "IntVio": 0, "BoundVio": 0, "ConstrVio": 0, "IterCount": 52668, "BarIterCount": 0, "NodeCount": 14417, "SolCount": 9, "PoolObjBound": 86, "PoolObjVal": [ 86, 87, 91, 94, 95, 96, 103, 104, 105]}, "Vars": [ { "VarName": "y[0,0,5]", "X": 1}, { "VarName": "y[0,1,3]", "X": 1}, { "VarName": "y[0,2,4]", "X": 1}, { "VarName": "y[1,0,4]", "X": 1}, { "VarName": "y[1,1,2]", "X": 1}, { "VarName": "y[1,2,0]", "X": 1}, { "VarName": "y[2,0,4]", "X": 1}, { "VarName": "y[2,1,4]", "X": 1}, { "VarName": "y[2,2,1]", "X": 1}, { "VarName": "y[3,0,0]", "X": 1}, { "VarName": "y[3,1,5]", "X": 1}, { "VarName": "y[3,2,3]", "X": 1}, { "VarName": "y[4,0,2]", "X": 1}, { "VarName": "y[4,1,3]", "X": 1}, { "VarName": "y[4,2,1]", "X": 1}, { "VarName": "x[0,0,2,1]", "X": 1}, { "VarName": "x[0,0,3,1]", "X": 1}, { "VarName": "x[0,0,3,2]", "X": 1}, { "VarName": "x[0,1,0,0]", "X": 1}, { "VarName": "x[0,1,0,2]", "X": 1}, { "VarName": "x[0,1,3,2]", "X": 1}, { "VarName": "x[0,1,4,1]", "X": 1}, { "VarName": "x[0,2,0,1]", "X": 1}, { "VarName": "x[0,2,4,2]", "X": 1}, { "VarName": "x[1,0,1,1]", "X": 1}, { "VarName": "x[1,0,2,2]", "X": 1}, { "VarName": "x[1,0,3,2]", "X": 1}, { "VarName": "x[1,0,4,2]", "X": 1}, { "VarName": "x[1,1,2,0]", "X": 1}, { "VarName": "x[1,1,4,1]", "X": 1}, { "VarName": "x[1,1,4,2]", "X": 1}, { "VarName": "x[1,2,1,1]", "X": 1}, { "VarName": "x[1,2,4,2]", "X": 1}, { "VarName": "x[2,0,2,1]", "X": 1}, { "VarName": "x[2,0,3,2]", "X": 1}, { "VarName": "x[2,0,4,1]", "X": 1}, { "VarName": "x[2,0,4,2]", "X": 1}, { "VarName": "x[2,1,3,0]", "X": 1}, { "VarName": "x[2,1,4,2]", "X": 1}, { "VarName": "x[2,2,4,2]", "X": 1}, { "VarName": "x[3,0,3,1]", "X": 1}, { "VarName": "x[3,1,4,0]", "X": 1}, { "VarName": "x[3,1,4,1]", "X": 1}, { "VarName": "s[0,0,5]", "X": 22}, { "VarName": "s[0,1,3]", "X": 20}, { "VarName": "s[0,2,4]", "X": 1}, { "VarName": "s[1,0,4]", "X": 9}, { "VarName": "s[1,1,2]", "X": 4}, { "VarName": "s[2,0,4]", "X": 20}, { "VarName": "s[2,1,4]", "X": 13}, { "VarName": "s[2,2,1]", "X": 16}, { "VarName": "s[3,0,0]", "X": 8}, { "VarName": "s[3,1,5]", "X": 4}, { "VarName": "s[3,2,3]", "X": 2}, { "VarName": "s[4,0,2]", "X": 14}, { "VarName": "s[4,1,3]", "X": 6}, { "VarName": "Z_FO", "X": 86}]}