{ "SolutionInfo": { "Status": 2, "Runtime": 6.1999797821044922e-02, "Work": 1.8964702162254535e-03, "ObjVal": 98, "ObjBound": 98, "ObjBoundC": 98, "MIPGap": 0, "IntVio": 0, "BoundVio": 0, "ConstrVio": 0, "IterCount": 86, "BarIterCount": 0, "NodeCount": 1, "SolCount": 5, "PoolObjBound": 98, "PoolObjVal": [ 98, 98, 101, 103, 152]}, "Vars": [ { "VarName": "y[0,0,1]", "X": 1}, { "VarName": "y[0,1,2]", "X": 1}, { "VarName": "y[0,2,1]", "X": 1}, { "VarName": "y[1,0,1]", "X": 1}, { "VarName": "y[1,1,1]", "X": 1}, { "VarName": "y[1,2,1]", "X": 1}, { "VarName": "y[2,0,1]", "X": 1}, { "VarName": "y[2,1,2]", "X": 1}, { "VarName": "y[2,2,0]", "X": 1}, { "VarName": "x[0,0,0,2]", "X": 1}, { "VarName": "x[1,0,1,1]", "X": 1}, { "VarName": "x[1,0,1,2]", "X": 1}, { "VarName": "x[1,0,2,0]", "X": 1}, { "VarName": "x[1,1,2,0]", "X": 1}, { "VarName": "x[1,2,1,1]", "X": 1}, { "VarName": "x[1,2,2,0]", "X": 1}, { "VarName": "s[0,0,1]", "X": 10}, { "VarName": "s[0,1,2]", "X": 6}, { "VarName": "s[0,2,1]", "X": 3}, { "VarName": "s[1,0,1]", "X": 54}, { "VarName": "s[1,1,1]", "X": 31}, { "VarName": "s[1,2,1]", "X": 47}, { "VarName": "s[2,0,1]", "X": 25}, { "VarName": "s[2,1,2]", "X": 23}, { "VarName": "s[2,2,0]", "X": 2}, { "VarName": "Z_FO", "X": 98}]}