{ "SolutionInfo": { "Status": 2, "Runtime": 1.9960000514984131e+00, "Work": 5.4544334569093833e-01, "ObjVal": 33, "ObjBound": 33, "ObjBoundC": 33, "MIPGap": 0, "IntVio": 0, "BoundVio": 0, "ConstrVio": 4.4266812437854242e-12, "IterCount": 85711, "BarIterCount": 0, "NodeCount": 20222, "SolCount": 10, "PoolObjBound": 33, "PoolObjVal": [ 33, 33, 36, 37, 38, 47, 48, 49, 52, 75]}, "Vars": [ { "VarName": "y[0,0,4]", "X": 1}, { "VarName": "y[0,1,0]", "X": 1}, { "VarName": "y[0,2,3]", "X": 1}, { "VarName": "y[1,0,3]", "X": 1}, { "VarName": "y[1,1,3]", "X": 1}, { "VarName": "y[1,2,1]", "X": 1}, { "VarName": "y[2,0,1]", "X": 1}, { "VarName": "y[2,1,2]", "X": 1}, { "VarName": "y[2,2,0]", "X": 1}, { "VarName": "y[3,0,4]", "X": 1}, { "VarName": "y[3,1,2]", "X": 1}, { "VarName": "y[3,2,0]", "X": 1}, { "VarName": "x[0,0,1,1]", "X": 1}, { "VarName": "x[0,0,2,0]", "X": 1}, { "VarName": "x[0,0,3,0]", "X": 1}, { "VarName": "x[0,1,2,2]", "X": 1}, { "VarName": "x[0,1,3,1]", "X": 1}, { "VarName": "x[0,1,3,2]", "X": 1}, { "VarName": "x[0,2,0,0]", "X": 1}, { "VarName": "x[0,2,1,0]", "X": 1}, { "VarName": "x[0,2,1,1]", "X": 1}, { "VarName": "x[0,2,1,2]", "X": 1}, { "VarName": "x[0,2,2,0]", "X": 1}, { "VarName": "x[1,0,1,1]", "X": 1}, { "VarName": "x[2,0,2,1]", "X": 1}, { "VarName": "x[2,1,3,1]", "X": 1}, { "VarName": "x[2,2,2,1]", "X": 1}, { "VarName": "x[2,2,3,1]", "X": 1}, { "VarName": "x[2,2,3,2]", "X": 1}, { "VarName": "x[3,1,3,2]", "X": 1}, { "VarName": "s[0,0,4]", "X": 2.8000000000002366e+01}, { "VarName": "s[0,1,0]", "X": 2.4000000000002597e+01}, { "VarName": "s[0,2,3]", "X": 2.1000000000001460e+01}, { "VarName": "s[1,0,3]", "X": 1.0000000000000949e+01}, { "VarName": "s[1,1,3]", "X": 2.0000000000005973e+00}, { "VarName": "s[2,0,1]", "X": 1.5000000000001004e+01}, { "VarName": "s[2,1,2]", "X": 1.0000000000001032e+01}, { "VarName": "s[2,2,0]", "X": 1.1240879620589558e+01}, { "VarName": "s[3,0,4]", "X": 8.0000000000010569e+00}, { "VarName": "s[3,1,2]", "X": 5.0000000000013314e+00}, { "VarName": "s[3,2,0]", "X": 2.0000000000013323e+00}, { "VarName": "Z_FO", "X": 33}, { "VarName": "C194", "X": 1}, { "VarName": "C197", "X": 1}, { "VarName": "C200", "X": 1}]}