{ "SolutionInfo": { "Status": 2, "Runtime": 3.9000034332275391e-02, "Work": 8.2985998960628381e-04, "ObjVal": 75, "ObjBound": 75, "ObjBoundC": 75, "MIPGap": 0, "IntVio": 0, "BoundVio": 0, "ConstrVio": 2.4224178218901216e-11, "IterCount": 26, "BarIterCount": 0, "NodeCount": 1, "SolCount": 3, "PoolObjBound": 75, "PoolObjVal": [ 75, 98, 106]}, "Vars": [ { "VarName": "y[0,0,1]", "X": 1}, { "VarName": "y[0,1,1]", "X": 1}, { "VarName": "y[1,0,0]", "X": 1}, { "VarName": "y[1,1,1]", "X": 1}, { "VarName": "y[2,0,1]", "X": 1}, { "VarName": "y[2,1,1]", "X": 1}, { "VarName": "x[0,0,0,1]", "X": 1}, { "VarName": "x[1,1,2,0]", "X": 1}, { "VarName": "x[1,1,2,1]", "X": 1}, { "VarName": "x[2,0,2,1]", "X": 1}, { "VarName": "s[0,0,1]", "X": 1.0000000000004514e+01}, { "VarName": "s[0,1,1]", "X": 7.5904842545818340e-12}, { "VarName": "s[1,0,0]", "X": 5.0000000000009706e+01}, { "VarName": "s[1,1,1]", "X": 4.7000000000003176e+01}, { "VarName": "s[2,0,1]", "X": 30.00000000001}, { "VarName": "s[2,1,1]", "X": 2.3000000000001251e+01}, { "VarName": "Z_FO", "X": 75}, { "VarName": "C49", "X": 1}, { "VarName": "C50", "X": 1}, { "VarName": "C51", "X": 1}]}