{ "SolutionInfo": { "Status": 9, "Runtime": 3.6006110000610352e+03, "Work": 2.0177379470302745e+02, "ObjVal": 67, "ObjBound": 63, "ObjBoundC": 6.2999999999999929e+01, "MIPGap": 5.9701492537313432e-02, "IntVio": 0, "BoundVio": 0, "ConstrVio": 1.0943040251731873e-08, "IterCount": 13854, "BarIterCount": 0, "NodeCount": 8257955, "SolCount": 10, "PoolObjBound": 63, "PoolObjVal": [ 67, 70, 71, 72, 83, 84, 90, 91, 97, 114]}, "Vars": [ { "VarName": "y[0,0,4]", "X": 1}, { "VarName": "y[0,1,3]", "X": 1}, { "VarName": "y[0,2,2]", "X": 1}, { "VarName": "y[1,0,1]", "X": 1}, { "VarName": "y[1,1,1]", "X": 1}, { "VarName": "y[1,2,1]", "X": 1}, { "VarName": "y[2,0,2]", "X": 1}, { "VarName": "y[2,1,4]", "X": 1}, { "VarName": "y[2,2,0]", "X": 1}, { "VarName": "y[3,0,0]", "X": 1}, { "VarName": "y[3,1,3]", "X": 1}, { "VarName": "y[3,2,2]", "X": 1}, { "VarName": "x[0,0,2,1]", "X": 1}, { "VarName": "x[0,0,3,1]", "X": 1}, { "VarName": "x[0,1,0,0]", "X": 1}, { "VarName": "x[0,1,0,2]", "X": 1}, { "VarName": "x[0,1,1,2]", "X": 1}, { "VarName": "x[0,1,2,2]", "X": 1}, { "VarName": "x[0,1,3,1]", "X": 1}, { "VarName": "x[0,1,3,2]", "X": 1}, { "VarName": "x[0,2,0,1]", "X": 1}, { "VarName": "x[0,2,1,2]", "X": 1}, { "VarName": "x[1,0,1,1]", "X": 1}, { "VarName": "x[1,0,1,2]", "X": 1}, { "VarName": "x[1,1,2,1]", "X": 1}, { "VarName": "x[1,2,1,1]", "X": 1}, { "VarName": "x[1,2,2,2]", "X": 1}, { "VarName": "x[2,0,2,2]", "X": 1}, { "VarName": "x[2,0,3,0]", "X": 1}, { "VarName": "x[2,0,3,2]", "X": 1}, { "VarName": "x[2,2,3,2]", "X": 1}, { "VarName": "x[3,1,3,0]", "X": 1}, { "VarName": "s[0,0,4]", "X": 1.2999999999999794e+01}, { "VarName": "s[0,1,3]", "X": 6.9999999999993605e+00}, { "VarName": "s[1,0,1]", "X": 1.4999999986729645e+01}, { "VarName": "s[1,1,1]", "X": 0.999999999999929}, { "VarName": "s[1,2,1]", "X": 4.9999999976729725e+00}, { "VarName": "s[2,0,2]", "X": 1.6999999991384364e+01}, { "VarName": "s[2,1,4]", "X": 4.9999999999997939e+00}, { "VarName": "s[2,2,0]", "X": 1.9999999999999858e+00}, { "VarName": "s[3,0,0]", "X": 9.0000000218861977e+00}, { "VarName": "s[3,1,3]", "X": 2.9999999999999787e+00}, { "VarName": "s[3,2,2]", "X": 4.9999999999999787e+00}, { "VarName": "Z_FO", "X": 67}]}