{ "SolutionInfo": { "Status": 2, "Runtime": 3.6000013351440430e-02, "Work": 1.4694815003568448e-03, "ObjVal": 112, "ObjBound": 112, "ObjBoundC": 112, "MIPGap": 0, "IntVio": 0, "BoundVio": 0, "ConstrVio": 3.7658764995285310e-13, "IterCount": 41, "BarIterCount": 0, "NodeCount": 1, "SolCount": 5, "PoolObjBound": 112, "PoolObjVal": [ 112, 114, 121, 134, 136]}, "Vars": [ { "VarName": "y[0,0,1]", "X": 1}, { "VarName": "y[0,1,1]", "X": 1}, { "VarName": "y[0,2,0]", "X": 1}, { "VarName": "y[1,0,1]", "X": 1}, { "VarName": "y[1,1,2]", "X": 1}, { "VarName": "y[1,2,1]", "X": 1}, { "VarName": "y[2,0,1]", "X": 1}, { "VarName": "y[2,1,1]", "X": 1}, { "VarName": "y[2,2,1]", "X": 1}, { "VarName": "x[0,0,0,1]", "X": 1}, { "VarName": "x[0,0,1,0]", "X": 1}, { "VarName": "x[0,0,1,2]", "X": 1}, { "VarName": "x[1,0,1,2]", "X": 1}, { "VarName": "x[2,0,2,1]", "X": 1}, { "VarName": "x[2,0,2,2]", "X": 1}, { "VarName": "x[2,1,2,2]", "X": 1}, { "VarName": "s[0,0,1]", "X": 3.0999999999998373e+01}, { "VarName": "s[0,1,1]", "X": 4.0000000000010809e+00}, { "VarName": "s[0,2,0]", "X": 1}, { "VarName": "s[1,0,1]", "X": 1.4999999999999146e+01}, { "VarName": "s[1,1,2]", "X": 2}, { "VarName": "s[1,2,1]", "X": 9.0000000000001830e+00}, { "VarName": "s[2,0,1]", "X": 7.8000000000002856e+01}, { "VarName": "s[2,1,1]", "X": 5.9000000000000057e+01}, { "VarName": "s[2,2,1]", "X": 4.2999999999999368e+01}, { "VarName": "Z_FO", "X": 112}, { "VarName": "C100", "X": 1}, { "VarName": "C101", "X": 1}, { "VarName": "C102", "X": 1}]}