{ "SolutionInfo": { "Status": 2, "Runtime": 2.6999950408935547e-02, "Work": 1.3179419443164371e-04, "ObjVal": 28, "ObjBound": 28, "ObjBoundC": 28, "MIPGap": 0, "IntVio": 0, "BoundVio": 0, "ConstrVio": 3.5568265445702995e-13, "IterCount": 0, "BarIterCount": 0, "NodeCount": 0, "SolCount": 2, "PoolObjBound": 28, "PoolObjVal": [ 28, 41]}, "Vars": [ { "VarName": "y[0,0,1]", "X": 1}, { "VarName": "y[0,1,1]", "X": 1}, { "VarName": "y[1,0,0]", "X": 1}, { "VarName": "y[1,1,1]", "X": 1}, { "VarName": "x[0,0,0,1]", "X": 1}, { "VarName": "x[0,0,1,1]", "X": 1}, { "VarName": "x[0,1,1,1]", "X": 1}, { "VarName": "s[0,0,1]", "X": 2.9999999999994508e+01}, { "VarName": "s[0,1,1]", "X": 1.9999999999998430e+01}, { "VarName": "s[1,0,0]", "X": 5.0000000000036238e+00}, { "VarName": "s[1,1,1]", "X": 3.9794506068335409e-12}, { "VarName": "Z_FO", "X": 28}, { "VarName": "C25", "X": 1}, { "VarName": "C26", "X": 1}]}