{ "SolutionInfo": { "Status": 2, "Runtime": 3.4400010108947754e-01, "Work": 0.0361497245684658, "ObjVal": 49, "ObjBound": 49, "ObjBoundC": 49, "MIPGap": 0, "IntVio": 0, "BoundVio": 0, "ConstrVio": 0, "IterCount": 1747, "BarIterCount": 0, "NodeCount": 213, "SolCount": 5, "PoolObjBound": 49, "PoolObjVal": [ 49, 51, 52, 61, 90]}, "Vars": [ { "VarName": "y[0,0,3]", "X": 1}, { "VarName": "y[0,1,1]", "X": 1}, { "VarName": "y[0,2,2]", "X": 1}, { "VarName": "y[1,0,3]", "X": 1}, { "VarName": "y[1,1,2]", "X": 1}, { "VarName": "y[1,2,3]", "X": 1}, { "VarName": "y[2,0,0]", "X": 1}, { "VarName": "y[2,1,2]", "X": 1}, { "VarName": "y[2,2,1]", "X": 1}, { "VarName": "x[0,0,0,2]", "X": 1}, { "VarName": "x[0,0,2,1]", "X": 1}, { "VarName": "x[0,1,0,0]", "X": 1}, { "VarName": "x[0,1,0,2]", "X": 1}, { "VarName": "x[0,1,1,0]", "X": 1}, { "VarName": "x[0,2,0,0]", "X": 1}, { "VarName": "x[0,2,2,2]", "X": 1}, { "VarName": "x[1,0,1,2]", "X": 1}, { "VarName": "x[1,1,2,1]", "X": 1}, { "VarName": "x[1,1,2,2]", "X": 1}, { "VarName": "s[0,0,3]", "X": 5}, { "VarName": "s[0,2,2]", "X": 1}, { "VarName": "s[1,0,3]", "X": 24}, { "VarName": "s[1,1,2]", "X": 19}, { "VarName": "s[1,2,3]", "X": 11}, { "VarName": "s[2,0,0]", "X": 12}, { "VarName": "s[2,1,2]", "X": 6}, { "VarName": "s[2,2,1]", "X": 10}, { "VarName": "Z_FO", "X": 49}]}