{ "SolutionInfo": { "Status": 9, "Runtime": 3.6005699999332428e+03, "Work": 1.6440696440341173e+02, "ObjVal": 36, "ObjBound": 35, "ObjBoundC": 3.4999999999961027e+01, "MIPGap": 2.7777777777777776e-02, "IntVio": 0, "BoundVio": 0, "ConstrVio": 0, "IterCount": 544, "BarIterCount": 0, "NodeCount": 7370050, "SolCount": 6, "PoolObjBound": 35, "PoolObjVal": [ 36, 37, 38, 39, 44, 65]}, "Vars": [ { "VarName": "y[0,0,3]", "X": 1}, { "VarName": "y[0,1,2]", "X": 1}, { "VarName": "y[0,2,3]", "X": 1}, { "VarName": "y[1,0,4]", "X": 1}, { "VarName": "y[1,1,1]", "X": 1}, { "VarName": "y[1,2,2]", "X": 1}, { "VarName": "y[2,0,0]", "X": 1}, { "VarName": "y[2,1,1]", "X": 1}, { "VarName": "y[2,2,0]", "X": 1}, { "VarName": "x[0,0,0,1]", "X": 1}, { "VarName": "x[0,0,0,2]", "X": 1}, { "VarName": "x[0,0,1,2]", "X": 1}, { "VarName": "x[0,0,2,0]", "X": 1}, { "VarName": "x[0,1,0,2]", "X": 1}, { "VarName": "x[0,1,1,2]", "X": 1}, { "VarName": "x[0,2,1,2]", "X": 1}, { "VarName": "x[1,0,1,2]", "X": 1}, { "VarName": "x[1,1,1,0]", "X": 1}, { "VarName": "x[2,0,2,2]", "X": 1}, { "VarName": "s[0,0,3]", "X": 10}, { "VarName": "s[0,1,2]", "X": 8}, { "VarName": "s[0,2,3]", "X": 3}, { "VarName": "s[1,0,4]", "X": 5}, { "VarName": "s[1,2,2]", "X": 1}, { "VarName": "s[2,0,0]", "X": 11}, { "VarName": "s[2,1,1]", "X": 9}, { "VarName": "s[2,2,0]", "X": 1}, { "VarName": "Z_FO", "X": 36}]}