{ "SolutionInfo": { "Status": 2, "Runtime": 1.3502499985694885e+02, "Work": 5.5081146257900286e+01, "ObjVal": 90, "ObjBound": 90, "ObjBoundC": 90, "MIPGap": 0, "IntVio": 0, "BoundVio": 0, "ConstrVio": 0, "IterCount": 17482773, "BarIterCount": 0, "NodeCount": 2591666, "SolCount": 9, "PoolObjBound": 90, "PoolObjVal": [ 90, 95, 97, 110, 114, 118, 120, 136, 137]}, "Vars": [ { "VarName": "y[0,0,3]", "X": 1}, { "VarName": "y[0,1,4]", "X": 1}, { "VarName": "y[0,2,1]", "X": 1}, { "VarName": "y[1,0,0]", "X": 1}, { "VarName": "y[1,1,2]", "X": 1}, { "VarName": "y[1,2,1]", "X": 1}, { "VarName": "y[2,0,2]", "X": 1}, { "VarName": "y[2,1,5]", "X": 1}, { "VarName": "y[2,2,0]", "X": 1}, { "VarName": "y[3,0,6]", "X": 1}, { "VarName": "y[3,1,5]", "X": 1}, { "VarName": "y[3,2,4]", "X": 1}, { "VarName": "y[4,0,2]", "X": 1}, { "VarName": "y[4,1,6]", "X": 1}, { "VarName": "y[4,2,3]", "X": 1}, { "VarName": "y[5,0,6]", "X": 1}, { "VarName": "y[5,1,3]", "X": 1}, { "VarName": "y[5,2,1]", "X": 1}, { "VarName": "x[0,0,4,1]", "X": 1}, { "VarName": "x[0,0,4,2]", "X": 1}, { "VarName": "x[0,0,5,0]", "X": 1}, { "VarName": "x[0,1,0,2]", "X": 1}, { "VarName": "x[0,1,1,1]", "X": 1}, { "VarName": "x[0,1,1,2]", "X": 1}, { "VarName": "x[0,1,2,0]", "X": 1}, { "VarName": "x[0,1,3,1]", "X": 1}, { "VarName": "x[0,1,3,2]", "X": 1}, { "VarName": "x[0,1,4,1]", "X": 1}, { "VarName": "x[0,2,1,1]", "X": 1}, { "VarName": "x[0,2,2,1]", "X": 1}, { "VarName": "x[1,0,1,2]", "X": 1}, { "VarName": "x[1,0,2,2]", "X": 1}, { "VarName": "x[1,1,3,2]", "X": 1}, { "VarName": "x[1,1,4,1]", "X": 1}, { "VarName": "x[1,1,5,0]", "X": 1}, { "VarName": "x[2,0,2,2]", "X": 1}, { "VarName": "x[2,0,3,1]", "X": 1}, { "VarName": "x[2,0,5,1]", "X": 1}, { "VarName": "x[2,1,3,1]", "X": 1}, { "VarName": "x[2,1,3,2]", "X": 1}, { "VarName": "x[2,1,4,1]", "X": 1}, { "VarName": "x[2,1,4,2]", "X": 1}, { "VarName": "x[3,0,5,1]", "X": 1}, { "VarName": "x[3,1,4,2]", "X": 1}, { "VarName": "x[3,2,3,1]", "X": 1}, { "VarName": "x[3,2,4,0]", "X": 1}, { "VarName": "x[4,0,4,1]", "X": 1}, { "VarName": "x[4,0,5,1]", "X": 1}, { "VarName": "s[0,0,3]", "X": 13}, { "VarName": "s[0,1,4]", "X": 10}, { "VarName": "s[1,0,0]", "X": 11}, { "VarName": "s[1,1,2]", "X": 1}, { "VarName": "s[1,2,1]", "X": 6}, { "VarName": "s[2,0,2]", "X": 10}, { "VarName": "s[2,1,5]", "X": 6}, { "VarName": "s[2,2,0]", "X": 2}, { "VarName": "s[3,0,6]", "X": 5}, { "VarName": "s[3,2,4]", "X": 3}, { "VarName": "s[4,0,2]", "X": 16}, { "VarName": "s[4,1,6]", "X": 11}, { "VarName": "s[4,2,3]", "X": 1}, { "VarName": "s[5,0,6]", "X": 22}, { "VarName": "s[5,1,3]", "X": 19}, { "VarName": "s[5,2,1]", "X": 17}, { "VarName": "Z_FO", "X": 90}]}