0s;-;70.8%;54.00000;185.00000;6;0;54.00000;0;0
0s;-;64.9%;54.00000;154.0000000;0;0;H
0s;-;64.3%;55.00000;154.00000;20;0;55.00000;0;0
0s;-;64.3%;55.00000;154.00000;42;0;55.00000;0;0
0s;-;62.6%;56.12325;150.0000000;0;0;H
0s;-;62.6%;56.13257;150.00000;22;0;56.13257;0;0
0s;-;62.5%;56.25262;150.00000;54;0;56.25262;0;0
0s;-;62.5%;56.25262;150.00000;66;0;56.25262;0;0
0s;-;62.3%;56.61808;150.00000;60;0;56.61808;0;0
0s;-;61.7%;56.61836;148.0000000;0;0;H
0s;-;61.7%;56.61836;148.00000;61;0;56.61836;0;0
0s;-;61.7%;56.62353;148.00000;61;0;56.62353;0;0
0s;-;61.7%;56.62628;148.00000;61;0;56.62628;0;0
0s;-;61.7%;56.62628;148.00000;68;0;56.62628;0;0
0s;-;61.7%;56.63477;148.00000;51;0;56.63477;0;0
0s;-;61.7%;56.73495;148.00000;65;0;56.73495;0;0
0s;-;61.7%;56.73495;148.00000;69;0;56.73495;0;0
0s;-;61.5%;56.92752;148.00000;68;0;56.92752;0;0
0s;-;61.5%;56.92752;148.00000;70;0;56.92752;0;0
0s;-;61.5%;56.94515;148.00000;70;0;56.94515;0;0
0s;-;61.5%;56.95601;148.00000;75;0;56.95601;0;0
0s;-;61.5%;56.95601;148.00000;75;0;56.95601;0;0
0s;-;61.5%;56.95601;148.00000;74;0;56.95601;0;0
0s;-;61.5%;56.95601;148.00000;75;0;56.95601;0;0
0s;-;60.7%;56.95601;145.0000000;0;0;H
0s;-;60.7%;56.95601;145.00000;76;0;56.95601;0;0
0s;-;60.7%;56.95601;145.00000;71;0;56.95601;0;0
0s;-;60.7%;56.95601;145.00000;45;0;56.95601;0;0
0s;-;60.7%;56.95601;145.00000;54;0;56.95601;0;0
0s;-;59.0%;56.95601;139.0000000;0;0;H
0s;-;59.0%;56.95601;139.00000;40;0;56.95601;0;0
0s;-;59.0%;56.95601;139.00000;37;0;56.95601;0;0
0s;-;58.7%;57.34945;139.00000;35;0;57.34945;2;0
1s;5.8;56.2%;58.30214;133.0000000;326;611;H
1s;0.5;54.1%;58.30214;127.0000000;438;H10627
2s;0.4;53.7%;58.30214;126.0000000;443;H12316
2s;0.4;52.2%;58.30214;122.0000000;440;H12351
5s;2.6;49.1%;62.05264;122.00000;58;48;69.27068;3566;19220
10s;5.8;47.8%;63.62789;122.00000;37;50;95.00000;18752;42004
15s;5.8;46.7%;64.99855;122.00000;99;52;117.77269;18787;42057
20s;5.8;43.4%;69.07910;122.00000;112;49;79.88574;18820;42106
25s;5.8;41.8%;71.05654;122.00000;99;49;88.48929;18857;42161
30s;8.1;41.5%;71.35002;122.00000;65;infeasible;20185;47039
35s;9.4;41.5%;71.35002;122.00000;79;52;71.35002;22220;55556
40s;10.5;41.5%;71.35002;122.00000;36;48;88.00000;24103;64494
45s;11.1;41.5%;71.35002;122.00000;80;51;75.00299;25455;73391
50s;11.6;41.5%;71.35002;122.00000;53;59;71.35002;26844;82714
54s;11.9;40.5%;71.35002;120.0000000;25923;H92009
55s;11.9;40.5%;71.35002;120.00000;20;69;110.00000;26483;92193
60s;12.2;40.5%;71.35002;120.00000;63;54;76.27212;30112;101946
65s;12.5;40.5%;71.35002;120.00000;71;59;71.35002;34714;111966
70s;12.7;40.5%;71.35002;120.00000;72;58;71.35002;38115;120606
74s;12.8;40.0%;71.35002;119.0000000;39585;H125087
75s;12.8;40.0%;71.35002;119.00000;37;69;95.07518;40187;125904
80s;12.9;40.0%;71.35002;119.00000;39;55;113.29687;43739;133924
85s;13.0;40.0%;71.35002;119.00000;45;59;104.68750;46363;139985
90s;13.1;40.0%;71.35002;119.00000;76;57;71.35002;49788;147839
95s;13.2;40.0%;71.35002;119.00000;23;60;106.24028;52871;154688
100s;13.3;40.0%;71.35002;119.00000;34;57;107.37500;55771;161350
105s;13.4;40.0%;71.35002;119.00000;17;72;116.45205;59049;169519
110s;13.5;40.0%;71.35002;119.00000;41;65;84.50000;61868;175955
115s;13.5;40.0%;71.35002;119.00000;72;53;83.55107;65393;184434
120s;13.6;40.0%;71.35002;119.00000;58;50;75.23333;68039;190978
125s;13.6;40.0%;71.35002;119.00000;53;54;105.65674;70958;197736
131s;13.7;40.0%;71.35002;119.00000;54;58;112.41547;71612;200872
135s;13.7;40.0%;71.35002;119.00000;66;cutoff;73419;203985
140s;13.7;40.0%;71.40252;119.00000;39;71;102.54014;76053;211435
146s;13.7;39.9%;71.53582;119.00000;82;59;88.97161;78855;218609
150s;13.8;39.8%;71.63228;119.00000;23;74;102.00000;81226;223685
155s;13.8;39.7%;71.76799;119.00000;47;60;103.83040;84006;230781
160s;13.8;39.6%;71.90419;119.00000;36;54;112.28220;86850;237646
165s;13.8;39.5%;71.99955;119.00000;68;cutoff;88700;242753
170s;13.8;39.4%;72.11272;119.00000;29;67;114.05118;91537;249571
176s;13.9;39.3%;72.24429;119.00000;70;56;84.06323;94075;256282
180s;13.9;39.2%;72.32692;119.00000;52;55;93.38639;96413;260882
185s;13.9;39.1%;72.46169;119.00000;34;67;98.83485;99305;268270
190s;13.9;39.0%;72.58523;119.00000;51;61;99.58158;102138;275542
195s;13.9;38.9%;72.69890;119.00000;19;56;104.00000;105011;282525
200s;13.9;38.8%;72.81546;119.00000;85;51;78.51570;108062;289640
205s;14.0;38.7%;72.93690;119.00000;41;59;100.53503;110424;295893
211s;14.0;38.6%;73.05774;119.00000;19;74;102.00000;113268;303298
215s;14.0;38.5%;73.17708;119.00000;32;64;115.99163;115871;310291
220s;14.0;38.4%;73.29067;119.00000;47;60;83.07330;118483;317045
225s;14.0;38.3%;73.38001;119.00000;79;53;88.02852;120471;321764
230s;14.0;38.3%;73.46997;119.00000;59;cutoff;123259;328922
235s;14.0;38.2%;73.56991;119.00000;68;61;90.97546;125895;335531
240s;14.1;38.1%;73.62547;119.00000;37;68;101.98285;127371;339075
245s;14.1;38.0%;73.72405;119.00000;79;49;77.58766;130452;345762
250s;14.1;38.0%;73.77337;119.00000;72;54;77.40062;131984;349721
256s;14.1;37.9%;73.86445;119.00000;68;63;76.93432;134814;357372
261s;14.1;37.9%;73.95478;119.00000;18;76;112.00000;137079;363843
266s;14.1;37.8%;74.04165;119.00000;63;64;75.03240;139708;370890
270s;14.1;37.7%;74.12746;119.00000;29;70;93.67612;141558;376398
275s;14.1;37.6%;74.22001;119.00000;66;55;86.30010;144356;383004
280s;14.1;37.6%;74.31325;119.00000;68;57;75.64750;147167;389513
285s;14.1;37.5%;74.40026;119.00000;73;58;76.16214;149782;396398
290s;14.1;37.4%;74.48163;119.00000;61;cutoff;152645;403679
295s;14.1;37.3%;74.57600;119.00000;70;56;76.34323;155924;411339
300s;14.1;37.3%;74.66765;119.00000;33;69;107.00000;158478;417846
305s;14.1;37.2%;74.75308;119.00000;73;cutoff;161293;424598
310s;14.1;37.1%;74.83082;119.00000;64;58;78.73590;164013;431564
316s;14.1;37.0%;74.91560;119.00000;56;56;81.00000;166693;438761
320s;14.1;37.0%;74.97932;119.00000;67;59;76.65091;168737;444683
325s;14.1;36.9%;75.04157;119.00000;86;cutoff;171662;451107
331s;14.1;36.9%;75.11879;119.00000;55;cutoff;174207;458050
336s;14.1;36.8%;75.20335;119.00000;53;55;81.01879;176933;464871
340s;14.1;36.8%;75.25875;119.00000;27;68;108.04861;178874;470166
345s;14.1;36.7%;75.33135;119.00000;50;70;98.03081;181602;476579
350s;14.1;36.6%;75.39384;119.00000;65;cutoff;184110;483814
355s;14.1;36.6%;75.44904;119.00000;61;cutoff;186302;489804
360s;14.1;36.5%;75.53569;119.00000;48;70;90.09649;189383;498008
366s;14.1;36.5%;75.60218;119.00000;40;66;109.17840;191967;504521
370s;14.1;36.4%;75.65477;119.00000;64;61;78.15923;193921;509341
375s;14.1;36.4%;75.72413;119.00000;63;58;91.70963;196194;516354
380s;14.1;36.3%;75.77687;119.00000;52;63;78.37247;198179;521795
385s;14.1;36.3%;75.84942;119.00000;75;infeasible;200522;528368
390s;14.1;36.2%;75.90771;119.00000;64;62;91.65116;203077;534282
396s;14.1;36.2%;75.97077;119.00000;62;59;76.12199;205667;541347
400s;14.1;36.1%;76.00850;119.00000;48;56;90.77226;207600;546787
406s;14.1;36.1%;76.07205;119.00000;20;57;111.00000;210289;553387
410s;14.1;36.0%;76.13087;119.00000;25;71;89.00000;212347;558766
415s;14.1;36.0%;76.18050;119.00000;60;58;86.59912;214241;564361
421s;14.1;35.9%;76.23531;119.00000;54;57;82.59764;216890;571029
425s;14.1;35.9%;76.28116;119.00000;51;61;85.15973;218661;576384
430s;14.1;35.9%;76.33468;119.00000;37;62;90.94236;221344;583611
435s;14.1;35.8%;76.39439;119.00000;27;71;91.00000;223449;590142
440s;14.1;35.8%;76.45700;119.00000;53;61;89.26691;225879;596981
445s;14.1;35.7%;76.50045;119.00000;64;54;89.86293;227818;601959
450s;14.1;35.7%;76.56245;119.00000;76;cutoff;230488;608612
456s;14.1;35.6%;76.60964;119.00000;75;cutoff;232707;615410
460s;14.1;35.6%;76.65042;119.00000;69;infeasible;234671;620437
465s;14.1;35.5%;76.69608;119.00000;22;64;117.00000;236571;625940
471s;14.1;35.5%;76.74291;119.00000;56;58;96.98451;239473;632996
475s;14.1;35.5%;76.78779;119.00000;51;68;86.64187;241332;638191
481s;14.1;35.4%;76.84566;119.00000;48;57;78.91677;243804;645093
485s;14.1;35.4%;76.88295;119.00000;36;68;110.11667;245615;650370
490s;14.1;35.4%;76.92287;119.00000;63;63;79.33286;247574;655634
495s;14.1;35.3%;76.97592;119.00000;22;73;107.00000;249757;662410
501s;14.1;35.3%;77.01090;119.00000;34;73;109.14553;252044;669486
505s;14.1;35.3%;77.04922;119.00000;48;62;99.77152;254030;674298
510s;14.1;35.2%;77.09091;119.00000;75;60;83.06881;255869;679417
516s;14.1;35.2%;77.14285;119.00000;40;61;116.57576;258614;686649
520s;14.1;35.1%;77.18036;119.00000;59;58;79.83513;260196;691977
525s;14.1;35.1%;77.22060;119.00000;49;58;82.67742;262027;697502
530s;14.1;35.1%;77.26862;119.00000;50;69;89.91594;264502;704024
536s;14.1;35.0%;77.31118;119.00000;75;55;81.82943;266956;710656
540s;14.1;35.0%;77.35641;119.00000;74;57;83.15519;268860;716164
545s;14.1;35.0%;77.39225;119.00000;56;59;93.29483;270935;721481
550s;14.1;34.9%;77.43337;119.00000;27;84;96.93939;272763;726861
556s;14.1;34.9%;77.48226;119.00000;47;66;87.76559;275239;734120
560s;14.1;34.9%;77.51222;119.00000;36;71;93.84706;277284;739192
565s;14.1;34.8%;77.55256;119.00000;23;74;107.00000;278985;744799
571s;14.1;34.8%;77.60140;119.00000;26;66;116.26190;281399;751761
575s;14.1;34.8%;77.62850;119.00000;55;55;78.94382;283026;757116
580s;14.1;34.7%;77.66793;119.00000;61;56;92.86291;284765;762150
586s;14.1;34.7%;77.71429;119.00000;30;63;105.00000;287338;769027
591s;14.0;34.7%;77.74565;119.00000;25;72;110.00000;289268;774628
595s;14.0;34.6%;77.77707;119.00000;62;61;87.43886;291232;779786
600s;14.0;34.6%;77.80747;119.00000;41;64;89.45455;293168;784798
605s;14.0;34.6%;77.83697;119.00000;69;63;80.67298;295116;790326
611s;14.0;34.6%;77.88001;119.00000;14;78;116.00000;297622;797829
615s;14.0;34.5%;77.90956;119.00000;74;52;81.69228;299627;803325
620s;14.0;34.5%;77.93789;119.00000;21;77;107.00000;301177;808737
626s;14.0;34.5%;77.99201;119.00000;41;63;105.07362;303565;815655
631s;14.0;34.4%;78.00702;119.00000;24;71;97.00000;305561;821105
635s;14.0;34.4%;78.04531;119.00000;47;59;91.50000;307366;826855
640s;14.0;34.4%;78.07733;119.00000;50;62;90.49373;309264;831849
645s;14.0;34.4%;78.10782;119.00000;70;55;99.59030;311131;837371
651s;14.0;34.3%;78.15115;119.00000;59;cutoff;313691;844479
656s;14.0;34.3%;78.18589;119.00000;40;65;95.42229;315876;849863
660s;14.0;34.3%;78.22336;119.00000;43;63;92.35896;317789;855427
665s;14.0;34.2%;78.26060;119.00000;64;59;81.05719;319898;860527
670s;14.0;34.2%;78.29369;119.00000;26;75;102.04213;321743;865559
676s;14.0;34.2%;78.32994;119.00000;58;54;90.72395;324205;872833
680s;14.0;34.1%;78.36386;119.00000;50;59;98.70732;326076;877856
686s;14.0;34.1%;78.40342;119.00000;41;68;96.04000;328374;884342
690s;14.0;34.1%;78.43476;119.00000;59;60;93.45471;330191;889828
695s;14.0;34.1%;78.46326;119.00000;59;54;90.74417;332020;894647
700s;14.0;34.0%;78.49836;119.00000;46;59;97.55556;333656;900205
705s;14.0;34.0%;78.52882;119.00000;49;56;81.69897;335476;905314
710s;14.0;34.0%;78.55333;119.00000;43;64;93.80000;337218;910518
715s;14.0;34.0%;78.58935;119.00000;30;72;95.00000;339074;915966
720s;14.0;33.9%;78.62299;119.00000;75;infeasible;341002;921198
726s;14.0;33.9%;78.66601;119.00000;55;56;87.41951;343450;928053
731s;14.0;33.9%;78.69472;119.00000;74;cutoff;345092;933336
736s;14.0;33.8%;78.71906;119.00000;35;67;94.45455;346834;938816
740s;14.0;33.8%;78.75516;119.00000;23;68;103.20988;348529;943776
745s;14.0;33.8%;78.78745;119.00000;54;58;83.23232;350195;949146
750s;14.0;33.8%;78.81358;119.00000;62;infeasible;352033;954654
755s;14.0;33.7%;78.84651;119.00000;40;66;104.00000;353804;959976
760s;14.0;33.7%;78.88550;119.00000;25;67;115.87500;355815;965876
766s;14.0;33.7%;78.92132;119.00000;54;58;98.43116;358077;972511
770s;14.0;33.7%;78.95631;119.00000;46;61;112.93779;359552;977756
776s;14.0;33.6%;78.99439;119.00000;23;69;107.00000;362146;984631
780s;14.0;33.6%;79.01529;119.00000;39;75;111.68577;363834;990372
785s;14.0;33.6%;79.04630;119.00000;18;75;116.00000;366211;997574
790s;14.0;33.6%;79.06460;119.00000;54;64;79.06460;366788;1000582
796s;14.0;33.5%;79.08824;119.00000;61;52;81.10073;369044;1005121
800s;14.0;33.5%;79.11255;119.00000;29;60;110.00000;370839;1010197
805s;14.0;33.5%;79.13909;119.00000;32;70;100.45859;372760;1015248
810s;14.0;33.5%;79.17714;119.00000;61;57;80.91186;374892;1022289
816s;14.0;33.4%;79.21970;119.00000;64;cutoff;377281;1029208
820s;14.0;33.4%;79.24976;119.00000;41;70;95.62278;379105;1034386
825s;14.0;33.4%;79.26132;119.00000;31;66;107.33333;379711;1036381
831s;14.0;33.4%;79.30183;119.00000;48;58;102.54545;381972;1043413
835s;14.0;33.3%;79.33333;119.00000;54;63;84.73832;384009;1048955
840s;14.0;33.3%;79.36471;119.00000;16;72;117.00000;385739;1054544
845s;14.0;33.3%;79.40053;119.00000;57;59;82.66477;388067;1061657
850s;13.9;33.3%;79.43021;119.00000;59;57;79.89001;390008;1066499
855s;13.9;33.2%;79.46562;119.00000;16;74;118.00000;392456;1073425
860s;13.9;33.2%;79.49999;119.00000;61;64;84.85900;394139;1079215
866s;13.9;33.2%;79.52929;119.00000;58;61;80.90515;396566;1086093
870s;13.9;33.1%;79.55395;119.00000;55;60;87.30996;398254;1091349
876s;13.9;33.1%;79.58985;119.00000;26;70;105.95652;400792;1098247
881s;13.9;33.1%;79.62493;119.00000;29;65;116.39487;402862;1105069
885s;13.9;33.1%;79.65435;119.00000;68;55;92.85838;404773;1109986
890s;13.9;33.0%;79.68347;119.00000;19;67;110.00000;406667;1115740
896s;13.9;33.0%;79.72484;119.00000;12;76;113.00000;408807;1122900
900s;13.9;33.0%;79.74854;119.00000;46;56;90.68914;410473;1127724
906s;13.9;33.0%;79.78330;119.00000;48;61;92.77574;412833;1134530
910s;13.9;32.9%;79.81081;119.00000;62;54;90.01554;414278;1140507
915s;13.9;32.9%;79.84064;119.00000;70;59;80.57132;416031;1145889
921s;13.9;32.9%;79.87884;119.00000;38;67;101.86111;418324;1152801
925s;13.9;32.9%;79.90540;119.00000;73;cutoff;420040;1158051
931s;13.9;32.8%;79.94209;119.00000;53;61;86.40291;422466;1165197
936s;13.9;32.8%;79.96993;119.00000;48;62;91.93591;424329;1170501
941s;13.9;32.8%;79.99706;119.00000;64;59;87.58236;426298;1175615
945s;13.9;32.8%;80.00737;119.00000;30;67;115.20786;427754;1181840
950s;13.9;32.7%;80.03028;119.00000;70;54;89.17342;429457;1187091
955s;13.9;32.7%;80.05243;119.00000;48;63;88.14405;431851;1193511
960s;13.9;32.7%;80.08388;119.00000;70;52;81.90657;433707;1199175
965s;13.9;32.7%;80.11472;119.00000;67;60;82.12806;436273;1206438
971s;13.9;32.7%;80.14286;119.00000;38;63;104.16447;438537;1213283
975s;13.9;32.6%;80.16586;119.00000;33;66;110.00000;440360;1218149
981s;13.9;32.6%;80.19700;119.00000;67;59;80.97362;442544;1225204
985s;13.9;32.6%;80.22478;119.00000;65;cutoff;444282;1230604
990s;13.9;32.6%;80.25187;119.00000;49;61;97.01666;446100;1235837
996s;13.9;32.5%;80.28613;119.00000;53;60;100.61636;448468;1242848
1001s;13.9;32.5%;80.31250;119.00000;52;61;83.26268;450202;1248033
1005s;13.9;32.5%;80.33761;119.00000;71;cutoff;451860;1253686
1011s;13.9;32.5%;80.36956;119.00000;41;65;95.98285;454064;1260736
1015s;13.9;32.4%;80.38820;119.00000;38;71;98.23750;455923;1265647
1020s;13.9;32.4%;80.41534;119.00000;77;cutoff;457791;1271406
1025s;13.9;32.4%;80.43972;119.00000;68;infeasible;459635;1276413
1030s;13.9;32.4%;80.46429;119.00000;66;cutoff;461226;1281615
1035s;13.9;32.4%;80.48915;119.00000;76;infeasible;462922;1287342
1041s;13.9;32.3%;80.51611;119.00000;42;61;91.92043;465271;1294614
1046s;13.9;32.3%;80.54242;119.00000;64;61;82.23065;467111;1299773
1050s;13.9;32.3%;80.56672;119.00000;48;68;85.12752;468952;1305146
1055s;13.9;32.3%;80.59142;119.00000;59;60;108.27074;470883;1310294
1060s;13.9;32.3%;80.61507;119.00000;49;56;100.21761;472504;1315646
1066s;13.9;32.2%;80.64684;119.00000;60;57;82.19068;474940;1322588
1069s;13.9;30.5%;80.65925;116.0000000;452363;H1326521
1071s;13.9;30.5%;80.66667;116.00000;45;62;88.67644;452816;1327960
1076s;13.9;30.4%;80.68735;116.00000;22;67;113.52000;454507;1332798
1081s;13.9;30.4%;80.71212;116.00000;20;69;107.00000;455985;1338618
1086s;13.9;30.4%;80.73383;116.00000;35;68;111.29874;457560;1343625
1091s;13.9;30.4%;80.75667;116.00000;63;61;82.69512;459211;1348968
1096s;13.9;30.4%;80.78084;116.00000;25;72;96.00000;460716;1354280
1101s;13.9;30.3%;80.80616;116.00000;67;cutoff;462213;1359444
1106s;13.9;30.3%;80.83392;116.00000;65;cutoff;463847;1365360
1111s;13.9;30.3%;80.85421;116.00000;68;cutoff;465513;1370466
1116s;13.9;30.3%;80.88177;116.00000;56;55;102.21683;467084;1375778
1121s;13.9;30.3%;80.90685;116.00000;30;75;114.28318;468665;1381275
1126s;13.9;30.2%;80.93206;116.00000;66;64;82.43379;470368;1386844
1131s;13.9;30.2%;80.95593;116.00000;30;58;102.00000;471760;1392061
1136s;13.9;30.2%;80.97874;116.00000;23;68;112.27500;473426;1397538
1140s;13.9;30.2%;80.99706;116.00000;62;59;84.73015;474419;1401140
1146s;13.9;30.2%;81.00000;116.00000;49;69;107.33210;476148;1407472
1151s;13.9;30.1%;81.03102;116.00000;55;61;85.65610;477656;1412908
1156s;13.9;30.1%;81.05283;116.00000;46;57;82.45420;479248;1418138
1161s;13.9;30.1%;81.07533;116.00000;65;cutoff;480661;1423544
1166s;13.9;30.1%;81.10000;116.00000;44;58;90.34671;482403;1428967
1171s;13.9;30.1%;81.12281;116.00000;17;61;110.00000;484020;1434190
1176s;13.9;30.0%;81.14490;116.00000;57;60;90.14704;485658;1439169
1181s;13.9;30.0%;81.16751;116.00000;16;62;105.89485;487168;1444277
1186s;13.9;30.0%;81.19579;116.00000;18;69;109.84544;488605;1449289
1190s;13.9;30.0%;81.21440;116.00000;66;cutoff;489632;1454557
1195s;13.9;30.0%;81.23373;116.00000;37;65;100.94853;491217;1458415
1200s;13.9;30.0%;81.25557;116.00000;77;cutoff;492704;1463568
1206s;13.9;29.9%;81.28004;116.00000;73;cutoff;494866;1470598
1211s;13.9;29.9%;81.30208;116.00000;48;60;89.84429;496299;1475300
1215s;13.9;29.9%;81.31720;116.00000;32;66;95.00034;497350;1478848
1220s;13.9;29.9%;81.33833;116.00000;39;59;112.22111;499042;1484707
1225s;13.9;29.9%;81.36286;116.00000;41;62;102.00000;500646;1489803
1230s;13.9;29.8%;81.38723;116.00000;41;58;88.38742;502080;1494505
1236s;13.9;29.8%;81.40845;116.00000;46;65;88.02125;503672;1500280
1241s;13.9;29.8%;81.42921;116.00000;62;cutoff;505365;1505935
1245s;13.9;29.8%;81.44766;116.00000;62;infeasible;506419;1509557
1250s;13.9;29.8%;81.46957;116.00000;41;66;86.03743;507947;1514603
1255s;13.9;29.8%;81.48958;116.00000;32;68;114.15152;509505;1519734
1261s;13.9;29.7%;81.50467;116.00000;59;57;85.00754;511037;1524904
1265s;13.9;29.7%;81.52023;116.00000;59;58;89.24005;512133;1528757
1270s;13.9;29.7%;81.53943;116.00000;60;66;92.69383;513779;1533975
1276s;13.9;29.7%;81.56366;116.00000;73;cutoff;515441;1539977
1280s;13.9;29.7%;81.57908;116.00000;54;63;89.99103;516644;1543841
1285s;13.9;29.7%;81.59655;116.00000;76;cutoff;518282;1549086
1291s;13.9;29.6%;81.61982;116.00000;34;70;93.03125;519987;1554560
1296s;13.9;29.6%;81.64286;116.00000;66;cutoff;521421;1560237
1300s;13.9;29.6%;81.65566;116.00000;64;64;86.10898;522420;1563263
1305s;13.9;29.6%;81.67598;116.00000;26;61;114.25000;523995;1569062
1310s;13.9;29.6%;81.69014;116.00000;28;71;108.66667;525243;1573929
1315s;13.9;29.6%;81.71156;116.00000;50;65;85.40000;526960;1578441
1321s;13.9;29.5%;81.73171;116.00000;32;67;114.72930;528696;1583368
1325s;13.9;29.5%;81.74138;116.00000;35;71;106.26116;529992;1587401
1326s;13.9;27.0%;81.75275;112.0000000;480656;H1590085
1330s;13.9;27.0%;81.76502;112.00000;26;66;103.69762;481369;1591948
1335s;13.9;27.0%;81.78504;112.00000;30;65;104.77974;482844;1597427
1341s;13.9;27.0%;81.80535;112.00000;73;58;83.29523;484221;1602464
1345s;13.9;26.9%;81.82042;112.00000;53;64;93.30962;485180;1606238
1351s;13.9;26.9%;81.84126;112.00000;59;cutoff;486508;1612043
1355s;13.9;26.9%;81.85723;112.00000;42;66;87.45417;487316;1615468
1360s;13.9;26.9%;81.88451;112.00000;54;64;86.25517;488665;1620982
1366s;13.9;26.9%;81.90340;112.00000;66;57;94.86468;490114;1626580
1370s;13.9;26.9%;81.92065;112.00000;78;cutoff;491145;1630501
1376s;13.9;26.8%;81.94397;112.00000;49;67;99.25499;492612;1636057
1380s;13.9;26.8%;81.95722;112.00000;75;cutoff;493548;1639363
1385s;13.9;26.8%;81.98001;112.00000;72;66;92.98933;494852;1644931
1390s;13.9;26.8%;81.99493;112.00000;26;70;104.40129;495761;1648453
1396s;13.9;26.8%;82.00000;112.00000;65;cutoff;497067;1654644
1400s;13.9;26.8%;82.01187;112.00000;29;65;109.25725;498056;1658493
1405s;13.9;26.8%;82.03437;112.00000;81;infeasible;499391;1664160
1411s;13.9;26.7%;82.04988;112.00000;63;infeasible;500495;1669104
1415s;13.9;26.7%;82.06581;112.00000;34;66;98.17888;501469;1672565
1420s;13.9;26.7%;82.08636;112.00000;40;64;103.92228;502846;1678085
1426s;13.9;26.7%;82.09278;112.00000;41;68;99.52306;502852;1679807
1431s;13.9;26.7%;82.10865;112.00000;54;57;98.88052;504010;1683179
1435s;13.9;26.7%;82.12355;112.00000;38;55;91.27407;504823;1686684
1441s;13.9;26.7%;82.14373;112.00000;68;cutoff;505975;1691566
1445s;13.9;26.6%;82.16111;112.00000;53;58;82.82599;506823;1695250
1452s;13.9;26.6%;82.17965;112.00000;45;62;104.95606;508072;1700370
1456s;13.9;26.6%;82.19247;112.00000;63;cutoff;509013;1704013
1460s;13.9;26.6%;82.20489;112.00000;57;65;85.81066;509854;1707878
1466s;13.9;26.6%;82.22917;112.00000;34;63;106.33333;511392;1713349
1470s;13.9;26.6%;82.24442;112.00000;55;65;86.41829;512142;1717047
1476s;13.9;26.5%;82.26754;112.00000;27;59;106.80000;513215;1722116
1480s;13.9;26.5%;82.28184;112.00000;63;infeasible;514114;1725751
1486s;13.9;26.5%;82.30310;112.00000;66;63;82.63598;515289;1731006
1490s;13.9;26.5%;82.31705;112.00000;65;59;85.21515;515956;1734520
1496s;13.9;26.5%;82.33423;112.00000;71;cutoff;517167;1740206
1500s;13.9;26.5%;82.34704;112.00000;60;59;104.77631;518132;1743219
1506s;13.9;26.5%;82.37000;112.00000;61;55;88.52083;519571;1748536
1510s;13.9;26.4%;82.38298;112.00000;59;68;87.01986;520316;1752238
1516s;13.9;26.4%;82.40460;112.00000;37;66;90.49941;521796;1757741
1520s;13.9;26.4%;82.41659;112.00000;48;69;104.74560;522572;1761232
1527s;13.9;26.4%;82.44105;112.00000;40;61;100.00000;524067;1766962
1531s;13.9;26.4%;82.45454;112.00000;48;64;92.67683;525116;1770710
1535s;13.9;26.4%;82.46632;112.00000;57;61;84.14237;525999;1774405
1541s;13.9;26.3%;82.48837;112.00000;41;63;100.54545;527400;1780061
1545s;14.0;26.3%;82.50000;112.00000;52;64;90.35417;528356;1783593
1551s;14.0;26.3%;82.51883;112.00000;62;infeasible;529628;1788851
1556s;14.0;26.3%;82.53086;112.00000;70;infeasible;530361;1791989
1564s;14.0;26.3%;82.53712;112.00000;72;cutoff;530369;1793897
1566s;14.0;26.3%;82.53781;112.00000;73;infeasible;530595;1793921
1570s;14.0;26.3%;82.54908;112.00000;74;infeasible;531482;1797049
1575s;14.0;26.3%;82.56396;112.00000;32;71;102.84167;532353;1800851
1581s;14.0;26.3%;82.58395;112.00000;50;65;94.10204;533668;1806286
1586s;14.0;26.3%;82.59749;112.00000;60;61;83.11706;534622;1810087
1590s;14.0;26.2%;82.60937;112.00000;58;60;82.65610;535473;1813713
1595s;14.0;26.2%;82.62320;112.00000;57;62;84.71992;536351;1817220
1601s;14.0;26.2%;82.64685;112.00000;51;60;92.46542;537765;1822764
1605s;14.0;26.2%;82.66029;112.00000;63;cutoff;538418;1826244
1611s;14.0;26.2%;82.67978;112.00000;67;cutoff;539690;1831946
1615s;14.0;26.2%;82.69079;112.00000;28;64;101.92544;540590;1835185
1620s;14.0;26.2%;82.70732;112.00000;29;58;97.79167;541521;1839079
1626s;14.0;26.1%;82.72568;112.00000;30;63;101.00000;542951;1844664
1630s;14.0;26.1%;82.73916;112.00000;38;73;103.46967;543842;1847966
1636s;14.0;26.1%;82.75758;112.00000;62;infeasible;545051;1853487
1640s;14.0;26.1%;82.76993;112.00000;54;61;84.99880;545805;1857330
1646s;14.0;26.1%;82.79194;112.00000;67;59;92.84650;547039;1862412
1651s;14.0;26.1%;82.80171;112.00000;76;cutoff;547920;1866504
1655s;14.0;26.1%;82.81466;112.00000;57;67;85.03656;548911;1869768
1661s;14.0;26.0%;82.83456;112.00000;20;67;99.00000;550197;1875280
1665s;14.0;26.0%;82.84572;112.00000;81;cutoff;550881;1878974
1671s;14.0;26.0%;82.86274;112.00000;79;52;83.18369;552302;1884846
1675s;14.0;26.0%;82.87587;112.00000;22;65;109.00000;553060;1887945
1681s;14.0;26.0%;82.89399;112.00000;65;cutoff;554390;1893251
1685s;14.0;26.0%;82.90608;112.00000;68;cutoff;555147;1896945
1690s;14.0;26.0%;82.92056;112.00000;59;59;91.17442;556051;1901189
1695s;14.0;25.9%;82.93882;112.00000;64;57;83.93203;557349;1906201
1701s;14.0;25.9%;82.95821;112.00000;58;63;98.24176;558711;1911129
1705s;14.0;25.9%;82.97072;112.00000;43;59;92.01504;559417;1914430
1712s;14.0;25.9%;82.98973;112.00000;69;cutoff;560368;1919617
1717s;14.0;25.9%;82.99726;112.00000;68;61;83.85316;561220;1921629
1720s;14.0;25.9%;83.00000;112.00000;28;61;105.00000;561586;1923851
1725s;14.0;25.9%;83.00000;112.00000;54;61;89.29320;562447;1927973
1730s;14.0;25.9%;83.00702;112.00000;68;infeasible;563301;1931990
1736s;14.0;25.9%;83.02463;112.00000;37;63;107.43266;564543;1937096
1740s;14.0;25.9%;83.03528;112.00000;32;68;98.46429;565443;1940823
1745s;14.0;25.8%;83.04819;112.00000;31;58;104.62598;566421;1944673
1751s;14.0;25.8%;83.05862;112.00000;32;58;104.47368;567772;1950769
1755s;14.0;25.8%;83.07233;112.00000;37;60;92.66353;568571;1954393
1762s;14.0;25.8%;83.08738;112.00000;34;80;99.47221;569861;1959587
1766s;14.0;25.8%;83.09952;112.00000;36;70;87.70588;570504;1963029
1770s;14.0;25.8%;83.11190;112.00000;56;63;86.44984;571520;1966532
1776s;14.0;25.8%;83.12777;112.00000;68;cutoff;572877;1971856
1781s;14.0;25.8%;83.14024;112.00000;43;63;98.85841;573777;1975333
1785s;14.0;25.8%;83.15493;112.00000;37;66;93.85714;574520;1978939
1790s;14.0;25.7%;83.16486;112.00000;49;53;85.00701;575616;1982523
1797s;14.0;25.7%;83.18061;112.00000;54;58;93.99420;576865;1988378
1801s;14.0;25.7%;83.19282;112.00000;60;60;85.28199;577716;1992314
1805s;14.0;25.7%;83.20636;112.00000;39;68;101.54545;578489;1995969
1810s;14.0;25.7%;83.21744;112.00000;45;65;94.48485;579510;1999246
1816s;14.0;25.7%;83.23864;112.00000;26;76;99.20988;580689;2005020
1821s;14.0;25.7%;83.25012;112.00000;21;74;110.02146;581500;2008878
1825s;14.0;25.7%;83.26357;112.00000;25;65;101.28049;582495;2012158
1830s;14.0;25.6%;83.27432;112.00000;48;58;102.12908;583265;2016270
1837s;14.0;25.6%;83.29380;112.00000;56;65;88.42920;584596;2021757
1841s;14.0;25.6%;83.30577;112.00000;60;56;86.48696;585503;2025370
1846s;14.0;25.6%;83.31845;112.00000;56;60;94.81532;586415;2029248
1851s;14.0;25.6%;83.32888;112.00000;55;55;93.71407;587353;2033590
1855s;14.0;25.6%;83.34010;112.00000;30;70;111.00000;588122;2037401
1860s;14.0;25.6%;83.35280;112.00000;70;cutoff;589056;2040704
1865s;14.0;25.6%;83.36342;112.00000;50;61;84.12544;589912;2044705
1871s;14.0;25.6%;83.38007;112.00000;75;cutoff;591095;2050171
1876s;14.0;25.5%;83.39001;112.00000;61;60;103.30499;591993;2053443
1880s;14.0;25.5%;83.40267;112.00000;43;66;104.83420;592708;2057545
1885s;14.0;25.5%;83.41046;112.00000;60;68;84.79138;593752;2061371
1891s;14.0;25.5%;83.43160;112.00000;74;cutoff;594904;2067209
1896s;14.0;25.5%;83.44102;112.00000;62;65;93.81463;595738;2070707
1900s;14.0;25.5%;83.45398;112.00000;45;61;88.71620;596590;2074156
1905s;14.0;25.5%;83.46364;112.00000;26;78;99.00000;597462;2078047
1910s;14.0;25.5%;83.47293;112.00000;57;59;101.52164;598313;2081593
1916s;14.0;25.5%;83.49153;112.00000;46;64;100.48568;599455;2087286
1921s;14.0;25.4%;83.50000;112.00000;22;73;109.94444;600241;2091088
1925s;14.0;25.4%;83.51000;112.00000;54;66;92.35707;601252;2095025
1930s;14.0;25.4%;83.51988;112.00000;56;62;85.53824;602042;2098733
1936s;14.0;25.4%;83.53687;112.00000;42;63;85.35943;603294;2104083
1940s;14.0;25.4%;83.54898;112.00000;33;64;93.66667;604025;2107513
1946s;14.0;25.4%;83.56723;112.00000;71;cutoff;605247;2112788
1950s;14.0;25.4%;83.57973;112.00000;36;62;92.22555;606195;2116418
1955s;14.0;25.4%;83.59089;112.00000;33;62;90.00000;606998;2119921
1961s;14.0;25.3%;83.60810;112.00000;61;cutoff;608081;2125362
1966s;14.0;25.3%;83.62263;112.00000;42;62;92.34146;609032;2129213
1970s;14.1;25.3%;83.63204;112.00000;35;62;99.29268;610102;2132684
1975s;14.0;25.3%;83.64399;112.00000;64;cutoff;610819;2136785
1981s;14.1;25.3%;83.66131;112.00000;48;63;89.80063;611901;2141831
1986s;14.0;25.3%;83.66991;112.00000;58;60;91.85572;612946;2145881
1991s;14.0;25.3%;83.68066;112.00000;67;cutoff;613857;2149354
1995s;14.1;25.3%;83.69156;112.00000;57;55;93.49633;614610;2153398
2000s;14.0;25.3%;83.70128;112.00000;43;63;96.20000;615519;2157246
2006s;14.0;25.3%;83.71875;112.00000;70;cutoff;616677;2162765
2011s;14.1;25.2%;83.73028;112.00000;72;infeasible;617590;2166088
2016s;14.1;25.2%;83.74236;112.00000;76;cutoff;618384;2170410
2021s;14.1;25.2%;83.75441;112.00000;69;cutoff;619214;2173997
2025s;14.1;25.2%;83.76487;112.00000;52;70;89.98468;620000;2177696
2030s;14.1;25.2%;83.77809;112.00000;74;cutoff;620945;2181760
2037s;14.1;25.2%;83.79545;112.00000;67;infeasible;622216;2187063
2040s;14.1;25.2%;83.80000;112.00000;22;70;107.04000;622515;2189343
2046s;14.1;25.2%;83.81818;112.00000;45;57;108.69114;623824;2194371
2051s;14.1;25.2%;83.82888;112.00000;24;62;107.00000;624516;2197721
2056s;14.1;25.1%;83.84134;112.00000;52;63;87.90334;625382;2201787
2061s;14.1;25.1%;83.85298;112.00000;48;67;97.17196;626326;2205595
2065s;14.1;25.1%;83.86305;112.00000;45;66;104.04918;626907;2209315
2071s;14.1;25.1%;83.87868;112.00000;46;59;88.43288;628059;2214389
2076s;14.1;25.1%;83.89035;112.00000;78;cutoff;629038;2217952
2081s;14.1;25.1%;83.90238;112.00000;47;61;96.40714;629897;2221972
2086s;14.1;25.1%;83.91353;112.00000;64;62;83.94666;630902;2225989
2090s;14.1;25.1%;83.92436;112.00000;69;cutoff;631827;2229457
2095s;14.1;25.1%;83.93606;112.00000;25;67;107.50000;632799;2233059
2100s;14.1;25.0%;83.94708;112.00000;53;57;101.46480;633475;2236823
2105s;14.1;25.0%;83.95858;112.00000;28;64;93.00000;634411;2240621
2111s;14.1;25.0%;83.97479;112.00000;30;62;102.00000;635633;2246386
2116s;14.1;25.0%;83.98648;112.00000;65;cutoff;636428;2250156
2121s;14.1;25.0%;83.99958;112.00000;34;75;94.00000;637345;2253865
2128s;14.1;25.0%;84.00000;112.00000;65;61;108.16151;638356;2258536
2131s;14.1;25.0%;84.00000;112.00000;52;66;89.74522;638816;2261641
2136s;14.1;25.0%;84.00000;112.00000;20;75;106.00000;639782;2265703
2141s;14.1;25.0%;84.00189;112.00000;38;66;97.16204;640600;2269817
2145s;14.1;25.0%;84.01397;112.00000;41;67;109.15625;641375;2273500
2150s;14.1;25.0%;84.02623;112.00000;22;63;99.45455;642307;2278525
2156s;14.1;25.0%;84.03898;112.00000;22;62;107.03390;643434;2282149
2161s;14.1;25.0%;84.04965;112.00000;47;71;96.27322;644230;2286187
2166s;14.1;24.9%;84.05672;112.00000;44;64;94.05862;645148;2289660
2171s;14.1;24.9%;84.06813;112.00000;73;infeasible;645833;2293548
2175s;14.1;24.9%;84.07825;112.00000;38;62;107.04225;646745;2297610
2182s;14.1;24.9%;84.09384;112.00000;45;58;91.73523;647839;2302963
2187s;14.1;24.9%;84.10337;112.00000;23;74;104.76923;648569;2306290
2192s;14.1;24.9%;84.11460;112.00000;65;cutoff;649469;2310126
2196s;14.1;24.9%;84.12587;112.00000;7;71;109.00000;650138;2314176
2201s;14.1;24.9%;84.13810;112.00000;50;65;96.29051;651039;2317619
2206s;14.1;24.9%;84.14861;112.00000;54;66;90.99678;651802;2321749
2211s;14.1;24.9%;84.15625;112.00000;68;infeasible;652568;2325645
2216s;14.1;24.9%;84.16645;112.00000;40;61;88.10000;653540;2329448
2220s;14.1;24.8%;84.17868;112.00000;65;infeasible;654275;2333701
2226s;14.1;24.8%;84.19256;112.00000;57;63;98.46101;655463;2339345
2234s;14.1;24.8%;84.20299;112.00000;51;61;100.39595;655858;2342832
2236s;14.1;24.8%;84.20309;112.00000;47;61;105.89910;656188;2342852
2241s;14.1;24.8%;84.21141;112.00000;42;68;92.32000;656997;2346351
2246s;14.1;24.8%;84.22222;112.00000;27;66;92.00000;657792;2350217
2251s;14.1;24.8%;84.23296;112.00000;62;infeasible;658619;2354106
2256s;14.1;24.8%;84.24358;112.00000;24;65;96.38521;659297;2357506
2260s;14.1;24.8%;84.25342;112.00000;68;cutoff;660198;2361334
2265s;14.1;24.8%;84.26316;112.00000;49;61;98.10214;661022;2365222
2270s;14.1;24.8%;84.27778;112.00000;51;57;85.84101;661839;2369075
2275s;14.1;24.7%;84.28959;112.00000;31;56;93.83333;662778;2372491
2280s;14.1;24.7%;84.30063;112.00000;47;64;94.30289;663462;2376579
2285s;14.1;24.7%;84.31329;112.00000;63;61;86.17840;664352;2380326
2292s;14.1;24.7%;84.32764;112.00000;24;68;101.38913;665448;2386225
2297s;14.1;24.7%;84.33631;112.00000;33;60;109.65902;666526;2390483
2302s;14.1;24.7%;84.34648;112.00000;62;cutoff;667495;2394136
2306s;14.1;24.7%;84.35714;112.00000;59;62;87.84862;668461;2398133
2311s;14.1;24.7%;84.36900;112.00000;68;cutoff;669207;2401909
2315s;14.1;24.7%;84.37809;112.00000;32;66;99.32105;670046;2405410
2320s;14.1;24.7%;84.39023;112.00000;57;57;85.38943;670822;2409342
2325s;14.1;24.6%;84.40183;112.00000;53;58;90.71562;671779;2413286
2330s;14.1;24.6%;84.41303;112.00000;68;cutoff;672501;2416906
2337s;14.1;24.6%;84.43062;112.00000;72;cutoff;673666;2422243
2341s;14.1;24.6%;84.43961;112.00000;76;cutoff;674447;2425995
2346s;14.1;24.6%;84.45073;112.00000;65;cutoff;675249;2429764
2350s;14.1;24.6%;84.45603;112.00000;34;61;98.83246;676162;2433412
2355s;14.1;24.6%;84.47056;112.00000;35;68;104.60000;677095;2436948
2360s;14.1;24.6%;84.48023;112.00000;73;cutoff;677819;2440661
2365s;14.1;24.6%;84.49270;112.00000;34;56;96.46667;678811;2444882
2371s;14.1;24.6%;84.50000;112.00000;42;66;105.98752;679579;2448981
2376s;14.1;24.5%;84.50977;112.00000;89;cutoff;680549;2453339
2381s;14.1;24.5%;84.52023;112.00000;65;cutoff;681393;2457262
2386s;14.1;24.5%;84.53191;112.00000;47;65;86.80692;682134;2460902
2391s;14.1;24.5%;84.54221;112.00000;50;58;95.70836;683155;2465062
2396s;14.1;24.5%;84.54994;112.00000;61;cutoff;684042;2468598
2400s;14.1;24.5%;84.55988;112.00000;37;62;99.34153;684792;2472288
2405s;14.1;24.5%;84.56774;112.00000;26;66;109.68837;685607;2475967
2410s;14.1;24.5%;84.57781;112.00000;46;59;104.46892;686262;2479406
2415s;14.1;24.5%;84.58906;112.00000;63;infeasible;687136;2483440
2420s;14.1;24.5%;84.60000;112.00000;59;59;95.37655;687883;2488173
2427s;14.1;24.5%;84.61580;112.00000;64;57;85.45812;689123;2492780
2432s;14.1;24.4%;84.62469;112.00000;56;53;88.45892;690053;2496660
2436s;14.1;24.4%;84.63466;112.00000;64;cutoff;690830;2500627
2441s;14.1;24.4%;84.64583;112.00000;47;59;95.04286;691608;2504501
2446s;14.1;24.4%;84.65602;112.00000;68;infeasible;692430;2508161
2451s;14.1;24.4%;84.66666;112.00000;70;cutoff;693210;2512241
2456s;14.1;24.4%;84.67647;112.00000;25;69;106.45455;694047;2516388
2461s;14.1;24.4%;84.68689;112.00000;38;65;89.41982;694898;2519852
2465s;14.1;24.4%;84.69699;112.00000;33;70;96.36271;695619;2523722
2470s;14.1;24.4%;84.70732;112.00000;22;71;111.00000;696423;2527506
2477s;14.1;24.4%;84.72033;112.00000;54;56;100.10400;697500;2532365
2482s;14.1;24.3%;84.72996;112.00000;40;71;88.49333;698445;2536238
2487s;14.1;24.3%;84.73958;112.00000;70;cutoff;699212;2540350
2492s;14.1;24.3%;84.74978;112.00000;41;77;102.00027;700105;2544248
2497s;14.1;24.3%;84.76000;112.00000;37;59;107.25356;700879;2547650
2500s;14.1;24.3%;84.76389;112.00000;38;65;88.00000;701410;2549778
2505s;14.1;24.3%;84.77423;112.00000;36;64;101.16666;702087;2553859
2510s;14.1;24.3%;84.78088;112.00000;48;64;97.41176;702842;2558231
2515s;14.1;24.3%;84.79310;112.00000;32;72;102.80000;703586;2561563
2520s;14.1;24.3%;84.80000;112.00000;46;58;94.33139;704258;2565475
2525s;14.1;24.3%;84.81159;112.00000;27;64;101.80000;705058;2569061
2530s;14.1;24.3%;84.82075;112.00000;74;cutoff;705732;2572850
2536s;14.1;24.3%;84.83048;112.00000;27;67;99.45000;706684;2576607
2540s;14.1;24.3%;84.83895;112.00000;53;61;93.16132;707498;2580853
2545s;14.1;24.2%;84.84906;112.00000;30;73;99.44444;708394;2584913
2550s;14.1;24.2%;84.85985;112.00000;38;68;90.84572;708965;2588110
2556s;14.1;24.2%;84.87134;112.00000;46;62;89.01780;709902;2591622
2561s;14.1;24.2%;84.88084;112.00000;66;56;92.69439;710679;2595732
2566s;14.1;24.2%;84.89129;112.00000;47;59;86.25161;711627;2599909
2571s;14.1;24.2%;84.90180;112.00000;63;61;85.53424;712520;2603597
2576s;14.1;24.2%;84.91142;112.00000;45;56;103.40845;713270;2607545
2581s;14.1;24.2%;84.92198;112.00000;51;67;105.67749;714203;2610823
2585s;14.1;24.2%;84.93344;112.00000;35;63;92.79344;714802;2615093
2590s;14.1;24.2%;84.94104;112.00000;62;cutoff;715647;2618570
2595s;14.1;24.2%;84.95055;112.00000;64;cutoff;716388;2622625
2600s;14.1;24.1%;84.96006;112.00000;38;62;103.67119;717199;2626414
2605s;14.1;24.1%;84.97167;112.00000;69;infeasible;717966;2629600
2610s;14.1;24.1%;84.98155;112.00000;62;56;91.04246;718624;2633512
2616s;14.1;24.1%;84.99180;112.00000;60;infeasible;719519;2637124
2620s;14.1;24.1%;84.99635;112.00000;24;67;107.00000;720331;2639733
2627s;14.1;24.1%;85.00000;112.00000;55;64;85.34718;721445;2645766
2631s;14.1;24.1%;85.00000;112.00000;76;cutoff;721900;2649010
2638s;14.1;24.1%;85.00000;112.00000;69;cutoff;722800;2654144
2640s;14.1;24.1%;85.00000;112.00000;71;cutoff;723199;2656365
2646s;14.1;24.1%;85.00000;112.00000;58;cutoff;724139;2661107
2650s;14.1;24.1%;85.01005;112.00000;68;cutoff;724809;2664956
2655s;14.1;24.1%;85.01716;112.00000;49;60;90.43238;725483;2668073
2660s;14.1;24.1%;85.02466;112.00000;72;cutoff;726383;2672214
2665s;14.1;24.1%;85.03258;112.00000;31;71;109.00000;727195;2676216
2671s;14.1;24.1%;85.04000;112.00000;66;cutoff;728088;2679903
2676s;14.1;24.1%;85.04857;112.00000;40;62;97.38208;729034;2683932
2681s;14.1;24.1%;85.05714;112.00000;25;62;104.57584;729726;2687988
2686s;14.1;24.0%;85.06519;112.00000;67;cutoff;730527;2692226
2691s;14.1;24.0%;85.07358;112.00000;79;cutoff;731206;2695863
2696s;14.1;24.0%;85.08189;112.00000;15;67;104.00000;732013;2699484
2701s;14.1;24.0%;85.09269;112.00000;46;69;98.52855;732932;2703970
2706s;14.1;24.0%;85.10223;112.00000;56;65;91.47907;733639;2707444
2711s;14.1;24.0%;85.11239;112.00000;35;74;104.55507;734393;2711328
2717s;14.1;24.0%;85.12016;112.00000;63;cutoff;735210;2714999
2721s;14.1;24.0%;85.12819;112.00000;26;68;99.00000;735870;2719169
2727s;14.1;24.0%;85.14045;112.00000;46;60;103.34312;736708;2723061
2732s;14.1;24.0%;85.14815;112.00000;38;67;106.79518;737548;2726816
2735s;14.1;24.0%;85.15375;112.00000;46;78;89.32204;737867;2729065
2740s;14.1;24.0%;85.15929;112.00000;36;55;96.53129;738711;2732994
2745s;14.1;24.0%;85.16787;112.00000;52;64;98.45618;739484;2736681
2750s;14.1;23.9%;85.17873;112.00000;71;cutoff;740198;2740537
2755s;14.1;23.9%;85.18792;112.00000;65;cutoff;741029;2744175
2761s;14.1;23.9%;85.19947;112.00000;49;54;107.55870;741797;2748146
2766s;14.1;23.9%;85.20755;112.00000;42;61;88.81990;742688;2752272
2771s;14.1;23.9%;85.21444;112.00000;65;cutoff;743466;2756043
2776s;14.1;23.9%;85.22476;112.00000;56;57;93.65463;744154;2760072
2781s;14.1;23.9%;85.23496;112.00000;60;70;93.20673;745047;2764096
2785s;14.1;23.9%;85.24321;112.00000;35;70;99.20920;745798;2767817
2790s;14.1;23.9%;85.25372;112.00000;63;cutoff;746538;2770919
2795s;14.1;23.9%;85.26356;112.00000;53;58;92.84989;747191;2774625
2801s;14.1;23.9%;85.27319;112.00000;26;73;99.01296;747988;2778138
2805s;14.1;23.9%;85.28200;112.00000;39;67;87.32105;748645;2782061
2810s;14.1;23.8%;85.29304;112.00000;76;cutoff;749503;2785936
2815s;14.1;23.8%;85.30303;112.00000;52;57;85.32997;750388;2789136
2820s;14.1;23.8%;85.31250;112.00000;49;64;88.00000;751137;2792870
2825s;14.1;23.8%;85.32177;112.00000;49;58;85.34545;751981;2797273
2830s;14.1;23.8%;85.33167;112.00000;60;61;89.72852;752705;2800895
2835s;14.1;23.8%;85.33847;112.00000;59;56;87.19949;753537;2804830
2841s;14.1;23.8%;85.34718;112.00000;55;67;88.06971;754328;2808554
2846s;14.1;23.8%;85.35810;112.00000;49;61;88.99226;754954;2812290
2852s;14.1;23.8%;85.36948;112.00000;71;cutoff;755959;2815947
2855s;14.1;23.8%;85.37363;112.00000;42;68;105.55417;756339;2818370
2860s;14.1;23.8%;85.38367;112.00000;44;71;93.00368;757237;2821919
2865s;14.1;23.8%;85.39412;112.00000;65;cutoff;757900;2826118
2871s;14.1;23.7%;85.40458;112.00000;38;68;97.54509;758834;2829838
2876s;14.1;23.7%;85.41359;112.00000;33;68;108.00000;759598;2834052
2881s;14.1;23.7%;85.42540;112.00000;60;58;86.08906;760318;2837839
2886s;14.1;23.7%;85.43455;112.00000;39;58;99.00000;761039;2841293
2891s;14.1;23.7%;85.44444;112.00000;52;61;100.05560;761912;2845110
2896s;14.1;23.7%;85.45440;112.00000;51;64;90.00897;762908;2849462
2901s;14.1;23.7%;85.45868;112.00000;50;64;89.00000;763700;2853155
2905s;14.1;23.7%;85.46624;112.00000;50;64;92.46652;764560;2856417
2910s;14.1;23.7%;85.47582;112.00000;52;71;97.74618;765087;2859789
2915s;14.1;23.7%;85.48481;112.00000;44;59;103.22844;765894;2863347
2920s;14.1;23.7%;85.49409;112.00000;65;cutoff;766574;2866847
2926s;14.1;23.7%;85.50000;112.00000;50;65;93.00000;767237;2870874
2931s;14.1;23.7%;85.50721;112.00000;76;cutoff;767944;2874484
2936s;14.1;23.6%;85.51839;112.00000;39;72;90.34255;768820;2878383
2942s;14.1;23.6%;85.52610;112.00000;59;63;91.01733;769701;2882144
2945s;14.1;23.6%;85.53210;112.00000;53;69;96.04365;770032;2884357
2951s;14.1;23.6%;85.54136;112.00000;61;63;89.91098;770950;2888097
2956s;14.1;23.6%;85.54965;112.00000;21;71;110.00000;771702;2892370
2961s;14.1;23.6%;85.55879;112.00000;51;67;85.63100;772499;2896514
2966s;14.1;23.6%;85.56622;112.00000;54;60;88.98296;773182;2899693
2972s;14.1;23.6%;85.57599;112.00000;62;cutoff;774165;2903808
2977s;14.1;23.6%;85.58281;112.00000;66;cutoff;774896;2907443
2982s;14.1;23.6%;85.59337;112.00000;65;61;87.39862;775460;2911546
2985s;14.1;23.6%;85.59885;112.00000;62;cutoff;775957;2913371
2990s;14.1;23.6%;85.60714;112.00000;20;82;104.50549;776572;2917081
2995s;14.1;23.6%;85.61111;112.00000;23;67;91.00000;776581;2918747
3001s;14.1;23.6%;85.61760;112.00000;43;67;97.77166;777265;2920611
3006s;14.1;23.5%;85.62904;112.00000;75;cutoff;777989;2924631
3012s;14.1;23.5%;85.63906;112.00000;60;61;98.84084;778741;2928477
3015s;14.1;23.5%;85.64510;112.00000;61;cutoff;779075;2930514
3020s;14.1;23.5%;85.65463;112.00000;52;59;85.65610;779884;2934360
3026s;14.1;23.5%;85.66507;112.00000;42;65;98.02472;780652;2938222
3031s;14.1;23.5%;85.67162;112.00000;39;68;90.42242;781286;2942356
3037s;14.1;23.5%;85.68133;112.00000;22;74;99.58824;782019;2946414
3040s;14.1;23.5%;85.68560;112.00000;66;57;91.62821;782290;2948244
3045s;14.1;23.5%;85.69570;112.00000;29;69;107.08631;783119;2952451
3051s;14.1;23.5%;85.70357;112.00000;42;67;100.86972;783725;2955622
3057s;14.1;23.5%;85.71537;112.00000;59;57;110.93610;784527;2960000
3060s;14.1;23.5%;85.71961;112.00000;61;60;89.00406;784922;2961780
3067s;14.1;23.5%;85.73002;112.00000;62;57;93.85914;785885;2966280
3072s;14.1;23.4%;85.73808;112.00000;48;63;100.48754;786367;2969972
3075s;14.1;23.4%;85.73810;112.00000;64;infeasible;786774;2970439
3081s;14.1;23.4%;85.74844;112.00000;40;64;91.40845;787391;2974526
3087s;14.1;23.4%;85.75776;112.00000;69;cutoff;788282;2978154
3090s;14.1;23.4%;85.76310;112.00000;33;69;102.00000;788683;2980713
3096s;14.1;23.4%;85.77285;112.00000;49;67;102.30569;789395;2984383
3101s;14.1;23.4%;85.78205;112.00000;52;66;89.98555;790274;2988488
3108s;14.1;23.4%;85.79259;112.00000;51;70;96.83532;791063;2992328
3111s;14.1;23.4%;85.79660;112.00000;41;68;92.46643;791424;2994710
3118s;14.1;23.4%;85.80000;112.00000;48;63;90.15323;792269;2998559
3121s;14.1;23.4%;85.80827;112.00000;46;66;95.18359;792647;3001174
3127s;14.1;23.4%;85.81728;112.00000;26;72;93.00000;793520;3005168
3132s;14.1;23.4%;85.82637;112.00000;42;65;91.37949;794170;3009158
3135s;14.1;23.4%;85.83061;112.00000;53;57;94.93953;794533;3010917
3140s;14.1;23.4%;85.83827;112.00000;77;cutoff;795217;3014568
3146s;14.1;23.4%;85.84717;112.00000;75;infeasible;796064;3018258
3151s;14.1;23.3%;85.85562;112.00000;73;infeasible;796832;3022173
3156s;14.1;23.3%;85.86292;112.00000;28;71;97.23457;797582;3026120
3161s;14.1;23.3%;85.87122;112.00000;32;65;106.44451;798123;3029792
3166s;14.1;23.3%;85.87879;112.00000;32;70;98.00000;798882;3033320
3171s;14.1;23.3%;85.88897;112.00000;68;cutoff;799643;3036756
3177s;14.1;23.3%;85.89877;112.00000;39;58;101.50000;800415;3040484
3180s;14.1;23.3%;85.90370;112.00000;60;63;88.80892;800850;3042449
3185s;14.1;23.3%;85.91101;112.00000;21;69;100.08642;801451;3046776
3191s;14.1;23.3%;85.92216;112.00000;69;cutoff;802358;3050524
3197s;14.1;23.3%;85.93068;112.00000;75;cutoff;803193;3054073
3202s;14.1;23.3%;85.94025;112.00000;54;61;97.94225;803970;3058108
3207s;14.1;23.3%;85.94892;112.00000;26;62;95.00000;804571;3061977
3212s;14.1;23.3%;85.95973;112.00000;36;64;94.00000;805316;3065190
3215s;14.1;23.2%;85.96419;112.00000;49;68;86.91402;805589;3067038
3220s;14.1;23.2%;85.97454;112.00000;65;67;90.39913;806237;3070795
3226s;14.1;23.2%;85.98302;112.00000;50;66;87.31883;807188;3074915
3231s;14.1;23.2%;85.98979;112.00000;29;77;99.00000;807968;3078702
3235s;14.1;23.2%;85.99504;112.00000;50;68;91.50620;808414;3080729
3244s;14.1;23.2%;86.00000;112.00000;38;65;95.10606;809842;3085821
3247s;14.1;23.2%;86.00000;112.00000;36;74;108.40082;810217;3089048
3251s;14.1;23.2%;86.00000;112.00000;40;68;87.08197;810680;3091416
3255s;14.1;23.2%;86.00000;112.00000;40;68;87.11979;811079;3094355
3263s;14.1;23.2%;86.00000;112.00000;76;cutoff;812019;3099339
3267s;14.1;23.2%;86.00000;112.00000;52;62;90.77217;812442;3101814
3271s;14.1;23.2%;86.00000;112.00000;52;65;91.97037;813087;3104394
3277s;14.1;23.2%;86.00000;112.00000;43;75;92.19983;813801;3109368
3280s;14.1;23.2%;86.00000;112.00000;39;65;94.43077;814130;3111777
3285s;14.1;23.2%;86.00664;112.00000;14;68;105.00000;814813;3115167
3292s;14.1;23.2%;86.01896;112.00000;64;57;93.87605;815746;3120516
3295s;14.1;23.2%;86.02186;112.00000;41;64;98.09368;816174;3122389
3300s;14.1;23.2%;86.02961;112.00000;16;68;111.00000;816794;3126071
3306s;14.1;23.2%;86.03812;112.00000;41;67;104.53283;817508;3129694
3312s;14.1;23.2%;86.04709;112.00000;32;70;98.19886;818153;3133712
3315s;14.1;23.2%;86.04965;112.00000;50;64;100.98204;818531;3135739
3321s;14.1;23.2%;86.05915;112.00000;55;59;86.15664;819259;3139609
3327s;14.1;23.2%;86.06840;112.00000;49;65;92.96356;820090;3143844
3333s;14.1;23.1%;86.07731;112.00000;25;68;97.00000;820971;3147594
3335s;14.1;23.1%;86.08227;112.00000;42;60;106.84844;821373;3150093
3341s;14.1;23.1%;86.09253;112.00000;35;69;100.04167;822013;3153629
3346s;14.1;23.1%;86.10096;112.00000;46;66;89.75349;822904;3157904
3352s;14.1;23.1%;86.10881;112.00000;28;60;104.92446;823734;3161505
3355s;14.1;23.1%;86.11368;112.00000;36;73;99.04965;824054;3163654
3361s;14.1;23.1%;86.12220;112.00000;43;65;103.07961;824724;3167337
3367s;14.1;23.1%;86.13124;112.00000;48;70;107.86286;825437;3171501
3370s;14.1;23.1%;86.13538;112.00000;42;69;105.95833;825896;3173495
3376s;14.1;23.1%;86.14383;112.00000;12;81;107.33333;826779;3177886
3382s;14.1;23.1%;86.15279;112.00000;49;58;98.74955;827620;3181989
3385s;14.1;23.1%;86.15625;112.00000;64;68;95.22674;828007;3183930
3391s;14.1;23.1%;86.16504;112.00000;44;67;91.82952;828694;3188139
3397s;14.1;23.1%;86.17045;112.00000;23;72;110.04000;829690;3192094
3400s;14.1;23.1%;86.17661;112.00000;58;59;86.48621;829982;3194336
3406s;14.1;23.0%;86.18403;112.00000;42;69;94.93274;830893;3197970
3411s;14.1;23.0%;86.19268;112.00000;38;67;98.28845;831503;3202151
3416s;14.1;23.0%;86.20126;112.00000;51;54;107.40091;832214;3206047
3422s;14.1;23.0%;86.20764;112.00000;55;55;89.15052;832863;3209611
3425s;14.1;23.0%;86.21368;112.00000;36;66;97.50000;833356;3211428
3431s;14.1;23.0%;86.22306;112.00000;40;64;102.66667;834033;3215684
3436s;14.1;23.0%;86.23133;112.00000;37;64;92.67715;834595;3219635
3442s;14.1;23.0%;86.23953;112.00000;28;71;98.14933;835347;3222745
3447s;14.1;23.0%;86.24964;112.00000;25;66;100.92857;836089;3226799
3450s;14.1;23.0%;86.25226;112.00000;29;75;95.00000;836564;3228689
3455s;14.1;23.0%;86.26287;112.00000;62;63;86.42340;837381;3232645
3461s;14.1;23.0%;86.27273;112.00000;49;63;97.02309;838232;3237303
3467s;14.1;23.0%;86.28286;112.00000;35;64;92.35301;839052;3240888
3470s;14.1;23.0%;86.28696;112.00000;44;69;93.51164;839408;3242758
3475s;14.1;22.9%;86.29811;112.00000;49;61;94.90252;840066;3246831
3480s;14.1;22.9%;86.30705;112.00000;28;67;106.88889;840737;3250165
3486s;14.1;22.9%;86.31522;112.00000;75;cutoff;841513;3253969
3491s;14.1;22.9%;86.32425;112.00000;61;cutoff;842270;3257565
3497s;14.1;22.9%;86.33333;112.00000;64;cutoff;843123;3261595
3500s;14.1;22.9%;86.33514;112.00000;49;66;108.89058;843441;3263986
3505s;14.1;22.9%;86.34199;112.00000;68;cutoff;844117;3267326
3511s;14.1;22.9%;86.35239;112.00000;65;cutoff;844915;3271100
3516s;14.1;22.9%;86.36094;112.00000;61;64;87.42459;845715;3274468
3522s;14.1;22.9%;86.37013;112.00000;49;71;95.74194;846455;3278495
3525s;14.1;22.9%;86.37394;112.00000;59;cutoff;846821;3280258
3531s;14.1;22.9%;86.38298;112.00000;35;63;96.52440;847682;3284710
3537s;14.1;22.9%;86.39218;112.00000;21;70;106.30769;848525;3288501
3540s;14.1;22.9%;86.39685;112.00000;73;cutoff;848904;3290808
3546s;14.1;22.9%;86.40354;112.00000;32;69;88.00000;849767;3294371
3551s;14.1;22.8%;86.41253;112.00000;72;cutoff;850421;3298321
3556s;14.1;22.8%;86.41973;112.00000;56;62;93.38645;851198;3302077
3561s;14.1;22.8%;86.42857;112.00000;74;cutoff;851948;3305279
3566s;14.1;22.8%;86.43822;112.00000;25;67;101.51027;852571;3309118
3570s;14.1;22.8%;86.44172;112.00000;55;58;90.62145;853109;3310878
3576s;14.1;22.8%;86.45097;112.00000;68;infeasible;853725;3314976
3580s;14.1;22.8%;86.45455;112.00000;21;70;108.34167;854101;3316758
3586s;14.1;22.8%;86.46209;112.00000;26;67;108.00000;854989;3321500
3592s;14.1;22.8%;86.46961;112.00000;68;cutoff;855746;3325120
3595s;14.1;22.8%;86.47368;112.00000;68;cutoff;856059;3327370
3600s;14.1;22.8%;86.48261;112.00000;31;68;101.13396;856861;3331209