1s;-;100%;0.00000;2.699999e+08;0;0;H
1s;-;100%;0.00000;311.0000000;0;0;H
1s;-;100%;0.00000;249.0000000;0;0;H
1s;-;100%;0.00000;249.00000;6;0;0.00000;2;0
1s;52.3;100%;0.00000;247.0000000;40;31;H
1s;50.7;100%;0.00000;225.0000000;40;32;H
1s;49.0;100%;0.00000;218.0000000;40;34;H
1s;33.9;100%;0.00000;202.0000000;96;65;H
2s;27.2;100%;0.00000;200.0000000;300;266;H
2s;25.5;100%;0.00000;191.0000000;300;292;H
2s;28.7;100%;0.00000;188.0000000;300;324;H
2s;15.7;100%;0.00000;185.0000000;569;1052;H
2s;15.7;100%;0.00000;179.0000000;568;1052;H
3s;14.4;100%;0.00000;178.0000000;696;1444;H
3s;8.7;100%;0.00000;177.0000000;889;3067;H
3s;7.9;100%;0.00000;171.0000000;888;3459;H
4s;7.1;100%;0.00000;166.0000000;988;4405;H
5s;4.4;100%;0.00000;166.00000;37;1085;155.00000;1199;7991
5s;2.5;100%;0.00000;165.0000000;1261;H14592
10s;4.0;94.5%;9.00000;165.00000;157;62;85.00000;1290;14633
15s;4.8;94.5%;9.00000;165.00000;60;45;9.00000;1573;14884
15s;5.1;94.5%;9.00000;164.0000000;1628;H15085
21s;7.2;94.5%;9.00000;164.00000;36;91;114.00000;7652;25832
21s;7.2;94.4%;9.00000;162.0000000;7614;H25842
25s;8.1;94.4%;9.00000;162.00000;33;93;126.00000;16405;39523
25s;8.1;94.4%;9.00000;161.0000000;16355;H39534
29s;8.3;94.4%;9.00000;160.0000000;20720;H41370
30s;8.5;94.4%;9.00000;160.00000;128;infeasible;24338;49816
34s;8.8;94.3%;9.00000;159.0000000;33483;H68039
35s;8.8;94.3%;9.00000;159.00000;57;69;45.00000;34154;68122
37s;9.0;94.2%;9.00000;156.0000000;40455;H79376
38s;9.1;94.2%;9.00000;155.0000000;43915;H84411
41s;9.1;94.2%;9.00000;155.00000;80;infeasible;47290;91981
41s;9.1;93.8%;9.00000;146.0000000;45284;H91990
44s;9.1;93.7%;9.00000;142.0000000;44760;H93018
45s;9.2;93.7%;9.00000;142.00000;59;65;21.00000;48007;95530
50s;9.3;93.7%;9.00000;142.00000;40;93;126.00000;61698;118677
55s;9.4;93.7%;9.00000;142.00000;67;66;27.00000;70531;133054
60s;9.5;93.7%;9.00000;142.00000;31;92;138.00000;83769;156878
65s;9.5;93.7%;9.00000;142.00000;84;infeasible;94837;174048
71s;9.6;93.7%;9.00000;142.00000;88;infeasible;107626;200275
72s;9.6;93.6%;9.00000;141.0000000;107480;H200574
72s;9.6;93.5%;9.00000;139.0000000;106107;H200916
72s;9.6;93.5%;9.00000;138.0000000;105452;H201065
73s;9.6;93.3%;9.00000;135.0000000;105799;H202513
75s;9.7;93.3%;9.00000;135.00000;54;66;50.00000;106512;207460
80s;9.7;93.3%;9.00000;135.00000;32;102;110.00000;111494;216604
85s;9.8;93.3%;9.00000;135.00000;74;61;14.00000;120455;231804
92s;9.9;93.3%;9.00000;135.00000;80;infeasible;129228;248205
95s;9.9;93.3%;9.00000;135.00000;59;51;40.00000;135197;255720
100s;9.9;93.3%;9.00000;135.00000;46;72;66.00000;145968;275320
106s;9.9;93.3%;9.00000;135.00000;39;79;99.00000;154317;293310
110s;9.9;93.3%;9.00000;135.00000;37;100;96.00000;162436;304933
115s;9.9;93.3%;9.00000;135.00000;55;67;61.00000;173710;324939
120s;9.9;93.3%;9.00000;134.0000000;178015;H336748
125s;9.9;93.3%;9.00000;134.00000;31;91;111.00000;189622;355937
131s;9.9;93.3%;9.00000;134.00000;62;56;24.06513;194584;365874
135s;9.9;93.3%;9.00000;134.00000;48;65;46.00000;202701;377721
141s;9.9;93.3%;9.00000;134.00000;69;67;23.10455;211919;396712
141s;9.9;93.2%;9.00000;133.0000000;210625;H397275
145s;9.9;93.2%;9.00000;133.00000;42;78;103.00000;217283;401148
150s;9.9;93.2%;9.00000;133.00000;30;97;99.00000;228214;427138
155s;9.9;93.2%;9.00000;133.00000;101;infeasible;234210;439018
160s;9.9;93.2%;9.00000;133.00000;101;infeasible;244997;458065
165s;9.9;93.2%;9.00000;133.00000;37;96;115.00000;252044;469601
170s;9.9;93.2%;9.00000;133.00000;50;75;33.10169;262127;485664
175s;9.9;93.2%;9.00000;133.00000;74;infeasible;267962;499965
180s;10.0;93.2%;9.00000;133.00000;92;infeasible;279103;517411
185s;9.9;93.2%;9.00000;133.00000;57;67;57.00000;286311;533166
191s;10.0;93.2%;9.00000;133.00000;65;59;29.00000;291536;537265
200s;10.0;93.2%;9.00000;133.00000;59;58;17.00000;303559;546633
207s;10.0;93.2%;9.00000;133.00000;59;66;40.64384;306716;567932
211s;10.0;93.2%;9.00000;133.00000;58;67;41.00000;315924;568349
215s;10.0;93.2%;9.00000;133.00000;37;91;95.00000;320897;589371
220s;10.0;93.2%;9.00000;133.00000;40;70;69.00000;329769;606826
225s;10.0;93.2%;9.00000;133.00000;93;infeasible;334889;611237
230s;9.9;93.2%;9.00000;133.00000;50;103;82.25000;343826;630810
235s;9.9;93.2%;9.00000;133.00000;46;75;105.00000;353259;649769
245s;9.9;93.2%;9.00000;133.00000;53;78;69.00000;364708;654203
250s;10.0;93.2%;9.00000;133.00000;60;67;102.09923;365123;670219
255s;10.0;93.2%;9.00000;133.00000;61;51;43.00000;373650;684076
260s;10.0;93.2%;9.00000;133.00000;62;75;60.00000;377984;690997
266s;10.0;93.2%;9.00000;133.00000;70;54;9.00000;385201;701563
270s;10.0;93.2%;9.00000;133.00000;77;53;9.00000;393855;717760
275s;10.0;93.2%;9.00000;133.00000;44;69;91.00000;399069;729643
281s;10.0;93.2%;9.00000;133.00000;54;74;72.00000;411375;747289
285s;10.0;93.2%;9.00000;133.00000;49;80;94.00000;414615;756922
290s;9.9;93.2%;9.00000;133.00000;65;75;18.70198;424174;774481
295s;9.9;93.2%;9.00000;133.00000;53;58;39.00000;429510;781510
300s;9.9;93.2%;9.00000;133.00000;86;infeasible;438734;799286
305s;9.9;93.2%;9.00000;133.00000;21;103;100.00000;445175;811432
311s;10.0;93.2%;9.00000;133.00000;41;81;115.00000;453221;819568
316s;10.0;93.2%;9.00000;133.00000;53;72;39.00000;457833;827128
320s;10.0;93.2%;9.00000;133.00000;66;71;41.48255;464426;843340
327s;9.9;93.2%;9.00000;133.00000;38;91;96.00000;473280;860871
330s;9.9;93.2%;9.00000;133.00000;71;63;9.00000;473815;861651
337s;10.0;93.2%;9.00000;133.00000;60;79;58.00000;480421;873594
342s;10.0;93.2%;9.00000;133.00000;37;83;120.00000;489107;879730
345s;10.0;93.2%;9.00000;133.00000;43;75;113.00000;493099;892415
350s;10.0;93.2%;9.00000;133.00000;55;81;34.00000;498351;904637
355s;10.0;93.2%;9.00000;133.00000;60;70;90.13098;505399;913624
360s;10.0;93.2%;9.00000;133.00000;47;81;89.00000;514470;929674
365s;10.0;93.2%;9.00000;133.00000;71;57;10.00000;519128;939556
370s;10.0;93.2%;9.00000;133.00000;56;70;19.00000;527504;951871
376s;10.0;93.2%;9.00000;133.00000;45;69;65.00000;538074;966932
380s;10.0;93.2%;9.00000;133.00000;74;infeasible;538574;974486
387s;10.0;93.2%;9.00000;133.00000;63;68;35.39683;550692;987283
390s;10.0;93.2%;9.00000;133.00000;62;59;28.45455;555002;1001001
395s;9.9;93.2%;9.00000;133.00000;88;infeasible;558280;1009509
403s;10.0;93.2%;9.00000;133.00000;45;75;89.77381;564923;1021156
407s;10.0;93.2%;9.00000;133.00000;36;92;113.00000;567752;1025330
410s;10.0;93.2%;9.00000;133.00000;64;74;59.00000;572334;1033196
415s;10.0;93.2%;9.00000;133.00000;78;61;10.00000;581969;1047414
421s;10.0;93.2%;9.00000;133.00000;48;59;49.00000;584916;1054796
425s;10.0;93.2%;9.00000;133.00000;58;68;68.00000;590649;1057250
432s;10.0;93.2%;9.00000;133.00000;51;62;51.06549;596597;1073399
436s;10.0;93.2%;9.00000;133.00000;79;infeasible;604089;1078155
440s;10.0;93.2%;9.00000;133.00000;44;81;104.00000;610609;1094515
445s;10.0;93.2%;9.00000;133.00000;42;72;97.00000;613714;1103098
450s;10.0;93.2%;9.00000;133.00000;55;85;75.13098;623043;1115521
455s;9.9;93.2%;9.00000;133.00000;83;infeasible;629236;1130334
460s;10.0;93.2%;9.00000;133.00000;58;80;33.22257;635619;1138005
465s;9.9;93.2%;9.00000;133.00000;32;93;119.00000;644710;1154892
470s;9.9;93.2%;9.00000;133.00000;38;81;118.00000;648833;1165278
477s;9.9;93.2%;9.00000;133.00000;62;69;33.00000;655577;1176824
480s;9.9;93.2%;9.00000;133.00000;59;71;36.00000;656150;1176898
486s;10.0;93.2%;9.00000;133.00000;62;60;24.06513;665401;1189273
491s;10.0;93.2%;9.00000;133.00000;86;infeasible;668957;1199877
500s;10.0;93.2%;9.00000;133.00000;63;60;27.00000;678367;1199956
505s;10.0;93.2%;9.00000;133.00000;56;84;14.00000;678797;1215972
510s;10.0;93.2%;9.00000;133.00000;33;99;118.00000;685957;1224567
515s;10.0;93.2%;9.00000;133.00000;70;infeasible;694342;1241588
520s;10.0;93.2%;9.00000;133.00000;95;infeasible;699750;1250720
526s;10.0;93.2%;9.00000;133.00000;36;79;117.00000;709539;1266855
532s;10.0;93.2%;9.00000;133.00000;88;infeasible;716942;1281565
535s;10.0;93.2%;9.00000;133.00000;72;66;23.32899;722611;1289914
540s;10.0;93.2%;9.00000;133.00000;36;81;108.06887;730765;1306809
545s;10.0;93.2%;9.00000;133.00000;48;75;118.18848;738544;1319186
551s;10.0;93.2%;9.00000;133.00000;40;81;105.00000;738542;1322687
555s;10.0;93.2%;9.00000;133.00000;62;63;44.00000;743911;1328649
567s;10.0;93.2%;9.00000;133.00000;56;70;23.00000;753260;1332589
572s;10.1;93.2%;9.00000;133.00000;44;78;96.00000;754249;1348605
575s;10.1;93.2%;9.00000;133.00000;42;79;121.08879;758158;1350400
582s;10.0;93.2%;9.00000;133.00000;49;72;75.05714;763714;1367165
585s;10.0;93.2%;9.00000;133.00000;40;82;80.00000;769859;1374997
590s;10.0;93.2%;9.00000;133.00000;61;59;24.22551;778099;1390200
595s;10.0;93.2%;9.00000;133.00000;34;81;126.00000;786484;1402745
601s;10.0;93.2%;9.00000;133.00000;26;89;124.00000;792539;1417366
605s;10.0;93.2%;9.00000;133.00000;29;89;117.00000;800838;1429463
610s;10.0;93.2%;9.00000;133.00000;53;73;58.00000;810314;1444575
616s;10.0;93.2%;9.00000;133.00000;21;104;126.00000;815769;1455971
620s;10.0;93.2%;9.00000;133.00000;46;74;51.00000;823033;1465652
625s;10.0;93.2%;9.00000;133.00000;46;73;47.00000;829851;1481039
632s;10.0;93.2%;9.00000;133.00000;90;infeasible;831645;1484597
635s;10.0;93.2%;9.00000;133.00000;31;108;105.00000;834246;1488362
641s;10.0;93.2%;9.00000;133.00000;53;65;44.00000;840032;1500262
645s;10.0;93.2%;9.00000;133.00000;71;infeasible;846253;1507728
650s;10.0;93.2%;9.00000;133.00000;57;61;20.53789;853524;1521676
656s;10.0;93.2%;9.00000;133.00000;21;112;122.00000;858999;1533115
667s;10.0;93.2%;9.00000;133.00000;113;infeasible;867828;1533218
671s;10.1;93.2%;9.00000;133.00000;57;65;61.43318;868562;1549234
675s;10.1;93.2%;9.00000;133.00000;56;66;62.00000;874166;1550466
680s;10.1;93.2%;9.00000;133.00000;41;68;102.00000;880773;1569866
685s;10.0;93.2%;9.00000;133.00000;85;56;25.74340;885084;1577583
690s;10.0;93.2%;9.00000;133.00000;53;82;69.00000;892974;1592086
695s;10.0;93.2%;9.00000;133.00000;42;71;130.00000;901389;1604849
700s;10.0;93.2%;9.00000;133.00000;66;58;34.00000;904077;1614383
705s;10.0;93.2%;9.00000;133.00000;46;74;93.77381;907816;1621022
710s;10.0;93.2%;9.00000;133.00000;69;68;37.00000;915095;1630757
715s;10.0;93.2%;9.00000;133.00000;54;73;23.21910;918166;1635144
721s;10.0;93.2%;9.00000;133.00000;51;74;57.00000;927744;1650639
725s;10.0;93.2%;9.00000;133.00000;43;72;80.05714;932148;1663139
740s;10.0;93.2%;9.00000;133.00000;59;68;80.00000;945291;1670841
746s;10.1;93.2%;9.00000;133.00000;68;64;20.05650;946975;1686857
751s;10.1;93.2%;9.00000;133.00000;50;79;76.02103;953816;1697803
755s;10.1;93.2%;9.00000;133.00000;64;82;87.36726;955327;1704486
761s;10.0;93.2%;9.00000;133.00000;41;92;119.00000;965224;1718505
765s;10.0;93.2%;9.00000;133.00000;75;65;14.00000;972556;1733270
770s;10.0;93.2%;9.00000;133.00000;34;93;110.00000;981066;1748446
775s;10.0;93.2%;9.00000;133.00000;82;infeasible;985333;1756270
780s;10.0;93.2%;9.00000;133.00000;98;infeasible;993364;1770697
785s;10.0;93.2%;9.00000;133.00000;60;66;22.00000;1002788;1782906
790s;10.0;93.2%;9.00000;133.00000;65;53;27.00000;1007573;1794307
797s;10.0;93.2%;9.00000;133.00000;45;64;78.00000;1012309;1802399
800s;10.0;93.2%;9.00000;133.00000;44;65;80.00000;1012311;1802419
805s;10.0;93.2%;9.00000;133.00000;52;69;43.00000;1018563;1808145
810s;10.0;93.2%;9.00000;133.00000;50;78;76.00000;1025728;1823621
824s;10.0;93.2%;9.00000;133.00000;53;84;45.00000;1034874;1827179
830s;10.1;93.2%;9.00000;133.00000;51;72;68.00000;1036002;1843195
836s;10.1;93.2%;9.00000;133.00000;57;80;85.00000;1043028;1852613
840s;10.0;93.2%;9.00000;133.00000;29;81;130.00000;1044194;1859553
846s;10.0;93.2%;9.00000;133.00000;61;77;47.31068;1055226;1874615
850s;10.0;93.2%;9.00000;133.00000;56;83;72.00000;1061810;1888687
855s;10.0;93.2%;9.00000;133.00000;49;62;49.00000;1070311;1903700
860s;10.0;93.2%;9.00000;133.00000;102;infeasible;1074490;1911114
865s;10.0;93.2%;9.00000;133.00000;98;infeasible;1082864;1926764
872s;10.0;93.2%;9.00000;133.00000;79;48;9.00000;1089522;1941423
883s;10.0;93.2%;9.00000;133.00000;84;47;9.00000;1098789;1941462
885s;10.0;93.2%;9.00000;133.00000;98;infeasible;1098789;1952473
893s;10.0;93.2%;9.00000;133.00000;74;60;9.00000;1099337;1958440
896s;10.0;93.2%;9.00000;133.00000;68;61;9.00000;1103553;1958456
902s;10.0;93.2%;9.00000;133.00000;35;87;127.00000;1105574;1969287
905s;10.0;93.2%;9.00000;133.00000;34;97;83.00000;1110363;1974939
910s;10.0;93.2%;9.00000;133.00000;41;89;121.00000;1117188;1986302
915s;10.0;93.2%;9.00000;133.00000;51;80;78.00000;1126041;2003425
921s;10.0;93.2%;9.00000;133.00000;50;61;97.78174;1129576;2013106
925s;10.0;93.2%;9.00000;133.00000;41;89;105.00000;1135149;2020641
930s;10.0;93.2%;9.00000;133.00000;59;86;81.00000;1141705;2030836
935s;10.0;93.2%;9.00000;133.00000;50;68;97.50259;1149858;2046422
940s;10.0;93.2%;9.00000;133.00000;30;102;121.00000;1151376;2052506
951s;10.0;93.2%;9.00000;133.00000;26;103;121.00000;1160759;2052609
958s;10.0;93.2%;9.00000;133.00000;42;71;100.00000;1162582;2068625
961s;10.0;93.2%;9.00000;133.00000;98;infeasible;1167630;2071804
965s;10.0;93.2%;9.00000;133.00000;44;68;82.00000;1171460;2085684
970s;10.0;93.2%;9.00000;133.00000;79;45;9.00000;1180125;2100542
975s;10.0;93.2%;9.00000;133.00000;34;86;118.00000;1182855;2107702
982s;10.0;93.2%;9.00000;133.00000;54;69;74.00000;1189073;2119136
985s;10.0;93.2%;9.00000;133.00000;45;70;75.09424;1189181;2119155
991s;10.0;93.2%;9.00000;133.00000;54;76;86.00000;1197958;2126257
998s;10.0;93.2%;9.00000;133.00000;68;60;19.02247;1201943;2141445
1000s;10.0;93.2%;9.00000;133.00000;57;69;44.00000;1205479;2144135
1005s;10.0;93.2%;9.00000;133.00000;51;74;77.40678;1210612;2155812
1010s;10.0;93.2%;9.00000;133.00000;43;87;95.00000;1218358;2168613
1016s;10.0;93.2%;9.00000;133.00000;59;48;80.00000;1222635;2177570
1020s;10.0;93.2%;9.00000;133.00000;61;61;33.00000;1228278;2183580
1026s;10.0;93.2%;9.00000;133.00000;42;94;131.04571;1236593;2192770
1032s;10.0;93.2%;9.00000;133.00000;55;68;58.09424;1239030;2206480
1035s;10.0;93.2%;9.00000;133.00000;29;93;96.00000;1244183;2211430
1041s;10.0;93.2%;9.00000;133.00000;108;infeasible;1250243;2222997
1045s;10.0;93.2%;9.00000;133.00000;63;66;20.00000;1256863;2233200
1050s;10.0;93.2%;9.00000;133.00000;66;61;19.07768;1259597;2241184
1055s;10.0;93.2%;9.00000;133.00000;67;62;29.00000;1267413;2251042
1062s;10.0;93.2%;9.00000;133.00000;23;84;126.00000;1273401;2263961
1065s;10.0;93.2%;9.00000;133.00000;53;64;54.00000;1278775;2269234
1070s;10.0;93.2%;9.00000;133.00000;29;103;121.00000;1286242;2280861
1075s;10.0;93.2%;9.00000;133.00000;35;78;96.00000;1287376;2286490
1080s;10.0;93.2%;9.00000;133.00000;44;69;68.00000;1288903;2288861
1089s;10.0;93.2%;9.00000;133.00000;76;60;11.06494;1293901;2298753
1091s;10.0;93.2%;9.00000;133.00000;38;70;101.00000;1297007;2300043
1096s;10.0;93.2%;9.00000;133.00000;56;60;15.00000;1302047;2311862
1100s;10.0;93.2%;9.00000;133.00000;66;61;14.00000;1309093;2322140
1105s;10.0;93.2%;9.00000;133.00000;48;68;117.00000;1310401;2326759
1111s;10.0;93.2%;9.00000;133.00000;64;69;25.10112;1318007;2331392
1115s;10.0;93.2%;9.00000;133.00000;33;98;91.00000;1322591;2345103
1120s;10.0;93.2%;9.00000;133.00000;43;81;86.00000;1329148;2357218
1125s;10.0;93.2%;9.00000;133.00000;59;64;48.16907;1329551;2360543
1130s;10.0;93.2%;9.00000;133.00000;64;57;9.00000;1336632;2372057
1135s;10.0;93.2%;9.00000;133.00000;65;74;33.00000;1341713;2381608
1140s;10.0;93.2%;9.00000;133.00000;48;66;97.00000;1350019;2392608
1145s;10.0;93.2%;9.00000;133.00000;48;55;30.00000;1351114;2398108
1150s;10.0;93.2%;9.00000;133.00000;60;62;30.20000;1359079;2410016
1155s;10.0;93.2%;9.00000;133.00000;44;82;79.00000;1364289;2421038
1161s;10.0;93.2%;9.00000;133.00000;68;73;28.00000;1366996;2426894
1166s;10.0;93.2%;9.00000;133.00000;137;infeasible;1372952;2435920
1170s;10.0;93.2%;9.00000;133.00000;77;52;13.00000;1372962;2437495
1178s;10.0;93.2%;9.00000;133.00000;70;66;15.00000;1378569;2447489
1182s;10.0;93.2%;9.00000;133.00000;71;67;43.64980;1378579;2447565
1185s;10.0;93.2%;9.00000;133.00000;40;88;85.00000;1381681;2451265
1192s;10.0;93.2%;9.00000;133.00000;81;infeasible;1386782;2461797
1195s;10.0;93.2%;9.00000;133.00000;43;75;122.00000;1389738;2463420
1201s;10.0;93.2%;9.00000;133.00000;50;92;70.00000;1398479;2477746
1207s;10.0;93.2%;9.00000;133.00000;29;94;129.34940;1401145;2487005
1210s;10.0;93.2%;9.00000;133.00000;40;91;122.00000;1405897;2492066
1215s;9.9;93.2%;9.00000;133.00000;37;87;119.00000;1412916;2504997
1220s;9.9;93.2%;9.00000;133.00000;50;79;65.00000;1419181;2517299
1226s;9.9;93.2%;9.00000;133.00000;74;59;20.47705;1422589;2525514
1230s;10.0;93.2%;9.00000;133.00000;87;49;12.97508;1427299;2531108
1235s;9.9;93.2%;9.00000;133.00000;88;infeasible;1432716;2542756
1240s;9.9;93.2%;9.00000;133.00000;86;infeasible;1439293;2551818
1245s;9.9;93.2%;9.00000;133.00000;68;74;10.00000;1446340;2563722
1250s;9.9;93.2%;9.00000;133.00000;44;72;110.00000;1446346;2568290
1258s;9.9;93.2%;9.00000;133.00000;64;69;44.09424;1451439;2577413
1260s;9.9;93.2%;9.00000;133.00000;67;70;19.00000;1452403;2578264
1266s;9.9;93.2%;9.00000;133.00000;35;88;116.00000;1455543;2585465
1279s;9.9;93.2%;9.00000;133.00000;48;89;116.20339;1464543;2585649
1285s;10.0;93.2%;9.00000;133.00000;66;58;11.00000;1465077;2601665
1292s;10.0;93.2%;9.00000;133.00000;37;85;129.10769;1473166;2612880
1295s;10.0;93.2%;9.00000;133.00000;37;88;99.00000;1477421;2622247
1301s;10.0;93.2%;9.00000;133.00000;64;58;24.00000;1485665;2635101
1306s;10.0;93.2%;9.00000;133.00000;49;73;73.00000;1487026;2642056
1310s;10.0;93.2%;9.00000;133.00000;41;84;127.00000;1492861;2649636
1315s;10.0;93.2%;9.00000;133.00000;34;91;130.00000;1501059;2664669
1320s;9.9;93.2%;9.00000;133.00000;58;58;41.00000;1507900;2676826
1325s;9.9;93.2%;9.00000;133.00000;94;infeasible;1514806;2689580
1331s;9.9;93.2%;9.00000;133.00000;44;85;76.00000;1518116;2698327
1335s;9.9;93.2%;9.00000;133.00000;63;81;80.00000;1523019;2702872
1340s;9.9;93.2%;9.00000;133.00000;34;82;119.00000;1530627;2717398
1346s;9.9;93.2%;9.00000;133.00000;102;infeasible;1537952;2725809
1352s;9.9;93.2%;9.00000;133.00000;37;68;127.00000;1537960;2734306
1356s;9.9;93.2%;9.00000;133.00000;69;infeasible;1537996;2734328
1360s;10.0;93.2%;9.00000;133.00000;41;86;122.00000;1543035;2738910
1365s;10.0;93.2%;9.00000;133.00000;48;77;60.00000;1548549;2752131
1370s;10.0;93.2%;9.00000;133.00000;32;94;114.00000;1552526;2755287
1375s;10.0;93.2%;9.00000;133.00000;71;63;39.00000;1557718;2767997
1380s;10.0;93.2%;9.00000;133.00000;52;82;55.00000;1565006;2779004
1385s;10.0;93.2%;9.00000;133.00000;61;69;18.04911;1566992;2785993
1390s;10.0;93.2%;9.00000;133.00000;36;87;103.00000;1572043;2791984
1395s;10.0;93.2%;9.00000;133.00000;38;100;72.00000;1579001;2807075
1400s;10.0;93.2%;9.00000;133.00000;79;72;21.95178;1585679;2814731
1406s;10.0;93.2%;9.00000;133.00000;54;79;116.47619;1588703;2821933
1410s;10.0;93.2%;9.00000;133.00000;65;71;43.19102;1594940;2833710
1415s;10.0;93.2%;9.00000;133.00000;42;104;92.00000;1600514;2838070
1420s;10.0;93.2%;9.00000;133.00000;70;70;19.00000;1601485;2848273
1425s;10.0;93.2%;9.00000;133.00000;47;89;93.35429;1608079;2856802
1430s;10.0;93.2%;9.00000;133.00000;63;68;67.35624;1614039;2868416
1437s;10.0;93.2%;9.00000;133.00000;59;78;34.00000;1617731;2878204
1440s;10.0;93.2%;9.00000;133.00000;64;73;27.76923;1622715;2882932
1448s;10.0;93.2%;9.00000;133.00000;38;79;121.00000;1626204;2893155
1452s;10.0;93.2%;9.00000;133.00000;55;69;60.00000;1626780;2894141
1455s;10.0;93.2%;9.00000;133.00000;59;65;37.00000;1630238;2896566
1460s;10.0;93.2%;9.00000;133.00000;48;83;102.21910;1635783;2906289
1466s;10.0;93.2%;9.00000;133.00000;77;56;10.00000;1642662;2920630
1471s;10.0;93.2%;9.00000;133.00000;58;64;62.24044;1644375;2926334
1475s;10.0;93.2%;9.00000;133.00000;56;66;44.40000;1649045;2928272
1480s;10.0;93.2%;9.00000;133.00000;29;80;114.00000;1656090;2942410
1485s;10.0;93.2%;9.00000;133.00000;111;infeasible;1661036;2955483
1492s;10.0;93.2%;9.00000;133.00000;109;infeasible;1665759;2964625
1496s;10.0;93.2%;9.00000;133.00000;58;72;37.00000;1671822;2970744
1500s;10.0;93.2%;9.00000;133.00000;66;75;33.00000;1676926;2981778
1508s;10.0;93.2%;9.00000;133.00000;42;81;115.00000;1682328;2993781
1511s;10.0;93.2%;9.00000;133.00000;47;87;93.00000;1686301;2995705
1516s;10.0;93.2%;9.00000;133.00000;40;94;85.00000;1691965;3006948
1522s;10.0;93.2%;9.00000;133.00000;36;87;101.00000;1699844;3015885
1528s;10.0;93.2%;9.00000;133.00000;76;58;19.00000;1699853;3024576
1530s;10.0;93.2%;9.00000;133.00000;82;infeasible;1702918;3026250
1535s;10.0;93.2%;9.00000;133.00000;38;88;128.00000;1709538;3037703
1540s;10.0;93.2%;9.00000;133.00000;24;103;126.00000;1715650;3049914
1545s;10.0;93.2%;9.00000;133.00000;65;56;9.00000;1721351;3058877
1550s;10.0;93.2%;9.00000;133.00000;71;61;21.00000;1721364;3063195
1555s;10.0;93.2%;9.00000;133.00000;43;107;110.00000;1722258;3063911
1560s;10.0;93.2%;9.00000;133.00000;49;76;104.00000;1729034;3072751
1565s;10.0;93.2%;9.00000;133.00000;80;57;22.00000;1729312;3076202
1571s;10.0;93.2%;9.00000;133.00000;34;107;118.00000;1737396;3083762
1575s;10.0;93.2%;9.00000;133.00000;49;82;107.00000;1740620;3095831
1580s;10.0;93.2%;9.00000;133.00000;87;61;16.77467;1747162;3105959
1585s;10.0;93.2%;9.00000;133.00000;91;infeasible;1747872;3108827
1591s;10.0;93.2%;9.00000;133.00000;43;74;86.00000;1755163;3119681
1595s;10.0;93.2%;9.00000;133.00000;46;73;60.07602;1759750;3128902
1603s;10.0;93.2%;9.00000;133.00000;116;infeasible;1766261;3143350
1606s;10.0;93.2%;9.00000;133.00000;62;64;39.00000;1768791;3144826
1610s;10.0;93.2%;9.00000;133.00000;67;60;27.04678;1773564;3156269
1615s;10.0;93.2%;9.00000;133.00000;53;86;70.00000;1779415;3166721
1625s;10.0;93.2%;9.00000;133.00000;93;infeasible;1785385;3178334
1631s;10.0;93.2%;9.00000;133.00000;39;79;119.00000;1791208;3188124
1635s;10.0;93.2%;9.00000;133.00000;62;65;41.19536;1796503;3189172
1640s;10.0;93.2%;9.00000;133.00000;128;infeasible;1801272;3206889
1647s;10.0;93.2%;9.00000;133.00000;84;infeasible;1805715;3215735
1650s;10.0;93.2%;9.00000;133.00000;68;65;9.00000;1808542;3219934
1656s;10.0;93.2%;9.00000;133.00000;57;85;94.00000;1810020;3223443
1661s;10.0;93.2%;9.00000;133.00000;33;101;94.00000;1811050;3224906
1666s;10.0;93.2%;9.00000;133.00000;45;81;85.00000;1817103;3231755
1670s;10.0;93.2%;9.00000;133.00000;40;87;129.10989;1821338;3240496
1675s;10.0;93.2%;9.00000;133.00000;58;75;83.78781;1827264;3253116
1680s;10.0;93.2%;9.00000;133.00000;65;65;67.00000;1828117;3254362
1685s;10.0;93.2%;9.00000;133.00000;59;69;47.00000;1834259;3261482
1691s;10.0;93.2%;9.00000;133.00000;65;71;39.15344;1839805;3273354
1695s;10.0;93.2%;9.00000;133.00000;55;63;67.00000;1844395;3283180
1701s;10.0;93.2%;9.00000;133.00000;66;77;40.00000;1846697;3290065
1705s;10.0;93.2%;9.00000;133.00000;44;67;111.00000;1851259;3294760
1710s;10.0;93.2%;9.00000;133.00000;43;99;117.00000;1857752;3306738
1716s;10.0;93.2%;9.00000;133.00000;47;80;96.00000;1865673;3318855
1723s;10.0;93.2%;9.00000;133.00000;77;infeasible;1869277;3329750
1725s;10.0;93.2%;9.00000;133.00000;70;61;73.21915;1871815;3332267
1731s;10.0;93.2%;9.00000;133.00000;101;infeasible;1878298;3343920
1735s;10.0;93.2%;9.00000;133.00000;73;70;43.37370;1883824;3353870
1743s;10.0;93.2%;9.00000;133.00000;87;60;20.00000;1887712;3363576
1745s;10.0;93.2%;9.00000;133.00000;51;79;92.00000;1889234;3363876
1751s;10.0;93.2%;9.00000;133.00000;66;68;24.20339;1889245;3366745
1757s;10.0;93.2%;9.00000;133.00000;64;74;33.00000;1896265;3368953
1764s;10.0;93.2%;9.00000;133.00000;68;62;19.00000;1897959;3381609
1765s;10.0;93.2%;9.00000;133.00000;62;60;14.00000;1899124;3382788
1771s;10.0;93.2%;9.00000;133.00000;68;64;29.00000;1904426;3393020
1775s;10.0;93.2%;9.00000;133.00000;55;59;101.00000;1909474;3400386
1781s;10.0;93.2%;9.00000;133.00000;51;62;43.03884;1916866;3406937
1788s;10.0;93.2%;9.00000;133.00000;67;70;16.10169;1918771;3418909
1791s;10.0;93.2%;9.00000;133.00000;75;65;9.00000;1922744;3423151
1796s;10.0;93.2%;9.00000;133.00000;80;57;9.00000;1928871;3427665
1800s;10.0;93.2%;9.00000;133.00000;114;infeasible;1932238;3442134
1805s;10.0;93.2%;9.00000;133.00000;63;59;43.00256;1938738;3451126
1813s;10.0;93.2%;9.00000;133.00000;36;90;122.00000;1941581;3460395
1815s;10.0;93.2%;9.00000;133.00000;61;64;42.00000;1944441;3462304
1822s;10.0;93.2%;9.00000;133.00000;48;76;111.02257;1952023;3471040
1825s;10.0;93.2%;9.00000;133.00000;47;72;65.07885;1954285;3480109
1830s;10.0;93.2%;9.00000;133.00000;68;64;20.29914;1960670;3490326
1837s;10.0;93.2%;9.00000;133.00000;46;71;122.00000;1962938;3499573
1841s;10.0;93.2%;9.00000;133.00000;47;74;90.00000;1966590;3503827
1846s;10.0;93.2%;9.00000;133.00000;44;82;90.12573;1972331;3515629
1850s;10.0;93.2%;9.00000;133.00000;57;81;84.00000;1977638;3524620
1855s;10.0;93.2%;9.00000;133.00000;73;59;22.55556;1977684;3527599
1860s;10.0;93.2%;9.00000;133.00000;72;60;23.00000;1977929;3527697
1865s;10.0;93.2%;9.00000;133.00000;38;101;127.00000;1982161;3534688
1871s;10.0;93.2%;9.00000;133.00000;66;68;52.08197;1984726;3538260
1877s;10.0;93.2%;9.00000;133.00000;79;70;18.14250;1991375;3548176
1881s;10.0;93.2%;9.00000;133.00000;44;93;71.00000;1995682;3556846
1888s;10.0;93.2%;9.00000;133.00000;64;88;48.00000;1997669;3564875
1890s;10.0;93.2%;9.00000;133.00000;55;77;80.16842;2000395;3566389
1895s;10.0;93.2%;9.00000;133.00000;93;infeasible;2006949;3577311
1900s;10.0;93.2%;9.00000;133.00000;68;75;13.04678;2012148;3588859
1906s;10.0;93.2%;9.00000;133.00000;43;85;128.00000;2014493;3594969
1910s;10.0;93.2%;9.00000;133.00000;40;81;79.00000;2018821;3599823
1915s;10.0;93.2%;9.00000;133.00000;52;100;94.00000;2025434;3611791
1921s;10.0;93.2%;9.00000;133.00000;64;58;14.87398;2031216;3621886
1926s;10.0;93.2%;9.00000;133.00000;79;68;33.53846;2031597;3627165
1931s;10.0;93.2%;9.00000;133.00000;67;67;43.05848;2037731;3634848
1935s;10.0;93.2%;9.00000;133.00000;65;73;53.07098;2042097;3644760
1941s;10.0;93.2%;9.00000;133.00000;38;79;80.23655;2047679;3652753
1946s;10.0;93.2%;9.00000;133.00000;69;70;43.00000;2048287;3657566
1951s;10.0;93.2%;9.00000;133.00000;60;76;68.87270;2053327;3666108
1956s;10.0;93.2%;9.00000;133.00000;52;73;81.00000;2059183;3667110
1963s;10.0;93.2%;9.00000;133.00000;46;71;77.01685;2059185;3677948
1968s;10.0;93.2%;9.00000;133.00000;50;72;77.01685;2059201;3677975
1970s;10.0;93.2%;9.00000;133.00000;71;78;14.00000;2061029;3680613
1975s;10.0;93.2%;9.00000;133.00000;43;93;107.00000;2065584;3688790
1980s;10.0;93.2%;9.00000;133.00000;54;56;44.00000;2069674;3689928
1985s;10.0;93.2%;9.00000;133.00000;63;60;50.00000;2074344;3704692
1992s;10.0;93.2%;9.00000;133.00000;61;66;32.08936;2082273;3711846
1995s;10.0;93.2%;9.00000;133.00000;58;74;40.00000;2084476;3721287
2000s;10.0;93.2%;9.00000;133.00000;76;53;10.00000;2085090;3724645
2005s;10.0;93.2%;9.00000;133.00000;82;infeasible;2091193;3732131
2010s;10.0;93.2%;9.00000;133.00000;69;73;72.13666;2097395;3746983
2016s;10.0;93.2%;9.00000;133.00000;79;62;19.00000;2101011;3750973
2020s;10.0;93.2%;9.00000;133.00000;32;86;121.00000;2105654;3755535
2025s;10.0;93.2%;9.00000;133.00000;89;infeasible;2111697;3770701
2031s;10.0;93.2%;9.00000;133.00000;59;64;10.00000;2119198;3778304
2038s;10.0;93.2%;9.00000;133.00000;61;88;112.09824;2119214;3786592
2044s;10.0;93.2%;9.00000;133.00000;45;105;96.00000;2119617;3787243
2045s;10.0;93.2%;9.00000;133.00000;65;58;33.71500;2120647;3788204
2050s;10.0;93.2%;9.00000;133.00000;63;75;27.00000;2126399;3795729
2058s;10.0;93.2%;9.00000;133.00000;58;81;69.00000;2128926;3804332
2060s;10.0;93.2%;9.00000;133.00000;80;71;12.70185;2131674;3805602
2066s;10.0;93.2%;9.00000;133.00000;73;57;9.00000;2132409;3810622
2071s;10.0;93.2%;9.00000;133.00000;75;52;17.00000;2138213;3816746
2077s;10.0;93.2%;9.00000;133.00000;64;70;46.00000;2143928;3822099
2084s;10.0;93.2%;9.00000;133.00000;46;92;119.00000;2143935;3831313
2085s;10.0;93.2%;9.00000;133.00000;39;78;104.00000;2144957;3832111
2091s;10.0;93.2%;9.00000;133.00000;33;91;104.00000;2153495;3843861
2095s;10.0;93.2%;9.00000;133.00000;47;70;63.00000;2157437;3854200
2104s;10.0;93.2%;9.00000;133.00000;54;72;60.07768;2163360;3865585
2118s;10.0;93.2%;9.00000;133.00000;59;73;61.00000;2172446;3865751
2120s;10.0;93.2%;9.00000;133.00000;58;71;126.09357;2172446;3875761
2127s;10.0;93.2%;9.00000;133.00000;52;74;53.00000;2173519;3881767
2132s;10.0;93.2%;9.00000;133.00000;46;75;70.00000;2179082;3883608
2135s;10.0;93.2%;9.00000;133.00000;44;83;110.09478;2181457;3893388
2140s;10.0;93.2%;9.00000;133.00000;36;90;127.00000;2188421;3907808
2148s;10.0;93.2%;9.00000;133.00000;81;infeasible;2193512;3919231
2151s;10.0;93.2%;9.00000;133.00000;36;91;121.00000;2196894;3922460
2155s;10.0;93.2%;9.00000;133.00000;75;55;9.00000;2201799;3932198
2160s;10.0;93.2%;9.00000;133.00000;74;65;12.09424;2209267;3944969
2165s;10.0;93.2%;9.00000;133.00000;57;81;72.00000;2216266;3958016
2173s;10.0;93.2%;9.00000;133.00000;83;67;10.00000;2218807;3964945
2175s;10.0;93.2%;9.00000;133.00000;69;59;12.20093;2221413;3966697
2184s;10.0;93.2%;9.00000;133.00000;54;75;44.00000;2224646;3975855
2185s;10.0;93.2%;9.00000;133.00000;48;70;47.09589;2225167;3975871
2191s;10.0;93.2%;9.00000;133.00000;76;57;9.00000;2232943;3982674
2197s;10.0;93.2%;9.00000;133.00000;55;74;116.00000;2233138;3990262
2200s;10.0;93.2%;9.00000;133.00000;47;83;64.00000;2236192;3992317
2208s;10.0;93.2%;9.00000;133.00000;54;63;57.00000;2246390;4004006
2210s;10.0;93.2%;9.00000;133.00000;77;59;17.00000;2246960;4013861
2219s;10.0;93.2%;9.00000;133.00000;46;90;121.00000;2251039;4021322
2220s;10.0;93.2%;9.00000;133.00000;47;90;99.00000;2251468;4021339
2225s;10.0;93.2%;9.00000;133.00000;77;70;10.00000;2256620;4030745
2230s;10.0;93.2%;9.00000;133.00000;37;104;112.00000;2263776;4040741
2235s;10.0;93.2%;9.00000;133.00000;33;93;130.00000;2269190;4050174
2240s;10.0;93.2%;9.00000;133.00000;55;72;104.09462;2274366;4060755
2248s;10.0;93.2%;9.00000;133.00000;70;68;27.00000;2277501;4069181
2251s;10.0;93.2%;9.00000;133.00000;67;68;66.00000;2280759;4070713
2255s;10.0;93.2%;9.00000;133.00000;32;82;117.00000;2285346;4079917
2263s;10.0;93.2%;9.00000;133.00000;60;70;74.00000;2293146;4088452
2265s;10.0;93.2%;9.00000;133.00000;64;68;44.00000;2293735;4097869
2270s;10.0;93.2%;9.00000;133.00000;53;72;39.00000;2293747;4098952
2275s;10.0;93.2%;9.00000;133.00000;94;infeasible;2298485;4106794
2281s;10.0;93.2%;9.00000;133.00000;64;72;30.41903;2305448;4112180
2285s;10.0;93.2%;9.00000;133.00000;64;66;44.31975;2309185;4124879
2296s;10.0;93.2%;9.00000;133.00000;53;87;88.00000;2313492;4135662
2301s;10.0;93.2%;9.00000;133.00000;50;88;95.00000;2313501;4135682
2306s;10.0;93.2%;9.00000;133.00000;36;95;114.00000;2318313;4139348
2310s;10.0;93.2%;9.00000;133.00000;39;91;114.00000;2323516;4148865
2315s;10.0;93.2%;9.00000;133.00000;46;77;85.22604;2323706;4152398
2327s;10.0;93.2%;9.00000;133.00000;46;78;91.24181;2333004;4152737
2336s;10.0;93.2%;9.00000;133.00000;48;87;67.00000;2333270;4168753
2341s;10.0;93.2%;9.00000;133.00000;68;58;26.16091;2338180;4174862
2345s;10.0;93.2%;9.00000;133.00000;56;76;55.55556;2342987;4184163
2352s;10.0;93.2%;9.00000;133.00000;38;87;122.00000;2352013;4198308
2355s;10.0;93.2%;9.00000;133.00000;32;87;122.00000;2356224;4208065
2363s;10.0;93.2%;9.00000;133.00000;44;84;111.00000;2360072;4217327
2365s;10.0;93.2%;9.00000;133.00000;56;77;33.62963;2362485;4218578
2370s;10.0;93.2%;9.00000;133.00000;44;86;103.00000;2367717;4229650
2375s;10.0;93.2%;9.00000;133.00000;70;68;44.00000;2375087;4240111
2385s;10.0;93.2%;9.00000;133.00000;58;69;58.60887;2379732;4250752
2390s;10.0;93.2%;9.00000;133.00000;39;81;117.00000;2385799;4258368
2395s;10.0;93.2%;9.00000;133.00000;35;99;97.00000;2390853;4269347
2403s;10.0;93.2%;9.00000;133.00000;32;101;111.00000;2392949;4273566
2409s;10.0;93.2%;9.00000;133.00000;74;58;19.29347;2392961;4274099
2410s;10.0;93.2%;9.00000;133.00000;72;59;20.00000;2393378;4274117
2415s;10.0;93.2%;9.00000;133.00000;104;infeasible;2398630;4283067
2420s;10.0;93.2%;9.00000;133.00000;92;infeasible;2403510;4291983
2425s;10.0;93.2%;9.00000;133.00000;48;76;96.13918;2409205;4300577
2432s;10.0;93.2%;9.00000;133.00000;105;infeasible;2410824;4306624
2436s;10.0;93.2%;9.00000;133.00000;69;66;50.00000;2416132;4311871
2440s;10.0;93.2%;9.00000;133.00000;37;77;123.05714;2420395;4320377
2445s;10.0;93.2%;9.00000;133.00000;49;85;88.00000;2426732;4332021
2453s;10.0;93.2%;9.00000;133.00000;48;80;109.00000;2428166;4336386
2456s;10.0;93.2%;9.00000;133.00000;56;78;90.08772;2430459;4337779
2461s;10.0;93.2%;9.00000;133.00000;38;77;128.00000;2436511;4341854
2467s;10.0;93.2%;9.00000;133.00000;44;108;78.00000;2441467;4356926
2471s;10.0;93.2%;9.00000;133.00000;40;84;127.00000;2445199;4366853
2475s;10.0;93.2%;9.00000;133.00000;41;75;121.00000;2450504;4376079
2481s;10.0;93.2%;9.00000;133.00000;57;85;55.11290;2450550;4378856
2494s;10.0;93.2%;9.00000;133.00000;55;86;68.00000;2460073;4378983
2495s;10.0;93.2%;9.00000;133.00000;51;60;40.00000;2460073;4379984
2504s;10.0;93.2%;9.00000;133.00000;30;80;126.00000;2460194;4394999
2507s;10.0;93.2%;9.00000;133.00000;63;65;28.67992;2464000;4395209
2510s;10.0;93.2%;9.00000;133.00000;59;67;70.24471;2466127;4401803
2518s;10.0;93.2%;9.00000;133.00000;86;infeasible;2466138;4405769
2520s;10.0;93.2%;9.00000;133.00000;65;69;9.00000;2468179;4406781
2525s;10.0;93.2%;9.00000;133.00000;46;75;60.09424;2474808;4418499
2534s;10.0;93.2%;9.00000;133.00000;69;60;42.00000;2476373;4424387
2542s;10.0;93.2%;9.00000;133.00000;63;61;52.42977;2484805;4424496
2546s;10.0;93.2%;9.00000;133.00000;74;74;21.00000;2485996;4440512
2550s;10.0;93.2%;9.00000;133.00000;68;77;41.00000;2491061;4449809
2555s;10.0;93.2%;9.00000;133.00000;79;64;33.67423;2496820;4459515
2564s;10.0;93.2%;9.00000;133.00000;59;76;40.00000;2506481;4468048
2572s;10.0;93.2%;9.00000;133.00000;69;50;11.12042;2506475;4478979
2575s;10.0;93.2%;9.00000;133.00000;63;60;23.25047;2509141;4480812
2580s;10.0;93.2%;9.00000;133.00000;42;90;98.00000;2514204;4492693
2585s;10.0;93.2%;9.00000;133.00000;82;infeasible;2521316;4503732
2590s;10.0;93.2%;9.00000;133.00000;41;94;113.00000;2526033;4510308
2596s;10.0;93.2%;9.00000;133.00000;76;infeasible;2526037;4515233
2600s;10.0;93.2%;9.00000;133.00000;46;70;102.00000;2530403;4520693
2605s;10.0;93.2%;9.00000;133.00000;56;82;52.27273;2536739;4531384
2614s;10.0;93.2%;9.00000;133.00000;82;59;26.75818;2539743;4541695
2615s;10.0;93.2%;9.00000;133.00000;78;infeasible;2540572;4542456
2620s;10.0;93.2%;9.00000;133.00000;34;86;130.00000;2546449;4552018
2626s;10.0;93.2%;9.00000;133.00000;30;88;123.00000;2552402;4560190
2634s;10.0;93.2%;9.00000;133.00000;29;80;124.00000;2556144;4571044
2635s;10.0;93.2%;9.00000;133.00000;28;81;127.00000;2556669;4571063
2642s;10.0;93.2%;9.00000;133.00000;58;68;12.00000;2564114;4576526
2645s;10.0;93.2%;9.00000;133.00000;22;94;121.00000;2566482;4586141
2650s;10.0;93.2%;9.00000;133.00000;53;88;64.00000;2572787;4596713
2658s;10.0;93.2%;9.00000;133.00000;45;82;99.15413;2573211;4601861
2663s;10.0;93.2%;9.00000;133.00000;47;83;99.23042;2573281;4601877
2665s;10.0;93.2%;9.00000;133.00000;67;61;29.00000;2575094;4603978
2670s;10.0;93.2%;9.00000;133.00000;68;77;38.00000;2580442;4610963
2678s;10.0;93.2%;9.00000;133.00000;36;100;102.00000;2582613;4617955
2693s;10.0;93.2%;9.00000;133.00000;34;101;102.00000;2591909;4617987
2696s;10.0;93.2%;9.00000;133.00000;51;74;73.08772;2591909;4633002
2703s;10.1;93.2%;9.00000;133.00000;70;51;10.00000;2592277;4634003
2707s;10.1;93.2%;9.00000;133.00000;69;76;18.00000;2596528;4634586
2710s;10.0;93.2%;9.00000;133.00000;45;76;97.04678;2598992;4642299
2715s;10.0;93.2%;9.00000;133.00000;71;77;34.00000;2605770;4656822
2720s;10.0;93.2%;9.00000;133.00000;53;76;71.05848;2612247;4668653
2726s;10.0;93.2%;9.00000;133.00000;62;69;16.55556;2612332;4671208
2730s;10.0;93.2%;9.00000;133.00000;47;83;72.00000;2617621;4678563
2735s;10.0;93.2%;9.00000;133.00000;57;87;69.00000;2624667;4691311
2740s;10.0;93.2%;9.00000;133.00000;45;105;114.00000;2630250;4701849
2745s;10.0;93.2%;9.00000;133.00000;56;75;60.00000;2637098;4714312
2751s;10.0;93.2%;9.00000;133.00000;78;65;29.00000;2637117;4716642
2755s;10.0;93.2%;9.00000;133.00000;45;76;125.00000;2642254;4723333
2760s;10.0;93.2%;9.00000;133.00000;107;infeasible;2647992;4731537
2769s;10.0;93.2%;9.00000;133.00000;48;89;104.00000;2649412;4738506
2770s;10.0;93.2%;9.00000;133.00000;40;69;118.18848;2650221;4739208
2779s;10.0;93.2%;9.00000;133.00000;55;76;58.04678;2652980;4744709
2781s;10.0;93.2%;9.00000;133.00000;78;63;9.00000;2655336;4745834
2785s;10.0;93.2%;9.00000;133.00000;50;79;76.38456;2659561;4755219
2791s;10.0;93.2%;9.00000;133.00000;43;79;91.04571;2665115;4765461
2795s;10.0;93.2%;9.00000;133.00000;68;70;25.00000;2669129;4772984
2805s;10.0;93.2%;9.00000;133.00000;88;infeasible;2673564;4782345
2810s;10.0;93.2%;9.00000;133.00000;61;75;105.22127;2678177;4787520
2816s;10.0;93.2%;9.00000;133.00000;60;68;39.17806;2685133;4798496
2820s;10.0;93.2%;9.00000;133.00000;92;cutoff;2688916;4809185
2825s;10.0;93.2%;9.00000;133.00000;47;71;72.19975;2694984;4818541
2831s;10.0;93.2%;9.00000;133.00000;55;67;43.00000;2695052;4820872
2847s;10.0;93.2%;9.00000;133.00000;54;68;44.00000;2704415;4820984
2853s;10.0;93.2%;9.00000;133.00000;36;82;93.00000;2707569;4837000
2860s;10.0;93.2%;9.00000;133.00000;95;infeasible;2707689;4842598
2869s;10.0;93.2%;9.00000;133.00000;31;95;131.00000;2716591;4842842
2870s;10.0;93.2%;9.00000;133.00000;70;64;24.14102;2716591;4852852
2877s;10.0;93.2%;9.00000;133.00000;54;69;64.02985;2722051;4864405
2888s;10.0;93.2%;9.00000;133.00000;68;68;25.56208;2725370;4873957
2895s;10.0;93.2%;9.00000;133.00000;71;69;26.00000;2725410;4873974
2900s;10.0;93.2%;9.00000;133.00000;84;53;9.00000;2732193;4883889
2905s;10.0;93.2%;9.00000;133.00000;42;93;83.00000;2737092;4893518
2910s;10.0;93.2%;9.00000;133.00000;61;70;90.00000;2742859;4904246
2915s;10.0;93.2%;9.00000;133.00000;72;69;11.00000;2749025;4914018
2922s;10.0;93.2%;9.00000;133.00000;39;93;128.00000;2749033;4917634
2925s;10.0;93.2%;9.00000;133.00000;62;62;77.23472;2751822;4919076
2930s;10.0;93.2%;9.00000;133.00000;52;66;77.28966;2757161;4928736
2935s;10.0;93.2%;9.00000;133.00000;42;84;93.00000;2762026;4940301
2941s;10.0;93.2%;9.00000;133.00000;71;75;30.00000;2769210;4951102
2945s;10.0;93.2%;9.00000;133.00000;81;infeasible;2773496;4955588
2953s;10.0;93.2%;9.00000;133.00000;72;80;52.00000;2773504;4962306
2956s;10.0;93.2%;9.00000;133.00000;55;83;68.00000;2776198;4963294
2960s;10.0;93.2%;9.00000;133.00000;82;infeasible;2781278;4972199
2965s;10.0;93.2%;9.00000;133.00000;71;68;30.00000;2785678;4981111
2970s;10.0;93.2%;9.00000;133.00000;70;62;15.00000;2791685;4993550
2976s;10.0;93.2%;9.00000;133.00000;26;90;125.00000;2797274;4999468
2982s;10.0;93.2%;9.00000;133.00000;41;97;111.00000;2797319;5005927
2985s;10.0;93.2%;9.00000;133.00000;67;59;32.00000;2799934;5007143
2991s;10.0;93.2%;9.00000;133.00000;69;60;38.11777;2805294;5020122
2996s;10.0;93.2%;9.00000;133.00000;67;64;38.89108;2811459;5029147
3006s;10.0;93.2%;9.00000;133.00000;56;74;67.00000;2813673;5035965
3011s;10.0;93.2%;9.00000;133.00000;46;73;124.00000;2818457;5040722
3020s;10.0;93.2%;9.00000;133.00000;52;83;96.11111;2820009;5047844
3030s;10.1;93.2%;9.00000;133.00000;70;61;25.00000;2822936;5053091
3035s;10.1;93.2%;9.00000;133.00000;37;111;105.00000;2828330;5059159
3041s;10.1;93.2%;9.00000;133.00000;53;89;70.00000;2833994;5063919
3045s;10.1;93.2%;9.00000;133.00000;105;infeasible;2836876;5077332
3050s;10.1;93.2%;9.00000;133.00000;26;95;126.00000;2843239;5084356
3057s;10.1;93.2%;9.00000;133.00000;69;65;19.82045;2843729;5089225
3061s;10.1;93.2%;9.00000;133.00000;74;66;11.00000;2847074;5094159
3066s;10.1;93.2%;9.00000;133.00000;51;62;36.00000;2853090;5102743
3070s;10.1;93.2%;9.00000;133.00000;78;65;9.16602;2857479;5111420
3077s;10.1;93.2%;9.00000;133.00000;53;72;67.00000;2858053;5114768
3080s;10.1;93.2%;9.00000;133.00000;106;infeasible;2862354;5119376
3086s;10.1;93.2%;9.00000;133.00000;47;82;104.09424;2866880;5129380
3091s;10.1;93.2%;9.00000;133.00000;87;infeasible;2872053;5138696
3095s;10.1;93.2%;9.00000;133.00000;68;infeasible;2872843;5139572
3104s;10.1;93.2%;9.00000;133.00000;56;68;53.00000;2875381;5145087
3105s;10.1;93.2%;9.00000;133.00000;61;78;83.00000;2875847;5145503
3110s;10.1;93.2%;9.00000;133.00000;83;62;9.00000;2880445;5151049
3116s;10.1;93.2%;9.00000;133.00000;33;99;90.00000;2886310;5162041
3120s;10.1;93.2%;9.00000;133.00000;49;65;85.00000;2890192;5170049
3126s;10.1;93.2%;9.00000;133.00000;66;62;25.00000;2894655;5177879
3134s;10.1;93.2%;9.00000;133.00000;49;69;25.00000;2895009;5182071
3141s;10.1;93.2%;9.00000;133.00000;50;70;33.00000;2895020;5182099
3145s;10.1;93.2%;9.00000;133.00000;91;54;9.00000;2898971;5185616
3150s;10.1;93.2%;9.00000;133.00000;71;59;9.00000;2902190;5194456
3158s;10.1;93.2%;9.00000;133.00000;65;69;54.00000;2902834;5195708
3160s;10.1;93.2%;9.00000;133.00000;44;78;121.00000;2904769;5197017
3166s;10.1;93.2%;9.00000;133.00000;66;59;28.70880;2910406;5200408
3172s;10.1;93.2%;9.00000;133.00000;97;infeasible;2915283;5215014
3175s;10.1;93.2%;9.00000;133.00000;65;75;32.00000;2919220;5224082
3186s;10.1;93.2%;9.00000;133.00000;62;70;35.28571;2922524;5232459
3190s;10.1;93.2%;9.00000;133.00000;36;120;110.40000;2927412;5236568
3195s;10.1;93.2%;9.00000;133.00000;65;52;9.55083;2932446;5247951
3200s;10.1;93.2%;9.00000;133.00000;76;58;9.00000;2937586;5256191
3211s;10.1;93.2%;9.00000;133.00000;100;infeasible;2940107;5264326
3215s;10.1;93.2%;9.00000;133.00000;61;78;52.00000;2944560;5269906
3220s;10.1;93.2%;9.00000;133.00000;56;71;43.00000;2948103;5278916
3225s;10.1;93.2%;9.00000;133.00000;67;68;11.00000;2953133;5288128
3230s;10.1;93.2%;9.00000;133.00000;39;80;100.00000;2958763;5296769
3239s;10.1;93.2%;9.00000;133.00000;77;63;19.27561;2960851;5302836
3240s;10.1;93.2%;9.00000;133.00000;71;64;20.00000;2961281;5303063
3245s;10.1;93.2%;9.00000;133.00000;98;infeasible;2966672;5311804
3250s;10.1;93.2%;9.00000;133.00000;57;67;69.00000;2971187;5321006
3255s;10.1;93.2%;9.00000;133.00000;41;90;112.15676;2976142;5329852
3260s;10.1;93.2%;9.00000;133.00000;73;68;14.00000;2981449;5338624
3271s;10.1;93.2%;9.00000;133.00000;57;83;76.00000;2983113;5343649
3278s;10.1;93.2%;9.00000;133.00000;44;84;93.00000;2983139;5343665
3287s;10.1;93.2%;9.00000;133.00000;100;infeasible;2984240;5345291
3291s;10.1;93.2%;9.00000;133.00000;45;84;80.00000;2986832;5347608
3295s;10.1;93.2%;9.00000;133.00000;38;96;110.00000;2991667;5350137
3304s;10.1;93.2%;9.00000;133.00000;66;72;11.00000;2991681;5358536
3306s;10.1;93.2%;9.00000;133.00000;76;58;9.00000;2994048;5359421
3311s;10.1;93.2%;9.00000;133.00000;70;68;28.18519;2998915;5367373
3316s;10.1;93.2%;9.00000;133.00000;62;67;36.53789;3004053;5378045
3320s;10.1;93.2%;9.00000;133.00000;61;77;31.19285;3008327;5387518
3327s;10.1;93.2%;9.00000;133.00000;58;70;34.00000;3008338;5388296
3342s;10.1;93.2%;9.00000;133.00000;57;71;39.20980;3017535;5388312
3347s;10.1;93.2%;9.00000;133.00000;89;infeasible;3020042;5404328
3350s;10.1;93.2%;9.00000;133.00000;20;125;121.00000;3022387;5408715
3359s;10.1;93.2%;9.00000;133.00000;95;infeasible;3023843;5415554
3360s;10.1;93.2%;9.00000;133.00000;96;infeasible;3025258;5415680
3365s;10.1;93.2%;9.00000;133.00000;37;103;124.12088;3030772;5426660
3370s;10.1;93.2%;9.00000;133.00000;73;73;34.11290;3036010;5435863
3375s;10.1;93.2%;9.00000;133.00000;63;75;38.00000;3041668;5446789
3380s;10.1;93.2%;9.00000;133.00000;35;97;93.00000;3046668;5457876
3387s;10.1;93.2%;9.00000;133.00000;96;infeasible;3046683;5458640
3391s;10.1;93.2%;9.00000;133.00000;64;68;61.02062;3050544;5462798
3395s;10.1;93.2%;9.00000;133.00000;33;96;118.00000;3054331;5469855
3400s;10.1;93.2%;9.00000;133.00000;51;72;95.00526;3059120;5474517
3412s;10.1;93.2%;9.00000;133.00000;50;87;83.00000;3061473;5486793
3420s;10.1;93.2%;9.00000;133.00000;46;88;96.19450;3061478;5486811
3425s;10.1;93.2%;9.00000;133.00000;66;70;53.00000;3065878;5490478
3431s;10.1;93.2%;9.00000;133.00000;69;67;31.06053;3071341;5495860
3435s;10.1;93.2%;9.00000;133.00000;50;57;44.00000;3074652;5508025
3442s;10.1;93.2%;9.00000;133.00000;57;74;35.48875;3081090;5518062
3445s;10.1;93.2%;9.00000;133.00000;59;88;102.19125;3084470;5526147
3453s;10.1;93.2%;9.00000;133.00000;55;68;83.13484;3084470;5528728
3455s;10.1;93.2%;9.00000;133.00000;78;75;14.00000;3087085;5530318
3460s;10.1;93.2%;9.00000;133.00000;77;65;20.70910;3091992;5540097
3465s;10.1;93.2%;9.00000;133.00000;96;infeasible;3097002;5548185
3470s;10.1;93.2%;9.00000;133.00000;88;cutoff;3101985;5559435
3479s;10.1;93.2%;9.00000;133.00000;23;117;107.00000;3104073;5563220
3493s;10.1;93.2%;9.00000;133.00000;24;116;105.00000;3110929;5563621
3504s;10.1;93.2%;9.00000;133.00000;54;80;68.00000;3111937;5575609
3510s;10.1;93.2%;9.00000;133.00000;47;81;70.00000;3118354;5577460
3516s;10.1;93.2%;9.00000;133.00000;47;87;111.00000;3122276;5593027
3520s;10.1;93.2%;9.00000;133.00000;45;89;125.00000;3126079;5600347
3526s;10.1;93.2%;9.00000;133.00000;51;82;108.00000;3133085;5611152
3535s;10.1;93.2%;9.00000;133.00000;75;64;9.00000;3134209;5617964
3540s;10.1;93.2%;9.00000;133.00000;57;80;111.00000;3139768;5625996
3546s;10.1;93.2%;9.00000;133.00000;64;66;30.00000;3146682;5637804
3551s;10.1;93.2%;9.00000;133.00000;80;64;9.00000;3151992;5647313
3559s;10.1;93.2%;9.00000;133.00000;55;79;53.44678;3153778;5652834
3560s;10.1;93.2%;9.00000;133.00000;42;90;89.04678;3154401;5653681
3569s;10.1;93.2%;9.00000;133.00000;49;84;58.00000;3154883;5654769
3572s;10.1;93.2%;9.00000;133.00000;49;85;74.00000;3157003;5655571
3579s;10.1;93.2%;9.00000;133.00000;56;70;63.09424;3163509;5659559
3583s;10.1;93.2%;9.00000;133.00000;60;75;48.08197;3165907;5671529
3587s;10.1;93.2%;9.00000;133.00000;55;77;66.03550;3168455;5675869
3590s;10.1;93.2%;9.00000;133.00000;67;67;59.00000;3172609;5685429
3597s;10.1;93.2%;9.00000;133.00000;61;83;47.13492;3180336;5696539
3600s;10.1;93.2%;9.00000;133.00000;55;85;74.48148;3181975;5704861