0s;-;100%;0.00000;2204.0000000;0;0;H
0s;-;100%;0.00000;1289.0000000;0;0;H
0s;-;100%;0.00000;1231.0000000;0;0;H
0s;-;100%;0.00000;1231.00000;6;0;0.00000;0;0
0s;-;100%;0.00000;1212.0000000;0;0;H
0s;-;100%;0.00000;1126.0000000;0;0;H
0s;-;100%;0.00000;1049.0000000;0;0;H
0s;-;100%;0.00000;1049.00000;7;0;0.00000;0;0
0s;-;56.6%;455.00000;1049.00000;6;0;455.00000;0;0
0s;-;56.6%;455.00000;1048.0000000;0;0;H
0s;-;56.5%;455.00000;1047.0000000;0;0;H
0s;-;56.5%;455.00006;1047.00000;6;0;455.00006;0;0
0s;-;55.6%;465.00000;1047.00000;11;0;465.00000;0;0
0s;-;55.6%;465.00000;1047.00000;14;0;465.00000;0;0
0s;-;55.4%;467.00000;1047.00000;15;0;467.00000;0;0
0s;-;55.4%;467.00000;1047.00000;15;0;467.00000;0;0
0s;-;53.0%;467.00000;993.0000000;0;0;H
0s;-;53.0%;467.00000;993.00000;15;0;467.00000;1;0
0s;5.4;52.3%;467.00000;979.0000000;24;33;H
0s;5.0;50.6%;467.00000;946.0000000;52;84;H
0s;4.2;45.1%;467.00000;850.0000000;60;194;H
5s;0.0;1.29%;839.00000;850.00000;3;146382;839.00000;3;438876
10s;0.0;1.29%;839.00000;850.00000;3;270628;839.00000;3;814167
15s;0.0;1.29%;839.00000;850.00000;3;365940;839.00000;3;1098401
20s;0.0;1.29%;839.00000;850.00000;3;451891;839.00000;3;1357956
25s;0.0;1.29%;839.00000;850.00000;3;530183;839.00000;3;1592832
30s;0.0;1.29%;839.00000;850.00000;3;597412;839.00000;3;1794519
35s;0.0;1.29%;839.00000;850.00000;3;660386;839.00000;3;1981739
40s;0.0;1.29%;839.00000;850.00000;3;718254;839.00000;3;2155343
45s;0.0;1.29%;839.00000;850.00000;3;775271;839.00000;3;2326394
50s;0.0;1.29%;839.00000;850.00000;3;826331;839.00000;3;2480425
55s;0.0;1.29%;839.00000;850.00000;3;875689;839.00000;3;2629350
60s;0.0;1.29%;839.00000;850.00000;3;925047;839.00000;3;2777424
65s;0.0;1.29%;839.00000;850.00000;3;971001;839.00000;3;2915286
70s;0.0;1.29%;839.00000;850.00000;3;1016104;839.00000;3;3050595
75s;0.0;1.29%;839.00000;850.00000;3;1058654;839.00000;3;3178245
80s;0.0;1.29%;839.00000;850.00000;3;1097800;839.00000;3;3295683
85s;0.0;1.29%;839.00000;850.00000;3;1137797;839.00000;3;3415674
90s;0.0;1.29%;839.00000;850.00000;3;1176943;839.00000;3;3533112
95s;0.0;1.29%;839.00000;850.00000;3;1215238;839.00000;3;3647997
100s;0.0;1.29%;839.00000;850.00000;3;1252682;839.00000;3;3760329
105s;0.0;1.29%;839.00000;850.00000;3;1289275;839.00000;3;3870108
110s;0.0;1.29%;839.00000;850.00000;3;1324166;839.00000;3;3974781
115s;0.0;1.29%;839.00000;850.00000;3;1358206;839.00000;3;4076901
120s;0.0;1.29%;839.00000;850.00000;3;1392246;839.00000;3;4179021
125s;0.0;1.29%;839.00000;850.00000;3;1425435;839.00000;3;4278588
130s;0.0;1.29%;839.00000;850.00000;3;1455220;839.00000;3;4367943
135s;0.0;1.29%;839.00000;850.00000;3;1485856;839.00000;3;4460702
140s;0.0;1.29%;839.00000;850.00000;3;1517343;839.00000;3;4555163
145s;0.0;1.29%;839.00000;850.00000;3;1547979;839.00000;3;4647071
150s;0.0;1.29%;839.00000;850.00000;3;1578615;839.00000;3;4738979
155s;0.0;1.29%;839.00000;850.00000;3;1608400;839.00000;3;4828334
160s;0.0;1.29%;839.00000;850.00000;3;1638185;839.00000;3;4917689
165s;0.0;1.29%;839.00000;850.00000;3;1667119;839.00000;3;5004491
170s;0.0;1.29%;839.00000;850.00000;3;1692649;839.00000;3;5082783
175s;0.0;1.29%;839.00000;850.00000;3;1720732;839.00000;3;5167032
180s;0.0;1.29%;839.00000;850.00000;3;1748815;839.00000;3;5251281
185s;0.0;1.29%;839.00000;850.00000;3;1776047;839.00000;3;5332977
190s;0.0;1.29%;839.00000;850.00000;3;1802428;839.00000;3;5412120
195s;0.0;1.29%;839.00000;850.00000;3;1829660;839.00000;3;5493816
200s;0.0;1.29%;839.00000;850.00000;3;1855190;839.00000;3;5570406
205s;0.0;1.29%;839.00000;850.00000;3;1880720;839.00000;3;5646996
210s;0.0;1.29%;839.00000;850.00000;3;1905399;839.00000;3;5721033
215s;0.0;1.29%;839.00000;850.00000;3;1929227;839.00000;3;5792517
220s;0.0;1.29%;839.00000;850.00000;3;1954757;839.00000;3;5869107
225s;0.0;1.29%;839.00000;850.00000;3;1978585;839.00000;3;5940591
230s;0.0;1.29%;839.00000;850.00000;3;2003264;839.00000;3;6014628
235s;0.0;1.29%;839.00000;850.00000;3;2027092;839.00000;3;6086112
240s;0.0;1.29%;839.00000;850.00000;3;2051771;839.00000;3;6160149
245s;0.0;1.29%;839.00000;850.00000;3;2075599;839.00000;3;6231633
250s;0.0;1.29%;839.00000;850.00000;3;2098576;839.00000;3;6300564
255s;0.0;1.29%;839.00000;850.00000;3;2121553;839.00000;3;6369495
260s;0.0;1.29%;839.00000;850.00000;3;2144530;839.00000;3;6438426
265s;0.0;1.29%;839.00000;850.00000;3;2167507;839.00000;3;6507357
270s;0.0;1.29%;839.00000;850.00000;3;2190484;839.00000;3;6576288
275s;0.0;1.29%;839.00000;850.00000;3;2212610;839.00000;3;6642666
280s;0.0;1.29%;839.00000;850.00000;3;2234736;839.00000;3;6709044
285s;0.0;1.29%;839.00000;850.00000;3;2256862;839.00000;3;6775422
290s;0.0;1.29%;839.00000;850.00000;3;2277286;839.00000;3;6837545
295s;0.0;1.29%;839.00000;850.00000;3;2298561;839.00000;3;6901370
300s;0.0;1.29%;839.00000;850.00000;3;2319836;839.00000;3;6965195
305s;0.0;1.29%;839.00000;850.00000;3;2341111;839.00000;3;7029020
310s;0.0;1.29%;839.00000;850.00000;3;2361535;839.00000;3;7090292
315s;0.0;1.29%;839.00000;850.00000;3;2381959;839.00000;3;7151564
320s;0.0;1.29%;839.00000;850.00000;3;2401532;839.00000;3;7211985
325s;0.0;1.29%;839.00000;850.00000;3;2421956;839.00000;3;7273257
330s;0.0;1.29%;839.00000;850.00000;3;2442380;839.00000;3;7334529
335s;0.0;1.29%;839.00000;850.00000;3;2462804;839.00000;3;7395801
340s;0.0;1.29%;839.00000;850.00000;3;2483228;839.00000;3;7457073
345s;0.0;1.29%;839.00000;850.00000;3;2502801;839.00000;3;7515792
350s;0.0;1.29%;839.00000;850.00000;3;2522374;839.00000;3;7572811
355s;0.0;1.29%;839.00000;850.00000;3;2541096;839.00000;3;7628975
360s;0.0;1.29%;839.00000;850.00000;3;2560669;839.00000;3;7687694
365s;0.0;1.29%;839.00000;850.00000;3;2580242;839.00000;3;7746413
370s;0.0;1.29%;839.00000;850.00000;3;2599815;839.00000;3;7805132
375s;0.0;1.29%;839.00000;850.00000;3;2618537;839.00000;3;7861298
380s;0.0;1.29%;839.00000;850.00000;3;2638110;839.00000;3;7920017
385s;0.0;1.29%;839.00000;850.00000;3;2655981;839.00000;3;7973630
390s;0.0;1.29%;839.00000;850.00000;3;2674703;839.00000;3;8029796
395s;0.0;1.29%;839.00000;850.00000;3;2693425;839.00000;3;8085962
400s;0.0;1.29%;839.00000;850.00000;3;2712147;839.00000;3;8142128
405s;0.0;1.29%;839.00000;850.00000;3;2730869;839.00000;3;8198294
410s;0.0;1.29%;839.00000;850.00000;3;2748740;839.00000;3;8251907
415s;0.0;1.29%;839.00000;850.00000;3;2767462;839.00000;3;8308073
420s;0.0;1.29%;839.00000;850.00000;3;2785333;839.00000;3;8361686
425s;0.0;1.29%;839.00000;850.00000;3;2803204;839.00000;3;8415299
430s;0.0;1.29%;839.00000;850.00000;3;2821075;839.00000;3;8468912
435s;0.0;1.29%;839.00000;850.00000;3;2838946;839.00000;3;8522525
440s;0.0;1.29%;839.00000;850.00000;3;2856817;839.00000;3;8576138
445s;0.0;1.29%;839.00000;850.00000;3;2873837;839.00000;3;8625496
450s;0.0;1.29%;839.00000;850.00000;3;2890857;839.00000;3;8676556
455s;0.0;1.29%;839.00000;850.00000;3;2908728;839.00000;3;8730169
460s;0.0;1.29%;839.00000;850.00000;3;2925748;839.00000;3;8781229
465s;0.0;1.29%;839.00000;850.00000;3;2942768;839.00000;3;8832289
470s;0.0;1.29%;839.00000;850.00000;3;2959788;839.00000;3;8883349
475s;0.0;1.29%;839.00000;850.00000;3;2976808;839.00000;3;8934409
480s;0.0;1.29%;839.00000;850.00000;3;2993828;839.00000;3;8985469
485s;0.0;1.29%;839.00000;850.00000;3;3009997;839.00000;3;9033976
490s;0.0;1.29%;839.00000;850.00000;3;3026166;839.00000;3;9082483
495s;0.0;1.29%;839.00000;850.00000;3;3042335;839.00000;3;9130990
500s;0.0;1.29%;839.00000;850.00000;3;3059355;839.00000;3;9182050
505s;0.0;1.29%;839.00000;850.00000;3;3075524;839.00000;3;9230557
510s;0.0;1.29%;839.00000;850.00000;3;3091693;839.00000;3;9279064
515s;0.0;1.29%;839.00000;850.00000;3;3108713;839.00000;3;9330124
520s;0.0;1.29%;839.00000;850.00000;3;3124882;839.00000;3;9378631
525s;0.0;1.29%;839.00000;850.00000;3;3140200;839.00000;3;9424585
530s;0.0;1.29%;839.00000;850.00000;3;3156369;839.00000;3;9473092
535s;0.0;1.29%;839.00000;850.00000;3;3171687;839.00000;3;9518195
540s;0.0;1.29%;839.00000;850.00000;3;3187856;839.00000;3;9566702
545s;0.0;1.29%;839.00000;850.00000;3;3203174;839.00000;3;9612656
550s;0.0;1.29%;839.00000;850.00000;3;3219343;839.00000;3;9661163
555s;0.0;1.29%;839.00000;850.00000;3;3234661;839.00000;3;9707117
560s;0.0;1.29%;839.00000;850.00000;3;3250830;839.00000;3;9755624
565s;0.0;1.29%;839.00000;850.00000;3;3265297;839.00000;3;9799025
570s;0.0;1.29%;839.00000;850.00000;3;3280615;839.00000;3;9844979
575s;0.0;1.29%;839.00000;850.00000;3;3295933;839.00000;3;9890933
580s;0.0;1.29%;839.00000;850.00000;3;3311251;839.00000;3;9936887
585s;0.0;1.29%;839.00000;850.00000;3;3326418;839.00000;3;9982554
590s;0.0;1.29%;839.00000;850.00000;3;3341036;839.00000;3;10027093
595s;0.0;1.29%;839.00000;850.00000;3;3356354;839.00000;3;10073047
600s;0.0;1.29%;839.00000;850.00000;3;3370821;839.00000;3;10116448
605s;0.0;1.29%;839.00000;850.00000;3;3386139;839.00000;3;10162402
610s;0.0;1.29%;839.00000;850.00000;3;3400606;839.00000;3;10205803
615s;0.0;1.29%;839.00000;850.00000;3;3415924;839.00000;3;10251757
620s;0.0;1.29%;839.00000;850.00000;3;3430391;839.00000;3;10295158
625s;0.0;1.29%;839.00000;850.00000;3;3444858;839.00000;3;10338559
630s;0.0;1.29%;839.00000;850.00000;3;3459325;839.00000;3;10381960
635s;0.0;1.29%;839.00000;850.00000;3;3474643;839.00000;3;10427914
640s;0.0;1.29%;839.00000;850.00000;3;3488259;839.00000;3;10468762
645s;0.0;1.29%;839.00000;850.00000;3;3502726;839.00000;3;10512163
650s;0.0;1.29%;839.00000;850.00000;3;3517193;839.00000;3;10555564
655s;0.0;1.29%;839.00000;850.00000;3;3531660;839.00000;3;10598965
660s;0.0;1.29%;839.00000;850.00000;3;3546127;839.00000;3;10642366
665s;0.0;1.29%;839.00000;850.00000;3;3560594;839.00000;3;10685767
670s;0.0;1.29%;839.00000;850.00000;3;3575061;839.00000;3;10729168
675s;0.0;1.29%;839.00000;850.00000;3;3587826;839.00000;3;10767463
680s;0.0;1.29%;839.00000;850.00000;3;3601442;839.00000;3;10810013
685s;0.0;1.29%;839.00000;850.00000;3;3615058;839.00000;3;10850861
690s;0.0;1.29%;839.00000;850.00000;3;3629525;839.00000;3;10894262
695s;0.0;1.29%;839.00000;850.00000;3;3643141;839.00000;3;10935110
700s;0.0;1.29%;839.00000;850.00000;3;3657608;839.00000;3;10978511
705s;0.0;1.29%;839.00000;850.00000;3;3671224;839.00000;3;11019359
710s;0.0;1.29%;839.00000;850.00000;3;3683989;839.00000;3;11059356
715s;0.0;1.29%;839.00000;850.00000;3;3698456;839.00000;3;11102757
720s;0.0;1.29%;839.00000;850.00000;3;3712072;839.00000;3;11143605
725s;0.0;1.29%;839.00000;850.00000;3;3725688;839.00000;3;11184453
730s;0.0;1.29%;839.00000;850.00000;3;3739304;839.00000;3;11225301
735s;0.0;1.29%;839.00000;850.00000;3;3752920;839.00000;3;11266149
740s;0.0;1.29%;839.00000;850.00000;3;3766536;839.00000;3;11306997
745s;0.0;1.29%;839.00000;850.00000;3;3780152;839.00000;3;11347845
750s;0.0;1.29%;839.00000;850.00000;3;3793768;839.00000;3;11388693
755s;0.0;1.29%;839.00000;850.00000;3;3807384;839.00000;3;11429541
760s;0.0;1.29%;839.00000;850.00000;3;3821000;839.00000;3;11470389
765s;0.0;1.29%;839.00000;850.00000;3;3833765;839.00000;3;11508684
770s;0.0;1.29%;839.00000;850.00000;3;3846530;839.00000;3;11546979
775s;0.0;1.29%;839.00000;850.00000;3;3860146;839.00000;3;11587827
780s;0.0;1.29%;839.00000;850.00000;3;3872911;839.00000;3;11626122
785s;0.0;1.29%;839.00000;850.00000;3;3886527;839.00000;3;11666970
790s;0.0;1.29%;839.00000;850.00000;3;3898441;839.00000;3;11702712
795s;0.0;1.29%;839.00000;850.00000;3;3912057;839.00000;3;11743560
800s;0.0;1.29%;839.00000;850.00000;3;3924822;839.00000;3;11781855
805s;0.0;1.29%;839.00000;850.00000;3;3938438;839.00000;3;11822703
810s;0.0;1.29%;839.00000;850.00000;3;3951203;839.00000;3;11860998
815s;0.0;1.29%;839.00000;850.00000;3;3963117;839.00000;3;11896740
820s;0.0;1.29%;839.00000;850.00000;3;3976733;839.00000;3;11937588
825s;0.0;1.29%;839.00000;850.00000;3;3989498;839.00000;3;11975883
830s;0.0;1.29%;839.00000;850.00000;3;4002263;839.00000;3;12014178
835s;0.0;1.29%;839.00000;850.00000;3;4015028;839.00000;3;12052473
840s;0.0;1.29%;839.00000;850.00000;3;4027793;839.00000;3;12090768
845s;0.0;1.29%;839.00000;850.00000;3;4040558;839.00000;3;12129063
850s;0.0;1.29%;839.00000;850.00000;3;4053323;839.00000;3;12167358
855s;0.0;1.29%;839.00000;850.00000;3;4065237;839.00000;3;12203100
860s;0.0;1.29%;839.00000;850.00000;3;4078002;839.00000;3;12241395
865s;0.0;1.29%;839.00000;850.00000;3;4090767;839.00000;3;12279690
870s;0.0;1.29%;839.00000;850.00000;3;4103532;839.00000;3;12317985
875s;0.0;1.29%;839.00000;850.00000;3;4115446;839.00000;3;12353727
880s;0.0;1.29%;839.00000;850.00000;3;4128211;839.00000;3;12392022
885s;0.0;1.29%;839.00000;850.00000;3;4140976;839.00000;3;12430317
890s;0.0;1.29%;839.00000;850.00000;3;4153741;839.00000;3;12468612
895s;0.0;1.29%;839.00000;850.00000;3;4165655;839.00000;3;12504354
900s;0.0;1.29%;839.00000;850.00000;3;4178420;839.00000;3;12542649
905s;0.0;1.29%;839.00000;850.00000;3;4190334;839.00000;3;12578391
910s;0.0;1.29%;839.00000;850.00000;3;4203099;839.00000;3;12616686
915s;0.0;1.29%;839.00000;850.00000;3;4215013;839.00000;3;12652428
920s;0.0;1.29%;839.00000;850.00000;3;4227778;839.00000;3;12690723
925s;0.0;1.29%;839.00000;850.00000;3;4239692;839.00000;3;12726465
930s;0.0;1.29%;839.00000;850.00000;3;4252457;839.00000;3;12764760
935s;0.0;1.29%;839.00000;850.00000;3;4263520;839.00000;3;12797949
940s;0.0;1.29%;839.00000;850.00000;3;4276285;839.00000;3;12836244
945s;0.0;1.29%;839.00000;850.00000;3;4288199;839.00000;3;12871986
950s;0.0;1.29%;839.00000;850.00000;3;4300113;839.00000;3;12907728
955s;0.0;1.29%;839.00000;850.00000;3;4312027;839.00000;3;12943470
960s;0.0;1.29%;839.00000;850.00000;3;4324792;839.00000;3;12981765
965s;0.0;1.29%;839.00000;850.00000;3;4336706;839.00000;3;13017507
970s;0.0;1.29%;839.00000;850.00000;3;4348620;839.00000;3;13053249
975s;0.0;1.29%;839.00000;850.00000;3;4360534;839.00000;3;13088991
980s;0.0;1.29%;839.00000;850.00000;3;4372448;839.00000;3;13124733
985s;0.0;1.29%;839.00000;850.00000;3;4384362;839.00000;3;13160475
990s;0.0;1.29%;839.00000;850.00000;3;4396276;839.00000;3;13196217
995s;0.0;1.29%;839.00000;850.00000;3;4408190;839.00000;3;13231959
1000s;0.0;1.29%;839.00000;850.00000;3;4420104;839.00000;3;13267701
1005s;0.0;1.29%;839.00000;850.00000;3;4432018;839.00000;3;13303443
1010s;0.0;1.29%;839.00000;850.00000;3;4443081;839.00000;3;13336632
1015s;0.0;1.29%;839.00000;850.00000;3;4454144;839.00000;3;13369821
1020s;0.0;1.29%;839.00000;850.00000;3;4466058;839.00000;3;13405563
1025s;0.0;1.29%;839.00000;850.00000;3;4477972;839.00000;3;13441305
1030s;0.0;1.29%;839.00000;850.00000;3;4489886;839.00000;3;13477047
1035s;0.0;1.29%;839.00000;850.00000;3;4500949;839.00000;3;13510236
1040s;0.0;1.29%;839.00000;850.00000;3;4512012;839.00000;3;13543425
1045s;0.0;1.29%;839.00000;850.00000;3;4523926;839.00000;3;13579167
1050s;0.0;1.29%;839.00000;850.00000;3;4535840;839.00000;3;13614909
1055s;0.0;1.29%;839.00000;850.00000;3;4546903;839.00000;3;13648098
1060s;0.0;1.29%;839.00000;850.00000;3;4557966;839.00000;3;13681287
1065s;0.0;1.29%;839.00000;850.00000;3;4569029;839.00000;3;13714476
1070s;0.0;1.29%;839.00000;850.00000;3;4580943;839.00000;3;13750218
1075s;0.0;1.29%;839.00000;850.00000;3;4592006;839.00000;3;13783407
1080s;0.0;1.29%;839.00000;850.00000;3;4603069;839.00000;3;13816596
1085s;0.0;1.29%;839.00000;850.00000;3;4614132;839.00000;3;13849785
1090s;0.0;1.29%;839.00000;850.00000;3;4626046;839.00000;3;13885527
1095s;0.0;1.29%;839.00000;850.00000;3;4637109;839.00000;3;13918716
1100s;0.0;1.29%;839.00000;850.00000;3;4648172;839.00000;3;13951905
1105s;0.0;1.29%;839.00000;850.00000;3;4659235;839.00000;3;13985094
1110s;0.0;1.29%;839.00000;850.00000;3;4671149;839.00000;3;14020836
1115s;0.0;1.29%;839.00000;850.00000;3;4682212;839.00000;3;14054025
1120s;0.0;1.29%;839.00000;850.00000;3;4693275;839.00000;3;14087214
1125s;0.0;1.29%;839.00000;850.00000;3;4704338;839.00000;3;14120403
1130s;0.0;1.29%;839.00000;850.00000;3;4715401;839.00000;3;14153592
1135s;0.0;1.29%;839.00000;850.00000;3;4725613;839.00000;3;14185079
1140s;0.0;1.29%;839.00000;850.00000;3;4736676;839.00000;3;14218268
1145s;0.0;1.29%;839.00000;850.00000;3;4747739;839.00000;3;14251457
1150s;0.0;1.29%;839.00000;850.00000;3;4758802;839.00000;3;14284646
1155s;0.0;1.29%;839.00000;850.00000;3;4769865;839.00000;3;14317835
1160s;0.0;1.29%;839.00000;850.00000;3;4780928;839.00000;3;14351024
1165s;0.0;1.29%;839.00000;850.00000;3;4791991;839.00000;3;14384213
1170s;0.0;1.29%;839.00000;850.00000;3;4802203;839.00000;3;14414849
1175s;0.0;1.29%;839.00000;850.00000;3;4813266;839.00000;3;14448038
1180s;0.0;1.29%;839.00000;850.00000;3;4824329;839.00000;3;14481227
1185s;0.0;1.29%;839.00000;850.00000;3;4834541;839.00000;3;14511863
1190s;0.0;1.29%;839.00000;850.00000;3;4845604;839.00000;3;14545052
1195s;0.0;1.29%;839.00000;850.00000;3;4856667;839.00000;3;14578241
1200s;0.0;1.29%;839.00000;850.00000;3;4866879;839.00000;3;14608877
1205s;0.0;1.29%;839.00000;850.00000;3;4877942;839.00000;3;14642066
1210s;0.0;1.29%;839.00000;850.00000;3;4888154;839.00000;3;14672702
1215s;0.0;1.29%;839.00000;850.00000;3;4898366;839.00000;3;14703338
1220s;0.0;1.29%;839.00000;850.00000;3;4908578;839.00000;3;14733974
1225s;0.0;1.29%;839.00000;850.00000;3;4918790;839.00000;3;14764610
1230s;0.0;1.29%;839.00000;850.00000;3;4929853;839.00000;3;14797799
1235s;0.0;1.29%;839.00000;850.00000;3;4940065;839.00000;3;14828435
1240s;0.0;1.29%;839.00000;850.00000;3;4951128;839.00000;3;14861624
1245s;0.0;1.29%;839.00000;850.00000;3;4961340;839.00000;3;14892260
1250s;0.0;1.29%;839.00000;850.00000;3;4971552;839.00000;3;14922896
1255s;0.0;1.29%;839.00000;850.00000;3;4982615;839.00000;3;14956085
1260s;0.0;1.29%;839.00000;850.00000;3;4992827;839.00000;3;14986721
1265s;0.0;1.29%;839.00000;850.00000;3;5003890;839.00000;3;15019910
1270s;0.0;1.29%;839.00000;850.00000;3;5014102;839.00000;3;15049002
1275s;0.0;1.29%;839.00000;850.00000;3;5024314;839.00000;3;15079480
1280s;0.0;1.29%;839.00000;850.00000;3;5034526;839.00000;3;15110116
1285s;0.0;1.29%;839.00000;850.00000;3;5045589;839.00000;3;15143305
1290s;0.0;1.29%;839.00000;850.00000;3;5055801;839.00000;3;15173941
1295s;0.0;1.29%;839.00000;850.00000;3;5066013;839.00000;3;15204577
1300s;0.0;1.29%;839.00000;850.00000;3;5076225;839.00000;3;15235213
1305s;0.0;1.29%;839.00000;850.00000;3;5086437;839.00000;3;15265849
1310s;0.0;1.29%;839.00000;850.00000;3;5097500;839.00000;3;15299038
1315s;0.0;1.29%;839.00000;850.00000;3;5107712;839.00000;3;15329674
1320s;0.0;1.29%;839.00000;850.00000;3;5117924;839.00000;3;15360310
1325s;0.0;1.29%;839.00000;850.00000;3;5128136;839.00000;3;15390946
1330s;0.0;1.29%;839.00000;850.00000;3;5138348;839.00000;3;15421582
1335s;0.0;1.29%;839.00000;850.00000;3;5148560;839.00000;3;15452218
1340s;0.0;1.29%;839.00000;850.00000;3;5158772;839.00000;3;15482854
1345s;0.0;1.29%;839.00000;850.00000;3;5168984;839.00000;3;15513490
1350s;0.0;1.29%;839.00000;850.00000;3;5179196;839.00000;3;15544126
1355s;0.0;1.29%;839.00000;850.00000;3;5189408;839.00000;3;15574762
1360s;0.0;1.29%;839.00000;850.00000;3;5197918;839.00000;3;15601143
1365s;0.0;1.29%;839.00000;850.00000;3;5208130;839.00000;3;15631779
1370s;0.0;1.29%;839.00000;850.00000;3;5218342;839.00000;3;15662415
1375s;0.0;1.29%;839.00000;850.00000;3;5228554;839.00000;3;15693051
1380s;0.0;1.29%;839.00000;850.00000;3;5238766;839.00000;3;15723687
1385s;0.0;1.29%;839.00000;850.00000;3;5248978;839.00000;3;15754323
1390s;0.0;1.29%;839.00000;850.00000;3;5259190;839.00000;3;15784959
1395s;0.0;1.29%;839.00000;850.00000;3;5268551;839.00000;3;15813042
1400s;0.0;1.29%;839.00000;850.00000;3;5278763;839.00000;3;15843678
1405s;0.0;1.29%;839.00000;850.00000;3;5287273;839.00000;3;15870059
1410s;0.0;1.29%;839.00000;850.00000;3;5297485;839.00000;3;15900695
1415s;0.0;1.29%;839.00000;850.00000;3;5307697;839.00000;3;15931331
1420s;0.0;1.29%;839.00000;850.00000;3;5317058;839.00000;3;15959414
1425s;0.0;1.29%;839.00000;850.00000;3;5327270;839.00000;3;15990050
1430s;0.0;1.29%;839.00000;850.00000;3;5337482;839.00000;3;16020686
1435s;0.0;1.29%;839.00000;850.00000;3;5346843;839.00000;3;16048769
1440s;0.0;1.29%;839.00000;850.00000;3;5357055;839.00000;3;16079405
1445s;0.0;1.29%;839.00000;850.00000;3;5367267;839.00000;3;16110041
1450s;0.0;1.29%;839.00000;850.00000;3;5376628;839.00000;3;16138124
1455s;0.0;1.29%;839.00000;850.00000;3;5386840;839.00000;3;16168760
1460s;0.0;1.29%;839.00000;850.00000;3;5396201;839.00000;3;16196843
1465s;0.0;1.29%;839.00000;850.00000;3;5405562;839.00000;3;16224926
1470s;0.0;1.29%;839.00000;850.00000;3;5415774;839.00000;3;16255562
1475s;0.0;1.29%;839.00000;850.00000;3;5425135;839.00000;3;16283645
1480s;0.0;1.29%;839.00000;850.00000;3;5435347;839.00000;3;16314281
1485s;0.0;1.29%;839.00000;850.00000;3;5444708;839.00000;3;16342364
1490s;0.0;1.29%;839.00000;850.00000;3;5454920;839.00000;3;16373000
1495s;0.0;1.29%;839.00000;850.00000;3;5464281;839.00000;3;16401083
1500s;0.0;1.29%;839.00000;850.00000;3;5473642;839.00000;3;16429166
1505s;0.0;1.29%;839.00000;850.00000;3;5483854;839.00000;3;16459802
1510s;0.0;1.29%;839.00000;850.00000;3;5493215;839.00000;3;16487885
1515s;0.0;1.29%;839.00000;850.00000;3;5502576;839.00000;3;16515968
1520s;0.0;1.29%;839.00000;850.00000;3;5512788;839.00000;3;16546604
1525s;0.0;1.29%;839.00000;850.00000;3;5522149;839.00000;3;16574687
1530s;0.0;1.29%;839.00000;850.00000;3;5531510;839.00000;3;16602770
1535s;0.0;1.29%;839.00000;850.00000;3;5540871;839.00000;3;16630853
1540s;0.0;1.29%;839.00000;850.00000;3;5551083;839.00000;3;16661489
1545s;0.0;1.29%;839.00000;850.00000;3;5560444;839.00000;3;16689572
1550s;0.0;1.29%;839.00000;850.00000;3;5569805;839.00000;3;16717655
1555s;0.0;1.29%;839.00000;850.00000;3;5579166;839.00000;3;16745738
1560s;0.0;1.29%;839.00000;850.00000;3;5589378;839.00000;3;16776374
1565s;0.0;1.29%;839.00000;850.00000;3;5598739;839.00000;3;16804457
1570s;0.0;1.29%;839.00000;850.00000;3;5607249;839.00000;3;16829987
1575s;0.0;1.29%;839.00000;850.00000;3;5616610;839.00000;3;16858070
1580s;0.0;1.29%;839.00000;850.00000;3;5625971;839.00000;3;16886153
1585s;0.0;1.29%;839.00000;850.00000;3;5635332;839.00000;3;16914236
1590s;0.0;1.29%;839.00000;850.00000;3;5644693;839.00000;3;16942319
1595s;0.0;1.29%;839.00000;850.00000;3;5653203;839.00000;3;16967849
1600s;0.0;1.29%;839.00000;850.00000;3;5662564;839.00000;3;16995932
1605s;0.0;1.29%;839.00000;850.00000;3;5671925;839.00000;3;17024015
1610s;0.0;1.29%;839.00000;850.00000;3;5681286;839.00000;3;17052098
1615s;0.0;1.29%;839.00000;850.00000;3;5690647;839.00000;3;17080181
1620s;0.0;1.29%;839.00000;850.00000;3;5700008;839.00000;3;17108264
1625s;0.0;1.29%;839.00000;850.00000;3;5709369;839.00000;3;17136347
1630s;0.0;1.29%;839.00000;850.00000;3;5718730;839.00000;3;17164430
1635s;0.0;1.29%;839.00000;850.00000;3;5728091;839.00000;3;17192513
1640s;0.0;1.29%;839.00000;850.00000;3;5737452;839.00000;3;17220596
1645s;0.0;1.29%;839.00000;850.00000;3;5746813;839.00000;3;17248679
1650s;0.0;1.29%;839.00000;850.00000;3;5756174;839.00000;3;17276762
1655s;0.0;1.29%;839.00000;850.00000;3;5765535;839.00000;3;17304845
1660s;0.0;1.29%;839.00000;850.00000;3;5774045;839.00000;3;17330375
1665s;0.0;1.29%;839.00000;850.00000;3;5783406;839.00000;3;17358458
1670s;0.0;1.29%;839.00000;850.00000;3;5792767;839.00000;3;17386541
1675s;0.0;1.29%;839.00000;850.00000;3;5802128;839.00000;3;17414624
1680s;0.0;1.29%;839.00000;850.00000;3;5811489;839.00000;3;17442707
1685s;0.0;1.29%;839.00000;850.00000;3;5819999;839.00000;3;17468237
1690s;0.0;1.29%;839.00000;850.00000;3;5829360;839.00000;3;17496320
1695s;0.0;1.29%;839.00000;850.00000;3;5838721;839.00000;3;17524403
1700s;0.0;1.29%;839.00000;850.00000;3;5848082;839.00000;3;17552486
1705s;0.0;1.29%;839.00000;850.00000;3;5856592;839.00000;3;17578016
1710s;0.0;1.29%;839.00000;850.00000;3;5865102;839.00000;3;17603546
1715s;0.0;1.29%;839.00000;850.00000;3;5874463;839.00000;3;17631629
1720s;0.0;1.29%;839.00000;850.00000;3;5882973;839.00000;3;17657159
1725s;0.0;1.29%;839.00000;850.00000;3;5892334;839.00000;3;17685242
1730s;0.0;1.29%;839.00000;850.00000;3;5900844;839.00000;3;17710772
1735s;0.0;1.29%;839.00000;850.00000;3;5910205;839.00000;3;17738855
1740s;0.0;1.29%;839.00000;850.00000;3;5919566;839.00000;3;17766938
1745s;0.0;1.29%;839.00000;850.00000;3;5928076;839.00000;3;17792468
1750s;0.0;1.29%;839.00000;850.00000;3;5937437;839.00000;3;17820551
1755s;0.0;1.29%;839.00000;850.00000;3;5945947;839.00000;3;17846081
1760s;0.0;1.29%;839.00000;850.00000;3;5955308;839.00000;3;17874164
1765s;0.0;1.29%;839.00000;850.00000;3;5963818;839.00000;3;17899694
1770s;0.0;1.29%;839.00000;850.00000;3;5972328;839.00000;3;17925224
1775s;0.0;1.29%;839.00000;850.00000;3;5981689;839.00000;3;17953307
1780s;0.0;1.29%;839.00000;850.00000;3;5990199;839.00000;3;17978837
1785s;0.0;1.29%;839.00000;850.00000;3;5998709;839.00000;3;18004367
1790s;0.0;1.29%;839.00000;850.00000;3;6007219;839.00000;3;18029897
1795s;0.0;1.29%;839.00000;850.00000;3;6015729;839.00000;3;18055427
1800s;0.0;1.29%;839.00000;850.00000;3;6024239;839.00000;3;18080957
1805s;0.0;1.29%;839.00000;850.00000;3;6032749;839.00000;3;18106487
1810s;0.0;1.29%;839.00000;850.00000;3;6042110;839.00000;3;18134570
1815s;0.0;1.29%;839.00000;850.00000;3;6050620;839.00000;3;18160100
1820s;0.0;1.29%;839.00000;850.00000;3;6059130;839.00000;3;18185630
1825s;0.0;1.29%;839.00000;850.00000;3;6068491;839.00000;3;18213713
1830s;0.0;1.29%;839.00000;850.00000;3;6077001;839.00000;3;18239243
1835s;0.0;1.29%;839.00000;850.00000;3;6085511;839.00000;3;18264773
1840s;0.0;1.29%;839.00000;850.00000;3;6094872;839.00000;3;18292856
1845s;0.0;1.29%;839.00000;850.00000;3;6103382;839.00000;3;18318386
1850s;0.0;1.29%;839.00000;850.00000;3;6111892;839.00000;3;18343916
1855s;0.0;1.29%;839.00000;850.00000;3;6120402;839.00000;3;18369446
1860s;0.0;1.29%;839.00000;850.00000;3;6129763;839.00000;3;18397529
1865s;0.0;1.29%;839.00000;850.00000;3;6138273;839.00000;3;18423059
1870s;0.0;1.29%;839.00000;850.00000;3;6146783;839.00000;3;18448589
1875s;0.0;1.29%;839.00000;850.00000;3;6155293;839.00000;3;18474119
1880s;0.0;1.29%;839.00000;850.00000;3;6163803;839.00000;3;18499649
1885s;0.0;1.29%;839.00000;850.00000;3;6172313;839.00000;3;18525179
1890s;0.0;1.29%;839.00000;850.00000;3;6181674;839.00000;3;18553262
1895s;0.0;1.29%;839.00000;850.00000;3;6190184;839.00000;3;18578792
1900s;0.0;1.29%;839.00000;850.00000;3;6198694;839.00000;3;18604322
1905s;0.0;1.29%;839.00000;850.00000;3;6207204;839.00000;3;18629852
1910s;0.0;1.29%;839.00000;850.00000;3;6215714;839.00000;3;18655382
1915s;0.0;1.29%;839.00000;850.00000;3;6224224;839.00000;3;18680912
1920s;0.0;1.29%;839.00000;850.00000;3;6232734;839.00000;3;18706442
1925s;0.0;1.29%;839.00000;850.00000;3;6241244;839.00000;3;18731972
1930s;0.0;1.29%;839.00000;850.00000;3;6249754;839.00000;3;18757502
1935s;0.0;1.29%;839.00000;850.00000;3;6258264;839.00000;3;18783032
1940s;0.0;1.29%;839.00000;850.00000;3;6266774;839.00000;3;18808562
1945s;0.0;1.29%;839.00000;850.00000;3;6275284;839.00000;3;18834092
1950s;0.0;1.29%;839.00000;850.00000;3;6283794;839.00000;3;18859622
1955s;0.0;1.29%;839.00000;850.00000;3;6292304;839.00000;3;18885152
1960s;0.0;1.29%;839.00000;850.00000;3;6300814;839.00000;3;18910682
1965s;0.0;1.29%;839.00000;850.00000;3;6309324;839.00000;3;18936212
1970s;0.0;1.29%;839.00000;850.00000;3;6317834;839.00000;3;18961742
1975s;0.0;1.29%;839.00000;850.00000;3;6326344;839.00000;3;18987272
1980s;0.0;1.29%;839.00000;850.00000;3;6334854;839.00000;3;19012802
1985s;0.0;1.29%;839.00000;850.00000;3;6343364;839.00000;3;19038332
1990s;0.0;1.29%;839.00000;850.00000;3;6351023;839.00000;3;19061309
1995s;0.0;1.29%;839.00000;850.00000;3;6359533;839.00000;3;19086839
2000s;0.0;1.29%;839.00000;850.00000;3;6367192;839.00000;3;19108114
2005s;0.0;1.29%;839.00000;850.00000;3;6374851;839.00000;3;19131091
2010s;0.0;1.29%;839.00000;850.00000;3;6382510;839.00000;3;19154919
2015s;0.0;1.29%;839.00000;850.00000;3;6390169;839.00000;3;19177896
2020s;0.0;1.29%;839.00000;850.00000;3;6398679;839.00000;3;19203426
2025s;0.0;1.29%;839.00000;850.00000;3;6407189;839.00000;3;19228956
2030s;0.0;1.29%;839.00000;850.00000;3;6415699;839.00000;3;19254486
2035s;0.0;1.29%;839.00000;850.00000;3;6424209;839.00000;3;19280016
2040s;0.0;1.29%;839.00000;850.00000;3;6432719;839.00000;3;19305546
2045s;0.0;1.29%;839.00000;850.00000;3;6440378;839.00000;3;19328523
2050s;0.0;1.29%;839.00000;850.00000;3;6448888;839.00000;3;19354053
2055s;0.0;1.29%;839.00000;850.00000;3;6457398;839.00000;3;19379583
2060s;0.0;1.29%;839.00000;850.00000;3;6465057;839.00000;3;19402560
2065s;0.0;1.29%;839.00000;850.00000;3;6473567;839.00000;3;19428090
2070s;0.0;1.29%;839.00000;850.00000;3;6482077;839.00000;3;19453620
2075s;0.0;1.29%;839.00000;850.00000;3;6490587;839.00000;3;19479150
2080s;0.0;1.29%;839.00000;850.00000;3;6498246;839.00000;3;19502127
2085s;0.0;1.29%;839.00000;850.00000;3;6506756;839.00000;3;19527657
2090s;0.0;1.29%;839.00000;850.00000;3;6515266;839.00000;3;19553187
2095s;0.0;1.29%;839.00000;850.00000;3;6522925;839.00000;3;19576164
2100s;0.0;1.29%;839.00000;850.00000;3;6531435;839.00000;3;19601694
2105s;0.0;1.29%;839.00000;850.00000;3;6539094;839.00000;3;19624671
2110s;0.0;1.29%;839.00000;850.00000;3;6547604;839.00000;3;19650201
2115s;0.0;1.29%;839.00000;850.00000;3;6556114;839.00000;3;19675731
2120s;0.0;1.29%;839.00000;850.00000;3;6563773;839.00000;3;19698708
2125s;0.0;1.29%;839.00000;850.00000;3;6572283;839.00000;3;19724238
2130s;0.0;1.29%;839.00000;850.00000;3;6579942;839.00000;3;19747215
2135s;0.0;1.29%;839.00000;850.00000;3;6588452;839.00000;3;19772745
2140s;0.0;1.29%;839.00000;850.00000;3;6596111;839.00000;3;19795722
2145s;0.0;1.29%;839.00000;850.00000;3;6604621;839.00000;3;19821252
2150s;0.0;1.29%;839.00000;850.00000;3;6612280;839.00000;3;19844229
2155s;0.0;1.29%;839.00000;850.00000;3;6620790;839.00000;3;19869759
2160s;0.0;1.29%;839.00000;850.00000;3;6628449;839.00000;3;19892736
2165s;0.0;1.29%;839.00000;850.00000;3;6636959;839.00000;3;19918266
2170s;0.0;1.29%;839.00000;850.00000;3;6644618;839.00000;3;19941243
2175s;0.0;1.29%;839.00000;850.00000;3;6653128;839.00000;3;19966773
2180s;0.0;1.29%;839.00000;850.00000;3;6660787;839.00000;3;19989750
2185s;0.0;1.29%;839.00000;850.00000;3;6669297;839.00000;3;20015280
2190s;0.0;1.29%;839.00000;850.00000;3;6676956;839.00000;3;20038257
2195s;0.0;1.29%;839.00000;850.00000;3;6685466;839.00000;3;20063787
2200s;0.0;1.29%;839.00000;850.00000;3;6693125;839.00000;3;20086764
2205s;0.0;1.29%;839.00000;850.00000;3;6700784;839.00000;3;20109741
2210s;0.0;1.29%;839.00000;850.00000;3;6709294;839.00000;3;20135271
2215s;0.0;1.29%;839.00000;850.00000;3;6716102;839.00000;3;20155695
2220s;0.0;1.29%;839.00000;850.00000;3;6724612;839.00000;3;20181225
2225s;0.0;1.29%;839.00000;850.00000;3;6732271;839.00000;3;20204202
2230s;0.0;1.29%;839.00000;850.00000;3;6739930;839.00000;3;20227179
2235s;0.0;1.29%;839.00000;850.00000;3;6748440;839.00000;3;20252709
2240s;0.0;1.29%;839.00000;850.00000;3;6756099;839.00000;3;20275686
2245s;0.0;1.29%;839.00000;850.00000;3;6763758;839.00000;3;20298663
2250s;0.0;1.29%;839.00000;850.00000;3;6771417;839.00000;3;20321640
2255s;0.0;1.29%;839.00000;850.00000;3;6779927;839.00000;3;20347170
2260s;0.0;1.29%;839.00000;850.00000;3;6787586;839.00000;3;20370147
2265s;0.0;1.29%;839.00000;850.00000;3;6795245;839.00000;3;20393124
2270s;0.0;1.29%;839.00000;850.00000;3;6803755;839.00000;3;20418654
2275s;0.0;1.29%;839.00000;850.00000;3;6811414;839.00000;3;20441631
2280s;0.0;1.29%;839.00000;850.00000;3;6818222;839.00000;3;20462055
2285s;0.0;1.29%;839.00000;850.00000;3;6825881;839.00000;3;20485032
2290s;0.0;1.29%;839.00000;850.00000;3;6834391;839.00000;3;20510562
2295s;0.0;1.29%;839.00000;850.00000;3;6842050;839.00000;3;20533539
2300s;0.0;1.29%;839.00000;850.00000;3;6849709;839.00000;3;20556516
2305s;0.0;1.29%;839.00000;850.00000;3;6857368;839.00000;3;20579493
2310s;0.0;1.29%;839.00000;850.00000;3;6865027;839.00000;3;20602470
2315s;0.0;1.29%;839.00000;850.00000;3;6872686;839.00000;3;20625447
2320s;0.0;1.29%;839.00000;850.00000;3;6880345;839.00000;3;20648424
2325s;0.0;1.29%;839.00000;850.00000;3;6888855;839.00000;3;20673954
2330s;0.0;1.29%;839.00000;850.00000;3;6896514;839.00000;3;20696931
2335s;0.0;1.29%;839.00000;850.00000;3;6904173;839.00000;3;20719908
2340s;0.0;1.29%;839.00000;850.00000;3;6911832;839.00000;3;20742885
2345s;0.0;1.29%;839.00000;850.00000;3;6919491;839.00000;3;20765862
2350s;0.0;1.29%;839.00000;850.00000;3;6927150;839.00000;3;20788839
2355s;0.0;1.29%;839.00000;850.00000;3;6934809;839.00000;3;20811816
2360s;0.0;1.29%;839.00000;850.00000;3;6942468;839.00000;3;20834793
2365s;0.0;1.29%;839.00000;850.00000;3;6950127;839.00000;3;20857770
2370s;0.0;1.29%;839.00000;850.00000;3;6957786;839.00000;3;20880747
2375s;0.0;1.29%;839.00000;850.00000;3;6965445;839.00000;3;20903724
2380s;0.0;1.29%;839.00000;850.00000;3;6973104;839.00000;3;20926701
2385s;0.0;1.29%;839.00000;850.00000;3;6980763;839.00000;3;20949678
2390s;0.0;1.29%;839.00000;850.00000;3;6988422;839.00000;3;20972655
2395s;0.0;1.29%;839.00000;850.00000;3;6996081;839.00000;3;20995632
2400s;0.0;1.29%;839.00000;850.00000;3;7003740;839.00000;3;21018609
2405s;0.0;1.29%;839.00000;850.00000;3;7011399;839.00000;3;21041586
2410s;0.0;1.29%;839.00000;850.00000;3;7019058;839.00000;3;21064563
2415s;0.0;1.29%;839.00000;850.00000;3;7026717;839.00000;3;21087540
2420s;0.0;1.29%;839.00000;850.00000;3;7033525;839.00000;3;21107964
2425s;0.0;1.29%;839.00000;850.00000;3;7040333;839.00000;3;21128388
2430s;0.0;1.29%;839.00000;850.00000;3;7047992;839.00000;3;21151365
2435s;0.0;1.29%;839.00000;850.00000;3;7055651;839.00000;3;21174342
2440s;0.0;1.29%;839.00000;850.00000;3;7063310;839.00000;3;21197319
2445s;0.0;1.29%;839.00000;850.00000;3;7070969;839.00000;3;21220296
2450s;0.0;1.29%;839.00000;850.00000;3;7078628;839.00000;3;21243273
2455s;0.0;1.29%;839.00000;850.00000;3;7086287;839.00000;3;21266250
2460s;0.0;1.29%;839.00000;850.00000;3;7093946;839.00000;3;21289227
2465s;0.0;1.29%;839.00000;850.00000;3;7101605;839.00000;3;21312204
2470s;0.0;1.29%;839.00000;850.00000;3;7108413;839.00000;3;21332628
2475s;0.0;1.29%;839.00000;850.00000;3;7116072;839.00000;3;21355605
2480s;0.0;1.29%;839.00000;850.00000;3;7123731;839.00000;3;21378582
2485s;0.0;1.29%;839.00000;850.00000;3;7131390;839.00000;3;21401559
2490s;0.0;1.29%;839.00000;850.00000;3;7139049;839.00000;3;21424536
2495s;0.0;1.29%;839.00000;850.00000;3;7145857;839.00000;3;21444960
2500s;0.0;1.29%;839.00000;850.00000;3;7153516;839.00000;3;21467937
2505s;0.0;1.29%;839.00000;850.00000;3;7161175;839.00000;3;21490914
2510s;0.0;1.29%;839.00000;850.00000;3;7168834;839.00000;3;21513891
2515s;0.0;1.29%;839.00000;850.00000;3;7174791;839.00000;3;21532613
2520s;0.0;1.29%;839.00000;850.00000;3;7182450;839.00000;3;21555590
2525s;0.0;1.29%;839.00000;850.00000;3;7190109;839.00000;3;21578567
2530s;0.0;1.29%;839.00000;850.00000;3;7196917;839.00000;3;21598991
2535s;0.0;1.29%;839.00000;850.00000;3;7204576;839.00000;3;21621968
2540s;0.0;1.29%;839.00000;850.00000;3;7212235;839.00000;3;21644945
2545s;0.0;1.29%;839.00000;850.00000;3;7219894;839.00000;3;21667922
2550s;0.0;1.29%;839.00000;850.00000;3;7226702;839.00000;3;21688346
2555s;0.0;1.29%;839.00000;850.00000;3;7234361;839.00000;3;21711323
2560s;0.0;1.29%;839.00000;850.00000;3;7242020;839.00000;3;21734300
2565s;0.0;1.29%;839.00000;850.00000;3;7248828;839.00000;3;21754724
2570s;0.0;1.29%;839.00000;850.00000;3;7256487;839.00000;3;21777701
2575s;0.0;1.29%;839.00000;850.00000;3;7264146;839.00000;3;21800678
2580s;0.0;1.29%;839.00000;850.00000;3;7270954;839.00000;3;21821102
2585s;0.0;1.29%;839.00000;850.00000;3;7278613;839.00000;3;21844079
2590s;0.0;1.29%;839.00000;850.00000;3;7286272;839.00000;3;21867056
2595s;0.0;1.29%;839.00000;850.00000;3;7293080;839.00000;3;21887480
2600s;0.0;1.29%;839.00000;850.00000;3;7299888;839.00000;3;21907904
2605s;0.0;1.29%;839.00000;850.00000;3;7307547;839.00000;3;21930881
2610s;0.0;1.29%;839.00000;850.00000;3;7314355;839.00000;3;21951305
2615s;0.0;1.29%;839.00000;850.00000;3;7322014;839.00000;3;21974282
2620s;0.0;1.29%;839.00000;850.00000;3;7329673;839.00000;3;21997259
2625s;0.0;1.29%;839.00000;850.00000;3;7336481;839.00000;3;22017683
2630s;0.0;1.29%;839.00000;850.00000;3;7344140;839.00000;3;22040660
2635s;0.0;1.29%;839.00000;850.00000;3;7350948;839.00000;3;22061084
2640s;0.0;1.29%;839.00000;850.00000;3;7358607;839.00000;3;22084061
2645s;0.0;1.29%;839.00000;850.00000;3;7366266;839.00000;3;22107038
2650s;0.0;1.29%;839.00000;850.00000;3;7373074;839.00000;3;22127462
2655s;0.0;1.29%;839.00000;850.00000;3;7380733;839.00000;3;22150439
2660s;0.0;1.29%;839.00000;850.00000;3;7387541;839.00000;3;22170863
2665s;0.0;1.29%;839.00000;850.00000;3;7395200;839.00000;3;22193840
2670s;0.0;1.29%;839.00000;850.00000;3;7402008;839.00000;3;22214264
2675s;0.0;1.29%;839.00000;850.00000;3;7409667;839.00000;3;22237241
2680s;0.0;1.29%;839.00000;850.00000;3;7416475;839.00000;3;22257665
2685s;0.0;1.29%;839.00000;850.00000;3;7423283;839.00000;3;22277238
2690s;0.0;1.29%;839.00000;850.00000;3;7430942;839.00000;3;22300215
2695s;0.0;1.29%;839.00000;850.00000;3;7437750;839.00000;3;22320639
2700s;0.0;1.29%;839.00000;850.00000;3;7445409;839.00000;3;22343616
2705s;0.0;1.29%;839.00000;850.00000;3;7452217;839.00000;3;22364040
2710s;0.0;1.29%;839.00000;850.00000;3;7459876;839.00000;3;22387017
2715s;0.0;1.29%;839.00000;850.00000;3;7466684;839.00000;3;22407441
2720s;0.0;1.29%;839.00000;850.00000;3;7473492;839.00000;3;22427865
2725s;0.0;1.29%;839.00000;850.00000;3;7481151;839.00000;3;22450842
2730s;0.0;1.29%;839.00000;850.00000;3;7487959;839.00000;3;22471266
2735s;0.0;1.29%;839.00000;850.00000;3;7495618;839.00000;3;22494243
2740s;0.0;1.29%;839.00000;850.00000;3;7502426;839.00000;3;22514667
2745s;0.0;1.29%;839.00000;850.00000;3;7510085;839.00000;3;22537644
2750s;0.0;1.29%;839.00000;850.00000;3;7516893;839.00000;3;22558068
2755s;0.0;1.29%;839.00000;850.00000;3;7523701;839.00000;3;22578492
2760s;0.0;1.29%;839.00000;850.00000;3;7531360;839.00000;3;22601469
2765s;0.0;1.29%;839.00000;850.00000;3;7538168;839.00000;3;22621893
2770s;0.0;1.29%;839.00000;850.00000;3;7545827;839.00000;3;22644870
2775s;0.0;1.29%;839.00000;850.00000;3;7552635;839.00000;3;22665294
2780s;0.0;1.29%;839.00000;850.00000;3;7559443;839.00000;3;22685718
2785s;0.0;1.29%;839.00000;850.00000;3;7567102;839.00000;3;22708695
2790s;0.0;1.29%;839.00000;850.00000;3;7573910;839.00000;3;22729119
2795s;0.0;1.29%;839.00000;850.00000;3;7580718;839.00000;3;22749543
2800s;0.0;1.29%;839.00000;850.00000;3;7588377;839.00000;3;22772520
2805s;0.0;1.29%;839.00000;850.00000;3;7595185;839.00000;3;22792944
2810s;0.0;1.29%;839.00000;850.00000;3;7601993;839.00000;3;22813368
2815s;0.0;1.29%;839.00000;850.00000;3;7608801;839.00000;3;22833792
2820s;0.0;1.29%;839.00000;850.00000;3;7616460;839.00000;3;22856769
2825s;0.0;1.29%;839.00000;850.00000;3;7623268;839.00000;3;22877193
2830s;0.0;1.29%;839.00000;850.00000;3;7630076;839.00000;3;22897617
2835s;0.0;1.29%;839.00000;850.00000;3;7636033;839.00000;3;22916339
2840s;0.0;1.29%;839.00000;850.00000;3;7642841;839.00000;3;22936763
2845s;0.0;1.29%;839.00000;850.00000;3;7649649;839.00000;3;22957187
2850s;0.0;1.29%;839.00000;850.00000;3;7657308;839.00000;3;22980164
2855s;0.0;1.29%;839.00000;850.00000;3;7664116;839.00000;3;23000588
2860s;0.0;1.29%;839.00000;850.00000;3;7670924;839.00000;3;23021012
2865s;0.0;1.29%;839.00000;850.00000;3;7677732;839.00000;3;23041436
2870s;0.0;1.29%;839.00000;850.00000;3;7684540;839.00000;3;23061860
2875s;0.0;1.29%;839.00000;850.00000;3;7692199;839.00000;3;23084837
2880s;0.0;1.29%;839.00000;850.00000;3;7699007;839.00000;3;23105261
2885s;0.0;1.29%;839.00000;850.00000;3;7705815;839.00000;3;23125685
2890s;0.0;1.29%;839.00000;850.00000;3;7712623;839.00000;3;23146109
2895s;0.0;1.29%;839.00000;850.00000;3;7719431;839.00000;3;23164831
2900s;0.0;1.29%;839.00000;850.00000;3;7726239;839.00000;3;23185255
2905s;0.0;1.29%;839.00000;850.00000;3;7733047;839.00000;3;23205679
2910s;0.0;1.29%;839.00000;850.00000;3;7739855;839.00000;3;23226103
2915s;0.0;1.29%;839.00000;850.00000;3;7746663;839.00000;3;23246527
2920s;0.0;1.29%;839.00000;850.00000;3;7753471;839.00000;3;23266951
2925s;0.0;1.29%;839.00000;850.00000;3;7761130;839.00000;3;23289928
2930s;0.0;1.29%;839.00000;850.00000;3;7767087;839.00000;3;23307799
2935s;0.0;1.29%;839.00000;850.00000;3;7773895;839.00000;3;23328223
2940s;0.0;1.29%;839.00000;850.00000;3;7780703;839.00000;3;23348647
2945s;0.0;1.29%;839.00000;850.00000;3;7787511;839.00000;3;23369071
2950s;0.0;1.29%;839.00000;850.00000;3;7794319;839.00000;3;23389495
2955s;0.0;1.29%;839.00000;850.00000;3;7801127;839.00000;3;23409919
2960s;0.0;1.29%;839.00000;850.00000;3;7807935;839.00000;3;23430343
2965s;0.0;1.29%;839.00000;850.00000;3;7814743;839.00000;3;23450767
2970s;0.0;1.29%;839.00000;850.00000;3;7822402;839.00000;3;23473744
2975s;0.0;1.29%;839.00000;850.00000;3;7829210;839.00000;3;23494168
2980s;0.0;1.29%;839.00000;850.00000;3;7836018;839.00000;3;23514592
2985s;0.0;1.29%;839.00000;850.00000;3;7842826;839.00000;3;23535016
2990s;0.0;1.29%;839.00000;850.00000;3;7849634;839.00000;3;23555440
2995s;0.0;1.29%;839.00000;850.00000;3;7856442;839.00000;3;23575864
3000s;0.0;1.29%;839.00000;850.00000;3;7863250;839.00000;3;23596288
3005s;0.0;1.29%;839.00000;850.00000;3;7870058;839.00000;3;23616712
3010s;0.0;1.29%;839.00000;850.00000;3;7876866;839.00000;3;23637136
3015s;0.0;1.29%;839.00000;850.00000;3;7883674;839.00000;3;23657560
3020s;0.0;1.29%;839.00000;850.00000;3;7890482;839.00000;3;23677984
3025s;0.0;1.29%;839.00000;850.00000;3;7897290;839.00000;3;23698408
3030s;0.0;1.29%;839.00000;850.00000;3;7904098;839.00000;3;23718832
3035s;0.0;1.29%;839.00000;850.00000;3;7910906;839.00000;3;23739256
3040s;0.0;1.29%;839.00000;850.00000;3;7917714;839.00000;3;23759680
3045s;0.0;1.29%;839.00000;850.00000;3;7924522;839.00000;3;23780104
3050s;0.0;1.29%;839.00000;850.00000;3;7930479;839.00000;3;23797975
3055s;0.0;1.29%;839.00000;850.00000;3;7937287;839.00000;3;23818399
3060s;0.0;1.29%;839.00000;850.00000;3;7943244;839.00000;3;23837121
3065s;0.0;1.29%;839.00000;850.00000;3;7950052;839.00000;3;23857545
3070s;0.0;1.29%;839.00000;850.00000;3;7956860;839.00000;3;23877969
3075s;0.0;1.29%;839.00000;850.00000;3;7963668;839.00000;3;23898393
3080s;0.0;1.29%;839.00000;850.00000;3;7970476;839.00000;3;23918817
3085s;0.0;1.29%;839.00000;850.00000;3;7976433;839.00000;3;23936688
3090s;0.0;1.29%;839.00000;850.00000;3;7983241;839.00000;3;23957112
3095s;0.0;1.29%;839.00000;850.00000;3;7990049;839.00000;3;23977536
3100s;0.0;1.29%;839.00000;850.00000;3;7996857;839.00000;3;23997960
3105s;0.0;1.29%;839.00000;850.00000;3;8003665;839.00000;3;24018384
3110s;0.0;1.29%;839.00000;850.00000;3;8010473;839.00000;3;24038808
3115s;0.0;1.29%;839.00000;850.00000;3;8017281;839.00000;3;24059232
3120s;0.0;1.29%;839.00000;850.00000;3;8024089;839.00000;3;24079656
3125s;0.0;1.29%;839.00000;850.00000;3;8030897;839.00000;3;24100080
3130s;0.0;1.29%;839.00000;850.00000;3;8036854;839.00000;3;24117951
3135s;0.0;1.29%;839.00000;850.00000;3;8043662;839.00000;3;24138375
3140s;0.0;1.29%;839.00000;850.00000;3;8050470;839.00000;3;24158799
3145s;0.0;1.29%;839.00000;850.00000;3;8057278;839.00000;3;24179223
3150s;0.0;1.29%;839.00000;850.00000;3;8064086;839.00000;3;24199647
3155s;0.0;1.29%;839.00000;850.00000;3;8070894;839.00000;3;24220071
3160s;0.0;1.29%;839.00000;850.00000;3;8076851;839.00000;3;24237942
3165s;0.0;1.29%;839.00000;850.00000;3;8083659;839.00000;3;24258366
3170s;0.0;1.29%;839.00000;850.00000;3;8090467;839.00000;3;24278790
3175s;0.0;1.29%;839.00000;850.00000;3;8097275;839.00000;3;24299214
3180s;0.0;1.29%;839.00000;850.00000;3;8104083;839.00000;3;24319638
3185s;0.0;1.29%;839.00000;850.00000;3;8110040;839.00000;3;24337509
3190s;0.0;1.29%;839.00000;850.00000;3;8116848;839.00000;3;24357933
3195s;0.0;1.29%;839.00000;850.00000;3;8123656;839.00000;3;24378357
3200s;0.0;1.29%;839.00000;850.00000;3;8130464;839.00000;3;24398781
3205s;0.0;1.29%;839.00000;850.00000;3;8136421;839.00000;3;24416652
3210s;0.0;1.29%;839.00000;850.00000;3;8143229;839.00000;3;24437076
3215s;0.0;1.29%;839.00000;850.00000;3;8150037;839.00000;3;24457500
3220s;0.0;1.29%;839.00000;850.00000;3;8156845;839.00000;3;24477924
3225s;0.0;1.29%;839.00000;850.00000;3;8162802;839.00000;3;24495795
3230s;0.0;1.29%;839.00000;850.00000;3;8169610;839.00000;3;24516219
3235s;0.0;1.29%;839.00000;850.00000;3;8176418;839.00000;3;24536643
3240s;0.0;1.29%;839.00000;850.00000;3;8182375;839.00000;3;24554514
3245s;0.0;1.29%;839.00000;850.00000;3;8189183;839.00000;3;24574938
3250s;0.0;1.29%;839.00000;850.00000;3;8195991;839.00000;3;24595362
3255s;0.0;1.29%;839.00000;850.00000;3;8201948;839.00000;3;24613233
3260s;0.0;1.29%;839.00000;850.00000;3;8208756;839.00000;3;24633657
3265s;0.0;1.29%;839.00000;850.00000;3;8213863;839.00000;3;24650678
3270s;0.0;1.29%;839.00000;850.00000;3;8220670;839.00000;3;24671101
3275s;0.0;1.29%;839.00000;850.00000;3;8227478;839.00000;3;24691525
3280s;0.0;1.29%;839.00000;850.00000;3;8233435;839.00000;3;24709396
3285s;0.0;1.29%;839.00000;850.00000;3;8238542;839.00000;3;24724717
3290s;0.0;1.29%;839.00000;850.00000;3;8245349;839.00000;3;24745138
3295s;0.0;1.29%;839.00000;850.00000;3;8252157;839.00000;3;24765562
3300s;0.0;1.29%;839.00000;850.00000;3;8258114;839.00000;3;24783433
3305s;0.0;1.29%;839.00000;850.00000;3;8264922;839.00000;3;24803857
3310s;0.0;1.29%;839.00000;850.00000;3;8271730;839.00000;3;24824281
3315s;0.0;1.29%;839.00000;850.00000;3;8277687;839.00000;3;24842152
3320s;0.0;1.29%;839.00000;850.00000;3;8284495;839.00000;3;24862576
3325s;0.0;1.29%;839.00000;850.00000;3;8291303;839.00000;3;24883000
3330s;0.0;1.29%;839.00000;850.00000;3;8297260;839.00000;3;24900871
3335s;0.0;1.29%;839.00000;850.00000;3;8304068;839.00000;3;24921295
3340s;0.0;1.29%;839.00000;850.00000;3;8310025;839.00000;3;24939166
3345s;0.0;1.29%;839.00000;850.00000;3;8316833;839.00000;3;24959590
3350s;0.0;1.29%;839.00000;850.00000;3;8323641;839.00000;3;24980014
3355s;0.0;1.29%;839.00000;850.00000;3;8329598;839.00000;3;24997885
3360s;0.0;1.29%;839.00000;850.00000;3;8336406;839.00000;3;25018309
3365s;0.0;1.29%;839.00000;850.00000;3;8342363;839.00000;3;25036180
3370s;0.0;1.29%;839.00000;850.00000;3;8349171;839.00000;3;25056604
3375s;0.0;1.29%;839.00000;850.00000;3;8355979;839.00000;3;25077028
3380s;0.0;1.29%;839.00000;850.00000;3;8361936;839.00000;3;25094899
3385s;0.0;1.29%;839.00000;850.00000;3;8368744;839.00000;3;25115323
3390s;0.0;1.29%;839.00000;850.00000;3;8374701;839.00000;3;25133194
3395s;0.0;1.29%;839.00000;850.00000;3;8381509;839.00000;3;25153618
3400s;0.0;1.29%;839.00000;850.00000;3;8387466;839.00000;3;25171489
3405s;0.0;1.29%;839.00000;850.00000;3;8394274;839.00000;3;25191913
3410s;0.0;1.29%;839.00000;850.00000;3;8400231;839.00000;3;25209784
3415s;0.0;1.29%;839.00000;850.00000;3;8407039;839.00000;3;25230208
3420s;0.0;1.29%;839.00000;850.00000;3;8412996;839.00000;3;25248079
3425s;0.0;1.29%;839.00000;850.00000;3;8419804;839.00000;3;25268503
3430s;0.0;1.29%;839.00000;850.00000;3;8425761;839.00000;3;25286374
3435s;0.0;1.29%;839.00000;850.00000;3;8432569;839.00000;3;25306798
3440s;0.0;1.29%;839.00000;850.00000;3;8438526;839.00000;3;25324669
3445s;0.0;1.29%;839.00000;850.00000;3;8444483;839.00000;3;25342540
3450s;0.0;1.29%;839.00000;850.00000;3;8451291;839.00000;3;25362964
3455s;0.0;1.29%;839.00000;850.00000;3;8457248;839.00000;3;25380835
3460s;0.0;1.29%;839.00000;850.00000;3;8464056;839.00000;3;25401259
3465s;0.0;1.29%;839.00000;850.00000;3;8470013;839.00000;3;25419130
3470s;0.0;1.29%;839.00000;850.00000;3;8476821;839.00000;3;25439554
3475s;0.0;1.29%;839.00000;850.00000;3;8482778;839.00000;3;25457425
3480s;0.0;1.29%;839.00000;850.00000;3;8489586;839.00000;3;25477849
3485s;0.0;1.29%;839.00000;850.00000;3;8495543;839.00000;3;25495720
3490s;0.0;1.29%;839.00000;850.00000;3;8502351;839.00000;3;25516144
3495s;0.0;1.29%;839.00000;850.00000;3;8508308;839.00000;3;25534015
3500s;0.0;1.29%;839.00000;850.00000;3;8514265;839.00000;3;25551886
3505s;0.0;1.29%;839.00000;850.00000;3;8521073;839.00000;3;25572310
3510s;0.0;1.29%;839.00000;850.00000;3;8527030;839.00000;3;25590181
3515s;0.0;1.29%;839.00000;850.00000;3;8533838;839.00000;3;25610605
3520s;0.0;1.29%;839.00000;850.00000;3;8539795;839.00000;3;25628476
3525s;0.0;1.29%;839.00000;850.00000;3;8546603;839.00000;3;25648900
3530s;0.0;1.29%;839.00000;850.00000;3;8552560;839.00000;3;25666771
3535s;0.0;1.29%;839.00000;850.00000;3;8559368;839.00000;3;25687195
3540s;0.0;1.29%;839.00000;850.00000;3;8565325;839.00000;3;25705066
3545s;0.0;1.29%;839.00000;850.00000;3;8571282;839.00000;3;25722937
3550s;0.0;1.29%;839.00000;850.00000;3;8578090;839.00000;3;25743361
3555s;0.0;1.29%;839.00000;850.00000;3;8584047;839.00000;3;25761232
3560s;0.0;1.29%;839.00000;850.00000;3;8590855;839.00000;3;25781656
3565s;0.0;1.29%;839.00000;850.00000;3;8596812;839.00000;3;25799527
3570s;0.0;1.29%;839.00000;850.00000;3;8602769;839.00000;3;25817398
3575s;0.0;1.29%;839.00000;850.00000;3;8609577;839.00000;3;25837822
3580s;0.0;1.29%;839.00000;850.00000;3;8615534;839.00000;3;25855693
3585s;0.0;1.29%;839.00000;850.00000;3;8621491;839.00000;3;25873564
3590s;0.0;1.29%;839.00000;850.00000;3;8628299;839.00000;3;25893988
3595s;0.0;1.29%;839.00000;850.00000;3;8634256;839.00000;3;25911859