0s;-;73.1%;12604.0000;46888.000000;0;0;H
0s;-;73.1%;12604.0000;46888.0000;158;0;12604.0000;0;0
1s;-;71.5%;12658.0000;44454.000000;0;0;H
1s;-;71.5%;12686.9436;44454.0000;193;0;12686.9436;0;0
1s;-;71.4%;12701.1691;44454.0000;171;0;12701.1691;0;0
1s;-;71.4%;12704.0018;44454.0000;172;0;12704.0018;0;0
1s;-;71.4%;12704.0426;44454.0000;172;0;12704.0426;0;0
1s;-;71.4%;12704.0426;44454.0000;169;0;12704.0426;0;0
1s;-;71.4%;12731.0105;44454.0000;164;0;12731.0105;0;0
1s;-;71.3%;12738.2917;44454.0000;170;0;12738.2917;0;0
1s;-;71.3%;12742.2099;44454.0000;160;0;12742.2099;0;0
1s;-;71.3%;12742.3041;44454.0000;161;0;12742.3041;0;0
1s;-;71.3%;12742.3041;44454.0000;161;0;12742.3041;0;0
1s;-;71.3%;12769.3680;44454.0000;145;0;12769.3680;0;0
1s;-;71.3%;12770.3779;44454.0000;160;0;12770.3779;0;0
1s;-;71.3%;12770.9014;44454.0000;157;0;12770.9014;0;0
1s;-;71.3%;12770.9014;44454.0000;157;0;12770.9014;0;0
1s;-;71.3%;12775.4986;44454.0000;171;0;12775.4986;0;0
1s;-;71.3%;12777.0482;44454.0000;167;0;12777.0482;0;0
1s;-;71.3%;12777.1000;44454.0000;170;0;12777.1000;0;0
1s;-;71.3%;12777.1059;44454.0000;170;0;12777.1059;0;0
1s;-;71.3%;12777.7261;44454.0000;164;0;12777.7261;0;0
1s;-;71.3%;12777.7261;44454.0000;165;0;12777.7261;0;0
1s;-;71.3%;12777.7261;44454.0000;167;0;12777.7261;0;0
1s;-;71.3%;12777.7261;44454.0000;166;0;12777.7261;0;0
1s;-;71.3%;12777.7261;44454.0000;165;0;12777.7261;0;0
1s;-;71.3%;12777.7747;44454.0000;166;0;12777.7747;0;0
1s;-;71.3%;12777.7852;44454.0000;166;0;12777.7852;0;0
1s;-;71.3%;12777.7852;44454.0000;158;0;12777.7852;0;0
1s;-;71.3%;12777.7852;44454.0000;159;0;12777.7852;0;0
1s;-;71.3%;12777.7852;44454.0000;164;0;12777.7852;0;0
1s;-;71.3%;12777.7852;44454.0000;162;0;12777.7852;0;0
2s;-;71.3%;12777.8008;44454.0000;162;0;12777.8008;2;0
2s;12.1;69.0%;12798.3530;41231.000000;381;378;H
3s;9.5;66.6%;12798.3530;38318.000000;801;813;H
4s;8.5;65.4%;12798.3530;36990.000000;1728;1824;H
5s;8.4;65.2%;12878.3641;36990.0000;182;95;28395.0000;1729;2024
5s;8.3;64.4%;13029.6526;36576.000000;1652;2040;H
6s;8.3;64.3%;13060.4471;36564.000000;1578;2056;H
10s;15.5;63.1%;13476.8657;36564.0000;156;47;22979.0031;1619;2115
12s;14.6;62.8%;13476.8657;36266.000000;1739;2402;H
12s;14.6;62.8%;13476.8657;36225.000000;1658;2409;H
12s;14.7;62.8%;13476.8657;36199.000000;1582;2416;H
12s;14.7;62.8%;13476.8657;36181.000000;1512;2417;H
16s;14.7;62.8%;13476.8657;36181.0000;191;35;13965.0817;1527;2418
16s;14.8;62.7%;13476.8657;36091.000000;1461;2420;H
20s;17.7;62.7%;13476.8657;36091.0000;50;74;30263.0864;4662;7433
24s;17.4;62.5%;13476.8657;35936.000000;6244;9882;H
24s;17.4;61.9%;13476.8657;35338.000000;6177;H10050
25s;17.4;61.9%;13476.8657;35338.0000;146;38;16335.8847;6467;10077
30s;17.1;61.9%;13476.8657;35338.0000;128;44;17017.8713;12283;17589
30s;17.1;61.7%;13476.8657;35167.000000;12242;H17623
35s;17.2;61.7%;13476.8657;35167.0000;154;36;15812.4911;16875;24284
37s;17.0;61.7%;13476.8657;35165.000000;20408;H28461
38s;16.9;61.7%;13479.9856;35163.000000;22627;H31329
38s;16.9;61.6%;13481.2239;35096.000000;22592;H31501
40s;16.8;61.5%;13494.8133;35096.0000;159;39;14954.5017;24886;34224
40s;16.8;61.5%;13494.8133;35094.000000;24885;H34266
40s;16.8;61.4%;13497.0881;34999.000000;24808;H34540
51s;16.7;61.4%;13511.8620;34999.0000;162;84;30241.1933;29599;41599
55s;16.7;61.4%;13511.8620;34999.0000;189;65;32170.0000;29620;41630
60s;16.6;61.4%;13511.8620;34999.0000;186;96;30743.1773;29642;41664
65s;16.6;60.1%;13954.2608;34999.0000;188;61;32137.9664;29660;41691
70s;16.6;59.2%;14278.2980;34999.0000;210;49;18456.4396;29684;41726
75s;16.6;58.6%;14483.1978;34999.0000;207;74;24459.6464;29706;41760
80s;16.6;58.2%;14621.2139;34999.0000;202;65;31927.3237;29724;41787
81s;16.6;57.9%;14662.0168;34840.000000;28238;H41792
85s;16.6;57.5%;14794.6217;34840.0000;209;82;27689.8938;28254;41817
90s;16.6;57.2%;14927.8806;34840.0000;219;48;16583.5394;28271;41842
95s;16.6;56.9%;15023.6288;34840.0000;225;43;18824.0896;28289;41869
100s;18.1;56.6%;15109.3304;34840.0000;165;40;15109.3304;28310;41896
101s;18.5;56.5%;15109.3304;34700.000000;26953;H41982
102s;18.6;56.4%;15109.3304;34632.000000;25641;H42027
102s;18.6;56.2%;15109.3304;34477.000000;24358;H42034
105s;19.2;56.2%;15109.3304;34477.0000;203;57;15109.3304;24952;43104
105s;19.2;56.2%;15109.3304;34470.000000;23731;H43111
107s;19.6;56.0%;15109.3304;34328.000000;23226;H44485
110s;20.1;56.0%;15109.3304;34328.0000;111;64;21178.1575;24470;46874
115s;20.6;56.0%;15109.3304;34328.0000;44;101;31990.4211;25797;49943
120s;21.0;56.0%;15109.3304;34328.0000;160;51;15109.3304;27453;53927
125s;21.3;56.0%;15109.3304;34328.0000;170;53;15109.3304;28859;57163
130s;21.6;56.0%;15109.3304;34328.0000;135;70;16135.8913;29882;59625
135s;21.7;56.0%;15109.3304;34328.0000;176;52;15109.3304;31598;63082
140s;21.9;56.0%;15109.3304;34328.0000;137;59;15135.4051;33162;67281
146s;22.1;56.0%;15109.3304;34328.0000;79;79;23901.1437;34706;70369
150s;22.0;56.0%;15109.3304;34328.0000;170;53;15109.3304;36270;73974
155s;22.1;56.0%;15109.3304;34328.0000;34;97;29653.0032;37810;77019
162s;22.1;56.0%;15109.3304;34328.0000;80;88;28218.9879;39556;82168
162s;22.2;55.9%;15109.3304;34281.000000;38046;H83377
166s;22.2;55.9%;15109.3304;34281.0000;171;61;15109.3304;39315;83806
171s;22.3;55.9%;15109.3304;34281.0000;165;54;15109.3304;41060;87866
176s;22.3;55.9%;15109.3304;34281.0000;162;52;15109.3304;42488;91808
181s;22.4;55.7%;15109.3304;34093.000000;41909;H95218
187s;22.4;55.7%;15109.3304;34093.0000;172;59;15397.8011;43833;97724
190s;22.4;55.7%;15109.3304;34093.0000;97;72;24252.3330;44543;99720
195s;22.5;55.7%;15109.3304;34093.0000;79;68;24980.5264;46322;102919
201s;22.6;55.7%;15109.3304;34093.0000;138;69;20653.1437;48765;106488
205s;22.6;55.7%;15109.3304;34093.0000;138;59;15681.9598;50410;108075
210s;22.7;55.7%;15109.3304;34093.0000;153;54;15109.3304;52832;112133
216s;22.7;55.7%;15109.3304;34093.0000;49;101;30101.6373;55365;115372
222s;22.8;55.7%;15109.3304;34093.0000;175;58;15109.3304;58197;119348
225s;22.8;55.7%;15109.3304;34093.0000;160;55;15109.3304;58638;121102
231s;22.9;55.7%;15109.3304;34093.0000;162;62;15829.5946;61081;123506
238s;22.9;55.7%;15109.3304;34093.0000;125;73;19989.8187;64052;127046
241s;22.9;55.7%;15109.3304;34093.0000;63;79;24150.6207;65427;129016
247s;23.0;55.7%;15109.3304;34093.0000;182;54;15109.3304;67950;132445
250s;23.0;55.7%;15109.3304;34093.0000;184;62;15109.3304;69606;134322
256s;22.9;55.7%;15109.3304;34093.0000;114;61;21030.8275;71788;137905
261s;23.0;55.7%;15109.3304;34093.0000;53;91;33048.6515;73827;141213
265s;23.0;55.7%;15109.3304;34093.0000;87;70;24040.7654;75125;142320
272s;22.9;55.7%;15109.3304;34093.0000;157;52;15109.3304;78494;146711
275s;23.0;55.7%;15109.3304;34093.0000;40;92;32698.6673;79647;148526
282s;23.0;55.7%;15109.3304;34093.0000;143;60;17076.6784;82964;152367
285s;22.9;55.7%;15109.3304;34093.0000;175;62;15109.3304;84271;154435
291s;23.0;55.7%;15109.3304;34093.0000;142;58;17693.3360;86649;157884
291s;23.0;54.7%;15109.3304;33367.000000;84457;H158080
297s;23.0;54.7%;15109.3304;33367.0000;165;60;15109.3304;87392;161343
300s;22.9;54.4%;15109.3304;33141.000000;86947;H163396
305s;23.0;54.4%;15109.3304;33141.0000;176;58;15109.3304;89223;165835
312s;23.0;54.4%;15109.3304;33141.0000;166;61;15109.3304;91789;168991
315s;23.1;54.4%;15109.3304;33141.0000;159;49;15109.3304;92752;171246
323s;23.2;54.4%;15109.3304;33141.0000;147;56;15815.4746;95118;174465
323s;23.2;54.1%;15109.3304;32919.000000;93978;H174608
323s;23.2;54.0%;15109.3304;32879.000000;93769;H175159
326s;23.2;54.0%;15109.3304;32879.0000;179;58;15109.3304;95191;176065
326s;23.2;54.0%;15109.3304;32877.000000;95181;H176492
330s;23.2;54.0%;15109.3304;32877.0000;141;70;17581.7548;96626;177984
333s;23.2;54.0%;15109.3304;32875.000000;98146;H180137
337s;23.2;54.0%;15109.3304;32875.0000;184;57;15109.3304;99682;182249
337s;23.2;53.9%;15109.3304;32782.000000;99224;H182540
340s;23.2;53.9%;15109.3304;32782.0000;141;65;15109.3304;100229;184379
347s;23.3;53.4%;15109.3304;32452.000000;100373;H187834
352s;23.3;53.4%;15109.3304;32452.0000;98;infeasible;102598;188781
356s;23.3;53.4%;15109.3304;32452.0000;70;92;28121.9599;103874;192034
360s;23.4;53.4%;15109.3304;32452.0000;146;59;17728.2922;105235;194901
367s;23.4;53.4%;15109.3304;32452.0000;204;54;15109.3304;108197;198260
370s;23.4;53.4%;15109.3304;32452.0000;172;59;15109.3304;109117;200349
378s;23.4;53.4%;15109.3304;32452.0000;48;100;32080.9524;111589;203703
378s;23.4;53.4%;15109.3304;32429.000000;111469;H203880
381s;23.5;53.4%;15109.3304;32429.0000;159;61;15109.3304;113022;205001
385s;23.5;53.4%;15109.3304;32429.0000;183;58;15109.3304;114552;207263
392s;23.5;53.4%;15109.3304;32429.0000;106;cutoff;117252;210488
395s;23.5;53.4%;15109.3304;32429.0000;96;72;20480.9025;118386;213221
402s;23.6;53.4%;15109.3304;32429.0000;192;58;15109.3304;121304;216783
405s;23.6;53.4%;15109.3304;32429.0000;98;96;24506.1121;122481;218883
409s;23.6;53.0%;15109.3304;32180.000000;121997;H220632
412s;23.6;53.0%;15109.3304;32180.0000;169;53;15109.3304;123057;222279
415s;23.6;53.0%;15109.3304;32180.0000;171;56;15109.3304;124256;223849
422s;23.6;53.0%;15109.3304;32180.0000;169;60;15155.6250;126685;227514
425s;23.7;53.0%;15109.3304;32180.0000;143;64;17952.5395;127483;229196
432s;23.7;53.0%;15109.3304;32180.0000;141;67;17485.3532;129769;231848
436s;23.7;53.0%;15109.3304;32180.0000;76;88;22465.2488;130808;234145
443s;23.7;53.0%;15109.3304;32180.0000;153;51;15109.3304;133110;237191
446s;23.8;53.0%;15109.3304;32180.0000;76;infeasible;134517;239090
450s;23.8;53.0%;15109.3304;32180.0000;178;47;15109.3304;135828;241136
457s;23.8;53.0%;15109.3304;32180.0000;135;66;16852.5267;138255;244715
460s;23.9;53.0%;15109.3304;32180.0000;171;60;15109.3304;139055;246549
468s;23.9;53.0%;15109.3304;32180.0000;160;58;15127.0838;141734;249630
471s;23.9;53.0%;15109.3304;32180.0000;47;96;30842.0086;142729;251617
476s;23.9;53.0%;15109.3304;32180.0000;47;133;28743.1705;144749;252932
482s;23.9;53.0%;15109.3304;32180.0000;175;57;15109.3304;147350;257659
485s;23.9;53.0%;15109.3304;32180.0000;181;61;15109.3304;148427;259196
491s;23.9;53.0%;15109.3304;32180.0000;157;48;16413.0285;150397;262461
498s;23.9;53.0%;15109.3304;32180.0000;168;54;15370.4998;153010;265559
501s;23.9;53.0%;15109.3304;32180.0000;99;84;24935.7880;153649;267541
508s;24.0;53.0%;15109.3304;32180.0000;159;56;15735.0234;156209;270095
511s;24.0;53.0%;15109.3304;32180.0000;157;57;15109.3304;157749;272179
515s;24.0;53.0%;15109.3304;32180.0000;179;60;15109.3304;158833;274319
521s;24.0;53.0%;15109.3304;32180.0000;177;69;15109.3304;161043;277703
527s;24.0;53.0%;15109.3304;32180.0000;167;61;15466.4857;163070;281050
531s;24.0;53.0%;15109.3304;32180.0000;157;67;15874.8379;164202;282580
557s;24.0;53.0%;15109.3304;32180.0000;170;62;15109.3304;165181;286000
560s;24.0;53.0%;15109.3304;32180.0000;155;63;15675.3712;166353;286017
568s;24.1;53.0%;15109.3304;32180.0000;72;88;31153.9945;168680;289212
571s;24.1;53.0%;15109.3304;32180.0000;157;56;15109.3304;169501;291000
575s;24.1;53.0%;15109.3304;32180.0000;146;66;15283.3925;170669;292126
582s;24.1;53.0%;15109.3304;32180.0000;84;cutoff;173136;295664
586s;24.1;53.0%;15109.3304;32180.0000;66;92;29036.7533;174341;297348
593s;24.1;53.0%;15109.3304;32180.0000;44;105;31671.8274;176665;300601
596s;24.1;53.0%;15109.3304;32180.0000;172;59;15109.3304;177898;302393
601s;24.2;53.0%;15109.3304;32180.0000;187;56;15210.7624;178042;304140
605s;24.2;53.0%;15109.3304;32180.0000;173;57;15231.3866;179429;304402
613s;24.2;53.0%;15109.3304;32180.0000;83;78;24995.3765;182120;308135
617s;24.2;53.0%;15109.3304;32180.0000;165;59;15895.3146;183272;310073
621s;24.2;53.0%;15109.3304;32180.0000;156;63;15109.3304;184084;311722
625s;24.2;53.0%;15109.3304;32180.0000;41;114;31873.9887;185208;312924
633s;24.2;53.0%;15109.3304;32180.0000;86;infeasible;187973;316719
636s;24.2;53.0%;15109.3304;32180.0000;89;83;25443.3894;189415;318594
640s;24.2;53.0%;15109.3304;32180.0000;114;74;21163.2263;190429;320434
647s;24.2;53.0%;15109.3304;32180.0000;152;68;16489.7826;192629;323801
651s;24.2;53.0%;15109.3304;32180.0000;191;51;15109.3304;193971;325484
657s;24.2;53.0%;15109.3304;32180.0000;168;57;15109.3304;195708;328640
661s;24.2;53.0%;15109.3304;32180.0000;168;64;15671.6746;196886;329913
668s;24.2;53.0%;15109.3304;32180.0000;66;90;28995.8136;198987;332795
672s;24.3;53.0%;15109.3304;32180.0000;167;59;15109.3304;200191;334708
676s;24.3;53.0%;15109.3304;32180.0000;116;94;24965.1324;201276;336477
680s;24.3;53.0%;15109.3304;32180.0000;37;88;31341.0000;202382;338418
688s;24.3;53.0%;15109.3304;32180.0000;178;50;15109.3304;204944;341193
691s;24.3;53.0%;15109.3304;32180.0000;49;120;29684.8441;206053;343348
695s;24.3;53.0%;15109.3304;32180.0000;113;66;19631.2879;207508;344968
703s;24.2;53.0%;15109.3304;32180.0000;159;56;15109.3304;210136;348710
707s;24.3;53.0%;15109.3304;32180.0000;179;56;15109.3304;211276;350708
711s;24.3;53.0%;15109.3304;32180.0000;162;57;15109.3304;212504;352439
718s;24.3;53.0%;15109.3304;32180.0000;59;88;31312.4937;215030;356136
722s;24.3;53.0%;15109.3304;32180.0000;150;64;15656.5517;216242;357821
726s;24.3;53.0%;15109.3304;32180.0000;166;60;15109.3304;217591;359492
730s;24.3;53.0%;15109.3304;32180.0000;165;59;15109.3304;218824;361398
735s;24.3;53.0%;15109.3304;32180.0000;124;81;21410.4559;220271;363200
743s;24.3;53.0%;15109.3304;32180.0000;113;71;20636.1258;222733;367448
747s;24.4;53.0%;15109.3304;32180.0000;90;70;21716.5209;223885;369217
750s;24.4;53.0%;15109.3304;32180.0000;175;64;15178.8347;224803;370847
757s;24.4;53.0%;15109.3304;32180.0000;94;cutoff;226705;373866
761s;24.4;53.0%;15109.3304;32180.0000;160;64;15109.3304;228014;375158
765s;24.4;53.0%;15109.3304;32180.0000;163;64;15201.7120;228879;377040
770s;24.4;53.0%;15109.3304;32180.0000;171;60;15109.3304;230105;379128
777s;24.4;53.0%;15109.3304;32180.0000;156;61;15109.3304;232124;381836
782s;24.5;53.0%;15109.3304;32180.0000;174;59;15109.3304;233483;383089
786s;24.5;53.0%;15109.3304;32180.0000;186;63;15109.3304;234878;385093
790s;24.5;53.0%;15109.3304;32180.0000;45;103;30989.9687;236061;387153
798s;24.5;53.0%;15109.3304;32180.0000;63;88;26946.9277;238681;390150
802s;24.5;53.0%;15109.3304;32180.0000;130;67;17554.4614;240316;392310
806s;24.5;53.0%;15109.3304;32180.0000;144;56;15913.6635;241647;394627
811s;24.5;53.0%;15109.3304;32180.0000;98;88;19228.3505;243068;396621
815s;24.5;53.0%;15109.3304;32180.0000;165;66;15109.3304;244368;398692
820s;24.5;53.0%;15109.3304;32180.0000;148;72;16738.3650;245820;401775
827s;24.5;53.0%;15109.3304;32180.0000;143;64;15743.6646;248109;404207
831s;24.5;53.0%;15109.3304;32180.0000;115;cutoff;249329;405926
835s;24.5;53.0%;15109.3304;32180.0000;161;55;15109.3304;250336;407780
843s;24.5;53.0%;15109.3304;32180.0000;141;61;15635.6321;252873;411216
847s;24.5;53.0%;15109.3304;32180.0000;57;88;30714.4046;254305;412639
852s;24.5;53.0%;15109.3304;32180.0000;88;86;23978.2502;256156;414632
857s;24.5;53.0%;15109.3304;32180.0000;184;58;15109.3304;257425;416962
861s;24.5;53.0%;15109.3304;32180.0000;176;60;15109.3304;258598;418896
865s;24.5;53.0%;15109.3304;32180.0000;88;cutoff;260058;420561
876s;24.5;53.0%;15109.3304;32180.0000;140;65;16456.2140;263235;423907
880s;24.5;53.0%;15109.3304;32180.0000;97;82;24973.7333;264429;427805
888s;24.5;53.0%;15109.3304;32180.0000;108;76;20301.7431;267205;430855
892s;24.5;53.0%;15109.3304;32180.0000;185;58;15109.3304;268233;432796
896s;24.5;53.0%;15109.3304;32180.0000;163;58;16004.2845;269458;434327
900s;24.5;53.0%;15109.3304;32180.0000;149;70;16932.5146;270752;436104
908s;24.5;53.0%;15109.3304;32180.0000;167;61;15345.8887;272542;439667
912s;24.5;53.0%;15109.3304;32180.0000;145;58;16328.7426;273544;440953
916s;24.5;53.0%;15109.3304;32180.0000;148;63;15994.2169;274759;442411
921s;24.6;53.0%;15109.3304;32180.0000;172;59;15637.5124;276278;444179
925s;24.6;53.0%;15109.3304;32180.0000;133;70;18638.9416;277195;447072
932s;24.5;53.0%;15109.3304;32180.0000;168;61;15109.3304;279886;449659
936s;24.5;53.0%;15109.3304;32180.0000;86;75;25299.7382;280816;451690
940s;24.5;53.0%;15109.3304;32180.0000;64;86;31082.3217;281970;453072
948s;24.6;53.0%;15109.3304;32180.0000;191;60;15109.3304;284799;456388
952s;24.5;53.0%;15109.3304;32180.0000;89;66;23284.1489;286040;458426
956s;24.5;53.0%;15109.3304;32180.0000;94;76;23693.2298;287103;460198
964s;24.6;53.0%;15109.3304;32180.0000;171;58;15109.3304;289571;463438
968s;24.6;53.0%;15109.3304;32180.0000;157;63;15109.3304;290702;465282
973s;24.6;53.0%;15109.3304;32180.0000;157;58;15109.3304;291306;466905
979s;24.6;53.0%;15109.3304;32180.0000;160;59;15422.2947;292886;467736
985s;24.6;53.0%;15109.3304;32180.0000;92;79;28610.0537;294321;470271
990s;24.6;53.0%;15109.3304;32180.0000;151;59;16082.8038;295817;472349
995s;24.6;53.0%;15109.3304;32180.0000;92;cutoff;297186;474707
1002s;24.6;53.0%;15109.3304;32180.0000;126;63;17020.6346;299127;477875
1007s;24.6;53.0%;15109.3304;32180.0000;178;55;16324.8205;300598;479749
1011s;24.6;53.0%;15109.3304;32180.0000;185;54;15109.3304;301968;481877
1015s;24.6;53.0%;15109.3304;32180.0000;89;73;22151.9692;303194;483989
1020s;24.6;53.0%;15109.3304;32180.0000;62;94;31151.2775;304639;485747
1028s;24.6;53.0%;15109.3304;32180.0000;154;55;15160.6531;306636;489718
1031s;24.6;53.0%;15109.3304;32180.0000;161;55;15550.5686;307593;491158
1035s;24.6;53.0%;15109.3304;32180.0000;50;73;30758.9246;308827;492569
1040s;24.6;53.0%;15109.3304;32180.0000;177;62;15201.4833;309858;494406
1048s;24.6;53.0%;15109.3304;32180.0000;113;cutoff;312176;497847
1053s;24.6;53.0%;15109.3304;32180.0000;155;63;15794.3091;313948;499515
1056s;24.6;53.0%;15109.3304;32180.0000;119;81;22891.0307;314862;502074
1060s;24.6;53.0%;15109.3304;32180.0000;155;56;16034.9149;315975;503489
1065s;24.6;53.0%;15109.3304;32180.0000;94;65;18380.6704;317606;505456
1070s;24.6;53.0%;15109.3304;32180.0000;168;65;15109.3304;319178;507239
1077s;24.6;53.0%;15109.3304;32180.0000;187;57;15109.3304;321264;511116
1081s;24.6;53.0%;15109.3304;32180.0000;169;60;15879.1317;322045;512390
1089s;24.6;53.0%;15109.3304;32180.0000;173;61;15520.9382;324437;515205
1094s;24.6;53.0%;15109.3304;32180.0000;72;91;25747.8575;326538;517128
1098s;24.6;53.0%;15109.3304;32180.0000;88;68;20815.8957;327628;519710
1102s;24.6;53.0%;15109.3304;32180.0000;44;91;32107.5334;328636;521381
1106s;24.6;53.0%;15109.3304;32180.0000;96;58;19120.4471;329901;522942
1111s;24.6;53.0%;15109.3304;32180.0000;182;58;15109.3304;331032;524726
1115s;24.6;53.0%;15109.3304;32180.0000;100;75;23051.3813;332098;526735
1125s;24.6;53.0%;15109.3304;32180.0000;49;86;28206.4298;334678;529841
1130s;24.6;53.0%;15109.3304;32180.0000;94;cutoff;336043;532301
1138s;24.7;53.0%;15109.3304;32180.0000;68;77;24968.9015;338869;535945
1143s;24.6;53.0%;15109.3304;32180.0000;162;57;15109.3304;340143;537935
1147s;24.6;53.0%;15109.3304;32180.0000;156;54;15109.3304;341320;539759
1152s;24.7;53.0%;15109.3304;32180.0000;104;85;21305.7745;342619;541455
1156s;24.7;53.0%;15109.3304;32180.0000;132;69;17343.6214;343235;543386
1160s;24.7;53.0%;15109.3304;32180.0000;159;60;15236.3466;344113;544317
1165s;24.7;53.0%;15109.3304;32180.0000;122;67;17803.1499;345422;545670
1174s;24.7;53.0%;15109.3304;32180.0000;79;76;25460.6419;347992;549694
1178s;24.7;53.0%;15109.3304;32180.0000;87;78;22418.8131;349090;551522
1182s;24.7;53.0%;15109.3304;32180.0000;175;58;15109.3304;350502;553178
1187s;24.7;53.0%;15109.3304;32180.0000;114;70;19013.4297;351692;555124
1191s;24.7;53.0%;15109.3304;32180.0000;101;77;19406.9557;352719;557138
1199s;24.7;53.0%;15109.3304;32180.0000;168;58;15109.3304;355171;560707
1203s;24.7;53.0%;15109.3304;32180.0000;159;58;15109.3304;356605;562591
1207s;24.7;53.0%;15109.3304;32180.0000;88;76;25465.4744;357476;564632
1211s;24.7;53.0%;15109.3304;32180.0000;149;62;15308.2412;358707;566360
1216s;24.7;53.0%;15109.3304;32180.0000;144;65;17768.1250;359711;568070
1220s;24.7;53.0%;15109.3304;32180.0000;140;57;17756.2680;360818;569677
1225s;24.7;53.0%;15109.3304;32180.0000;56;90;30103.3775;362305;571289
1234s;24.7;53.0%;15109.3304;32180.0000;167;63;17966.4939;364985;574573
1238s;24.7;53.0%;15109.3304;32180.0000;166;57;15109.3304;366274;576694
1243s;24.7;53.0%;15109.3304;32180.0000;161;61;15109.3304;367437;578586
1247s;24.7;53.0%;15109.3304;32180.0000;171;60;15109.3304;368609;580223
1251s;24.7;53.0%;15109.3304;32180.0000;183;58;15109.3304;369947;581794
1255s;24.7;53.0%;15109.3304;32180.0000;172;61;15109.3304;371124;583697
1263s;24.7;53.0%;15109.3304;32180.0000;180;65;15561.2923;373073;587119
1264s;24.7;53.0%;15109.3304;32132.000000;372619;H587759
1268s;24.7;53.0%;15109.3304;32132.0000;69;85;31123.7434;374027;588250
1273s;24.7;53.0%;15109.3304;32132.0000;141;61;15688.7681;375277;590318
1278s;24.7;53.0%;15109.3304;32132.0000;203;59;15109.3304;376537;592163
1283s;24.7;53.0%;15109.3304;32132.0000;172;51;15109.3304;378175;594022
1287s;24.7;53.0%;15109.3304;32132.0000;170;60;15109.3304;379337;596338
1291s;24.7;53.0%;15109.3304;32132.0000;151;55;16078.5749;380415;597967
1295s;24.7;52.9%;15109.3304;32060.000000;379973;H599505
1295s;24.7;52.9%;15109.3304;32052.000000;379826;H600147
1304s;24.7;52.9%;15109.3304;32052.0000;82;82;27735.4486;382988;602376
1308s;24.7;52.9%;15109.3304;32052.0000;181;61;15109.3304;384092;604489
1313s;24.7;52.9%;15109.3304;32052.0000;178;58;15109.3304;385046;606110
1317s;24.7;52.9%;15109.3304;32052.0000;170;55;15109.3304;386093;607493
1321s;24.7;52.9%;15109.3304;32052.0000;153;58;15109.3304;387177;609132
1326s;24.7;52.9%;15109.3304;32052.0000;151;70;16561.4105;388355;610801
1326s;24.7;52.9%;15109.3304;32050.000000;388312;H611019
1331s;24.7;52.9%;15109.3304;32050.0000;168;56;16074.0161;389503;612588
1335s;24.7;52.9%;15109.3304;32050.0000;163;59;15109.3304;390613;614325
1340s;24.7;52.9%;15109.3304;32050.0000;173;61;15109.3304;392055;615976
1345s;24.7;52.9%;15109.3304;32050.0000;166;50;15109.3304;393202;618034
1350s;24.7;52.9%;15109.3304;32050.0000;75;81;23335.0434;394674;619722
1355s;24.7;52.9%;15109.3304;32050.0000;165;61;16275.0552;395742;621849
1364s;24.7;52.9%;15109.3304;32050.0000;172;58;15249.3796;398140;625290
1369s;24.7;52.9%;15109.3304;32050.0000;47;89;30846.4615;399423;627421
1369s;24.7;52.9%;15109.3304;32048.000000;399401;H627607
1373s;24.7;52.9%;15109.3304;32048.0000;183;64;15109.3304;400318;629172
1379s;24.7;52.9%;15109.3304;32048.0000;171;64;15109.3304;401887;630608
1384s;24.7;52.9%;15109.3304;32048.0000;176;63;15109.3304;403230;633119
1388s;24.7;52.9%;15109.3304;32048.0000;60;84;26847.1760;404169;634866
1392s;24.7;52.9%;15109.3304;32048.0000;131;66;16157.0502;405372;636375
1397s;24.7;52.9%;15109.3304;32048.0000;35;102;30674.2205;406795;638129
1397s;24.7;52.9%;15109.3304;32046.000000;406764;H640195
1402s;24.7;52.9%;15109.3304;32046.0000;162;71;15109.3304;407998;640318
1407s;24.7;52.9%;15109.3304;32046.0000;149;64;15109.3304;409326;642145
1407s;24.7;52.8%;15109.3304;32044.000000;409300;H642225
1411s;24.7;52.8%;15109.3304;32044.0000;167;64;15109.3304;411193;643997
1416s;24.7;52.8%;15109.3304;32044.0000;84;108;27613.9978;412387;646355
1420s;24.7;52.8%;15109.3304;32044.0000;162;55;15109.3304;413628;648150
1428s;24.7;52.8%;15109.3304;32044.0000;75;82;24475.0652;416035;651727
1433s;24.7;52.8%;15109.3304;32044.0000;150;61;15514.8606;416881;653313
1433s;24.7;52.8%;15109.3304;32030.000000;416614;H653458
1438s;24.7;52.8%;15109.3304;32030.0000;189;58;15109.3304;417749;654606
1443s;24.7;52.8%;15109.3304;32030.0000;168;65;15109.3304;419219;656116
1448s;24.7;52.8%;15109.3304;32030.0000;117;70;19242.0889;420531;658396
1452s;24.7;52.8%;15109.3304;32030.0000;168;67;15109.3304;421627;660209
1458s;24.7;52.8%;15109.3304;32030.0000;181;63;15109.3304;423063;661925
1463s;24.7;52.8%;15109.3304;32030.0000;98;infeasible;424082;663911
1467s;24.7;52.8%;15109.3304;32030.0000;84;cutoff;425143;665455
1472s;24.8;52.8%;15109.3304;32030.0000;168;55;15109.3304;426513;667091
1477s;24.8;52.8%;15109.3304;32030.0000;174;63;15109.3304;427909;669075
1482s;24.8;52.8%;15109.3304;32030.0000;47;111;31544.6065;429329;671107
1487s;24.7;52.8%;15109.3304;32030.0000;69;77;23229.7243;430577;673075
1492s;24.7;52.8%;15109.3304;32030.0000;122;70;18451.9868;431792;675009
1497s;24.7;52.8%;15109.3304;32030.0000;168;59;15612.1660;433239;676808
1502s;24.8;52.8%;15109.3304;32030.0000;123;71;18683.6664;434519;678822
1507s;24.8;52.8%;15109.3304;32030.0000;32;98;31380.3306;435799;680659
1511s;24.7;52.8%;15109.3304;32030.0000;47;92;30921.4180;437146;682530
1516s;24.7;52.8%;15109.3304;32030.0000;181;54;15109.3304;437853;684432
1520s;24.7;52.8%;15109.3304;32030.0000;147;60;16641.8529;439095;685377
1525s;24.7;52.8%;15109.3304;32030.0000;96;80;21631.6585;440425;687218
1530s;24.7;52.8%;15109.3304;32030.0000;75;86;31496.1710;441782;689151
1535s;24.7;52.8%;15109.3304;32030.0000;62;83;30644.5676;443245;691159
1544s;24.7;52.8%;15109.3304;32030.0000;147;61;15939.4360;445275;694816
1549s;24.7;52.8%;15109.3304;32030.0000;116;65;17992.4343;446656;696430
1553s;24.7;52.8%;15109.3304;32030.0000;180;56;15109.3304;447981;698374
1558s;24.7;52.8%;15109.3304;32030.0000;110;72;17167.7473;449115;700183
1563s;24.7;52.8%;15109.3304;32030.0000;157;64;15109.3304;450514;701983
1568s;24.7;52.8%;15109.3304;32030.0000;168;62;16526.1245;451777;704004
1572s;24.7;52.8%;15109.3304;32030.0000;139;55;16497.8717;452960;705898
1577s;24.7;52.8%;15109.3304;32030.0000;117;75;18545.2375;454896;707651
1582s;24.7;52.8%;15109.3304;32030.0000;147;59;16228.3275;456147;710018
1586s;24.7;52.8%;15109.3304;32030.0000;167;51;15109.3304;457167;711789
1591s;24.7;52.8%;15109.3304;32030.0000;128;71;18571.6591;458270;713286
1595s;24.7;52.8%;15109.3304;32030.0000;99;70;22046.3019;459317;714850
1600s;24.7;52.8%;15109.3304;32030.0000;118;77;23989.1645;460423;716353
1606s;24.7;52.8%;15109.3304;32030.0000;97;cutoff;461499;717960
1610s;24.7;52.8%;15109.3304;32030.0000;141;62;15473.0256;462601;719908
1615s;24.7;52.8%;15109.3304;32030.0000;175;60;15109.3304;463752;721797
1624s;24.7;52.8%;15109.3304;32030.0000;151;66;15109.3304;465898;724793
1629s;24.7;52.8%;15109.3304;32030.0000;180;61;15109.3304;467011;726595
1634s;24.7;52.8%;15109.3304;32030.0000;46;82;28131.8023;468423;728420
1638s;24.7;52.8%;15109.3304;32030.0000;65;80;30378.8588;469536;730445
1644s;24.7;52.8%;15109.3304;32030.0000;175;67;15109.3304;471010;732173
1649s;24.7;52.8%;15109.3304;32030.0000;59;84;31178.1628;471995;734244
1655s;24.7;52.8%;15109.3304;32030.0000;53;92;29957.2539;473108;735901
1664s;24.7;52.8%;15109.3304;32030.0000;170;59;15109.3304;475175;739776
1670s;24.7;52.8%;15109.3304;32030.0000;113;75;19706.8580;476815;741272
1676s;24.7;52.8%;15109.3304;32030.0000;123;76;19455.7216;478212;743582
1681s;24.7;52.8%;15109.3304;32030.0000;175;64;15109.3304;479463;745682
1686s;24.7;52.8%;15109.3304;32030.0000;71;93;28855.8561;480653;747507
1693s;24.7;52.8%;15109.3304;32030.0000;140;70;17821.7331;481209;749290
1698s;24.7;52.8%;15109.3304;32030.0000;169;64;15109.3304;482533;750106
1703s;24.7;52.8%;15109.3304;32030.0000;149;66;16342.2885;483807;751924
1708s;24.7;52.8%;15109.3304;32030.0000;91;72;24219.7727;484953;753819
1714s;24.7;52.8%;15109.3304;32030.0000;176;63;15109.3304;486019;755619
1719s;24.7;52.8%;15109.3304;32030.0000;95;74;30109.2990;487346;757293
1725s;24.7;52.8%;15109.3304;32030.0000;177;64;15192.9738;488599;759386
1730s;24.7;52.8%;15109.3304;32030.0000;92;81;22117.2304;489983;761292
1735s;24.7;52.8%;15109.3304;32030.0000;186;60;15109.3304;491130;763315
1740s;24.7;52.8%;15109.3304;32030.0000;190;58;15109.3304;492342;764964
1745s;24.7;52.8%;15109.3304;32030.0000;178;62;15109.3304;493699;766796
1750s;24.7;52.8%;15109.3304;32030.0000;71;85;27325.6105;495262;768773
1755s;24.7;52.8%;15109.3304;32030.0000;132;71;17456.8245;496419;772065
1764s;24.7;52.8%;15109.3304;32030.0000;175;58;15109.3304;498625;773689
1770s;24.7;52.8%;15109.3304;32030.0000;90;82;23116.5576;499714;775679
1775s;24.7;52.8%;15109.3304;32030.0000;174;58;15109.3304;500946;777803
1780s;24.7;52.8%;15109.3304;32030.0000;168;56;15109.3304;502070;778991
1790s;24.7;52.8%;15109.3304;32030.0000;158;74;16476.1029;504341;782578
1796s;24.7;52.8%;15109.3304;32030.0000;147;66;15775.0147;505516;784335
1801s;24.7;52.8%;15109.3304;32030.0000;155;60;15524.5796;507080;786156
1806s;24.7;52.8%;15109.3304;32030.0000;70;88;26821.3876;508215;788269
1811s;24.7;52.8%;15109.3304;32030.0000;146;60;15613.0535;509502;790050
1816s;24.7;52.8%;15109.3304;32030.0000;155;55;15507.3996;510582;791899
1821s;24.7;52.8%;15109.3304;32030.0000;177;60;15238.3227;511657;793706
1826s;24.7;52.8%;15109.3304;32030.0000;187;62;15109.3304;513166;795386
1832s;24.7;52.8%;15109.3304;32030.0000;63;95;29133.3890;514435;797284
1837s;24.7;52.8%;15109.3304;32030.0000;168;58;15668.4800;515567;799689
1841s;24.7;52.8%;15109.3304;32030.0000;90;cutoff;516740;801395
1847s;24.7;52.8%;15109.3304;32030.0000;125;72;17385.6447;517900;802993
1852s;24.7;52.8%;15109.3304;32030.0000;152;69;16263.8234;518802;804812
1857s;24.7;52.8%;15109.3304;32030.0000;83;cutoff;520146;806668
1862s;24.7;52.8%;15109.3304;32030.0000;169;57;15109.3304;521422;808727
1867s;24.7;52.8%;15109.3304;32030.0000;116;64;20206.9571;523098;810619
1872s;24.7;52.8%;15109.3304;32030.0000;154;65;16183.9451;523948;812961
1877s;24.7;52.8%;15109.3304;32030.0000;165;65;15840.5395;525517;814229
1882s;24.7;52.8%;15109.3304;32030.0000;156;59;15866.0834;526746;816319
1887s;24.7;52.8%;15109.3304;32030.0000;161;56;15109.3304;527912;818132
1892s;24.7;52.8%;15109.3304;32030.0000;160;57;15632.2093;529215;819801
1896s;24.7;52.8%;15109.3304;32030.0000;116;70;16997.4594;530518;821724
1902s;24.7;52.8%;15109.3304;32030.0000;163;62;15522.5438;531729;823563
1908s;24.7;52.8%;15109.3304;32030.0000;180;57;15195.6079;533211;825326
1914s;24.7;52.8%;15109.3304;32030.0000;73;120;29940.6930;534505;827494
1920s;24.7;52.8%;15109.3304;32030.0000;167;63;15301.6275;535234;829435
1926s;24.7;52.8%;15109.3304;32030.0000;69;116;28072.4444;536581;830545
1932s;24.7;52.8%;15109.3304;32030.0000;64;208;28532.5442;537950;832435
1938s;24.7;52.8%;15109.3304;32030.0000;61;310;29074.6588;539687;834455
1944s;24.7;52.8%;15109.3304;32030.0000;81;432;27062.0042;541089;836798
1950s;24.7;52.8%;15109.3304;32030.0000;59;518;30710.9798;542157;838835
1955s;24.7;52.8%;15109.3304;32030.0000;81;590;27352.4797;543464;840569
1961s;24.7;52.8%;15109.3304;32030.0000;82;672;27503.5954;544744;842434
1966s;24.7;52.8%;15109.3304;32030.0000;763;cutoff;545929;844357
1972s;24.7;52.8%;15109.3304;32030.0000;63;97;31406.1393;547401;846274
1976s;24.7;52.8%;15109.3304;32030.0000;84;68;21933.1445;548550;848320
1981s;24.7;52.8%;15109.3304;32030.0000;160;54;15653.6170;550005;850030
1986s;24.6;52.8%;15109.3304;32030.0000;172;56;15993.7594;551200;851975
1991s;24.6;52.8%;15109.3304;32030.0000;156;61;15992.9036;552497;853726
1996s;24.6;52.8%;15109.3304;32030.0000;169;62;15109.3304;553498;855632
2001s;24.6;52.8%;15109.3304;32030.0000;67;97;29067.3338;554633;856912
2006s;24.6;52.8%;15109.3304;32030.0000;170;67;15387.1195;556522;858619
2011s;24.6;52.8%;15109.3304;32030.0000;180;55;15109.3304;557496;860964
2016s;24.6;52.8%;15109.3304;32030.0000;141;59;15653.9091;559258;862496
2022s;24.6;52.8%;15109.3304;32030.0000;111;cutoff;560371;864636
2028s;24.6;52.8%;15109.3304;32030.0000;163;63;15109.3304;561736;866337
2032s;24.6;52.8%;15109.3304;32030.0000;154;58;16329.6634;562535;868760
2037s;24.6;52.8%;15109.3304;32030.0000;163;63;15341.8524;563266;870174
2042s;24.6;52.8%;15109.3304;32030.0000;192;56;15486.6873;564323;871203
2048s;24.6;52.8%;15109.3304;32030.0000;169;56;15109.3304;566134;873018
2053s;24.6;52.8%;15109.3304;32030.0000;173;65;15109.3304;567206;875279
2059s;24.6;52.8%;15109.3304;32030.0000;92;83;26911.5089;568360;876977
2064s;24.6;52.8%;15109.3304;32030.0000;187;55;15109.3304;569436;879043
2069s;24.6;52.8%;15109.3304;32030.0000;77;77;25928.7842;570427;880564
2074s;24.6;52.8%;15109.3304;32030.0000;172;65;15109.3304;571667;882095
2080s;24.6;52.8%;15109.3304;32030.0000;171;57;15109.3304;572749;884055
2085s;24.6;52.8%;15109.3304;32030.0000;169;61;15399.9879;573752;885682
2091s;24.6;52.8%;15109.3304;32030.0000;160;55;15109.3304;574955;887147
2096s;24.6;52.8%;15109.3304;32030.0000;58;83;31845.0502;576251;889004
2101s;24.6;52.8%;15109.3304;32030.0000;80;cutoff;577200;891133
2107s;24.6;52.8%;15109.3304;32030.0000;185;57;15109.3304;578879;892498
2112s;24.6;52.8%;15109.3304;32030.0000;50;114;26569.1125;579994;894637
2118s;24.6;52.8%;15109.3304;32030.0000;159;59;15109.3304;581398;896423
2123s;24.6;52.8%;15109.3304;32030.0000;125;62;19825.8149;582613;898349
2129s;24.6;52.8%;15109.3304;32030.0000;90;85;26686.5667;583717;900151
2134s;24.6;52.8%;15109.3304;32030.0000;37;105;31320.2756;584865;901825
2140s;24.6;52.8%;15109.3304;32030.0000;74;81;26753.0054;586198;903819
2145s;24.6;52.8%;15109.3304;32030.0000;87;88;30932.7489;587270;905680
2151s;24.6;52.8%;15109.3304;32030.0000;141;62;17412.9631;589213;907296
2158s;24.6;52.8%;15109.3304;32030.0000;40;130;30375.3947;589630;909635
2158s;24.6;52.7%;15109.3304;31947.000000;587697;H910196
2176s;24.6;52.7%;15109.3304;31947.0000;130;cutoff;591867;910312
2176s;24.6;52.7%;15109.3304;31945.000000;591807;H910471
2183s;24.6;52.7%;15109.3304;31945.0000;98;infeasible;593175;916251
2183s;24.6;52.7%;15109.3304;31943.000000;593118;H916345
2188s;24.6;52.7%;15109.3304;31943.0000;67;95;31248.0101;594133;918203
2188s;24.6;52.7%;15109.3304;31941.000000;594085;H918381
2189s;24.6;52.7%;15109.3304;31937.000000;593972;H918886
2194s;24.6;52.7%;15109.3304;31937.0000;69;97;29230.7618;595218;919669
2200s;24.6;52.7%;15109.3304;31937.0000;129;74;17238.9110;596924;921596
2205s;24.6;52.7%;15109.3304;31937.0000;114;65;17069.8983;598095;923718
2212s;24.6;52.7%;15109.3304;31937.0000;169;50;15109.3304;599730;925752
2218s;24.6;52.7%;15109.3304;31937.0000;143;56;16815.4973;601147;927963
2224s;24.6;52.7%;15109.3304;31937.0000;156;60;16088.3319;603250;929958
2224s;24.6;52.7%;15109.3304;31935.000000;603197;H930051
2229s;24.5;52.7%;15109.3304;31935.0000;180;62;15109.3304;604278;932566
2236s;24.5;52.7%;15109.3304;31935.0000;164;59;15109.3304;605687;934160
2242s;24.5;52.7%;15109.3304;31935.0000;184;66;15109.3304;606987;936204
2247s;24.5;52.7%;15109.3304;31935.0000;178;62;15109.3304;608399;938166
2253s;24.5;52.7%;15109.3304;31935.0000;142;63;16836.4435;609493;940127
2259s;24.5;52.7%;15109.3304;31935.0000;116;69;19986.6005;610819;941724
2265s;24.5;52.7%;15109.3304;31935.0000;177;60;15109.3304;611804;943742
2270s;24.5;52.7%;15109.3304;31935.0000;108;cutoff;612999;945518
2276s;24.5;52.7%;15109.3304;31935.0000;155;64;15109.3304;614357;947345
2282s;24.5;52.7%;15109.3304;31935.0000;164;56;15109.3304;615703;949623
2282s;24.5;52.7%;15109.3304;31933.000000;615653;H949631
2287s;24.5;52.7%;15109.3304;31933.0000;188;60;15109.3304;616919;951588
2287s;24.5;52.7%;15109.3304;31931.000000;616866;H951589
2287s;24.5;52.7%;15109.3304;31926.000000;616713;H951802
2293s;24.5;52.7%;15109.3304;31926.0000;156;64;15435.5939;618117;953403
2293s;24.5;52.7%;15109.3304;31919.000000;617921;H953531
2299s;24.5;52.7%;15109.3304;31919.0000;143;59;16287.7593;619169;955366
2299s;24.5;52.7%;15109.3304;31917.000000;619106;H956332
2305s;24.5;52.7%;15109.3304;31917.0000;84;cutoff;620528;957088
2310s;24.5;52.7%;15109.3304;31917.0000;52;114;29731.1730;621665;958932
2315s;24.5;52.7%;15109.3304;31917.0000;172;65;15710.2192;623228;960574
2321s;24.5;52.7%;15109.3304;31917.0000;80;infeasible;624328;962713
2326s;24.5;52.7%;15109.3304;31917.0000;165;53;15109.3304;625499;964323
2332s;24.5;52.7%;15109.3304;31917.0000;41;105;31364.5149;626794;966038
2337s;24.5;52.7%;15109.3304;31917.0000;54;83;31057.0289;627901;967763
2341s;24.5;52.7%;15109.3304;31917.0000;186;52;15109.3304;628648;969456
2347s;24.5;52.7%;15109.3304;31917.0000;188;59;15109.3304;629858;970611
2353s;24.6;52.7%;15109.3304;31917.0000;171;59;15231.4008;631074;972328
2359s;24.6;52.7%;15109.3304;31917.0000;85;86;23401.4590;632289;974081
2359s;24.6;52.7%;15109.3304;31915.000000;632240;H974106
2364s;24.6;52.7%;15109.3304;31915.0000;169;60;15215.0476;632924;976055
2364s;24.6;52.7%;15109.3304;31914.000000;632881;H976064
2370s;24.6;52.7%;15109.3304;31914.0000;165;64;15337.3445;634355;977030
2377s;24.6;52.7%;15109.3304;31914.0000;167;60;15109.3304;636037;979432
2383s;24.6;52.7%;15109.3304;31914.0000;147;61;15224.0835;637200;981786
2388s;24.6;52.7%;15109.3304;31914.0000;109;70;19187.8554;638234;983523
2394s;24.6;52.7%;15109.3304;31914.0000;112;69;22391.5053;640185;985094
2395s;24.6;52.7%;15109.3304;31914.0000;108;70;20069.2285;640185;985914
2400s;24.5;52.7%;15109.3304;31914.0000;173;58;15519.5565;641191;987844
2405s;24.5;52.7%;15109.3304;31914.0000;184;53;15109.3304;642290;989455
2411s;24.5;52.7%;15109.3304;31914.0000;174;67;15109.3304;643407;991121
2416s;24.5;52.7%;15109.3304;31914.0000;38;84;31882.2803;644422;993154
2422s;24.5;52.7%;15109.3304;31914.0000;145;71;16095.9123;645570;994685
2428s;24.5;52.7%;15109.3304;31914.0000;104;73;24897.6854;646786;996396
2434s;24.6;52.7%;15109.3304;31914.0000;124;63;17616.9531;648128;998203
2440s;24.5;52.7%;15109.3304;31914.0000;171;63;15355.4264;649229;1000525
2445s;24.5;52.7%;15109.3304;31914.0000;59;89;29606.7981;650353;1002217
2452s;24.6;52.7%;15109.3304;31914.0000;182;66;15109.3304;651334;1003922
2458s;24.6;52.7%;15109.3304;31914.0000;185;62;15109.3304;652633;1005346
2458s;24.6;52.5%;15109.3304;31837.000000;650245;H1005407
2465s;24.5;52.5%;15109.3304;31837.0000;98;85;22343.0942;651524;1007022
2476s;24.5;52.5%;15109.3304;31837.0000;109;77;20417.2202;653473;1009861
2482s;24.5;52.5%;15109.3304;31837.0000;107;66;20970.1385;654790;1011893
2488s;24.5;52.5%;15109.3304;31837.0000;165;63;16057.9460;655973;1013654
2494s;24.5;52.5%;15109.3304;31837.0000;194;66;15109.3304;657158;1015508
2501s;24.5;52.5%;15109.3304;31837.0000;139;59;15851.7135;658427;1017255
2507s;24.6;52.5%;15109.3304;31837.0000;169;58;15109.3304;659702;1019134
2513s;24.6;52.5%;15109.3304;31837.0000;179;61;15109.3304;661007;1021321
2519s;24.5;52.5%;15109.3304;31837.0000;96;89;26280.7714;662274;1023195
2525s;24.6;52.5%;15109.3304;31837.0000;170;57;15109.3304;663439;1025145
2530s;24.6;52.5%;15109.3304;31837.0000;180;59;15109.3304;664411;1026916
2536s;24.6;52.5%;15109.3304;31837.0000;164;68;15109.3304;665262;1028438
2542s;24.6;52.5%;15109.3304;31837.0000;151;63;15109.3304;666564;1029593
2548s;24.5;52.5%;15109.3304;31837.0000;174;65;15109.3304;667515;1031838
2554s;24.5;52.5%;15109.3304;31837.0000;140;62;16852.5112;668889;1033117
2561s;24.5;52.5%;15109.3304;31837.0000;168;59;15311.1041;670193;1035103
2567s;24.5;52.5%;15109.3304;31837.0000;97;cutoff;671539;1036812
2573s;24.5;52.5%;15109.3304;31837.0000;106;cutoff;672630;1038880
2580s;24.5;52.5%;15109.3304;31837.0000;47;84;30459.3082;674233;1040410
2586s;24.5;52.5%;15109.3304;31837.0000;182;62;15109.3304;675525;1042632
2592s;24.5;52.5%;15109.3304;31837.0000;183;62;15109.3304;676529;1044916
2598s;24.5;52.5%;15109.3304;31837.0000;62;79;28039.0547;677987;1046487
2604s;24.5;52.5%;15109.3304;31837.0000;86;infeasible;678888;1048591
2608s;24.5;52.5%;15109.3304;31837.0000;133;59;19665.8581;679598;1049988
2614s;24.5;52.5%;15109.3304;31837.0000;142;64;16601.6595;681194;1050955
2620s;24.5;52.5%;15109.3304;31837.0000;164;58;15109.3304;682362;1053073
2626s;24.5;52.5%;15109.3304;31837.0000;55;102;26567.7771;684321;1054586
2632s;24.5;52.5%;15109.3304;31837.0000;38;117;29742.8675;685979;1056962
2640s;24.5;52.5%;15109.3304;31837.0000;39;120;27095.7929;687844;1059434
2646s;24.5;52.5%;15109.3304;31837.0000;157;61;15365.0890;688513;1061950
2651s;24.5;52.5%;15109.3304;31837.0000;175;60;15109.3304;689508;1062912
2657s;24.5;52.5%;15109.3304;31837.0000;106;72;19818.2934;690788;1064472
2663s;24.5;52.5%;15109.3304;31837.0000;185;61;15109.3304;692000;1066250
2668s;24.5;52.5%;15109.3304;31837.0000;175;55;15109.3304;693143;1068066
2674s;24.5;52.5%;15109.3304;31837.0000;169;64;15599.5258;694230;1069574
2681s;24.5;52.5%;15109.3304;31837.0000;186;55;15109.3304;695481;1071451
2687s;24.5;52.5%;15109.3304;31837.0000;51;89;29280.5484;696663;1073308
2693s;24.5;52.5%;15109.3304;31837.0000;117;65;18591.4631;697952;1075083
2700s;24.5;52.5%;15109.3304;31837.0000;155;63;15168.8763;699432;1077043
2706s;24.5;52.5%;15109.3304;31837.0000;176;63;15109.3304;700878;1079020
2713s;24.5;52.5%;15109.3304;31837.0000;157;64;15109.3304;701997;1081111
2721s;24.5;52.5%;15109.3304;31837.0000;169;66;15109.3304;703509;1082658
2730s;24.5;52.5%;15109.3304;31837.0000;166;64;15125.0077;704733;1084921
2736s;24.5;52.5%;15109.3304;31837.0000;147;67;16905.1398;705701;1086616
2744s;24.5;52.5%;15109.3304;31837.0000;60;102;29841.1177;706932;1088234
2752s;24.5;52.5%;15109.3304;31837.0000;157;73;16426.7629;708401;1090404
2760s;24.5;52.5%;15109.3304;31837.0000;186;61;15117.0807;710054;1092591
2768s;24.5;52.5%;15109.3304;31837.0000;144;61;15109.3304;711619;1095003
2775s;24.5;52.5%;15109.3304;31837.0000;64;74;27191.2721;713021;1097237
2782s;24.5;52.5%;15109.3304;31837.0000;167;59;15109.3304;714375;1099361
2789s;24.5;52.5%;15109.3304;31837.0000;172;57;15168.1339;715658;1101791
2796s;24.5;52.5%;15109.3304;31837.0000;173;62;15370.2614;716733;1103634
2802s;24.5;52.5%;15109.3304;31837.0000;76;86;30750.5079;718185;1105193
2841s;24.5;52.5%;15109.3304;31837.0000;152;67;17019.2804;718200;1107265
2846s;24.5;52.5%;15109.3304;31837.0000;144;68;17927.5473;718962;1107282
2851s;24.5;52.5%;15109.3304;31837.0000;52;93;29596.4888;719017;1108336
2857s;24.5;52.5%;15109.3304;31837.0000;58;97;29614.0792;720307;1108391
2865s;24.5;52.5%;15109.3304;31837.0000;98;83;25786.7360;721611;1110314
2873s;24.5;52.5%;15109.3304;31837.0000;155;64;18132.1462;722830;1112364
2879s;24.5;52.5%;15109.3304;31837.0000;139;74;19355.7008;723825;1114208
2886s;24.5;52.5%;15109.3304;31837.0000;148;61;16128.3270;724925;1115693
2893s;24.5;52.5%;15109.3304;31837.0000;158;58;15109.3304;726427;1117762
2900s;24.5;52.5%;15109.3304;31837.0000;172;56;15109.3304;727790;1119898
2907s;24.5;52.5%;15109.3304;31837.0000;107;71;17904.2893;728849;1121876
2914s;24.5;52.5%;15109.3304;31837.0000;61;97;28911.5194;729879;1123505
2922s;24.5;52.5%;15109.3304;31837.0000;117;71;19471.3067;731358;1125151
2929s;24.5;52.5%;15109.3304;31837.0000;84;74;21072.8478;732742;1127116
2930s;24.5;52.5%;15109.3304;31837.0000;104;74;22341.1833;732742;1128288
2937s;24.5;52.5%;15109.3304;31837.0000;49;101;31079.7535;734184;1129408
2943s;24.5;52.5%;15109.3304;31837.0000;122;cutoff;735150;1131548
2950s;24.5;52.5%;15109.3304;31837.0000;56;86;31637.8896;736508;1133107
2956s;24.4;52.5%;15109.3304;31837.0000;117;69;18065.5322;737819;1135078
2963s;24.4;52.5%;15109.3304;31837.0000;49;91;30644.0897;738359;1137020
2970s;24.4;52.5%;15109.3304;31837.0000;60;84;28011.5323;739539;1137964
2977s;24.4;52.5%;15109.3304;31837.0000;101;76;22432.1432;740943;1139863
2984s;24.4;52.5%;15109.3304;31837.0000;119;71;18925.0642;742077;1141894
2991s;24.4;52.5%;15109.3304;31837.0000;127;72;18409.5962;743362;1143909
2997s;24.4;52.5%;15109.3304;31837.0000;164;63;15109.3304;744550;1145828
3004s;24.4;52.5%;15109.3304;31837.0000;152;58;15109.3304;745999;1147613
3010s;24.4;52.5%;15109.3304;31837.0000;176;56;15109.3304;747131;1149613
3016s;24.4;52.5%;15109.3304;31837.0000;138;67;17225.0687;748220;1151368
3022s;24.4;52.5%;15109.3304;31837.0000;143;80;17826.7918;749848;1153024
3029s;24.4;52.5%;15109.3304;31837.0000;69;109;26461.2477;750902;1155062
3035s;24.4;52.5%;15109.3304;31837.0000;100;77;20988.5677;752136;1156827
3041s;24.4;52.5%;15109.3304;31837.0000;55;93;31040.5562;753450;1158607
3048s;24.4;52.5%;15109.3304;31837.0000;169;55;15238.2639;754435;1160496
3054s;24.4;52.5%;15109.3304;31837.0000;164;59;16717.8538;755629;1161924
3061s;24.4;52.5%;15109.3304;31837.0000;169;62;15202.1619;756801;1163692
3067s;24.4;52.5%;15109.3304;31837.0000;189;59;15109.3304;758012;1165459
3074s;24.4;52.5%;15109.3304;31837.0000;88;cutoff;759275;1167096
3082s;24.5;52.5%;15109.3304;31837.0000;155;59;15210.5247;760699;1169025
3089s;24.4;52.5%;15109.3304;31837.0000;159;56;16126.0565;762273;1171119
3096s;24.4;52.5%;15109.3304;31837.0000;70;96;31483.1861;763574;1173698
3102s;24.4;52.5%;15109.3304;31837.0000;63;75;25904.9698;765288;1175598
3109s;24.4;52.5%;15109.3304;31837.0000;104;79;22300.2994;766664;1177672
3115s;24.4;52.5%;15109.3304;31837.0000;171;58;15109.3304;767577;1179965
3121s;24.4;52.5%;15109.3304;31837.0000;142;66;15110.0803;768752;1181721
3127s;24.4;52.5%;15109.3304;31837.0000;92;cutoff;769650;1183497
3133s;24.4;52.5%;15109.3304;31837.0000;119;62;16732.4348;770817;1185226
3139s;24.4;52.5%;15109.3304;31837.0000;149;62;16743.8724;772031;1186893
3146s;24.4;52.5%;15109.3304;31837.0000;161;64;15109.3304;773666;1188605
3153s;24.4;52.5%;15109.3304;31837.0000;55;79;28980.0163;775105;1190719
3160s;24.4;52.5%;15109.3304;31837.0000;92;81;25131.5054;776216;1192792
3166s;24.4;52.5%;15109.3304;31837.0000;180;57;15752.2536;777867;1194515
3173s;24.4;52.5%;15109.3304;31837.0000;69;105;27777.7942;779205;1196520
3179s;24.4;52.5%;15109.3304;31837.0000;151;55;15477.5833;780345;1198719
3186s;24.4;52.5%;15109.3304;31837.0000;101;61;19476.5978;781026;1200372
3192s;24.4;52.5%;15109.3304;31837.0000;131;62;17591.0001;782541;1201437
3198s;24.4;52.5%;15109.3304;31837.0000;150;52;15615.5539;782956;1203378
3205s;24.4;52.5%;15109.3304;31837.0000;76;cutoff;784239;1204013
3213s;24.4;52.5%;15109.3304;31837.0000;166;55;15109.3304;785738;1205956
3221s;24.4;52.5%;15109.3304;31837.0000;164;52;15109.3304;787095;1208137
3227s;24.4;52.5%;15109.3304;31837.0000;179;68;15845.9791;788062;1210212
3234s;24.4;52.5%;15109.3304;31837.0000;168;62;15109.3304;789808;1211641
3241s;24.4;52.5%;15109.3304;31837.0000;165;56;15709.4605;791163;1213933
3248s;24.4;52.5%;15109.3304;31837.0000;153;62;15674.6207;792237;1216052
3254s;24.4;52.5%;15109.3304;31837.0000;154;62;16123.4427;793521;1217905
3255s;24.4;52.5%;15109.3304;31837.0000;170;60;15109.3304;793521;1218486
3261s;24.4;52.5%;15109.3304;31837.0000;158;58;15843.1633;794554;1219803
3267s;24.4;52.5%;15109.3304;31837.0000;162;58;15816.3910;795846;1221752
3273s;24.4;52.5%;15109.3304;31837.0000;175;61;15109.3304;797038;1223519
3279s;24.4;52.5%;15109.3304;31837.0000;168;65;15109.3304;798090;1225319
3280s;24.4;52.5%;15109.3304;31837.0000;164;64;15109.3304;798090;1226234
3286s;24.4;52.5%;15109.3304;31837.0000;70;79;26011.3847;799408;1226807
3294s;24.4;52.5%;15109.3304;31837.0000;151;57;15169.4062;800824;1228817
3295s;24.4;52.5%;15109.3304;31837.0000;174;59;15109.3304;800824;1230379
3300s;24.4;52.5%;15109.3304;31837.0000;88;cutoff;801890;1230916
3307s;24.4;52.5%;15109.3304;31837.0000;167;62;15109.3304;803123;1232580
3314s;24.4;52.5%;15109.3304;31837.0000;161;67;15109.3304;804288;1234341
3321s;24.4;52.5%;15109.3304;31837.0000;152;57;15109.3304;805702;1236003
3329s;24.4;52.5%;15109.3304;31837.0000;75;88;21404.1467;807177;1237919
3336s;24.4;52.5%;15109.3304;31837.0000;78;70;20638.2879;808529;1240311
3342s;24.4;52.5%;15109.3304;31837.0000;142;60;16205.3218;809552;1242294
3349s;24.4;52.5%;15109.3304;31837.0000;38;91;31658.7390;810822;1243790
3356s;24.4;52.5%;15109.3304;31837.0000;81;81;22979.6025;812195;1245654
3362s;24.4;52.5%;15109.3304;31837.0000;92;68;20376.8815;813229;1247586
3369s;24.4;52.5%;15109.3304;31837.0000;136;69;15924.7800;814487;1249156
3370s;24.4;52.5%;15109.3304;31837.0000;198;58;15109.3304;814487;1250059
3377s;24.4;52.5%;15109.3304;31837.0000;94;83;25545.7725;815501;1250883
3383s;24.4;52.5%;15109.3304;31837.0000;84;90;24649.8125;816518;1252980
3390s;24.4;52.5%;15109.3304;31837.0000;191;67;15109.3304;817923;1254577
3397s;24.4;52.5%;15109.3304;31837.0000;113;80;26068.7725;819249;1256848
3404s;24.4;52.5%;15109.3304;31837.0000;175;53;15109.3304;820427;1258619
3411s;24.4;52.5%;15109.3304;31837.0000;147;66;15109.3304;821601;1260389
3418s;24.4;52.5%;15109.3304;31837.0000;164;60;15109.3304;822086;1262385
3425s;24.4;52.5%;15109.3304;31837.0000;148;58;16566.9438;823011;1263380
3431s;24.4;52.5%;15109.3304;31837.0000;99;infeasible;824269;1264829
3438s;24.4;52.5%;15109.3304;31837.0000;160;62;16181.4057;825317;1266673
3445s;24.4;52.5%;15109.3304;31837.0000;162;58;15935.2129;826574;1268344
3453s;24.4;52.5%;15109.3304;31837.0000;120;70;16007.1918;827772;1270152
3460s;24.4;52.5%;15109.3304;31837.0000;98;cutoff;828891;1271979
3468s;24.4;52.5%;15109.3304;31837.0000;175;61;15109.3304;830355;1273734
3476s;24.4;52.5%;15109.3304;31837.0000;166;64;15233.9474;831838;1275878
3483s;24.4;52.5%;15109.3304;31837.0000;182;67;15109.3304;833397;1277987
3491s;24.4;52.5%;15109.3304;31837.0000;166;62;15281.9530;834676;1280034
3497s;24.4;52.5%;15109.3304;31837.0000;161;64;16551.5211;835617;1281957
3504s;24.4;52.5%;15109.3304;31837.0000;136;66;19212.1437;836764;1283406
3511s;24.4;52.5%;15109.3304;31837.0000;97;infeasible;838046;1285189
3518s;24.4;52.5%;15109.3304;31837.0000;129;71;17349.9207;838920;1287154
3525s;24.4;52.5%;15109.3304;31837.0000;183;57;15109.3304;840269;1288726
3531s;24.4;52.5%;15109.3304;31837.0000;149;67;19087.8069;841491;1290571
3539s;24.4;52.5%;15109.3304;31837.0000;100;infeasible;842917;1292299
3546s;24.4;52.5%;15109.3304;31837.0000;75;81;29109.9624;844299;1294341
3553s;24.4;52.5%;15109.3304;31837.0000;163;57;15201.2497;845428;1296272
3561s;24.4;52.5%;15109.3304;31837.0000;129;61;16353.4354;846495;1298082
3568s;24.4;52.5%;15109.3304;31837.0000;171;67;15109.3304;847683;1299682
3575s;24.4;52.5%;15109.3304;31837.0000;167;59;15781.3360;848954;1301597
3583s;24.4;52.5%;15109.3304;31837.0000;87;77;20244.0267;850340;1303536
3590s;24.4;52.5%;15109.3304;31837.0000;47;92;27123.8327;851401;1305542
3598s;24.4;52.5%;15109.3304;31837.0000;135;61;17611.8027;852861;1307170
3600s;24.4;52.5%;15109.3304;31837.0000;155;57;15121.1217;853162;1309304