120s;115;100%;8820.00000;3.495860e+08;1959;2698;H
121s;114;100%;8820.00000;1.797553e+08;1884;2736;H
121s;114;100%;8820.00000;1.697834e+08;1807;2742;H
121s;114;93.6%;8820.00000;138317.00000;1736;2743;H
125s;111;93.6%;8820.00000;138317.000;76;infeasible;1789;2852
125s;111;92.4%;8820.00000;115965.00000;1720;2853;H
125s;111;92.2%;8820.00000;112792.00000;1656;2854;H
126s;108;92.1%;8820.00000;112009.00000;1708;2956;H
130s;106;91.8%;8820.00000;107431.00000;1799;3207;H
130s;105;91.8%;8820.00000;106959.00000;1728;3256;H
130s;104;91.7%;8820.00000;106819.00000;1656;3315;H
131s;103;91.3%;8820.00000;101140.00000;1682;3341;H
132s;101;91.2%;8820.00000;100325.00000;1680;3485;H
134s;101;91.2%;8820.00000;100141.00000;1659;3662;H
134s;100;91.1%;8820.00000;98691.000000;1597;3702;H
136s;100;91.1%;8820.00000;98691.0000;1023;38;12704.5084;1727;3703
136s;100;91.0%;8820.00000;98121.000000;1671;3728;H
136s;98.7;90.6%;8820.00000;93943.000000;1546;3825;H
138s;97.2;90.5%;8820.00000;92902.000000;1533;3981;H
140s;97.1;90.4%;8820.00000;91465.000000;1565;4013;H
140s;97.7;90.3%;8820.00000;91322.000000;1554;4023;H
140s;96.4;90.1%;8820.00000;89354.000000;1554;4111;H
143s;96.6;90.0%;8820.00000;88493.000000;1659;4137;H
143s;96.0;89.8%;8820.00000;86866.000000;1644;4246;H
146s;95.9;89.8%;8820.00000;86866.0000;1150;54;42795.0121;1803;4275
149s;92.5;89.8%;8820.00000;86506.000000;1940;4498;H
149s;91.2;89.8%;8820.00000;86359.000000;1940;4574;H
149s;90.9;89.7%;8820.00000;85250.000000;1936;4598;H
151s;90.1;89.7%;8820.00000;85250.0000;1174;77;48573.0121;2155;4664
156s;88.5;89.7%;8820.00000;85250.0000;1081;118;73168.0238;2514;5220
160s;88.8;89.7%;8820.00000;85250.0000;61;infeasible;2560;5531
163s;89.8;89.7%;8820.00000;85228.000000;2687;5795;H
163s;89.6;89.5%;8820.00000;83952.000000;2679;5924;H
166s;89.3;89.5%;8820.00000;83952.0000;50;infeasible;2856;5962
172s;87.4;89.5%;8820.00000;83952.0000;1214;67;49184.0000;3270;6710
177s;87.0;89.5%;8820.00000;83951.000000;3629;7182;H
177s;87.0;89.5%;8820.00000;83839.000000;3627;7182;H
177s;86.7;89.0%;8820.00000;80010.000000;3590;7340;H
182s;84.9;89.0%;8820.00000;80010.0000;1250;75;41075.9879;3730;7861
187s;84.3;88.9%;8820.00000;79652.000000;3877;8120;H
187s;84.2;88.7%;8820.00000;77815.000000;3810;8162;H
191s;83.3;88.7%;8820.00000;77815.0000;960;34;8820.00000;4040;8524
195s;83.4;88.7%;8820.00000;77815.0000;1106;77;67173.0000;4150;9098
200s;85.1;88.7%;8820.00000;77815.0000;67;infeasible;4407;9387
200s;85.0;88.7%;8820.00000;77813.000000;4407;9388;H
206s;84.5;88.6%;8820.00000;77466.000000;4647;H10036
206s;84.5;88.6%;8820.00000;77354.000000;4639;H10110
206s;85.1;88.3%;8820.00000;75669.000000;4562;H10399
212s;85.5;88.3%;8820.00000;75669.0000;1362;57;74583.0000;4892;10595
218s;84.8;88.3%;8820.00000;75669.0000;65;infeasible;5614;11248
218s;85.1;88.3%;8820.00000;75668.000000;5614;H11693
224s;82.6;88.3%;8820.00000;75668.0000;1090;74;44559.9503;6038;12598
224s;82.0;87.8%;8820.00000;72024.000000;5760;H12981
230s;83.3;87.8%;8820.00000;72024.0000;1170;60;23932.6387;5991;13441
237s;84.9;87.8%;8820.00000;72024.0000;1426;32;8820.00000;6376;13911
237s;85.5;87.6%;8820.00000;71245.000000;6337;H14185
237s;85.4;87.6%;8820.00000;71133.000000;6331;H14312
240s;85.1;87.6%;8820.00000;71133.0000;235;65;37244.0004;6330;14748
245s;85.1;87.6%;8820.00000;71133.0000;213;146;65299.0000;6331;14750
250s;85.1;87.6%;8820.00000;71133.0000;448;54;28357.0000;6334;14754
257s;85.1;87.6%;8820.00000;71133.0000;295;95;55957.0000;6337;14759
260s;85.1;87.6%;8820.00000;71133.0000;430;40;10805.9996;6339;14761
267s;85.0;87.6%;8820.00000;71133.0000;369;42;20355.0000;6341;14765
270s;85.0;87.6%;8820.00000;71133.0000;387;74;51348.9474;6343;14768
276s;92.0;87.6%;8820.00000;71133.0000;440;46;12243.6216;6434;14876
280s;92.0;87.6%;8820.00000;71133.0000;363;57;13191.2593;6563;15087
285s;90.1;87.6%;8820.00000;71133.0000;341;89;22282.0807;6778;15725
290s;89.0;87.6%;8820.00000;71133.0000;281;119;36020.7745;7030;16134
297s;86.5;87.6%;8820.00000;71133.0000;256;148;49274.3942;7127;16734
297s;86.5;87.6%;8820.00000;71099.000000;6809;H16735
297s;86.5;87.6%;8820.00000;70899.000000;6505;H16740
300s;85.8;87.6%;8820.00000;70899.0000;199;164;50202.0000;6738;16942
304s;83.0;87.3%;8820.00000;69258.000000;6550;H17758
306s;82.7;87.3%;8820.00000;69258.0000;267;77;25706.0613;6665;17885
311s;80.7;87.3%;8820.00000;69258.0000;295;75;28606.0680;6810;18850
311s;80.6;87.3%;8820.00000;69257.000000;6522;H18893
313s;80.1;87.3%;8820.00000;69233.000000;6251;H19185
315s;79.7;87.3%;8820.00000;69233.0000;259;68;25047.0000;6374;19340
319s;78.0;87.3%;8820.00000;69231.000000;6292;H20260
321s;77.3;87.3%;8820.00000;69231.0000;323;59;8820.00000;6401;20725
325s;76.9;87.3%;8820.00000;69231.0000;234;73;42151.2593;6276;21104
330s;76.0;87.3%;8820.00000;69229.000000;6301;H21651
330s;75.9;87.2%;8820.00000;68780.000000;6031;H21784
335s;74.8;87.2%;8820.00000;68780.0000;360;53;9735.88738;6416;22541
337s;74.1;87.2%;8820.00000;68778.000000;6344;H23134
341s;73.1;87.2%;8820.00000;68778.0000;128;infeasible;6380;23755
341s;73.1;87.2%;8820.00000;68719.000000;6178;H23756
347s;71.5;87.2%;8820.00000;68717.000000;6252;H25039
350s;71.0;87.2%;8820.00000;68717.0000;175;108;65796.2185;6470;25612
354s;70.5;87.2%;8820.00000;68715.000000;6483;H26286
354s;70.5;87.1%;8820.00000;68303.000000;6474;H26286
354s;70.5;87.1%;8820.00000;68255.000000;6474;H26293
357s;70.5;87.1%;8820.00000;68255.0000;308;59;27711.2593;6869;26310
361s;70.2;87.1%;8820.00000;68255.0000;319;58;18018.4894;7238;27069
366s;69.7;87.1%;8820.00000;68253.000000;7677;H27828
366s;69.6;87.1%;8820.00000;68193.000000;7673;H27921
366s;69.5;86.9%;8820.00000;67357.000000;7649;H28196
370s;69.5;86.9%;8820.00000;67357.0000;184;96;60855.2185;8138;28488
376s;69.0;86.9%;8820.00000;67357.0000;297;73;29826.6557;8726;29385
376s;68.8;86.9%;8820.00000;67355.000000;8726;H29636
380s;68.1;86.9%;8820.00000;67355.0000;107;infeasible;9325;30473
389s;67.3;86.9%;8820.00000;67353.000000;9328;H31554
389s;67.3;86.9%;8820.00000;67169.000000;9323;H31554
389s;67.3;86.8%;8820.00000;66845.000000;9317;H31555
389s;67.3;86.7%;8820.00000;66386.000000;9306;H31560
393s;67.3;86.7%;8820.00000;66386.0000;205;82;64855.5758;9594;31566
393s;67.3;86.6%;8820.00000;65923.000000;9566;H31905
398s;67.3;86.6%;8820.00000;65923.0000;216;76;58710.0886;10189;32073
402s;66.9;86.6%;8820.00000;65923.0000;272;74;29008.8482;10847;33139
408s;66.3;86.6%;8820.00000;65923.0000;217;91;52407.7419;11477;34249
413s;65.7;86.6%;8820.00000;65923.0000;210;81;57754.8482;11999;35482
418s;65.4;86.6%;8820.00000;65923.0000;276;79;35110.0311;12496;36480
418s;65.3;86.6%;8820.00000;65646.000000;12476;H36757
424s;65.1;86.6%;8820.00000;65646.0000;220;104;42685.6016;13154;37323
430s;64.6;86.6%;8820.00000;65646.0000;84;infeasible;13778;38711
430s;64.6;86.6%;8820.00000;65644.000000;13777;H38712
436s;64.2;86.6%;8820.00000;65644.0000;104;infeasible;14425;39977
436s;64.2;86.6%;8820.00000;65642.000000;14425;H39979
436s;64.1;86.1%;8820.00000;63557.000000;14129;H40189
436s;63.8;86.1%;8820.00000;63323.000000;14078;H40669
436s;63.7;86.0%;8820.00000;63059.000000;14041;H40951
440s;63.6;86.0%;8820.00000;63059.0000;112;cutoff;14231;41194
446s;63.5;86.0%;8820.00000;63059.0000;329;78;15856.7240;14757;41565
447s;63.3;85.9%;8820.00000;62475.000000;14618;H41856
453s;63.1;85.9%;8820.00000;62475.0000;95;infeasible;15231;42563
459s;63.0;85.9%;8820.00000;62473.000000;15846;H43752
567s;62.5;85.9%;8820.00000;62471.000000;16621;H45061
567s;62.4;85.8%;8820.00000;62119.000000;16525;H45145
567s;62.4;85.8%;8820.00000;62067.000000;16513;H45646
567s;62.4;85.8%;8820.00000;61973.000000;16493;H45815
575s;62.1;85.8%;8820.00000;61973.0000;200;123;56969.0000;17246;46430
582s;61.6;85.8%;8820.00000;61971.000000;17842;H47793
582s;61.5;85.8%;8820.00000;61909.000000;17822;H48408
582s;61.4;85.7%;8820.00000;61840.000000;17798;H48686
588s;61.4;85.7%;8820.00000;61840.0000;286;63;12266.0669;18537;48967
594s;61.3;85.7%;8820.00000;61840.0000;268;73;22958.1546;19154;50169
594s;61.3;85.7%;8820.00000;61839.000000;19154;H50637
601s;61.2;85.7%;8820.00000;61836.000000;19959;H51289
601s;61.2;85.7%;8820.00000;61835.000000;19959;H51466
601s;61.0;85.7%;8820.00000;61753.000000;19941;H51818
608s;60.8;85.7%;8820.00000;61753.0000;301;69;17231.3331;20127;52676
608s;60.7;85.7%;8820.00000;61749.000000;20127;H52872
615s;60.7;85.7%;8820.00000;61749.0000;201;119;59689.9312;20919;52954
621s;60.5;85.7%;8820.00000;61747.000000;21577;H54411
629s;60.2;85.7%;8820.00000;61702.000000;22166;H55821
629s;60.2;85.7%;8820.00000;61483.000000;22091;H56165
634s;59.9;85.7%;8820.00000;61483.0000;311;78;15100.7061;22561;56868
635s;59.6;85.7%;8820.00000;61483.0000;266;90;29188.8318;22561;57517
640s;59.6;85.7%;8820.00000;61481.000000;23275;H57651
647s;59.5;85.6%;8820.00000;61415.000000;23454;H58892
647s;59.4;85.6%;8820.00000;61369.000000;23445;H59161
654s;59.4;85.6%;8820.00000;61369.0000;358;65;9496.73120;24338;59290
663s;58.9;85.6%;8820.00000;61369.0000;277;69;31540.2593;25061;61015
670s;58.8;85.6%;8820.00000;61369.0000;201;89;55680.2185;25840;62399
676s;58.4;85.6%;8820.00000;61346.000000;26393;H63806
683s;58.5;85.6%;8820.00000;61344.000000;26590;H64888
683s;58.4;85.6%;8820.00000;61323.000000;26584;H64981
683s;58.4;85.6%;8820.00000;61300.000000;26580;H65055
690s;58.4;85.6%;8820.00000;61300.0000;182;136;58941.0000;27362;65232
690s;58.4;85.6%;8820.00000;61289.000000;27362;H65337
696s;58.3;85.6%;8820.00000;61289.0000;321;74;14182.8260;27960;66472
704s;58.3;85.6%;8820.00000;61289.0000;313;79;19780.0419;28532;67396
711s;58.2;85.6%;8820.00000;61289.0000;289;83;31195.2309;29341;68431
718s;58.0;85.6%;8820.00000;61289.0000;212;105;43426.0000;29845;69814
726s;57.8;85.6%;8820.00000;61289.0000;268;82;38460.9014;30291;70848
734s;57.7;85.6%;8820.00000;61289.0000;302;77;20483.6365;30818;71796
742s;57.6;85.6%;8820.00000;61289.0000;274;73;38570.2431;31379;73051
750s;57.5;85.6%;8820.00000;61289.0000;352;83;16554.9502;32106;74121
750s;57.4;85.5%;8820.00000;60964.000000;32037;H75373
757s;57.3;85.5%;8820.00000;60964.0000;312;83;18429.0398;32277;75474
781s;57.4;85.5%;8820.00000;60964.0000;361;88;12211.3733;34044;75881
781s;57.3;85.4%;8820.00000;60232.000000;33792;H77617
791s;57.3;85.4%;8820.00000;60232.0000;258;85;23462.5259;34291;79222
801s;57.2;85.4%;8820.00000;60232.0000;321;78;25326.4215;35156;80322
801s;57.3;85.4%;8820.00000;60209.000000;35150;H81255
810s;57.2;85.4%;8820.00000;60209.0000;302;84;27733.4841;35744;81998
818s;57.2;85.4%;8820.00000;60209.0000;236;89;41791.2593;36554;83160
818s;57.2;85.4%;8820.00000;60207.000000;36553;H84108
827s;57.3;85.4%;8820.00000;60207.0000;333;70;17939.2459;37257;84605
835s;57.0;85.4%;8820.00000;60207.0000;264;99;35296.3503;37691;85779
835s;57.0;85.4%;8820.00000;60206.000000;37691;H86008
844s;56.9;85.4%;8820.00000;60206.0000;208;94;55532.2662;38472;86640
844s;56.9;85.4%;8820.00000;60205.000000;38471;H86830
853s;56.9;85.3%;8820.00000;60203.000000;39241;H88016
853s;56.9;85.3%;8820.00000;60163.000000;39226;H88237
853s;56.9;85.3%;8820.00000;60162.000000;39225;H88479
861s;56.8;85.3%;8820.00000;60162.0000;177;103;57558.2662;39605;89529
870s;56.8;85.3%;8820.00000;60162.0000;315;64;8820.00000;40238;90318
870s;56.8;85.3%;8820.00000;60161.000000;40238;H90544
870s;56.7;85.2%;8820.00000;59474.000000;39861;H91274
876s;56.7;85.2%;8820.00000;59474.0000;242;91;55289.2593;40198;91848
876s;56.7;85.2%;8820.00000;59457.000000;40196;H92094
877s;56.7;85.2%;8820.00000;59440.000000;40186;H92354
884s;56.7;85.2%;8820.00000;59440.0000;241;101;50585.0000;40920;92502
884s;56.7;85.2%;8820.00000;59435.000000;40918;H92733
892s;56.7;85.2%;8820.00000;59433.000000;41648;H93931
892s;56.6;85.2%;8820.00000;59430.000000;41648;H94283
901s;56.6;85.2%;8820.00000;59430.0000;354;79;15386.7514;42250;95305
908s;56.6;85.2%;8820.00000;59430.0000;231;84;52859.8482;42949;96619
915s;56.5;85.2%;8820.00000;59430.0000;274;80;24146.6317;43284;97863
915s;56.5;85.2%;8820.00000;59425.000000;43278;H98209
923s;56.5;85.2%;8820.00000;59425.0000;241;83;46532.2593;44083;98405
923s;56.5;85.2%;8820.00000;59420.000000;44076;H98737
930s;56.4;85.2%;8820.00000;59418.000000;44913;H99817
930s;56.4;85.2%;8820.00000;59415.000000;44913;H100184
937s;56.3;85.2%;8820.00000;59415.0000;191;137;56861.0000;45487;101190
944s;56.4;85.2%;8820.00000;59415.0000;327;59;8820.00000;45908;102510
951s;56.5;85.2%;8820.00000;59415.0000;223;92;29962.6850;46496;103427
951s;56.5;85.2%;8820.00000;59410.000000;46494;H103824
958s;56.5;85.2%;8820.00000;59410.0000;238;88;56242.8482;47226;104484
966s;56.5;85.2%;8820.00000;59410.0000;255;73;50685.2593;47689;105952
966s;56.5;85.2%;8820.00000;59408.000000;47689;H106085
978s;56.5;85.1%;8820.00000;59388.000000;48649;H106824
986s;56.5;85.1%;8820.00000;59388.0000;273;86;44406.2593;49375;108899
994s;56.5;85.1%;8820.00000;59388.0000;392;70;10097.0481;49606;110266
1002s;56.5;85.1%;8820.00000;59388.0000;247;85;34739.5065;50342;110794
1011s;56.5;85.1%;8820.00000;59388.0000;296;85;23446.3773;50943;112125
1019s;56.5;85.1%;8820.00000;59388.0000;200;110;45743.2593;51371;113399
1027s;56.5;85.1%;8820.00000;59388.0000;256;92;42037.8482;52103;114266
1036s;56.6;85.1%;8820.00000;59388.0000;270;81;30303.2794;52853;115524
1045s;56.5;85.1%;8820.00000;59388.0000;218;98;54914.6969;53169;117020
1053s;56.4;85.1%;8820.00000;59388.0000;87;infeasible;53892;117736
1062s;56.5;85.1%;8820.00000;59388.0000;399;72;11001.5971;54621;119167
1071s;56.5;85.1%;8820.00000;59388.0000;298;77;19631.2932;55136;120541
1084s;56.6;85.1%;8820.00000;59388.0000;355;79;27261.3859;55262;121610
1084s;56.6;85.1%;8820.00000;59299.000000;55218;H121673
1084s;56.5;85.1%;8820.00000;59252.000000;55192;H121734
1097s;56.5;85.1%;8820.00000;59252.0000;301;89;51843.5758;56268;121791
1105s;56.5;85.1%;8820.00000;59252.0000;323;80;16334.3597;56547;123894
1115s;56.5;85.1%;8820.00000;59252.0000;299;93;33147.8769;57393;124358
1115s;56.6;85.1%;8820.00000;59217.000000;57375;H124491
1115s;56.5;85.1%;8820.00000;59175.000000;57352;H124701
1125s;56.5;85.1%;8820.00000;59173.000000;57988;H125925
1125s;56.5;85.1%;8820.00000;59152.000000;57982;H125925
1134s;56.4;85.1%;8820.00000;59140.000000;58876;H127119
1144s;56.4;85.1%;8820.00000;59140.0000;204;127;55080.2662;59512;128606
1153s;56.3;85.1%;8820.00000;59140.0000;208;99;53014.5071;59675;129599
1164s;56.4;85.1%;8820.00000;59140.0000;73;infeasible;60318;129988
1174s;56.4;85.1%;8820.00000;59140.0000;92;infeasible;60981;131260
1175s;56.4;85.1%;8820.00000;59123.000000;60971;H132411
1185s;56.5;85.1%;8820.00000;59123.0000;216;116;40949.2605;61564;132470
1195s;56.5;85.1%;8820.00000;59123.0000;308;78;9611.24075;62246;133635
1205s;56.4;85.1%;8820.00000;59123.0000;200;122;50193.2593;62653;135063
1218s;56.3;85.1%;8820.00000;59123.0000;279;79;20644.9884;63762;135833
1226s;56.4;85.1%;8820.00000;59123.0000;352;66;8820.00000;64055;138044
1236s;56.4;85.1%;8820.00000;59123.0000;290;75;41492.2593;64792;138625
1246s;56.4;85.1%;8820.00000;59123.0000;315;73;10167.1828;65625;140287
1254s;56.4;85.1%;8820.00000;59123.0000;188;106;54118.2185;65837;142044
1263s;56.4;85.1%;8820.00000;59123.0000;336;81;13054.0715;66398;142506
1273s;56.4;85.1%;8820.00000;59123.0000;272;99;42133.0393;67143;143709
1283s;56.4;85.1%;8820.00000;59123.0000;296;79;25743.3535;67673;145195
1291s;56.4;85.1%;8820.00000;59123.0000;258;100;27649.9103;68027;146529
1299s;56.4;85.1%;8820.00000;59123.0000;292;92;32565.8313;68690;147152
1309s;56.3;85.1%;8820.00000;59123.0000;252;105;35906.7128;69247;148383
1318s;56.3;85.1%;8820.00000;59123.0000;292;87;29313.9896;69886;149483
1326s;56.3;85.1%;8820.00000;59123.0000;358;63;8943.18067;70414;150735
1338s;56.3;85.1%;8820.00000;59123.0000;367;78;11531.7046;71326;151574
1348s;56.4;85.1%;8820.00000;59123.0000;363;73;15453.3718;71925;153515
1358s;56.4;85.1%;8820.00000;59123.0000;266;93;29066.3840;72506;154716
1367s;56.4;85.1%;8820.00000;59123.0000;335;83;12195.4729;73316;155886
1375s;56.5;85.1%;8820.00000;59123.0000;83;infeasible;73673;157325
1384s;56.5;85.1%;8820.00000;59123.0000;88;infeasible;74264;158182
1392s;56.5;85.1%;8820.00000;59123.0000;229;112;48903.2593;74594;159459
1401s;56.5;85.1%;8820.00000;59123.0000;302;77;38575.1945;75301;160088
1412s;56.5;85.1%;8820.00000;59123.0000;217;108;56086.2593;75779;161230
1421s;56.5;85.1%;8820.00000;59123.0000;213;79;49532.8482;76331;162359
1431s;56.6;85.1%;8820.00000;59123.0000;317;81;15539.5259;77034;163543
1442s;56.6;85.1%;8820.00000;59123.0000;294;81;17964.3890;77873;164796
1451s;56.6;85.1%;8820.00000;59123.0000;328;70;23385.3619;78510;166548
1458s;56.6;85.1%;8820.00000;59123.0000;104;infeasible;78741;167809
1468s;56.7;85.1%;8820.00000;59123.0000;233;78;54447.2593;79449;168228
1479s;56.7;85.1%;8820.00000;59123.0000;465;86;11209.9358;80025;169593
1490s;56.8;85.1%;8820.00000;59123.0000;326;96;8820.00000;80862;170803
1500s;56.8;85.1%;8820.00000;59123.0000;344;86;14258.0242;81627;172340
1509s;56.8;85.1%;8820.00000;59123.0000;103;infeasible;82104;173952
1518s;56.8;85.1%;8820.00000;59123.0000;204;103;54185.2662;82972;174935
1528s;56.7;85.1%;8820.00000;59123.0000;273;79;23757.2593;83874;176576
1536s;56.6;85.1%;8820.00000;59123.0000;263;81;40103.5758;84650;178174
1546s;56.6;85.1%;8820.00000;59123.0000;233;98;54262.2593;84715;179849
1554s;56.6;85.1%;8820.00000;59123.0000;265;89;55784.6960;85449;180041
1565s;56.6;85.1%;8820.00000;59123.0000;198;112;57411.2662;86247;181393
1572s;56.6;85.1%;8820.00000;59123.0000;326;83;22913.3866;86816;182939
1580s;56.6;85.1%;8820.00000;59123.0000;206;135;55596.6787;87281;183965
1588s;56.6;85.1%;8820.00000;59123.0000;399;84;10073.5270;87839;184906
1597s;56.6;85.1%;8820.00000;59123.0000;326;81;15378.5645;88417;185930
1606s;56.7;85.1%;8820.00000;59123.0000;114;infeasible;89126;186855
1615s;56.7;85.1%;8820.00000;59123.0000;389;91;15107.0974;89742;188167
1624s;56.6;85.1%;8820.00000;59123.0000;308;68;14599.1924;90317;189597
1633s;56.6;85.1%;8820.00000;59123.0000;304;82;28358.6316;90940;190806
1640s;56.5;85.1%;8820.00000;59123.0000;103;infeasible;90984;192214
1648s;56.5;85.1%;8820.00000;59123.0000;104;infeasible;91439;192299
1657s;56.6;85.1%;8820.00000;59123.0000;226;102;57042.7582;92032;193277
1666s;56.6;85.1%;8820.00000;59123.0000;291;94;29357.1852;92658;194614
1675s;56.5;85.1%;8820.00000;59123.0000;258;99;50700.8482;93189;195966
1685s;56.6;85.1%;8820.00000;59123.0000;88;infeasible;94001;196942
1695s;56.6;85.1%;8820.00000;59123.0000;371;91;25905.1922;94628;198463
1704s;56.6;85.1%;8820.00000;59123.0000;328;83;10595.8794;95382;199652
1713s;56.6;85.1%;8820.00000;59123.0000;286;98;27311.8702;95767;201221
1723s;56.6;85.1%;8820.00000;59123.0000;340;88;15012.7798;96608;202056
1733s;56.6;85.1%;8820.00000;59123.0000;208;92;53369.2593;97280;203666
1743s;56.6;85.1%;8820.00000;59123.0000;305;80;14546.7588;97941;205081
1751s;56.5;85.1%;8820.00000;59123.0000;265;88;32771.8871;98650;206550
1760s;56.4;85.1%;8820.00000;59123.0000;297;83;11539.2350;99422;207925
1768s;56.4;85.1%;8820.00000;59123.0000;228;93;59037.2593;100098;209425
1778s;56.4;85.1%;8820.00000;59123.0000;328;83;21883.2593;100582;210823
1789s;56.4;85.1%;8820.00000;59123.0000;110;infeasible;101169;211891
1799s;56.4;85.1%;8820.00000;59123.0000;372;100;8977.50091;101628;213239
1810s;56.4;85.1%;8820.00000;59123.0000;237;99;52226.2593;102506;214226
1821s;56.4;85.1%;8820.00000;59123.0000;252;94;55912.8260;103288;216138
1829s;56.3;85.1%;8820.00000;59123.0000;223;91;55116.8482;103691;217742
1837s;56.3;85.1%;8820.00000;59123.0000;260;78;43166.8482;104202;218608
1846s;56.3;85.1%;8820.00000;59123.0000;340;79;17386.2938;105035;219679
1855s;56.2;85.1%;8820.00000;59123.0000;363;98;16643.6460;105368;221087
1864s;56.3;85.1%;8820.00000;59123.0000;367;100;16046.9817;106068;221739
1872s;56.3;85.1%;8820.00000;59123.0000;340;71;14419.8482;106630;223119
1881s;56.3;85.1%;8820.00000;59123.0000;282;92;32343.8482;107085;224317
1891s;56.3;85.1%;8820.00000;59123.0000;258;81;53424.2593;107645;225261
1902s;56.3;85.1%;8820.00000;59123.0000;295;88;34957.8482;108365;226285
1912s;56.3;85.1%;8820.00000;59123.0000;264;77;49456.8482;108937;227716
1922s;56.3;85.1%;8820.00000;59123.0000;218;114;53510.8482;109764;228919
1933s;56.3;85.1%;8820.00000;59123.0000;286;87;37751.8482;110410;230627
1942s;56.3;85.1%;8820.00000;59123.0000;363;95;18693.0318;110703;232061
1951s;56.3;85.1%;8820.00000;59123.0000;95;infeasible;111443;232742
1960s;56.3;85.1%;8820.00000;59123.0000;274;83;25686.3468;112166;234296
1967s;56.4;85.1%;8820.00000;59123.0000;389;90;10674.5840;112734;235801
1976s;56.4;85.1%;8820.00000;59123.0000;345;95;18849.5747;113352;236749
1985s;56.4;85.1%;8820.00000;59123.0000;299;87;24694.2593;113532;238147
1994s;56.5;85.1%;8820.00000;59123.0000;357;75;9045.40370;114237;238512
2004s;56.5;85.1%;8820.00000;59123.0000;314;82;14486.2024;114856;239788
2012s;56.5;85.1%;8820.00000;59123.0000;257;92;33488.8709;115554;241008
2020s;56.5;85.1%;8820.00000;59123.0000;112;infeasible;115694;242474
2030s;56.5;85.1%;8820.00000;59123.0000;297;87;28509.8262;116217;242829
2030s;56.5;85.1%;8820.00000;59087.000000;116192;H242830
2040s;56.5;85.1%;8820.00000;59087.0000;242;111;45818.8482;116553;243874
2040s;56.5;85.1%;8820.00000;59085.000000;116552;H243988
2040s;56.5;85.1%;8820.00000;59081.000000;116550;H244134
2040s;56.5;85.1%;8820.00000;59075.000000;116547;H244346
2051s;56.5;85.1%;8820.00000;59075.0000;371;77;8820.00000;117311;244532
2063s;56.6;85.1%;8820.00000;59075.0000;340;86;12521.2791;117991;246095
2073s;56.6;85.1%;8820.00000;59075.0000;373;78;12137.8386;118805;247771
2083s;56.6;85.1%;8820.00000;59075.0000;370;73;12446.1698;119406;249417
2092s;56.6;85.1%;8820.00000;59075.0000;226;97;57125.8500;120065;250551
2101s;56.5;85.1%;8820.00000;59075.0000;417;74;9233.94453;120701;251967
2110s;56.5;85.1%;8820.00000;59075.0000;344;84;19813.1393;121403;253262
2110s;56.5;85.0%;8820.00000;58864.000000;121240;H253554
2120s;56.5;85.0%;8820.00000;58864.0000;313;87;22671.2753;121898;254681
2120s;56.5;84.9%;8820.00000;58281.000000;121457;H254998
2128s;56.5;84.9%;8820.00000;58281.0000;266;89;45854.8482;121973;255877
2139s;56.6;84.9%;8820.00000;58281.0000;294;69;29842.8482;122567;257055
2149s;56.6;84.9%;8820.00000;58281.0000;380;74;8820.00000;123141;258306
2158s;56.6;84.9%;8820.00000;58281.0000;104;infeasible;123699;259802
2167s;56.7;84.9%;8820.00000;58281.0000;108;infeasible;124225;261088
2176s;56.7;84.9%;8820.00000;58281.0000;279;109;53910.6137;124631;262141
2185s;56.7;84.9%;8820.00000;58281.0000;110;infeasible;125086;262967
2193s;56.7;84.9%;8820.00000;58281.0000;260;97;51446.2593;125823;263961
2202s;56.7;84.9%;8820.00000;58281.0000;260;87;53623.8482;126365;265225
2211s;56.7;84.9%;8820.00000;58281.0000;297;87;28399.9870;127121;266263
2221s;56.7;84.9%;8820.00000;58281.0000;257;90;32286.5931;127595;267588
2231s;56.7;84.9%;8820.00000;58281.0000;93;infeasible;128099;268643
2231s;56.7;84.9%;8820.00000;58259.000000;128086;H268644
2242s;56.7;84.9%;8820.00000;58259.0000;358;76;11249.8454;128811;269596
2242s;56.7;84.9%;8820.00000;58226.000000;128777;H269780
2251s;56.7;84.9%;8820.00000;58226.0000;93;infeasible;129366;270902
2251s;56.7;84.9%;8820.00000;58225.000000;129364;H270903
2251s;56.7;84.8%;8820.00000;58214.000000;129355;H271412
2259s;56.7;84.8%;8820.00000;58214.0000;115;infeasible;129723;272297
2267s;56.7;84.8%;8820.00000;58214.0000;352;86;8820.00000;130377;273255
2267s;56.7;84.8%;8820.00000;58212.000000;130376;H273436
2268s;56.7;84.8%;8820.00000;58202.000000;130361;H273881
2276s;56.7;84.8%;8820.00000;58202.0000;104;infeasible;130705;274396
2284s;56.7;84.8%;8820.00000;58202.0000;388;75;16279.9754;131019;275219
2291s;56.7;84.8%;8820.00000;58202.0000;352;89;21646.1894;131312;275809
2303s;56.8;84.8%;8820.00000;58202.0000;87;infeasible;132057;276465
2314s;56.8;84.8%;8820.00000;58202.0000;389;87;8820.00000;132782;278063
2325s;56.8;84.8%;8820.00000;58202.0000;312;89;27275.8482;133447;279400
2334s;56.8;84.8%;8820.00000;58202.0000;376;73;8820.00000;134053;280726
2335s;56.8;84.8%;8820.00000;58202.0000;327;118;56028.1740;134053;280890
2344s;56.9;84.8%;8820.00000;58202.0000;350;91;10638.6283;134712;281986
2354s;56.9;84.8%;8820.00000;58202.0000;237;109;50372.2593;135499;283465
2364s;56.9;84.8%;8820.00000;58202.0000;264;78;18962.1147;136076;284770
2373s;56.9;84.8%;8820.00000;58202.0000;379;75;9140.43260;136975;285872
2381s;56.9;84.8%;8820.00000;58202.0000;92;infeasible;137272;287498
2391s;56.9;84.8%;8820.00000;58202.0000;332;99;23024.6764;137933;288118
2401s;56.9;84.8%;8820.00000;58202.0000;226;99;53483.2593;138631;289432
2411s;57.0;84.8%;8820.00000;58202.0000;92;infeasible;138694;290939
2421s;57.0;84.8%;8820.00000;58202.0000;288;85;35964.2593;139287;291033
2430s;57.0;84.8%;8820.00000;58202.0000;333;96;23162.3528;139959;292366
2439s;57.0;84.8%;8820.00000;58202.0000;280;88;36943.3973;140481;293828
2440s;56.9;84.8%;8820.00000;58202.0000;316;91;24634.8482;140481;293987
2448s;57.0;84.8%;8820.00000;58202.0000;276;89;28292.2593;141180;294833
2456s;57.0;84.8%;8820.00000;58202.0000;358;81;14476.5784;141716;296171
2466s;57.0;84.8%;8820.00000;58202.0000;234;90;48394.8482;142306;297316
2475s;56.9;84.8%;8820.00000;58202.0000;118;infeasible;142881;298669
2485s;57.0;84.8%;8820.00000;58202.0000;418;85;12654.3808;143303;299947
2499s;57.0;84.8%;8820.00000;58202.0000;272;104;35599.7218;144277;300613
2500s;57.0;84.8%;8820.00000;58202.0000;377;91;10187.1015;144277;301408
2511s;57.0;84.8%;8820.00000;58202.0000;403;86;10693.4696;144887;302444
2521s;57.0;84.8%;8820.00000;58202.0000;101;infeasible;145239;303824
2534s;57.1;84.8%;8820.00000;58202.0000;312;94;17677.0015;146103;304481
2546s;57.1;84.8%;8820.00000;58202.0000;242;106;48423.8482;146468;306325
2558s;57.1;84.8%;8820.00000;58202.0000;298;82;24343.9306;147218;307195
2570s;57.1;84.8%;8820.00000;58202.0000;95;infeasible;147931;308931
2581s;57.1;84.8%;8820.00000;58202.0000;265;119;46387.5987;148926;310646
2591s;57.0;84.8%;8820.00000;58202.0000;221;96;39290.3482;149525;312433
2603s;57.0;84.8%;8820.00000;58202.0000;277;87;51786.2593;150152;313522
2603s;57.0;84.8%;8820.00000;58147.000000;150095;H314615
2614s;57.1;84.8%;8820.00000;58147.0000;312;82;26012.8306;150697;314987
2624s;57.1;84.8%;8820.00000;58147.0000;109;infeasible;151366;316208
2631s;57.1;84.8%;8820.00000;58147.0000;396;99;31641.2259;151732;317674
2641s;57.0;84.8%;8820.00000;58147.0000;229;113;51073.2593;152187;318339
2652s;57.1;84.8%;8820.00000;58147.0000;297;100;24136.4304;152883;319239
2663s;57.1;84.8%;8820.00000;58147.0000;281;93;22612.8364;153600;320948
2671s;57.0;84.8%;8820.00000;58147.0000;366;94;13709.6742;153924;322344
2682s;57.0;84.8%;8820.00000;58147.0000;397;97;17578.6419;154519;323119
2692s;57.0;84.8%;8820.00000;58147.0000;352;75;23246.4372;155032;324333
2703s;57.1;84.8%;8820.00000;58147.0000;399;69;8820.00000;155795;325335
2713s;57.1;84.8%;8820.00000;58147.0000;216;87;52757.8482;156493;326708
2724s;57.1;84.8%;8820.00000;58147.0000;229;81;51484.8087;157142;328200
2734s;57.1;84.8%;8820.00000;58147.0000;285;89;29524.9442;157882;329567
2735s;57.1;84.8%;8820.00000;58147.0000;92;infeasible;157882;329900
2742s;57.1;84.8%;8820.00000;58147.0000;212;111;44744.2593;158297;331085
2751s;57.1;84.8%;8820.00000;58147.0000;250;95;32847.3660;158801;331979
2761s;57.1;84.8%;8820.00000;58147.0000;320;77;25157.8864;159424;333018
2771s;57.0;84.8%;8820.00000;58147.0000;197;120;49504.2593;160221;334535
2778s;57.0;84.8%;8820.00000;58147.0000;315;88;11810.9737;160567;336083
2784s;57.0;84.8%;8820.00000;58147.0000;366;86;9080.25699;160715;337009
2792s;57.0;84.8%;8820.00000;58147.0000;101;infeasible;161367;337427
2801s;57.0;84.8%;8820.00000;58147.0000;276;94;38261.8482;161952;338599
2810s;57.0;84.8%;8820.00000;58147.0000;283;78;33221.2593;162497;339835
2820s;57.1;84.8%;8820.00000;58147.0000;328;84;24381.8482;163259;341022
2828s;57.0;84.8%;8820.00000;58147.0000;353;86;13125.0521;163632;342460
2837s;57.0;84.8%;8820.00000;58147.0000;357;94;12424.1927;164193;343208
2846s;57.0;84.8%;8820.00000;58147.0000;112;infeasible;164693;344644
2857s;57.1;84.8%;8820.00000;58147.0000;111;infeasible;165517;345678
2867s;57.1;84.8%;8820.00000;58147.0000;324;89;25996.2679;166226;347213
2875s;57.0;84.8%;8820.00000;58147.0000;294;97;25322.6137;166853;348641
2885s;57.1;84.8%;8820.00000;58147.0000;286;92;30678.5788;167418;349617
2895s;57.1;84.8%;8820.00000;58147.0000;281;104;35173.4258;168153;350807
2904s;57.1;84.8%;8820.00000;58147.0000;300;93;8820.00000;168695;352437
2913s;57.1;84.8%;8820.00000;58147.0000;327;93;16771.4539;169401;353565
2921s;57.1;84.8%;8820.00000;58147.0000;351;97;11616.1994;169700;355025
2931s;57.1;84.8%;8820.00000;58147.0000;206;114;56177.3127;170272;355785
2939s;57.1;84.8%;8820.00000;58147.0000;341;107;15460.1259;170884;357273
2948s;57.2;84.8%;8820.00000;58147.0000;267;92;36319.0646;171533;358710
2959s;57.2;84.8%;8820.00000;58147.0000;327;75;16032.5552;172314;359954
2966s;57.1;84.8%;8820.00000;58147.0000;351;87;10257.5854;172617;361561
2976s;57.1;84.8%;8820.00000;58147.0000;105;infeasible;173146;362241
2986s;57.2;84.8%;8820.00000;58147.0000;310;85;14559.8691;173662;363483
2995s;57.1;84.8%;8820.00000;58147.0000;280;89;32894.6134;174244;364633
3004s;57.1;84.8%;8820.00000;58147.0000;354;95;24284.7255;174723;365947
3013s;57.1;84.8%;8820.00000;58147.0000;217;105;46779.8482;175479;366918
3021s;57.1;84.8%;8820.00000;58147.0000;345;75;15441.7005;175867;368278
3030s;57.1;84.8%;8820.00000;58147.0000;403;107;14620.9886;176443;369281
3038s;57.1;84.8%;8820.00000;58147.0000;327;101;21588.8572;176828;370504
3047s;57.1;84.8%;8820.00000;58147.0000;341;75;8820.00000;177564;371182
3056s;57.1;84.8%;8820.00000;58147.0000;401;82;17619.6391;178137;372481
3065s;57.1;84.8%;8820.00000;58147.0000;299;86;20866.7830;178651;373683
3075s;57.1;84.8%;8820.00000;58147.0000;263;95;36251.8482;179261;374708
3086s;57.1;84.8%;8820.00000;58147.0000;239;113;53064.6587;180192;375762
3095s;57.1;84.8%;8820.00000;58147.0000;77;infeasible;180918;377581
3102s;57.1;84.8%;8820.00000;58147.0000;216;90;50621.8482;181274;378889
3112s;57.1;84.8%;8820.00000;58147.0000;348;68;10192.6768;181885;379767
3118s;57.1;84.8%;8820.00000;58147.0000;349;94;10547.1640;182190;381004
3127s;57.1;84.8%;8820.00000;58147.0000;310;102;17922.8482;183006;381538
3137s;57.1;84.8%;8820.00000;58147.0000;262;67;34856.3859;183623;382875
3146s;57.1;84.8%;8820.00000;58147.0000;87;infeasible;184403;384274
3155s;57.1;84.8%;8820.00000;58147.0000;351;62;13160.5851;184965;385562
3161s;57.0;84.8%;8820.00000;58147.0000;327;73;16682.0935;185328;386669
3170s;57.0;84.8%;8820.00000;58147.0000;267;94;24772.6082;186100;387283
3180s;57.0;84.8%;8820.00000;58147.0000;92;infeasible;186799;388561
3191s;57.0;84.8%;8820.00000;58147.0000;326;88;12678.0935;187725;390094
3199s;56.9;84.8%;8820.00000;58147.0000;226;83;43876.8482;188357;391763
3204s;56.9;84.8%;8820.00000;58147.0000;309;76;17757.5047;188524;392839
3214s;56.9;84.8%;8820.00000;58147.0000;88;infeasible;189094;393141
3222s;56.8;84.8%;8820.00000;58147.0000;83;infeasible;189837;394593
3232s;56.8;84.8%;8820.00000;58147.0000;252;87;43536.2593;190393;395918
3239s;56.7;84.8%;8820.00000;58147.0000;252;98;51987.3859;191153;397262
3240s;56.7;84.8%;8820.00000;58147.0000;266;82;26046.0935;191153;398406
3245s;56.7;84.8%;8820.00000;58147.0000;305;69;17722.6083;191350;398599
3254s;56.7;84.8%;8820.00000;58147.0000;280;78;20696.3859;192053;398942
3262s;56.7;84.8%;8820.00000;58147.0000;295;73;24164.1020;192656;400249
3271s;56.7;84.8%;8820.00000;58147.0000;287;70;24508.0935;193195;401588
3279s;56.6;84.8%;8820.00000;58147.0000;228;105;53934.9747;193882;402822
3287s;56.6;84.8%;8820.00000;58147.0000;224;95;44698.9747;194340;404061
3300s;56.6;84.8%;8820.00000;58147.0000;345;75;8820.00000;195084;404995
3307s;56.5;84.8%;8820.00000;58147.0000;94;infeasible;195700;406715
3315s;56.4;84.8%;8820.00000;58147.0000;264;101;46476.3859;196120;407778
3321s;56.4;84.8%;8820.00000;58147.0000;91;infeasible;196459;408999
3330s;56.4;84.8%;8820.00000;58147.0000;303;85;19769.3859;197081;409694
3337s;56.4;84.8%;8820.00000;58147.0000;326;77;28076.9670;197505;410765
3347s;56.3;84.8%;8820.00000;58147.0000;119;infeasible;198205;411545
3356s;56.3;84.8%;8820.00000;58147.0000;253;82;38722.5047;198832;412852
3366s;56.3;84.8%;8820.00000;58147.0000;269;87;35391.2593;199416;414153
3375s;56.2;84.8%;8820.00000;58147.0000;346;76;8820.00000;200145;415470
3381s;56.2;84.8%;8820.00000;58147.0000;197;92;54802.3859;200326;416793
3390s;56.2;84.8%;8820.00000;58147.0000;316;103;30183.3897;200921;417198
3399s;56.2;84.8%;8820.00000;58147.0000;97;infeasible;201651;418577
3411s;56.1;84.8%;8820.00000;58147.0000;318;83;16123.5047;202614;420015
3418s;56.1;84.8%;8820.00000;58147.0000;269;88;35078.2593;202917;421746
3424s;56.1;84.8%;8820.00000;58147.0000;338;78;9869.50470;203158;422419
3434s;56.1;84.8%;8820.00000;58147.0000;108;infeasible;203843;422803
3443s;56.0;84.8%;8820.00000;58147.0000;308;98;20704.9747;204621;424275
3452s;56.0;84.8%;8820.00000;58147.0000;225;94;43282.9747;205199;425703
3461s;56.0;84.8%;8820.00000;58147.0000;310;94;22470.5050;205926;426956
3468s;56.0;84.8%;8820.00000;58147.0000;389;80;8820.00000;206243;428486
3477s;55.9;84.8%;8820.00000;58147.0000;115;infeasible;206878;429022
3486s;55.9;84.8%;8820.00000;58147.0000;324;67;14323.3244;207445;430351
3496s;55.9;84.8%;8820.00000;58147.0000;283;76;31703.6863;208109;431620
3505s;55.9;84.8%;8820.00000;58147.0000;262;90;36680.2593;208758;433020
3512s;55.8;84.8%;8820.00000;58147.0000;224;97;50370.9747;209140;434371
3524s;55.8;84.8%;8820.00000;58147.0000;260;87;28721.3859;209943;435272
3530s;55.8;84.8%;8820.00000;58147.0000;224;87;52675.2593;210192;436904
3540s;55.8;84.8%;8820.00000;58147.0000;294;93;23088.7369;210848;437547
3549s;55.7;84.8%;8820.00000;58147.0000;323;86;14361.4973;211516;438976
3557s;55.7;84.8%;8820.00000;58147.0000;102;infeasible;211925;440188
3566s;55.7;84.8%;8820.00000;58147.0000;232;83;39488.2593;212785;441010
3574s;55.7;84.8%;8820.00000;58147.0000;264;84;23114.1956;213181;442468
3584s;55.6;84.8%;8820.00000;58147.0000;348;76;8820.00000;213799;443440
3593s;55.6;84.8%;8820.00000;58147.0000;314;90;26732.1735;214551;444862
3600s;55.6;84.8%;8820.00000;58147.0000;340;82;8820.00000;214836;446226