0s;-;37.1%;2.4703e+08;3.929405e+08;0;0;H
0s;-;34.8%;2.5635e+08;3.9294e+08;74;0;2.5635e+08;0;0
0s;-;34.7%;2.5659e+08;3.9294e+08;76;0;2.5659e+08;0;0
0s;-;34.4%;2.5771e+08;3.9294e+08;78;0;2.5771e+08;0;0
0s;-;32.6%;2.5771e+08;3.825475e+08;0;0;H
0s;-;31.8%;2.5771e+08;3.778659e+08;0;0;H
0s;-;31.8%;2.5772e+08;3.7787e+08;73;0;2.5772e+08;0;0
0s;-;30.0%;2.5772e+08;3.679090e+08;0;0;H
0s;-;29.6%;2.5772e+08;3.661847e+08;0;0;H
0s;-;29.6%;2.5772e+08;3.6618e+08;72;0;2.5772e+08;0;0
0s;-;29.6%;2.5772e+08;3.6618e+08;70;0;2.5772e+08;0;0
0s;-;27.5%;2.5772e+08;3.556160e+08;0;0;H
0s;-;27.5%;2.5772e+08;3.5562e+08;70;0;2.5772e+08;0;0
0s;-;27.4%;2.5772e+08;3.547475e+08;0;0;H
0s;-;27.4%;2.5772e+08;3.5475e+08;70;0;2.5772e+08;2;0
0s;4.8;27.0%;2.5849e+08;3.540970e+08;36;28;H
0s;4.0;26.7%;2.5849e+08;3.524608e+08;44;43;H
1s;2.8;26.3%;2.5849e+08;3.508504e+08;786;696;H
1s;2.8;25.8%;2.5849e+08;3.482170e+08;786;763;H
1s;2.8;21.5%;2.5849e+08;3.292961e+08;898;795;H
1s;2.8;21.1%;2.5849e+08;3.277300e+08;994;1029;H
1s;2.8;21.1%;2.5849e+08;3.275502e+08;994;1029;H
1s;2.8;18.4%;2.5849e+08;3.165855e+08;977;1046;H
1s;2.8;17.3%;2.5849e+08;3.127011e+08;1059;1124;H
2s;2.8;16.8%;2.5849e+08;3.106062e+08;1829;2072;H
5s;8.3;16.5%;2.5946e+08;3.1061e+08;173;30;2.6766e+08;2102;2411
10s;4.7;16.4%;2.5961e+08;3.1061e+08;156;77;2.9317e+08;18589;22534
15s;4.7;16.2%;2.6041e+08;3.1061e+08;190;29;2.6251e+08;32710;38720
20s;4.6;15.9%;2.6111e+08;3.1061e+08;110;108;2.9486e+08;48601;57805
25s;4.5;15.8%;2.6141e+08;3.1061e+08;91;130;2.9442e+08;63985;76260
26s;4.5;15.8%;2.6154e+08;3.106062e+08;65655;H79884
27s;4.5;14.6%;2.6154e+08;3.061187e+08;54704;H79961
28s;4.5;14.5%;2.6154e+08;3.060660e+08;54625;H80078
28s;4.5;14.5%;2.6154e+08;3.058973e+08;54231;H80079
28s;4.5;14.1%;2.6154e+08;3.045126e+08;51065;H80084
28s;4.5;13.7%;2.6154e+08;3.031463e+08;48163;H80092
28s;4.5;13.5%;2.6154e+08;3.023931e+08;47445;H80102
28s;4.5;13.3%;2.6156e+08;3.016251e+08;45927;H80979
29s;4.5;13.2%;2.6156e+08;3.012860e+08;46036;H81254
29s;4.5;13.0%;2.6156e+08;3.007395e+08;45066;H81763
29s;4.6;13.0%;2.6156e+08;3.004921e+08;45599;H82179
29s;4.6;12.9%;2.6156e+08;3.004003e+08;45365;H82357
29s;4.6;12.9%;2.6156e+08;3.001308e+08;44795;H82677
29s;4.6;12.8%;2.6156e+08;3.000234e+08;44584;H82824
30s;4.6;12.8%;2.6156e+08;3.0002e+08;111;97;2.9009e+08;45357;83515
30s;4.6;12.8%;2.6156e+08;2.999041e+08;45039;H83682
30s;4.6;12.8%;2.6156e+08;2.997942e+08;44825;H83823
31s;4.6;12.7%;2.6156e+08;2.996842e+08;44662;H84593
33s;4.6;12.7%;2.6161e+08;2.996842e+08;47074;H86724
34s;4.6;12.7%;2.6162e+08;2.996842e+08;48522;H87991
34s;4.6;12.7%;2.6163e+08;2.996842e+08;50095;H90079
35s;4.7;12.7%;2.6163e+08;2.9968e+08;191;32;2.6230e+08;51252;91990
35s;4.7;12.7%;2.6163e+08;2.996842e+08;51252;H92270
36s;4.7;12.7%;2.6163e+08;2.996842e+08;52801;H93919
37s;4.7;12.7%;2.6163e+08;2.996842e+08;54339;H95523
37s;4.7;12.7%;2.6163e+08;2.995743e+08;55596;H97554
38s;4.7;12.7%;2.6163e+08;2.995743e+08;56680;H99427
40s;4.7;12.7%;2.6163e+08;2.9957e+08;159;55;2.7404e+08;59872;103192
45s;4.8;12.7%;2.6164e+08;2.9957e+08;151;72;2.9189e+08;71492;118976
46s;4.8;12.3%;2.6165e+08;2.983031e+08;70318;H123012
50s;4.9;12.3%;2.6167e+08;2.9830e+08;107;104;2.9169e+08;79415;133607
55s;4.9;12.3%;2.6170e+08;2.9830e+08;173;47;2.6605e+08;90415;148557
58s;5.0;12.2%;2.6171e+08;2.981932e+08;96823;H157594
60s;5.0;12.2%;2.6172e+08;2.9819e+08;198;41;2.6288e+08;100699;162470
65s;5.1;12.2%;2.6174e+08;2.9819e+08;99;96;2.9768e+08;110777;175953
70s;5.1;12.2%;2.6181e+08;2.9819e+08;126;86;2.9624e+08;122684;191876
75s;5.2;12.2%;2.6184e+08;2.9819e+08;182;46;2.7130e+08;131874;205189
80s;5.2;12.2%;2.6184e+08;2.9819e+08;162;51;2.7063e+08;143018;219882
85s;5.3;12.2%;2.6191e+08;2.9819e+08;130;69;2.9532e+08;152823;232824
90s;5.3;12.2%;2.6192e+08;2.9819e+08;185;38;2.6617e+08;163024;247054
95s;5.3;12.2%;2.6194e+08;2.9819e+08;128;73;2.8709e+08;173621;259978
100s;5.3;12.1%;2.6196e+08;2.9819e+08;110;88;2.8344e+08;184322;273852
105s;5.3;12.1%;2.6196e+08;2.9819e+08;140;61;2.8264e+08;194403;288467
110s;5.4;12.1%;2.6196e+08;2.9819e+08;145;72;2.8448e+08;201338;298564
110s;5.4;11.5%;2.6196e+08;2.959990e+08;189368;H299315
115s;5.4;11.5%;2.6196e+08;2.9600e+08;93;infeasible;197147;309350
119s;5.4;11.4%;2.6198e+08;2.955749e+08;199473;H318202
120s;5.4;11.4%;2.6198e+08;2.9557e+08;169;70;2.9217e+08;201209;318338
123s;5.4;11.3%;2.6199e+08;2.954375e+08;204545;H325817
125s;5.4;11.3%;2.6200e+08;2.9544e+08;180;56;2.8189e+08;206861;328665
130s;5.5;11.3%;2.6200e+08;2.9544e+08;166;60;2.8431e+08;214298;337950
135s;5.5;11.3%;2.6200e+08;2.9544e+08;173;54;2.6832e+08;224080;351307
140s;5.5;11.3%;2.6200e+08;2.9544e+08;145;70;2.9412e+08;233031;362965
145s;5.5;11.3%;2.6201e+08;2.9544e+08;89;118;2.8854e+08;241199;374449
150s;5.5;11.3%;2.6202e+08;2.9544e+08;99;93;2.8956e+08;248270;384426
155s;5.5;11.3%;2.6204e+08;2.9544e+08;187;33;2.6304e+08;256721;396055
160s;5.5;11.3%;2.6205e+08;2.9544e+08;172;68;2.7872e+08;265721;407868
165s;5.5;11.3%;2.6206e+08;2.9544e+08;81;118;2.9336e+08;274835;421170
170s;5.6;11.3%;2.6208e+08;2.9544e+08;159;68;2.8204e+08;284436;433602
175s;5.6;11.3%;2.6209e+08;2.9544e+08;154;52;2.7876e+08;292149;444882
180s;5.6;11.3%;2.6209e+08;2.9544e+08;131;71;2.9375e+08;300124;455229
181s;5.6;11.2%;2.6209e+08;2.953000e+08;300013;H457911
186s;5.6;11.2%;2.6209e+08;2.9530e+08;174;45;2.6497e+08;306804;466180
190s;5.6;11.2%;2.6210e+08;2.9530e+08;132;95;2.8975e+08;314298;476818
195s;5.6;11.2%;2.6211e+08;2.9530e+08;178;47;2.6792e+08;321877;486696
195s;5.6;11.1%;2.6211e+08;2.948700e+08;317769;H486802
200s;5.6;11.1%;2.6211e+08;2.9487e+08;151;68;2.9275e+08;324589;494676
205s;5.6;11.1%;2.6213e+08;2.9487e+08;202;34;2.6311e+08;331918;505135
210s;5.6;11.1%;2.6213e+08;2.9487e+08;181;46;2.6566e+08;340540;516387
215s;5.6;11.1%;2.6215e+08;2.9487e+08;138;65;2.8769e+08;348487;526696
220s;5.6;11.1%;2.6216e+08;2.9487e+08;117;86;2.8918e+08;355592;536078
225s;5.6;11.1%;2.6216e+08;2.9487e+08;65;infeasible;363864;547380
230s;5.6;11.1%;2.6219e+08;2.9487e+08;173;45;2.6467e+08;370751;556843
235s;5.6;11.1%;2.6219e+08;2.9487e+08;175;50;2.6792e+08;378873;567489
240s;5.6;11.1%;2.6222e+08;2.9487e+08;171;38;2.6962e+08;386970;578093
245s;5.7;11.1%;2.6224e+08;2.9487e+08;166;54;2.8091e+08;393872;587150
250s;5.7;11.1%;2.6226e+08;2.9487e+08;131;74;2.9103e+08;401035;596457
255s;5.7;11.1%;2.6227e+08;2.9487e+08;129;71;2.9086e+08;407953;606217
261s;5.7;11.1%;2.6228e+08;2.9487e+08;131;78;2.9007e+08;416524;616850
265s;5.7;11.0%;2.6229e+08;2.9487e+08;174;55;2.6661e+08;422273;624615
270s;5.7;11.0%;2.6230e+08;2.9487e+08;176;45;2.6932e+08;429135;634165
276s;5.7;11.0%;2.6231e+08;2.9487e+08;91;infeasible;436527;643841
280s;5.7;11.0%;2.6232e+08;2.9487e+08;148;63;2.7678e+08;441995;651916
285s;5.7;11.0%;2.6233e+08;2.9487e+08;130;64;2.8865e+08;449123;661616
290s;5.7;11.0%;2.6235e+08;2.9487e+08;181;44;2.6508e+08;456443;670891
295s;5.7;11.0%;2.6236e+08;2.9487e+08;151;67;2.8980e+08;461672;678725
300s;5.7;11.0%;2.6237e+08;2.9487e+08;165;62;2.7792e+08;469818;689916
306s;5.7;11.0%;2.6238e+08;2.9487e+08;135;77;2.9072e+08;476494;699119
310s;5.7;11.0%;2.6240e+08;2.9487e+08;128;88;2.8595e+08;482403;706659
315s;5.7;11.0%;2.6241e+08;2.9487e+08;79;infeasible;489148;716219
320s;5.7;11.0%;2.6242e+08;2.9487e+08;173;59;2.7716e+08;495713;725806
325s;5.7;11.0%;2.6242e+08;2.9487e+08;128;81;2.8770e+08;500646;732105
330s;5.7;11.0%;2.6243e+08;2.9487e+08;124;86;2.9475e+08;507271;740558
335s;5.7;11.0%;2.6244e+08;2.9487e+08;127;82;2.9358e+08;513100;748890
340s;5.7;11.0%;2.6245e+08;2.9487e+08;143;79;2.9471e+08;520539;759198
345s;5.7;11.0%;2.6246e+08;2.9487e+08;134;64;2.7838e+08;526495;767853
350s;5.7;11.0%;2.6246e+08;2.9487e+08;149;75;2.7279e+08;532907;776724
356s;5.7;11.0%;2.6247e+08;2.9487e+08;94;infeasible;541560;786963
360s;5.7;11.0%;2.6248e+08;2.9487e+08;183;42;2.6447e+08;546647;793777
365s;5.7;11.0%;2.6248e+08;2.9487e+08;169;61;2.6775e+08;553455;803222
371s;5.7;11.0%;2.6248e+08;2.9487e+08;61;142;2.9086e+08;560002;811830
375s;5.7;11.0%;2.6248e+08;2.9487e+08;139;65;2.7662e+08;564862;817934
381s;5.7;11.0%;2.6248e+08;2.9487e+08;127;74;2.9323e+08;571994;827443
385s;5.7;11.0%;2.6249e+08;2.9487e+08;171;50;2.7660e+08;578247;836421
390s;5.7;11.0%;2.6250e+08;2.9487e+08;180;33;2.6267e+08;583445;842870
395s;5.7;11.0%;2.6250e+08;2.9487e+08;192;38;2.6292e+08;589989;851307
400s;5.8;11.0%;2.6250e+08;2.9487e+08;189;40;2.6593e+08;595266;859037
405s;5.8;11.0%;2.6250e+08;2.9487e+08;110;73;2.9334e+08;600559;866120
410s;5.8;11.0%;2.6251e+08;2.9487e+08;166;56;2.7836e+08;607669;874392
415s;5.8;11.0%;2.6251e+08;2.9487e+08;144;66;2.8309e+08;612954;881651
420s;5.8;11.0%;2.6252e+08;2.9487e+08;140;75;2.9136e+08;619155;890572
425s;5.8;11.0%;2.6252e+08;2.9487e+08;185;67;2.8170e+08;626000;898682
431s;5.8;11.0%;2.6252e+08;2.9487e+08;121;84;2.8912e+08;632329;907817
435s;5.8;11.0%;2.6253e+08;2.9487e+08;123;70;2.9310e+08;637342;913833
441s;5.8;11.0%;2.6253e+08;2.9487e+08;233;35;2.6392e+08;644199;923291
445s;5.8;11.0%;2.6253e+08;2.9487e+08;157;61;2.8153e+08;649183;929735
450s;5.8;11.0%;2.6254e+08;2.9487e+08;179;38;2.6365e+08;653373;935188
456s;5.8;11.0%;2.6255e+08;2.9487e+08;153;65;2.9153e+08;660853;945300
461s;5.8;11.0%;2.6255e+08;2.9487e+08;159;62;2.8671e+08;665814;952139
465s;5.8;11.0%;2.6255e+08;2.9487e+08;179;55;2.7415e+08;671063;959187
470s;5.8;11.0%;2.6255e+08;2.9487e+08;186;52;2.6911e+08;676485;966441
476s;5.8;11.0%;2.6256e+08;2.9487e+08;132;76;2.9334e+08;683127;975575
480s;5.8;11.0%;2.6256e+08;2.9487e+08;150;58;2.9398e+08;688301;982129
485s;5.8;11.0%;2.6256e+08;2.9487e+08;177;34;2.6756e+08;693160;988684
490s;5.8;11.0%;2.6257e+08;2.9487e+08;166;49;2.7223e+08;698596;996029
495s;5.8;11.0%;2.6257e+08;2.9487e+08;201;32;2.6257e+08;703474;1002696
501s;5.8;11.0%;2.6257e+08;2.9487e+08;143;68;2.8705e+08;709332;1010929
505s;5.8;11.0%;2.6258e+08;2.9487e+08;157;36;2.6625e+08;713766;1015743
511s;5.8;11.0%;2.6258e+08;2.9487e+08;154;67;2.7452e+08;720153;1025621
516s;5.8;10.9%;2.6258e+08;2.9487e+08;148;70;2.8946e+08;724571;1031158
520s;5.8;10.9%;2.6258e+08;2.9487e+08;164;44;2.7387e+08;728336;1036048
525s;5.8;10.9%;2.6259e+08;2.9487e+08;143;79;2.9343e+08;733867;1043606
531s;5.8;10.9%;2.6259e+08;2.9487e+08;110;115;2.9294e+08;739398;1050108
536s;5.8;10.9%;2.6260e+08;2.9487e+08;168;51;2.6618e+08;743936;1056209
540s;5.8;10.9%;2.6260e+08;2.9487e+08;124;74;2.8212e+08;747458;1060596
545s;5.8;10.9%;2.6260e+08;2.9487e+08;130;87;2.9224e+08;752293;1068098
551s;5.8;10.9%;2.6261e+08;2.9487e+08;75;infeasible;757301;1075259
556s;5.8;10.9%;2.6261e+08;2.9487e+08;176;53;2.7584e+08;761826;1080861
561s;5.8;10.9%;2.6261e+08;2.9487e+08;145;72;2.8189e+08;767268;1087735
566s;5.8;10.9%;2.6261e+08;2.9487e+08;148;74;2.9108e+08;772548;1094943
570s;5.8;10.9%;2.6262e+08;2.9487e+08;157;61;2.8323e+08;775800;1099750
575s;5.8;10.9%;2.6262e+08;2.9487e+08;83;infeasible;780586;1105895
580s;5.8;10.9%;2.6263e+08;2.9487e+08;146;63;2.7653e+08;784108;1112557
585s;5.8;10.9%;2.6263e+08;2.9487e+08;149;infeasible;788599;1118124
591s;5.8;10.9%;2.6264e+08;2.9487e+08;100;infeasible;793707;1125192
595s;5.8;10.9%;2.6264e+08;2.9487e+08;76;infeasible;798158;1130043
601s;5.8;10.9%;2.6264e+08;2.9487e+08;134;70;2.8388e+08;803383;1137472
605s;5.8;10.9%;2.6264e+08;2.9487e+08;180;58;2.6503e+08;806476;1142836
610s;5.8;10.9%;2.6265e+08;2.9487e+08;121;84;2.8657e+08;812091;1149986
616s;5.8;10.9%;2.6265e+08;2.9487e+08;174;54;2.7067e+08;817107;1157158
620s;5.8;10.9%;2.6265e+08;2.9487e+08;134;84;2.9138e+08;820645;1161180
626s;5.8;10.9%;2.6266e+08;2.9487e+08;178;51;2.6631e+08;826198;1168069
630s;5.8;10.9%;2.6266e+08;2.9487e+08;165;59;2.7980e+08;829662;1172689
636s;5.8;10.9%;2.6266e+08;2.9487e+08;192;38;2.6346e+08;834266;1178462
640s;5.8;10.9%;2.6266e+08;2.9487e+08;186;40;2.6330e+08;836546;1183950
646s;5.8;10.9%;2.6267e+08;2.9487e+08;158;57;2.7683e+08;842140;1189575
651s;5.8;10.9%;2.6267e+08;2.9487e+08;167;59;2.8059e+08;845498;1194817
655s;5.8;10.9%;2.6267e+08;2.9487e+08;139;80;2.8623e+08;849603;1199484
661s;5.8;10.9%;2.6268e+08;2.9487e+08;90;infeasible;854102;1206685
666s;5.8;10.9%;2.6268e+08;2.9487e+08;138;75;2.9470e+08;858348;1211035
671s;5.8;10.9%;2.6268e+08;2.9487e+08;94;120;2.9397e+08;863820;1218390
675s;5.8;10.9%;2.6269e+08;2.9487e+08;143;88;2.9315e+08;867285;1222980
680s;5.8;10.9%;2.6269e+08;2.9487e+08;148;71;2.9203e+08;871709;1229889
686s;5.8;10.9%;2.6269e+08;2.9487e+08;208;41;2.6574e+08;877462;1237276
690s;5.8;10.9%;2.6269e+08;2.9487e+08;185;54;2.7374e+08;881216;1242062
695s;5.8;10.9%;2.6270e+08;2.9487e+08;150;63;2.7870e+08;885327;1246581
701s;5.8;10.9%;2.6270e+08;2.9487e+08;138;84;2.9137e+08;890676;1254053
706s;5.8;10.9%;2.6270e+08;2.9487e+08;149;53;2.7736e+08;893218;1258495
710s;5.8;10.9%;2.6271e+08;2.9487e+08;139;60;2.8392e+08;897235;1263359
716s;5.8;10.9%;2.6271e+08;2.9487e+08;182;52;2.6591e+08;902723;1270973
720s;5.8;10.9%;2.6271e+08;2.9487e+08;73;infeasible;906349;1275744
725s;5.8;10.9%;2.6271e+08;2.9487e+08;107;91;2.8890e+08;910315;1281176
731s;5.9;10.9%;2.6272e+08;2.9487e+08;181;64;2.8932e+08;915656;1288722
735s;5.9;10.9%;2.6272e+08;2.9487e+08;138;79;2.9265e+08;919317;1292870
740s;5.9;10.9%;2.6272e+08;2.9487e+08;111;86;2.8952e+08;922672;1298780
746s;5.9;10.9%;2.6272e+08;2.9487e+08;187;55;2.8182e+08;927963;1305106
750s;5.9;10.9%;2.6273e+08;2.9487e+08;67;infeasible;931389;1309797
756s;5.9;10.9%;2.6273e+08;2.9487e+08;115;106;2.9286e+08;936709;1317642
759s;5.9;10.8%;2.6273e+08;2.946755e+08;933228;H1321143
759s;5.9;10.8%;2.6273e+08;2.945106e+08;929550;H1321240
760s;5.9;10.8%;2.6273e+08;2.9451e+08;148;59;2.8628e+08;931590;1321473
765s;5.9;10.8%;2.6273e+08;2.9451e+08;153;63;2.7900e+08;935270;1326026
770s;5.9;10.8%;2.6273e+08;2.9451e+08;208;44;2.6354e+08;938923;1332031
776s;5.9;10.8%;2.6273e+08;2.9451e+08;154;57;2.7825e+08;944912;1339357
780s;5.9;10.8%;2.6273e+08;2.9451e+08;190;49;2.6526e+08;948255;1343825
786s;5.9;10.8%;2.6274e+08;2.9451e+08;184;44;2.6412e+08;953531;1351587
790s;5.9;10.8%;2.6274e+08;2.9451e+08;175;59;2.7942e+08;957270;1356569
797s;5.9;10.8%;2.6274e+08;2.9451e+08;133;71;2.8584e+08;961347;1361335
800s;5.9;10.8%;2.6274e+08;2.9451e+08;173;51;2.7440e+08;964747;1366843
805s;5.9;10.8%;2.6275e+08;2.9451e+08;158;65;2.7991e+08;966803;1369823
810s;5.9;10.8%;2.6275e+08;2.9451e+08;105;100;2.9242e+08;971029;1373545
817s;5.9;10.8%;2.6275e+08;2.9451e+08;173;49;2.6809e+08;977260;1381895
820s;5.9;10.8%;2.6275e+08;2.9451e+08;187;41;2.6362e+08;979355;1385049
826s;5.9;10.8%;2.6275e+08;2.9451e+08;112;84;2.8550e+08;985486;1392720
831s;5.9;10.8%;2.6276e+08;2.9451e+08;191;48;2.6784e+08;988810;1398278
835s;5.9;10.8%;2.6276e+08;2.9451e+08;176;39;2.6299e+08;992016;1402886
841s;5.9;10.8%;2.6276e+08;2.9451e+08;191;46;2.6842e+08;997758;1410296
846s;5.9;10.8%;2.6277e+08;2.9451e+08;144;60;2.9283e+08;1001911;1414862
850s;5.9;10.8%;2.6277e+08;2.9451e+08;164;59;2.7805e+08;1005295;1419566
856s;5.9;10.8%;2.6277e+08;2.9451e+08;114;90;2.8805e+08;1011127;1427707
861s;5.9;10.8%;2.6277e+08;2.9451e+08;202;41;2.6606e+08;1013822;1432367
865s;5.9;10.8%;2.6277e+08;2.9451e+08;182;52;2.6921e+08;1017527;1435918
870s;5.9;10.8%;2.6277e+08;2.9451e+08;137;71;2.8566e+08;1021176;1440879
875s;5.9;10.8%;2.6278e+08;2.9451e+08;136;102;2.9235e+08;1025536;1445911
882s;5.9;10.8%;2.6278e+08;2.9451e+08;136;93;2.8889e+08;1031340;1453457
886s;5.9;10.8%;2.6278e+08;2.9451e+08;188;46;2.6486e+08;1034567;1458349
890s;5.9;10.8%;2.6278e+08;2.9451e+08;167;61;2.8320e+08;1038783;1463089
895s;5.9;10.8%;2.6278e+08;2.9451e+08;75;infeasible;1042530;1467958
900s;5.9;10.8%;2.6279e+08;2.9451e+08;188;56;2.6906e+08;1046076;1472566
907s;5.9;10.8%;2.6279e+08;2.9451e+08;134;78;2.9179e+08;1051642;1480285
911s;5.9;10.8%;2.6279e+08;2.9451e+08;85;infeasible;1054924;1485875
916s;5.9;10.8%;2.6279e+08;2.9451e+08;151;65;2.7491e+08;1058517;1490307
920s;5.9;10.8%;2.6280e+08;2.9451e+08;156;51;2.6910e+08;1062603;1494960
925s;5.9;10.8%;2.6280e+08;2.9451e+08;159;58;2.7629e+08;1066201;1499850
930s;5.9;10.8%;2.6280e+08;2.9451e+08;133;76;2.8729e+08;1069666;1504340
935s;5.9;10.8%;2.6281e+08;2.9451e+08;131;80;2.9317e+08;1073253;1509967
940s;5.9;10.8%;2.6281e+08;2.9451e+08;169;68;2.8093e+08;1077215;1514738
947s;5.9;10.8%;2.6281e+08;2.9451e+08;161;56;2.9178e+08;1082567;1522089
951s;5.9;10.8%;2.6281e+08;2.9451e+08;173;57;2.7093e+08;1086102;1526884
956s;5.9;10.8%;2.6281e+08;2.9451e+08;185;50;2.6782e+08;1088169;1530791
961s;5.9;10.8%;2.6282e+08;2.9451e+08;149;51;2.7824e+08;1091930;1535885
966s;5.9;10.8%;2.6282e+08;2.9451e+08;124;90;2.9375e+08;1096055;1540664
971s;5.9;10.8%;2.6282e+08;2.9451e+08;164;59;2.7728e+08;1099655;1545537
975s;5.9;10.8%;2.6282e+08;2.9451e+08;67;infeasible;1103259;1551138
980s;5.9;10.8%;2.6282e+08;2.9451e+08;112;79;2.9173e+08;1106611;1555756
985s;5.9;10.8%;2.6282e+08;2.9451e+08;143;78;2.8805e+08;1110598;1560198
990s;5.9;10.8%;2.6283e+08;2.9451e+08;123;64;2.8861e+08;1114655;1564939
996s;5.9;10.8%;2.6283e+08;2.9451e+08;165;57;2.7073e+08;1118280;1570828
1001s;5.9;10.8%;2.6283e+08;2.9451e+08;161;64;2.8529e+08;1122661;1575680
1006s;5.9;10.8%;2.6283e+08;2.9451e+08;202;42;2.6497e+08;1125992;1581047
1011s;5.9;10.8%;2.6283e+08;2.9451e+08;115;105;2.9301e+08;1130367;1585668
1016s;5.9;10.8%;2.6283e+08;2.9451e+08;207;35;2.6774e+08;1133782;1591125
1020s;5.9;10.8%;2.6284e+08;2.9451e+08;177;39;2.6693e+08;1137281;1595672
1025s;5.9;10.8%;2.6284e+08;2.9451e+08;171;60;2.7133e+08;1141002;1599915
1031s;5.9;10.8%;2.6284e+08;2.9451e+08;127;78;2.9128e+08;1145166;1605430
1037s;5.9;10.8%;2.6284e+08;2.9451e+08;135;67;2.8690e+08;1148675;1610634
1038s;5.9;10.7%;2.6284e+08;2.942231e+08;1141165;H1611814
1040s;5.9;10.7%;2.6284e+08;2.9422e+08;125;84;2.8618e+08;1142976;1613277
1045s;5.9;10.7%;2.6284e+08;2.9422e+08;69;infeasible;1146646;1618036
1050s;5.9;10.7%;2.6285e+08;2.9422e+08;116;95;2.8726e+08;1151034;1624149
1055s;5.9;10.7%;2.6285e+08;2.9422e+08;142;69;2.7491e+08;1154269;1628871
1060s;5.9;10.7%;2.6285e+08;2.9422e+08;62;infeasible;1157909;1633382
1065s;5.9;10.7%;2.6285e+08;2.9422e+08;112;89;2.8302e+08;1161029;1639307
1070s;5.9;10.7%;2.6285e+08;2.9422e+08;165;71;2.8373e+08;1165151;1643966
1075s;5.9;10.7%;2.6285e+08;2.9422e+08;171;53;2.7746e+08;1168460;1648467
1080s;5.9;10.7%;2.6285e+08;2.9422e+08;165;54;2.7124e+08;1171956;1654010
1085s;5.9;10.7%;2.6285e+08;2.9422e+08;148;81;2.9028e+08;1175801;1658634
1090s;5.9;10.7%;2.6285e+08;2.9422e+08;184;56;2.8227e+08;1179382;1663109
1095s;5.9;10.7%;2.6285e+08;2.9422e+08;179;47;2.6723e+08;1182321;1668643
1096s;5.9;10.6%;2.6285e+08;2.940942e+08;1178623;H1669464
1101s;5.9;10.6%;2.6285e+08;2.9409e+08;126;82;2.9279e+08;1182040;1672598
1107s;5.9;10.6%;2.6285e+08;2.9409e+08;175;41;2.6636e+08;1185062;1677631
1112s;5.9;10.6%;2.6286e+08;2.9409e+08;184;48;2.6727e+08;1188605;1681015
1115s;5.9;10.6%;2.6286e+08;2.9409e+08;133;74;2.8489e+08;1190941;1683915
1121s;5.9;10.6%;2.6286e+08;2.9409e+08;75;infeasible;1193857;1689478
1126s;5.9;10.6%;2.6286e+08;2.9409e+08;96;infeasible;1197491;1694558
1132s;5.9;10.6%;2.6286e+08;2.9409e+08;124;91;2.9102e+08;1201406;1699321
1135s;5.9;10.6%;2.6286e+08;2.9409e+08;157;58;2.7517e+08;1202880;1702201
1141s;5.9;10.6%;2.6287e+08;2.9409e+08;177;58;2.8646e+08;1207085;1707061
1146s;5.9;10.6%;2.6287e+08;2.9409e+08;203;38;2.6372e+08;1210677;1712015
1152s;5.9;10.6%;2.6287e+08;2.9409e+08;162;66;2.8047e+08;1214064;1717548
1155s;5.9;10.6%;2.6287e+08;2.9409e+08;190;46;2.6663e+08;1216047;1719462
1160s;5.9;10.6%;2.6288e+08;2.9409e+08;152;58;2.8362e+08;1219795;1724719
1165s;5.9;10.6%;2.6288e+08;2.9409e+08;85;infeasible;1223661;1729690
1171s;5.9;10.6%;2.6288e+08;2.9409e+08;163;57;2.7233e+08;1227094;1733993
1176s;5.9;10.6%;2.6288e+08;2.9409e+08;122;76;2.9328e+08;1230616;1739544
1183s;5.9;10.6%;2.6288e+08;2.9409e+08;123;102;2.9292e+08;1234701;1744080
1185s;5.9;10.6%;2.6288e+08;2.9409e+08;151;59;2.8745e+08;1236214;1747109
1191s;5.9;10.6%;2.6288e+08;2.9409e+08;144;66;2.9068e+08;1237642;1749061
1197s;5.9;10.6%;2.6289e+08;2.9409e+08;75;infeasible;1241193;1753741
1200s;5.9;10.6%;2.6289e+08;2.9409e+08;87;infeasible;1242678;1756004
1206s;5.9;10.6%;2.6289e+08;2.9409e+08;54;132;2.9299e+08;1247034;1761091
1213s;5.9;10.6%;2.6289e+08;2.9409e+08;90;infeasible;1250708;1765719
1216s;5.9;10.6%;2.6289e+08;2.9409e+08;171;57;2.7754e+08;1252209;1768746
1222s;5.9;10.6%;2.6289e+08;2.9409e+08;171;56;2.7299e+08;1255548;1773755
1223s;5.9;10.6%;2.6289e+08;2.940582e+08;1254466;H1773857
1226s;5.9;10.6%;2.6289e+08;2.9406e+08;144;68;2.9368e+08;1254681;1775559
1226s;5.9;10.6%;2.6289e+08;2.940582e+08;1254681;H1775560
1228s;5.9;10.6%;2.6289e+08;2.940582e+08;1256119;H1775907
1232s;5.9;10.6%;2.6289e+08;2.9406e+08;176;53;2.8337e+08;1257867;1777759
1235s;5.9;10.6%;2.6289e+08;2.9406e+08;110;95;2.9243e+08;1260341;1779877
1242s;5.9;10.6%;2.6289e+08;2.9406e+08;189;55;2.6752e+08;1264861;1786406
1246s;5.9;10.6%;2.6289e+08;2.9406e+08;181;37;2.6310e+08;1266357;1789454
1252s;5.9;10.6%;2.6289e+08;2.9406e+08;67;infeasible;1270595;1794493
1252s;5.9;10.6%;2.6289e+08;2.940582e+08;1270595;H1794508
1255s;5.9;10.6%;2.6289e+08;2.940582e+08;1271584;H1797049
1258s;5.9;10.6%;2.6289e+08;2.940582e+08;1273776;H1798501
1261s;5.9;10.6%;2.6289e+08;2.940582e+08;1274987;H1801406
1264s;5.9;10.6%;2.6290e+08;2.940582e+08;1276513;H1802909
1267s;5.9;10.6%;2.6290e+08;2.9406e+08;86;infeasible;1278031;1805060
1267s;5.9;10.6%;2.6290e+08;2.940582e+08;1278031;H1805064
1270s;5.9;10.6%;2.6290e+08;2.940372e+08;1278417;H1807184
1277s;5.9;10.6%;2.6290e+08;2.9404e+08;125;71;2.8960e+08;1282426;1811414
1281s;5.9;10.6%;2.6290e+08;2.9404e+08;161;55;2.7457e+08;1284699;1813668
1285s;5.9;10.6%;2.6290e+08;2.9404e+08;174;55;2.6821e+08;1286890;1817258
1291s;5.9;10.6%;2.6290e+08;2.9404e+08;131;73;2.8899e+08;1290475;1822342
1295s;5.9;10.6%;2.6290e+08;2.939336e+08;1289023;H1825149
1301s;5.9;10.6%;2.6290e+08;2.9393e+08;158;58;2.7746e+08;1291325;1828852
1308s;5.9;10.6%;2.6291e+08;2.9393e+08;67;infeasible;1295144;1834062
1311s;5.9;10.6%;2.6291e+08;2.9393e+08;78;infeasible;1296900;1836283
1315s;5.9;10.6%;2.6291e+08;2.9393e+08;151;65;2.7956e+08;1298696;1838825
1321s;5.9;10.6%;2.6291e+08;2.9393e+08;179;52;2.6789e+08;1303160;1844670
1327s;5.9;10.6%;2.6291e+08;2.9393e+08;148;69;2.8861e+08;1306613;1849227
1331s;5.9;10.6%;2.6291e+08;2.9393e+08;189;39;2.6359e+08;1308832;1852122
1337s;5.9;10.6%;2.6291e+08;2.9393e+08;110;103;2.8858e+08;1312515;1857186
1340s;5.9;10.6%;2.6291e+08;2.9393e+08;145;66;2.9324e+08;1314580;1859933
1346s;5.9;10.6%;2.6291e+08;2.9393e+08;185;42;2.6615e+08;1318044;1864563
1352s;5.9;10.6%;2.6291e+08;2.9393e+08;85;infeasible;1321899;1870249
1355s;5.9;10.6%;2.6291e+08;2.9393e+08;175;51;2.6869e+08;1323472;1872924
1361s;5.9;10.6%;2.6291e+08;2.9393e+08;176;47;2.6934e+08;1327660;1877645
1367s;5.9;10.6%;2.6292e+08;2.9393e+08;132;92;2.8434e+08;1331150;1882164
1370s;5.9;10.6%;2.6292e+08;2.9393e+08;116;92;2.9307e+08;1333161;1885066
1376s;5.9;10.6%;2.6292e+08;2.9393e+08;112;101;2.9125e+08;1336388;1889593
1382s;5.9;10.6%;2.6292e+08;2.9393e+08;180;41;2.6492e+08;1339939;1895115
1385s;5.9;10.6%;2.6292e+08;2.9393e+08;202;38;2.6386e+08;1341507;1897362
1391s;5.9;10.6%;2.6292e+08;2.9393e+08;180;59;2.7354e+08;1344418;1902042
1395s;5.9;10.6%;2.6292e+08;2.9393e+08;187;45;2.6405e+08;1346736;1903416
1401s;5.9;10.6%;2.6292e+08;2.9393e+08;69;infeasible;1350267;1908323
1407s;5.9;10.5%;2.6293e+08;2.9393e+08;130;62;2.7837e+08;1353799;1914287
1410s;5.9;10.5%;2.6293e+08;2.9393e+08;109;84;2.9049e+08;1355705;1916152
1416s;5.9;10.5%;2.6293e+08;2.9393e+08;97;infeasible;1358669;1920994
1423s;5.9;10.5%;2.6293e+08;2.9393e+08;110;104;2.8728e+08;1362914;1926158
1425s;5.9;10.5%;2.6293e+08;2.9393e+08;82;infeasible;1364101;1928920
1431s;5.9;10.5%;2.6293e+08;2.9393e+08;181;53;2.6536e+08;1367022;1933729
1435s;5.9;10.5%;2.6293e+08;2.9393e+08;157;64;2.7470e+08;1369196;1934787
1442s;5.9;10.5%;2.6293e+08;2.9393e+08;162;66;2.9027e+08;1373031;1939655
1445s;5.9;10.5%;2.6293e+08;2.9393e+08;162;65;2.8718e+08;1375188;1942782
1452s;5.9;10.5%;2.6293e+08;2.9393e+08;194;45;2.6404e+08;1378425;1947516
1455s;5.9;10.5%;2.6293e+08;2.9393e+08;81;infeasible;1379682;1950255
1462s;6.0;10.5%;2.6293e+08;2.9393e+08;134;80;2.9053e+08;1382743;1954599
1465s;6.0;10.5%;2.6293e+08;2.9393e+08;141;67;2.8839e+08;1384742;1956771
1472s;6.0;10.5%;2.6294e+08;2.9393e+08;154;63;2.8012e+08;1388495;1962387
1476s;6.0;10.5%;2.6294e+08;2.9393e+08;177;58;2.6602e+08;1390782;1964284
1483s;6.0;10.5%;2.6294e+08;2.9393e+08;164;50;2.9279e+08;1393449;1970244
1485s;6.0;10.5%;2.6294e+08;2.9393e+08;135;62;2.8447e+08;1394827;1971308
1493s;6.0;10.5%;2.6294e+08;2.9393e+08;77;infeasible;1398500;1976776
1496s;6.0;10.5%;2.6294e+08;2.9393e+08;153;72;2.8608e+08;1400833;1978678
1503s;6.0;10.5%;2.6295e+08;2.9393e+08;120;88;2.9148e+08;1404128;1984454
1506s;6.0;10.5%;2.6295e+08;2.9393e+08;131;93;2.9192e+08;1406085;1986439
1513s;6.0;10.5%;2.6295e+08;2.9393e+08;180;38;2.6464e+08;1409889;1991415
1516s;6.0;10.5%;2.6295e+08;2.9393e+08;83;113;2.9221e+08;1411856;1994204
1522s;6.0;10.5%;2.6295e+08;2.9393e+08;189;43;2.6702e+08;1415255;1998967
1526s;6.0;10.5%;2.6295e+08;2.9393e+08;102;100;2.9245e+08;1417277;2001476
1532s;6.0;10.5%;2.6295e+08;2.9393e+08;118;90;2.9255e+08;1420906;2006584
1535s;6.0;10.5%;2.6296e+08;2.9393e+08;160;44;2.6684e+08;1422186;2009449
1541s;6.0;10.5%;2.6296e+08;2.9393e+08;140;71;2.7905e+08;1426009;2014194
1545s;6.0;10.5%;2.6296e+08;2.9393e+08;119;81;2.8982e+08;1428204;2016079
1552s;6.0;10.5%;2.6296e+08;2.9393e+08;158;64;2.7871e+08;1431632;2021936
1555s;6.0;10.5%;2.6296e+08;2.9393e+08;171;55;2.7069e+08;1433575;2023915
1562s;6.0;10.5%;2.6296e+08;2.9393e+08;146;75;2.8897e+08;1437140;2029247
1566s;6.0;10.5%;2.6297e+08;2.9393e+08;160;51;2.7314e+08;1438487;2031336
1570s;6.0;10.5%;2.6297e+08;2.9393e+08;176;39;2.6477e+08;1440884;2033054
1576s;6.0;10.5%;2.6297e+08;2.9393e+08;113;96;2.8370e+08;1444695;2038123
1582s;6.0;10.5%;2.6297e+08;2.9393e+08;103;99;2.9046e+08;1448308;2043818
1585s;6.0;10.5%;2.6297e+08;2.9393e+08;67;infeasible;1450156;2045818
1592s;6.0;10.5%;2.6297e+08;2.9393e+08;88;infeasible;1453621;2051408
1595s;6.0;10.5%;2.6297e+08;2.9393e+08;162;67;2.8379e+08;1455741;2053329
1602s;6.0;10.5%;2.6297e+08;2.9393e+08;173;46;2.6537e+08;1459062;2059085
1605s;6.0;10.5%;2.6297e+08;2.9393e+08;149;65;2.7414e+08;1460950;2060768
1612s;6.0;10.5%;2.6297e+08;2.9393e+08;97;108;2.8870e+08;1464566;2066228
1615s;6.0;10.5%;2.6297e+08;2.9393e+08;70;infeasible;1466396;2068180
1621s;6.0;10.5%;2.6298e+08;2.9393e+08;142;65;2.9363e+08;1469887;2073639
1625s;6.0;10.5%;2.6298e+08;2.9393e+08;185;46;2.6454e+08;1471778;2075599
1632s;6.0;10.5%;2.6298e+08;2.9393e+08;79;infeasible;1475465;2080941
1635s;6.0;10.5%;2.6298e+08;2.9393e+08;67;infeasible;1477394;2082981
1641s;6.0;10.5%;2.6298e+08;2.9393e+08;70;infeasible;1479367;2086824
1648s;6.0;10.5%;2.6298e+08;2.9393e+08;108;infeasible;1482843;2091831
1651s;6.0;10.5%;2.6298e+08;2.9393e+08;225;41;2.6803e+08;1485012;2093909
1655s;6.0;10.5%;2.6298e+08;2.9393e+08;199;43;2.6361e+08;1487224;2097142
1662s;6.0;10.5%;2.6299e+08;2.9393e+08;177;36;2.6326e+08;1490633;2102217
1665s;6.0;10.5%;2.6299e+08;2.9393e+08;166;57;2.8495e+08;1492617;2105204
1671s;6.0;10.5%;2.6299e+08;2.9393e+08;191;51;2.6679e+08;1495042;2109818
1678s;6.0;10.5%;2.6299e+08;2.9393e+08;118;101;2.9251e+08;1499096;2114388
1681s;6.0;10.5%;2.6299e+08;2.9393e+08;130;82;2.8763e+08;1500684;2117432
1685s;6.0;10.5%;2.6299e+08;2.9393e+08;132;86;2.8760e+08;1502770;2119409
1692s;6.0;10.5%;2.6299e+08;2.9393e+08;115;85;2.8943e+08;1507049;2124997
1695s;6.0;10.5%;2.6299e+08;2.9393e+08;147;59;2.7554e+08;1508533;2127845
1702s;6.0;10.5%;2.6299e+08;2.9393e+08;73;infeasible;1512207;2132288
1705s;6.0;10.5%;2.6299e+08;2.9393e+08;171;52;2.6892e+08;1513449;2135060
1712s;6.0;10.5%;2.6299e+08;2.9393e+08;149;67;2.7833e+08;1517275;2139643
1715s;6.0;10.5%;2.6299e+08;2.9393e+08;184;44;2.6930e+08;1518410;2142248
1722s;6.0;10.5%;2.6299e+08;2.9393e+08;123;77;2.9230e+08;1521942;2146866
1726s;6.0;10.5%;2.6299e+08;2.9393e+08;150;68;2.9206e+08;1524103;2148798
1730s;6.0;10.5%;2.6300e+08;2.9393e+08;94;infeasible;1526206;2151801
1737s;6.0;10.5%;2.6300e+08;2.9393e+08;159;49;2.6867e+08;1529298;2156677
1740s;6.0;10.5%;2.6300e+08;2.9393e+08;65;infeasible;1531036;2159321
1747s;6.0;10.5%;2.6300e+08;2.9393e+08;196;39;2.6386e+08;1534620;2163712
1751s;6.0;10.5%;2.6300e+08;2.9393e+08;119;86;2.9366e+08;1536097;2166560
1758s;6.0;10.5%;2.6300e+08;2.9393e+08;125;64;2.9038e+08;1539680;2170539
1762s;6.0;10.5%;2.6300e+08;2.9393e+08;131;79;2.8715e+08;1541782;2173223
1765s;6.0;10.5%;2.6300e+08;2.9393e+08;185;44;2.6475e+08;1543266;2176223
1773s;6.0;10.5%;2.6301e+08;2.9393e+08;175;49;2.7057e+08;1546727;2179805
1776s;6.0;10.5%;2.6301e+08;2.9393e+08;112;83;2.9326e+08;1548049;2182824
1780s;6.0;10.5%;2.6301e+08;2.9393e+08;139;68;2.8408e+08;1550136;2184946
1788s;6.0;10.5%;2.6301e+08;2.9393e+08;189;46;2.6422e+08;1553956;2189788
1792s;6.0;10.5%;2.6301e+08;2.9393e+08;180;50;2.7142e+08;1556185;2193082
1795s;6.0;10.5%;2.6301e+08;2.9393e+08;137;74;2.8564e+08;1557674;2195956
1803s;6.0;10.5%;2.6301e+08;2.9393e+08;204;45;2.6948e+08;1561738;2200941
1806s;6.0;10.5%;2.6301e+08;2.9393e+08;76;infeasible;1563323;2203559
1810s;6.0;10.5%;2.6301e+08;2.9393e+08;151;65;2.7893e+08;1565511;2205558
1817s;6.0;10.5%;2.6302e+08;2.9393e+08;127;97;2.8991e+08;1569327;2211026
1821s;6.0;10.5%;2.6302e+08;2.9393e+08;153;50;2.6930e+08;1570751;2213613
1828s;6.0;10.5%;2.6302e+08;2.9393e+08;119;76;2.9017e+08;1574763;2218324
1831s;6.0;10.5%;2.6302e+08;2.9393e+08;180;42;2.7188e+08;1576178;2221272
1837s;6.0;10.5%;2.6302e+08;2.9393e+08;162;52;2.6590e+08;1580196;2225691
1840s;6.0;10.5%;2.6302e+08;2.9393e+08;179;42;2.7058e+08;1581657;2228004
1848s;6.0;10.5%;2.6302e+08;2.9393e+08;146;79;2.9325e+08;1585711;2232869
1851s;6.0;10.5%;2.6303e+08;2.9393e+08;130;77;2.8956e+08;1587242;2235573
1855s;6.0;10.5%;2.6303e+08;2.9393e+08;174;56;2.6878e+08;1589634;2237601
1863s;6.0;10.5%;2.6303e+08;2.9393e+08;132;78;2.9258e+08;1592954;2243124
1867s;6.0;10.5%;2.6303e+08;2.9393e+08;65;infeasible;1594016;2245135
1871s;6.0;10.5%;2.6303e+08;2.9393e+08;65;infeasible;1596271;2246621
1878s;6.0;10.5%;2.6303e+08;2.9393e+08;122;77;2.8316e+08;1599897;2251891
1882s;6.0;10.5%;2.6303e+08;2.9393e+08;73;infeasible;1602040;2254473
1885s;6.0;10.5%;2.6303e+08;2.9393e+08;185;49;2.7460e+08;1603626;2257523
1892s;6.0;10.5%;2.6303e+08;2.9393e+08;92;107;2.9375e+08;1607795;2262291
1896s;6.0;10.5%;2.6303e+08;2.9393e+08;136;83;2.9274e+08;1609076;2265059
1900s;6.0;10.5%;2.6304e+08;2.9393e+08;174;54;2.6937e+08;1611201;2266928
1907s;6.0;10.5%;2.6304e+08;2.9393e+08;209;42;2.6402e+08;1614839;2271814
1911s;6.0;10.5%;2.6304e+08;2.9393e+08;106;105;2.9175e+08;1616933;2274478
1917s;6.0;10.5%;2.6304e+08;2.9393e+08;140;69;2.8602e+08;1620248;2280177
1921s;6.0;10.5%;2.6304e+08;2.9393e+08;173;49;2.7265e+08;1622586;2281946
1929s;6.0;10.5%;2.6304e+08;2.9393e+08;159;52;2.6800e+08;1625608;2286633
1929s;6.0;10.4%;2.6304e+08;2.936384e+08;1613413;H2288518
1932s;6.0;10.4%;2.6304e+08;2.9364e+08;165;62;2.9296e+08;1614376;2288849
1935s;6.0;10.4%;2.6304e+08;2.9364e+08;169;67;2.9197e+08;1615361;2290222
1943s;6.0;10.4%;2.6304e+08;2.9364e+08;179;53;2.7195e+08;1619331;2293547
1947s;6.0;10.4%;2.6304e+08;2.9364e+08;173;57;2.7482e+08;1620236;2297089
1951s;6.0;10.4%;2.6304e+08;2.9364e+08;171;58;2.7612e+08;1622098;2298305
1956s;6.0;10.4%;2.6305e+08;2.9364e+08;65;infeasible;1624607;2300738
1961s;6.0;10.4%;2.6305e+08;2.9364e+08;173;51;2.7051e+08;1626629;2304335
1969s;6.0;10.4%;2.6305e+08;2.9364e+08;182;33;2.6411e+08;1630691;2309103
1973s;6.0;10.4%;2.6305e+08;2.9364e+08;157;67;2.8088e+08;1632960;2312400
1976s;6.0;10.4%;2.6305e+08;2.9364e+08;150;66;2.7631e+08;1634202;2315468
1982s;6.0;10.4%;2.6305e+08;2.9364e+08;154;65;2.7424e+08;1637525;2320375
1986s;6.0;10.4%;2.6305e+08;2.9364e+08;172;54;2.6921e+08;1639889;2322184
1990s;6.0;10.4%;2.6305e+08;2.9364e+08;156;51;2.7047e+08;1641801;2325156
1997s;6.0;10.4%;2.6305e+08;2.9364e+08;196;43;2.6742e+08;1645485;2329841
2002s;6.0;10.4%;2.6305e+08;2.9364e+08;66;infeasible;1647609;2332892
2005s;6.0;10.4%;2.6305e+08;2.9364e+08;157;53;2.7190e+08;1649689;2335723
2013s;6.0;10.4%;2.6306e+08;2.9364e+08;175;56;2.7777e+08;1653044;2340226
2017s;6.0;10.4%;2.6306e+08;2.9364e+08;174;48;2.8003e+08;1655065;2343203
2020s;6.0;10.4%;2.6306e+08;2.9364e+08;196;51;2.6494e+08;1656408;2345981
2027s;6.0;10.4%;2.6306e+08;2.9364e+08;132;65;2.8683e+08;1659622;2350165
2031s;6.0;10.4%;2.6306e+08;2.9364e+08;150;56;2.7592e+08;1661775;2352152
2035s;6.0;10.4%;2.6306e+08;2.9364e+08;133;74;2.9274e+08;1663914;2355013
2043s;6.0;10.4%;2.6306e+08;2.9364e+08;144;61;2.8251e+08;1667285;2359721
2047s;6.0;10.4%;2.6306e+08;2.9364e+08;200;38;2.6360e+08;1669244;2362647
2050s;6.0;10.4%;2.6307e+08;2.9364e+08;75;infeasible;1670738;2365303
2058s;6.0;10.4%;2.6307e+08;2.9364e+08;97;infeasible;1674702;2370008
2061s;6.0;10.4%;2.6307e+08;2.9364e+08;181;31;2.7046e+08;1676199;2372652
2065s;6.0;10.4%;2.6307e+08;2.9364e+08;156;57;2.8456e+08;1678298;2374546
2072s;6.0;10.4%;2.6307e+08;2.9364e+08;75;infeasible;1682222;2379872
2075s;6.0;10.4%;2.6307e+08;2.9364e+08;122;infeasible;1683760;2382562
2081s;6.0;10.4%;2.6307e+08;2.9364e+08;149;57;2.6979e+08;1687487;2387057
2085s;6.0;10.4%;2.6307e+08;2.9364e+08;127;68;2.8844e+08;1688164;2389745
2092s;6.0;10.4%;2.6307e+08;2.9364e+08;181;52;2.7425e+08;1691626;2392355
2096s;6.0;10.4%;2.6307e+08;2.9364e+08;130;68;2.9030e+08;1693954;2395536
2100s;6.0;10.4%;2.6307e+08;2.9364e+08;135;78;2.8683e+08;1695269;2398442
2108s;6.0;10.4%;2.6308e+08;2.9364e+08;187;42;2.6483e+08;1698594;2402920
2112s;6.0;10.4%;2.6308e+08;2.9364e+08;205;43;2.6649e+08;1700780;2405042
2116s;6.0;10.4%;2.6308e+08;2.9364e+08;141;92;2.8713e+08;1701147;2408152
2120s;6.0;10.4%;2.6308e+08;2.9364e+08;143;62;2.8749e+08;1702793;2408694
2129s;6.0;10.4%;2.6308e+08;2.9364e+08;128;79;2.9086e+08;1706827;2413730
2133s;6.0;10.4%;2.6308e+08;2.9364e+08;191;52;2.6699e+08;1708313;2416982
2136s;6.0;10.4%;2.6308e+08;2.9364e+08;207;42;2.6549e+08;1710562;2419067
2140s;6.0;10.4%;2.6308e+08;2.9364e+08;157;55;2.7823e+08;1712392;2422070
2148s;6.0;10.4%;2.6309e+08;2.9364e+08;160;57;2.7266e+08;1716115;2426496
2152s;6.0;10.4%;2.6309e+08;2.9364e+08;120;104;2.8730e+08;1717678;2429536
2156s;6.0;10.4%;2.6309e+08;2.9364e+08;188;42;2.6427e+08;1719713;2431815
2160s;6.0;10.4%;2.6309e+08;2.9364e+08;175;56;2.8391e+08;1721196;2434451
2168s;6.0;10.4%;2.6309e+08;2.9364e+08;148;67;2.8514e+08;1725564;2439497
2171s;6.0;10.4%;2.6309e+08;2.9364e+08;157;57;2.6893e+08;1726867;2442361
2175s;6.0;10.4%;2.6309e+08;2.9364e+08;155;54;2.8303e+08;1728689;2444252
2182s;6.0;10.4%;2.6309e+08;2.9364e+08;109;96;2.8977e+08;1731807;2449019
2187s;6.0;10.4%;2.6309e+08;2.9364e+08;65;infeasible;1734116;2451007
2190s;6.0;10.4%;2.6309e+08;2.9364e+08;166;45;2.7479e+08;1736201;2454000
2197s;6.0;10.4%;2.6310e+08;2.9364e+08;197;37;2.6598e+08;1738620;2458523
2201s;6.0;10.4%;2.6310e+08;2.9364e+08;194;49;2.6949e+08;1740714;2460439
2205s;6.0;10.4%;2.6310e+08;2.9364e+08;151;61;2.8560e+08;1742095;2463708
2210s;6.0;10.4%;2.6310e+08;2.9364e+08;192;36;2.6694e+08;1744347;2465723
2218s;6.0;10.4%;2.6310e+08;2.9364e+08;208;43;2.6456e+08;1748138;2470813
2222s;6.0;10.4%;2.6310e+08;2.9364e+08;115;infeasible;1749912;2473784
2225s;6.0;10.4%;2.6310e+08;2.9364e+08;200;39;2.6459e+08;1751408;2476313
2233s;6.0;10.4%;2.6310e+08;2.9364e+08;77;infeasible;1755495;2481029
2237s;6.0;10.4%;2.6310e+08;2.9364e+08;115;infeasible;1757557;2483915
2241s;6.0;10.4%;2.6311e+08;2.9364e+08;182;52;2.7115e+08;1758948;2486749
2245s;6.0;10.4%;2.6311e+08;2.9364e+08;194;41;2.6583e+08;1761050;2488669
2253s;6.0;10.4%;2.6311e+08;2.9364e+08;156;75;2.7840e+08;1764588;2493312
2258s;6.0;10.4%;2.6311e+08;2.9364e+08;161;56;2.8416e+08;1766044;2496221
2261s;6.0;10.4%;2.6311e+08;2.9364e+08;181;62;2.7731e+08;1767420;2498177
2266s;6.0;10.4%;2.6311e+08;2.9364e+08;170;49;2.6761e+08;1769450;2500170
2270s;6.0;10.4%;2.6311e+08;2.9364e+08;169;56;2.7960e+08;1771761;2502991
2279s;6.0;10.4%;2.6311e+08;2.9364e+08;190;26;2.6950e+08;1775620;2507942
2283s;6.0;10.4%;2.6311e+08;2.9364e+08;159;49;2.7142e+08;1777818;2510982
2287s;6.0;10.4%;2.6311e+08;2.9364e+08;97;98;2.8645e+08;1779285;2513629
2291s;6.0;10.4%;2.6311e+08;2.9364e+08;186;44;2.6723e+08;1781446;2515625
2296s;6.0;10.4%;2.6311e+08;2.9364e+08;173;57;2.7263e+08;1783635;2518415
2300s;6.0;10.4%;2.6311e+08;2.9364e+08;176;39;2.6421e+08;1784985;2521409
2308s;6.0;10.4%;2.6311e+08;2.9364e+08;105;97;2.9047e+08;1789257;2526123
2311s;6.0;10.4%;2.6311e+08;2.9364e+08;142;71;2.8337e+08;1790790;2528714
2315s;6.0;10.4%;2.6311e+08;2.9364e+08;160;64;2.8062e+08;1792957;2530602
2322s;6.0;10.4%;2.6311e+08;2.9364e+08;194;50;2.6811e+08;1796433;2536339
2326s;6.0;10.4%;2.6311e+08;2.9364e+08;165;54;2.9125e+08;1797282;2538174
2330s;6.0;10.4%;2.6311e+08;2.9364e+08;54;infeasible;1798614;2539305
2338s;6.0;10.4%;2.6311e+08;2.9364e+08;171;60;2.7770e+08;1800928;2542485
2343s;6.0;10.4%;2.6311e+08;2.9364e+08;151;59;2.8765e+08;1803480;2544776
2348s;6.0;10.4%;2.6312e+08;2.9364e+08;124;79;2.8776e+08;1805252;2548331
2352s;6.0;10.4%;2.6312e+08;2.9364e+08;128;61;2.9260e+08;1806820;2550656
2356s;6.0;10.4%;2.6312e+08;2.9364e+08;190;39;2.6465e+08;1809135;2552869
2364s;6.0;10.4%;2.6312e+08;2.9364e+08;66;infeasible;1812943;2558076
2368s;6.0;10.4%;2.6312e+08;2.9364e+08;196;38;2.6377e+08;1814213;2561271
2372s;6.0;10.4%;2.6312e+08;2.9364e+08;136;67;2.9172e+08;1816569;2563100
2376s;6.0;10.4%;2.6312e+08;2.9364e+08;182;50;2.6879e+08;1818183;2566189
2381s;6.0;10.4%;2.6312e+08;2.9364e+08;139;71;2.7962e+08;1819853;2568521
2386s;6.0;10.4%;2.6312e+08;2.9364e+08;162;70;2.8234e+08;1822322;2570785
2390s;6.0;10.4%;2.6313e+08;2.9364e+08;133;70;2.9355e+08;1824532;2574050
2398s;6.0;10.4%;2.6313e+08;2.9364e+08;186;43;2.6439e+08;1827831;2578900
2402s;6.0;10.4%;2.6313e+08;2.9364e+08;129;79;2.9129e+08;1829592;2581921
2406s;6.0;10.4%;2.6313e+08;2.9364e+08;175;48;2.6621e+08;1831046;2584403
2410s;6.0;10.4%;2.6313e+08;2.9364e+08;149;58;2.7958e+08;1832905;2586356
2418s;6.0;10.4%;2.6313e+08;2.9364e+08;149;53;2.7372e+08;1836628;2590818
2421s;6.0;10.4%;2.6313e+08;2.9364e+08;179;41;2.6632e+08;1838524;2593817
2425s;6.0;10.4%;2.6313e+08;2.9364e+08;76;infeasible;1840248;2596382
2430s;6.0;10.4%;2.6313e+08;2.9364e+08;125;73;2.9085e+08;1842576;2598651
2437s;6.0;10.4%;2.6313e+08;2.9364e+08;159;59;2.8306e+08;1845563;2603415
2441s;6.0;10.4%;2.6313e+08;2.9364e+08;80;infeasible;1847056;2606216
2446s;6.0;10.4%;2.6314e+08;2.9364e+08;161;51;2.7939e+08;1849248;2608210
2450s;6.0;10.4%;2.6314e+08;2.9364e+08;78;infeasible;1850659;2611212
2458s;6.0;10.4%;2.6314e+08;2.9364e+08;116;76;2.8941e+08;1854533;2616157
2462s;6.0;10.4%;2.6314e+08;2.9364e+08;127;80;2.9188e+08;1856092;2618553
2466s;6.0;10.4%;2.6314e+08;2.9364e+08;85;105;2.9363e+08;1857813;2620561
2471s;6.0;10.4%;2.6314e+08;2.9364e+08;174;58;2.8593e+08;1860005;2623571
2478s;6.0;10.4%;2.6314e+08;2.9364e+08;208;33;2.6317e+08;1863243;2628243
2482s;6.0;10.4%;2.6314e+08;2.9364e+08;98;infeasible;1864273;2630845
2486s;6.0;10.4%;2.6314e+08;2.9364e+08;127;76;2.9208e+08;1865807;2632227
2491s;6.0;10.4%;2.6314e+08;2.9364e+08;66;infeasible;1867982;2634376
2495s;6.0;10.4%;2.6314e+08;2.9364e+08;189;45;2.6721e+08;1870175;2637313
2504s;6.0;10.4%;2.6314e+08;2.9364e+08;179;53;2.7203e+08;1873919;2642306
2508s;6.0;10.4%;2.6315e+08;2.9364e+08;151;80;2.8418e+08;1875748;2645468
2512s;6.0;10.4%;2.6315e+08;2.9364e+08;175;60;2.6907e+08;1877193;2647862
2517s;6.0;10.4%;2.6315e+08;2.9364e+08;105;92;2.8889e+08;1879335;2649743
2521s;6.0;10.4%;2.6315e+08;2.9364e+08;172;54;2.6753e+08;1881588;2652749
2525s;6.0;10.4%;2.6315e+08;2.9364e+08;144;71;2.8514e+08;1882948;2655681
2533s;6.0;10.4%;2.6315e+08;2.9364e+08;114;108;2.8961e+08;1887025;2660433
2537s;6.0;10.4%;2.6315e+08;2.9364e+08;132;71;2.8500e+08;1887993;2663074
2540s;6.0;10.4%;2.6315e+08;2.9364e+08;147;69;2.9276e+08;1889744;2665088
2549s;6.0;10.4%;2.6315e+08;2.9364e+08;185;45;2.6889e+08;1893438;2669489
2553s;6.0;10.4%;2.6315e+08;2.9364e+08;191;39;2.6823e+08;1894444;2672546
2557s;6.0;10.4%;2.6315e+08;2.9364e+08;138;75;2.9278e+08;1896459;2674387
2561s;6.0;10.4%;2.6315e+08;2.9364e+08;129;73;2.9183e+08;1898044;2677293
2565s;6.0;10.4%;2.6315e+08;2.9364e+08;94;infeasible;1900425;2679367
2570s;6.0;10.4%;2.6315e+08;2.9364e+08;180;60;2.7553e+08;1902466;2682363
2578s;6.0;10.4%;2.6315e+08;2.9364e+08;151;65;2.8882e+08;1905876;2687709
2583s;6.0;10.4%;2.6315e+08;2.9364e+08;186;51;2.6792e+08;1908053;2689732
2587s;6.0;10.4%;2.6315e+08;2.9364e+08;144;75;2.8415e+08;1910060;2692646
2591s;6.0;10.4%;2.6316e+08;2.9364e+08;76;infeasible;1911464;2695406
2595s;6.0;10.4%;2.6316e+08;2.9364e+08;127;91;2.8921e+08;1912924;2697418
2603s;6.0;10.4%;2.6316e+08;2.9364e+08;159;53;2.7901e+08;1914831;2700410
2607s;6.0;10.4%;2.6316e+08;2.9364e+08;185;48;2.6612e+08;1917108;2702445
2612s;6.0;10.4%;2.6316e+08;2.9364e+08;170;41;2.6590e+08;1919402;2705413
2616s;6.0;10.4%;2.6316e+08;2.9364e+08;129;71;2.9341e+08;1920295;2708473
2621s;6.0;10.4%;2.6316e+08;2.9364e+08;72;infeasible;1921961;2709634
2626s;6.0;10.4%;2.6316e+08;2.9364e+08;140;65;2.8946e+08;1924073;2711866
2630s;6.0;10.4%;2.6316e+08;2.9364e+08;151;50;2.7928e+08;1925803;2715103
2635s;6.0;10.4%;2.6316e+08;2.9364e+08;78;infeasible;1927433;2718044
2640s;6.0;10.4%;2.6316e+08;2.9364e+08;144;74;2.8315e+08;1928726;2720183
2645s;6.0;10.4%;2.6316e+08;2.9364e+08;178;39;2.6678e+08;1931098;2721861
2654s;6.0;10.4%;2.6317e+08;2.9364e+08;72;infeasible;1934887;2727127
2659s;6.0;10.4%;2.6317e+08;2.9364e+08;176;38;2.6899e+08;1936314;2730280
2663s;6.0;10.4%;2.6317e+08;2.9364e+08;124;72;2.9350e+08;1938422;2732258
2668s;6.0;10.4%;2.6317e+08;2.9364e+08;181;47;2.6995e+08;1940056;2735261
2672s;6.1;10.4%;2.6317e+08;2.9364e+08;71;infeasible;1941683;2737765
2676s;6.1;10.4%;2.6317e+08;2.9364e+08;105;104;2.9074e+08;1944030;2739935
2681s;6.1;10.4%;2.6317e+08;2.9364e+08;146;76;2.8992e+08;1945992;2742956
2685s;6.1;10.4%;2.6317e+08;2.9364e+08;85;infeasible;1947518;2745862
2694s;6.1;10.4%;2.6317e+08;2.9364e+08;68;infeasible;1951822;2750540
2697s;6.1;10.4%;2.6317e+08;2.9364e+08;150;61;2.8366e+08;1953189;2753438
2702s;6.1;10.4%;2.6317e+08;2.9364e+08;132;62;2.8855e+08;1954979;2755411
2706s;6.1;10.4%;2.6317e+08;2.9364e+08;160;64;2.8223e+08;1956592;2758362
2711s;6.1;10.4%;2.6317e+08;2.9364e+08;128;85;2.8562e+08;1958487;2760552
2715s;6.1;10.4%;2.6318e+08;2.9364e+08;172;54;2.6746e+08;1960045;2763023
2724s;6.1;10.4%;2.6318e+08;2.9364e+08;115;87;2.9119e+08;1964283;2767970
2727s;6.1;10.4%;2.6318e+08;2.9364e+08;182;47;2.7126e+08;1965494;2770881
2732s;6.1;10.4%;2.6318e+08;2.9364e+08;108;100;2.8709e+08;1967630;2772628
2736s;6.1;10.4%;2.6318e+08;2.9364e+08;150;60;2.8973e+08;1969248;2775606
2740s;6.1;10.4%;2.6318e+08;2.9364e+08;136;84;2.8557e+08;1970882;2777936
2748s;6.1;10.4%;2.6318e+08;2.9364e+08;162;60;2.7659e+08;1975124;2782936
2752s;6.1;10.4%;2.6318e+08;2.9364e+08;164;66;2.8663e+08;1976477;2785669
2757s;6.1;10.4%;2.6318e+08;2.9364e+08;138;76;2.8963e+08;1978643;2787575
2761s;6.1;10.4%;2.6318e+08;2.9364e+08;143;72;2.8363e+08;1980444;2790445
2765s;6.1;10.4%;2.6318e+08;2.9364e+08;166;53;2.7169e+08;1982539;2792736
2773s;6.1;10.4%;2.6318e+08;2.9364e+08;123;91;2.8868e+08;1986395;2797232
2777s;6.1;10.4%;2.6318e+08;2.9364e+08;171;62;2.7281e+08;1988202;2800155
2780s;6.1;10.4%;2.6318e+08;2.9364e+08;112;91;2.8879e+08;1989840;2802681
2785s;6.1;10.4%;2.6318e+08;2.9364e+08;149;63;2.7972e+08;1990706;2804801
2793s;6.1;10.4%;2.6318e+08;2.9364e+08;148;79;2.8355e+08;1994769;2808078
2798s;6.1;10.4%;2.6318e+08;2.9364e+08;137;76;2.8791e+08;1996733;2811266
2804s;6.1;10.4%;2.6319e+08;2.9364e+08;163;54;2.7406e+08;1998868;2814110
2807s;6.1;10.4%;2.6319e+08;2.9364e+08;155;54;2.7524e+08;1999924;2817109
2811s;6.1;10.4%;2.6319e+08;2.9364e+08;147;68;2.8251e+08;2002073;2818967
2815s;6.1;10.4%;2.6319e+08;2.9364e+08;190;48;2.6566e+08;2003587;2821844
2823s;6.1;10.4%;2.6319e+08;2.9364e+08;191;44;2.6515e+08;2007245;2826558
2828s;6.1;10.4%;2.6319e+08;2.9364e+08;194;46;2.6466e+08;2008857;2828996
2832s;6.1;10.4%;2.6319e+08;2.9364e+08;153;70;2.8266e+08;2011181;2831036
2836s;6.1;10.4%;2.6319e+08;2.9364e+08;168;54;2.8177e+08;2013132;2833934
2844s;6.1;10.4%;2.6319e+08;2.9364e+08;57;infeasible;2016220;2838707
2848s;6.1;10.4%;2.6319e+08;2.9364e+08;61;infeasible;2018277;2841694
2852s;6.1;10.4%;2.6319e+08;2.9364e+08;154;61;2.8234e+08;2019646;2844398
2856s;6.1;10.4%;2.6319e+08;2.9364e+08;137;64;2.8707e+08;2021732;2846043
2861s;6.1;10.4%;2.6319e+08;2.9364e+08;217;40;2.6694e+08;2023854;2849008
2869s;6.1;10.4%;2.6320e+08;2.9364e+08;175;46;2.6746e+08;2027214;2853691
2874s;6.1;10.4%;2.6320e+08;2.9364e+08;190;39;2.7121e+08;2029245;2856268
2878s;6.1;10.4%;2.6320e+08;2.9364e+08;165;62;2.6942e+08;2030607;2859143
2882s;6.1;10.4%;2.6320e+08;2.9364e+08;168;58;2.7786e+08;2032687;2860998
2886s;6.1;10.4%;2.6320e+08;2.9364e+08;138;70;2.7954e+08;2034731;2863918
2894s;6.1;10.4%;2.6320e+08;2.9364e+08;48;142;2.9170e+08;2038001;2868382
2899s;6.1;10.4%;2.6320e+08;2.9364e+08;137;78;2.8819e+08;2038878;2871201
2903s;6.1;10.4%;2.6320e+08;2.9364e+08;131;88;2.9110e+08;2040541;2872456
2907s;6.1;10.4%;2.6320e+08;2.9364e+08;88;107;2.9183e+08;2042562;2874535
2912s;6.1;10.4%;2.6320e+08;2.9364e+08;145;73;2.8650e+08;2044631;2877373
2916s;6.1;10.4%;2.6320e+08;2.9364e+08;193;46;2.7160e+08;2046281;2880476
2920s;6.1;10.4%;2.6320e+08;2.9364e+08;165;55;2.7389e+08;2048166;2882782
2927s;6.1;10.4%;2.6320e+08;2.9364e+08;157;50;2.7325e+08;2051136;2887646
2931s;6.1;10.4%;2.6320e+08;2.9364e+08;75;infeasible;2052621;2890084
2935s;6.1;10.4%;2.6320e+08;2.9364e+08;137;61;2.8671e+08;2054099;2892689
2940s;6.1;10.4%;2.6320e+08;2.9364e+08;137;75;2.8158e+08;2056355;2894733
2945s;6.1;10.4%;2.6320e+08;2.9364e+08;157;61;2.8130e+08;2058581;2897669
2954s;6.1;10.4%;2.6320e+08;2.9364e+08;162;42;2.6707e+08;2062109;2902193
2960s;6.1;10.4%;2.6320e+08;2.9364e+08;73;infeasible;2064350;2905256
2969s;6.1;10.4%;2.6320e+08;2.9364e+08;188;37;2.6337e+08;2067753;2910120
2974s;6.1;10.4%;2.6320e+08;2.9364e+08;81;infeasible;2069523;2912684
2978s;6.1;10.4%;2.6320e+08;2.9364e+08;181;64;2.8087e+08;2071726;2914959
2982s;6.1;10.4%;2.6320e+08;2.9364e+08;181;41;2.7427e+08;2073103;2917805
2987s;6.1;10.4%;2.6321e+08;2.9364e+08;178;41;2.6838e+08;2075189;2919843
2991s;6.1;10.4%;2.6321e+08;2.9364e+08;80;infeasible;2076590;2922941
2996s;6.1;10.4%;2.6321e+08;2.9364e+08;168;46;2.6448e+08;2077875;2924884
3000s;6.1;10.4%;2.6321e+08;2.9364e+08;209;38;2.6453e+08;2079868;2926661
3009s;6.1;10.4%;2.6321e+08;2.9364e+08;123;100;2.9312e+08;2083439;2931423
3013s;6.1;10.4%;2.6321e+08;2.9364e+08;110;92;2.8683e+08;2084718;2934540
3018s;6.1;10.4%;2.6321e+08;2.9364e+08;153;58;2.9057e+08;2087079;2936401
3022s;6.1;10.4%;2.6321e+08;2.9364e+08;166;58;2.7998e+08;2088624;2939552
3027s;6.1;10.4%;2.6321e+08;2.9364e+08;178;47;2.6830e+08;2090890;2941661
3032s;6.1;10.4%;2.6321e+08;2.9364e+08;140;68;2.8697e+08;2092964;2944730
3036s;6.1;10.4%;2.6322e+08;2.9364e+08;72;infeasible;2094340;2947599
3041s;6.1;10.4%;2.6322e+08;2.9364e+08;183;49;2.6855e+08;2095385;2949542
3046s;6.1;10.4%;2.6322e+08;2.9364e+08;159;52;2.7305e+08;2097232;2950973
3050s;6.1;10.4%;2.6322e+08;2.9364e+08;83;infeasible;2099053;2953657
3055s;6.1;10.4%;2.6322e+08;2.9364e+08;72;125;2.9224e+08;2101388;2955851
3060s;6.1;10.4%;2.6322e+08;2.9364e+08;80;infeasible;2103589;2959010
3068s;6.1;10.4%;2.6322e+08;2.9364e+08;184;46;2.6612e+08;2107101;2964013
3073s;6.1;10.4%;2.6322e+08;2.9364e+08;155;55;2.7418e+08;2109129;2966929
3077s;6.1;10.4%;2.6322e+08;2.9364e+08;170;57;2.7297e+08;2110255;2969772
3082s;6.1;10.4%;2.6322e+08;2.9364e+08;152;55;2.8154e+08;2112439;2971363
3085s;6.1;10.4%;2.6322e+08;2.9364e+08;130;79;2.8688e+08;2113791;2974348
3094s;6.1;10.4%;2.6322e+08;2.9364e+08;63;infeasible;2118160;2978980
3097s;6.1;10.4%;2.6322e+08;2.9364e+08;151;67;2.8589e+08;2119387;2981880
3101s;6.1;10.4%;2.6322e+08;2.9364e+08;184;31;2.6414e+08;2121525;2983492
3106s;6.1;10.4%;2.6322e+08;2.9364e+08;158;59;2.7820e+08;2123465;2986363
3110s;6.1;10.4%;2.6322e+08;2.9364e+08;133;73;2.8686e+08;2124822;2989120
3118s;6.1;10.4%;2.6323e+08;2.9364e+08;139;61;2.7847e+08;2128209;2994096
3122s;6.1;10.4%;2.6323e+08;2.9364e+08;184;56;2.7331e+08;2130241;2996098
3127s;6.1;10.4%;2.6323e+08;2.9364e+08;185;66;2.8005e+08;2131992;2998946
3130s;6.1;10.4%;2.6323e+08;2.9364e+08;100;infeasible;2133335;3001418
3135s;6.1;10.4%;2.6323e+08;2.9364e+08;186;51;2.6622e+08;2135425;3003179
3140s;6.1;10.4%;2.6323e+08;2.9364e+08;180;47;2.6579e+08;2137255;3006197
3148s;6.1;10.4%;2.6323e+08;2.9364e+08;174;40;2.6465e+08;2140838;3010677
3153s;6.1;10.4%;2.6323e+08;2.9364e+08;175;50;2.6602e+08;2142843;3013559
3157s;6.1;10.4%;2.6323e+08;2.9364e+08;183;51;2.7036e+08;2144292;3016488
3162s;6.1;10.4%;2.6323e+08;2.9364e+08;190;46;2.6424e+08;2146013;3018450
3168s;6.1;10.4%;2.6323e+08;2.9364e+08;118;104;2.8864e+08;2146144;3021050
3172s;6.1;10.4%;2.6323e+08;2.9364e+08;149;57;2.7833e+08;2147713;3021253
3176s;6.1;10.4%;2.6323e+08;2.9364e+08;78;infeasible;2149937;3023330
3180s;6.1;10.4%;2.6323e+08;2.9364e+08;188;47;2.6537e+08;2151599;3026266
3185s;6.1;10.4%;2.6323e+08;2.9364e+08;129;78;2.8884e+08;2153910;3028395
3194s;6.1;10.4%;2.6324e+08;2.9364e+08;120;90;2.9157e+08;2157497;3033460
3198s;6.1;10.4%;2.6324e+08;2.9364e+08;57;infeasible;2158881;3036342
3202s;6.1;10.4%;2.6324e+08;2.9364e+08;159;56;2.6956e+08;2160696;3038489
3207s;6.1;10.4%;2.6324e+08;2.9364e+08;60;infeasible;2162220;3041234
3212s;6.1;10.4%;2.6324e+08;2.9364e+08;147;63;2.8535e+08;2163403;3043315
3217s;6.1;10.4%;2.6324e+08;2.9364e+08;175;48;2.6727e+08;2165912;3045016
3221s;6.1;10.4%;2.6324e+08;2.9364e+08;91;infeasible;2167540;3048217
3226s;6.1;10.4%;2.6324e+08;2.9364e+08;180;61;2.7414e+08;2169925;3050177
3230s;6.1;10.4%;2.6324e+08;2.9364e+08;156;66;2.7729e+08;2172182;3053244
3238s;6.1;10.4%;2.6324e+08;2.9364e+08;133;70;2.9282e+08;2175239;3058457
3243s;6.1;10.4%;2.6324e+08;2.9364e+08;196;52;2.7161e+08;2177410;3060406
3247s;6.1;10.4%;2.6324e+08;2.9364e+08;185;46;2.7701e+08;2179583;3063447
3251s;6.1;10.4%;2.6324e+08;2.9364e+08;161;56;2.7813e+08;2180960;3066363
3256s;6.1;10.4%;2.6324e+08;2.9364e+08;171;64;2.8474e+08;2183086;3068140
3261s;6.1;10.4%;2.6325e+08;2.9364e+08;173;51;2.6592e+08;2185204;3071123
3268s;6.1;10.4%;2.6325e+08;2.9364e+08;109;107;2.8934e+08;2188203;3075669
3273s;6.1;10.3%;2.6325e+08;2.9364e+08;174;54;2.6982e+08;2189714;3078690
3277s;6.1;10.3%;2.6325e+08;2.9364e+08;137;79;2.9078e+08;2191235;3080985
3281s;6.1;10.3%;2.6325e+08;2.9364e+08;187;59;2.7371e+08;2193394;3082925
3286s;6.1;10.3%;2.6325e+08;2.9364e+08;65;infeasible;2195525;3085966
3290s;6.1;10.3%;2.6325e+08;2.9364e+08;51;infeasible;2196926;3088926
3298s;6.1;10.3%;2.6325e+08;2.9364e+08;157;57;2.8150e+08;2200878;3093510
3302s;6.1;10.3%;2.6325e+08;2.9364e+08;142;77;2.8070e+08;2202464;3095969
3306s;6.1;10.3%;2.6325e+08;2.9364e+08;73;infeasible;2204643;3098008
3310s;6.1;10.3%;2.6325e+08;2.9364e+08;136;63;2.9130e+08;2206741;3100940
3317s;6.1;10.3%;2.6325e+08;2.9364e+08;194;51;2.7425e+08;2210051;3105498
3321s;6.1;10.3%;2.6325e+08;2.9364e+08;166;59;2.8267e+08;2211438;3108051
3325s;6.1;10.3%;2.6325e+08;2.9364e+08;76;infeasible;2213180;3109915
3330s;6.1;10.3%;2.6325e+08;2.9364e+08;156;52;2.8114e+08;2214559;3112850
3335s;6.1;10.3%;2.6325e+08;2.9364e+08;129;77;2.8981e+08;2216762;3114818
3343s;6.1;10.3%;2.6326e+08;2.9364e+08;168;55;2.7408e+08;2220052;3120765
3348s;6.1;10.3%;2.6326e+08;2.9364e+08;162;65;2.8453e+08;2220757;3122614
3352s;6.1;10.3%;2.6326e+08;2.9364e+08;81;infeasible;2222486;3123543
3357s;6.1;10.3%;2.6326e+08;2.9364e+08;176;40;2.6460e+08;2224506;3125733
3362s;6.1;10.3%;2.6326e+08;2.9364e+08;186;59;2.7443e+08;2226350;3128640
3366s;6.1;10.3%;2.6326e+08;2.9364e+08;178;55;2.6786e+08;2228072;3131211
3371s;6.1;10.3%;2.6326e+08;2.9364e+08;147;74;2.9178e+08;2229883;3133483
3376s;6.1;10.3%;2.6326e+08;2.9364e+08;184;51;2.6532e+08;2232047;3136161
3381s;6.1;10.3%;2.6326e+08;2.9364e+08;134;89;2.9160e+08;2233603;3139142
3385s;6.1;10.3%;2.6326e+08;2.9364e+08;166;64;2.8286e+08;2235717;3141242
3390s;6.1;10.3%;2.6326e+08;2.9364e+08;91;infeasible;2237639;3144312
3399s;6.1;10.3%;2.6326e+08;2.9364e+08;182;50;2.6923e+08;2241088;3149378
3403s;6.1;10.3%;2.6326e+08;2.9364e+08;137;74;2.9009e+08;2242935;3152264
3407s;6.1;10.3%;2.6326e+08;2.9364e+08;74;infeasible;2244859;3154559
3411s;6.1;10.3%;2.6326e+08;2.9364e+08;110;103;2.8492e+08;2246130;3157252
3415s;6.1;10.3%;2.6326e+08;2.9364e+08;181;53;2.7526e+08;2248115;3159031
3424s;6.1;10.3%;2.6326e+08;2.9364e+08;152;67;2.8474e+08;2251910;3163647
3429s;6.1;10.3%;2.6326e+08;2.9364e+08;186;46;2.6638e+08;2253932;3166692
3433s;6.1;10.3%;2.6327e+08;2.9364e+08;210;51;2.6528e+08;2255232;3169325
3436s;6.1;10.3%;2.6327e+08;2.9364e+08;138;59;2.8236e+08;2256624;3171436
3441s;6.1;10.3%;2.6327e+08;2.9364e+08;174;57;2.7174e+08;2258775;3173225
3446s;6.1;10.3%;2.6327e+08;2.9364e+08;152;56;2.7703e+08;2260909;3176344
3450s;6.1;10.3%;2.6327e+08;2.9364e+08;173;63;2.7286e+08;2262408;3179179
3455s;6.1;10.3%;2.6327e+08;2.9364e+08;201;54;2.6466e+08;2264479;3181150
3460s;6.1;10.3%;2.6327e+08;2.9364e+08;122;70;2.8932e+08;2266212;3183960
3468s;6.1;10.3%;2.6327e+08;2.9364e+08;143;66;2.8118e+08;2269874;3188527
3473s;6.1;10.3%;2.6327e+08;2.9364e+08;132;95;2.8961e+08;2272093;3191253
3477s;6.1;10.3%;2.6327e+08;2.9364e+08;133;70;2.8126e+08;2273767;3194202
3482s;6.1;10.3%;2.6327e+08;2.9364e+08;166;53;2.6896e+08;2275894;3196415
3487s;6.1;10.3%;2.6327e+08;2.9364e+08;135;58;2.8024e+08;2277775;3199291
3491s;6.1;10.3%;2.6327e+08;2.9364e+08;138;71;2.8799e+08;2279301;3201633
3496s;6.1;10.3%;2.6327e+08;2.9364e+08;123;83;2.9085e+08;2281193;3203534
3502s;6.1;10.3%;2.6327e+08;2.9364e+08;147;56;2.7858e+08;2284178;3209060
3507s;6.1;10.3%;2.6327e+08;2.9364e+08;173;51;2.7061e+08;2286106;3210912
3511s;6.1;10.3%;2.6327e+08;2.9364e+08;184;60;2.7241e+08;2287309;3213829
3516s;6.1;10.3%;2.6327e+08;2.9364e+08;190;48;2.6631e+08;2289468;3215845
3520s;6.1;10.3%;2.6328e+08;2.9364e+08;98;infeasible;2290956;3218711
3525s;6.1;10.3%;2.6328e+08;2.9364e+08;206;36;2.6637e+08;2293145;3220702
3534s;6.1;10.3%;2.6328e+08;2.9364e+08;164;56;2.7423e+08;2295856;3226327
3538s;6.1;10.3%;2.6328e+08;2.9364e+08;164;57;2.7423e+08;2297249;3227020
3543s;6.1;10.3%;2.6328e+08;2.9364e+08;138;75;2.8778e+08;2299427;3228955
3548s;6.1;10.3%;2.6328e+08;2.9364e+08;187;50;2.6729e+08;2301595;3232036
3552s;6.1;10.3%;2.6328e+08;2.9364e+08;122;103;2.8888e+08;2302664;3235126
3556s;6.1;10.3%;2.6328e+08;2.9364e+08;158;51;2.7317e+08;2304027;3236981
3561s;6.1;10.3%;2.6328e+08;2.9364e+08;206;51;2.6748e+08;2306192;3239060
3565s;6.1;10.3%;2.6328e+08;2.9364e+08;131;74;2.9061e+08;2307700;3242204
3570s;6.1;10.3%;2.6328e+08;2.9364e+08;186;52;2.7073e+08;2309838;3244241
3575s;6.1;10.3%;2.6328e+08;2.9364e+08;131;78;2.9097e+08;2311556;3247164
3580s;6.1;10.3%;2.6328e+08;2.9364e+08;177;52;2.7082e+08;2313799;3249261
3586s;6.1;10.3%;2.6328e+08;2.9364e+08;163;53;2.6809e+08;2315925;3252396
3590s;6.1;10.3%;2.6328e+08;2.9364e+08;142;55;2.8024e+08;2317192;3255375
3598s;6.1;10.3%;2.6328e+08;2.9364e+08;117;97;2.8642e+08;2320893;3259232
3600s;6.1;10.3%;2.6328e+08;2.9364e+08;169;51;2.7161e+08;2321386;3262135