0s;-;100%;0.00000;319.0000000;0;0;H
0s;-;100%;0.00000;317.0000000;0;0;H
0s;-;100%;0.00000;317.00000;38;0;0.00000;0;0
0s;-;100%;0.00000;316.0000000;0;0;H
0s;-;100%;0.00000;316.00000;34;0;0.00000;0;0
0s;-;100%;0.00000;288.0000000;0;0;H
0s;-;100%;0.00000;265.0000000;0;0;H
0s;-;100%;0.00000;265.00000;7;0;0.00000;0;0
0s;-;100%;0.00000;265.00000;15;0;0.00000;0;0
0s;-;100%;0.00000;265.00000;13;0;0.00000;0;0
0s;-;100%;0.00000;265.00000;25;0;0.00000;0;0
0s;-;100%;0.00000;265.00000;1;0;0.00000;0;0
0s;-;100%;0.00000;259.0000000;0;0;H
0s;-;100%;0.00000;259.00000;12;0;0.00000;0;0
0s;-;100%;0.00000;259.00000;13;0;0.00000;0;0
0s;-;100%;0.00000;259.00000;30;0;0.00000;0;0
0s;-;100%;0.00000;254.0000000;0;0;H
0s;-;100%;0.00000;245.0000000;0;0;H
0s;-;100%;0.00000;245.00000;7;0;0.00000;0;0
1s;-;100%;0.00000;245.00000;25;0;0.00000;0;0
1s;-;100%;0.00000;245.00000;7;0;0.00000;0;0
1s;-;100%;0.00000;245.00000;7;0;0.00000;0;0
1s;-;100%;0.00000;245.00000;7;0;0.00000;2;0
1s;79.2;100%;0.00000;244.0000000;37;33;H
1s;87.7;100%;0.00000;243.0000000;86;77;H
1s;88.6;100%;0.00000;242.0000000;201;112;H
1s;55.5;100%;0.00000;237.0000000;201;252;H
1s;32.3;100%;0.00000;236.0000000;324;528;H
2s;26.0;100%;0.00000;206.0000000;373;673;H
2s;18.5;100%;0.00000;203.0000000;444;1053;H
2s;16.7;100%;0.00000;198.0000000;574;1177;H
2s;12.5;100%;0.00000;196.0000000;618;1709;H
2s;10.6;100%;0.00000;191.0000000;618;2049;H
2s;9.4;100%;0.00000;190.0000000;640;2390;H
2s;9.5;100%;0.00000;189.0000000;640;2395;H
2s;9.5;100%;0.00000;188.0000000;640;2400;H
2s;9.6;100%;0.00000;182.0000000;635;2415;H
3s;9.2;100%;0.00000;179.0000000;772;2852;H
3s;9.2;100%;0.00000;171.0000000;764;2858;H
5s;2.0;100%;0.00000;171.00000;7;12;0.00000;1029;15412
6s;2.0;92.4%;13.00000;170.0000000;987;H15428
9s;3.5;92.3%;13.00000;169.0000000;952;H15450
10s;3.5;92.3%;13.00000;169.00000;78;145;142.00000;960;15462
12s;4.2;92.3%;13.00000;168.0000000;990;H15568
13s;4.3;92.1%;13.00000;165.0000000;972;H15608
14s;4.6;92.0%;13.00000;163.0000000;1062;H15896
14s;4.6;91.7%;13.00000;157.0000000;1018;H15902
15s;6.2;91.7%;13.00000;157.00000;117;infeasible;2296;18497
20s;7.8;91.7%;13.00000;157.00000;77;infeasible;7091;26113
27s;9.3;91.7%;13.00000;157.00000;48;61;67.00000;16381;41949
27s;9.3;91.7%;13.00000;156.0000000;16364;H42059
30s;9.3;91.7%;13.00000;156.00000;48;62;68.00000;25960;42069
35s;10.6;91.7%;13.00000;156.00000;72;69;13.06846;30314;65236
35s;10.6;91.5%;13.00000;153.0000000;30109;H65238
40s;10.9;91.5%;13.00000;153.00000;46;58;148.00000;44505;86416
45s;11.3;91.5%;13.00000;153.00000;80;63;16.09143;55361;106709
49s;11.4;91.4%;13.00000;152.0000000;63647;H124639
50s;11.4;91.4%;13.00000;152.00000;82;infeasible;64697;124676
55s;11.7;91.4%;13.00000;152.00000;55;67;56.00000;78823;151112
58s;11.7;91.2%;13.00000;148.0000000;84226;H160356
59s;11.8;91.2%;13.00000;147.0000000;85366;H165541
61s;11.8;91.2%;13.00000;147.00000;48;90;64.00000;87327;169456
63s;11.8;91.0%;13.00000;145.0000000;86251;H169477
65s;11.9;91.0%;13.00000;145.00000;45;67;93.00000;90411;173767
70s;12.0;91.0%;13.00000;145.00000;77;56;29.00000;100185;190714
76s;12.1;91.0%;13.00000;145.00000;65;77;48.00000;112527;215505
80s;12.2;91.0%;13.00000;145.00000;65;77;71.00000;124668;235499
85s;12.2;91.0%;13.00000;145.00000;48;104;121.20339;136570;254175
91s;12.2;91.0%;13.00000;145.00000;53;108;98.00000;148999;262713
97s;12.4;91.0%;13.00000;145.00000;90;50;15.00000;153476;286371
100s;12.4;91.0%;13.00000;145.00000;77;52;21.00000;162632;286803
106s;12.4;91.0%;13.00000;145.00000;73;57;13.00000;162752;302841
110s;12.4;91.0%;13.00000;145.00000;55;65;107.04598;171519;315908
115s;12.4;91.0%;13.00000;145.00000;50;86;114.00000;181040;331452
120s;12.5;91.0%;13.00000;145.00000;94;cutoff;188306;349175
125s;12.5;91.0%;13.00000;145.00000;69;64;59.01022;199342;367632
130s;12.5;91.0%;13.00000;145.00000;69;56;14.00000;207189;382049
137s;12.5;91.0%;13.00000;145.00000;85;infeasible;219946;405692
140s;12.5;91.0%;13.00000;145.00000;78;60;18.02744;228666;417673
145s;12.5;91.0%;13.00000;145.00000;51;85;70.00000;239395;437310
150s;12.5;91.0%;13.00000;145.00000;90;75;35.00000;246513;451570
155s;12.5;91.0%;13.00000;145.00000;67;56;68.08763;249424;457399
160s;12.4;91.0%;13.00000;145.00000;55;63;80.00000;260821;474577
165s;12.4;91.0%;13.00000;145.00000;72;58;22.00000;268885;484955
170s;12.4;91.0%;13.00000;145.00000;33;101;125.00000;275324;502578
175s;12.4;91.0%;13.00000;145.00000;104;infeasible;287876;525792
180s;12.4;91.0%;13.00000;145.00000;76;57;50.06530;296292;538493
186s;12.4;91.0%;13.00000;145.00000;53;89;111.75080;307511;562126
190s;12.4;91.0%;13.00000;145.00000;75;66;15.00000;316451;577618
196s;12.4;91.0%;13.00000;145.00000;111;infeasible;320806;586254
200s;12.4;91.0%;13.00000;145.00000;42;103;106.43012;325204;592763
205s;12.4;91.0%;13.00000;145.00000;58;64;48.00000;335485;609985
212s;12.4;91.0%;13.00000;145.00000;62;67;47.00000;345840;615192
216s;12.5;91.0%;13.00000;145.00000;45;86;124.01829;346493;631208
220s;12.5;91.0%;13.00000;145.00000;47;103;73.00000;354507;643765
227s;12.5;91.0%;13.00000;145.00000;66;49;49.61704;364105;663842
230s;12.5;91.0%;13.00000;145.00000;71;65;28.53072;370121;672206
235s;12.5;91.0%;13.00000;145.00000;38;98;126.00000;380510;691944
240s;12.5;91.0%;13.00000;145.00000;62;64;87.09659;386004;701552
245s;12.5;91.0%;13.00000;145.00000;49;100;114.00000;395438;719142
251s;12.5;91.0%;13.00000;145.00000;55;88;124.00000;398231;726395
255s;12.5;91.0%;13.00000;145.00000;97;infeasible;403840;734697
260s;12.5;91.0%;13.00000;145.00000;54;73;66.00000;410306;742854
267s;12.5;91.0%;13.00000;145.00000;42;64;121.00000;417806;760885
270s;12.5;91.0%;13.00000;145.00000;69;66;37.18160;424191;768286
276s;12.5;91.0%;13.00000;145.00000;60;78;73.00000;433050;788318
280s;12.5;91.0%;13.00000;145.00000;88;infeasible;439876;796916
286s;12.4;91.0%;13.00000;145.00000;84;63;39.00000;448104;815492
290s;12.5;91.0%;13.00000;145.00000;74;71;51.00000;454961;825358
297s;12.5;91.0%;13.00000;145.00000;45;93;124.02353;463468;842724
300s;12.5;91.0%;13.00000;145.00000;64;65;46.00000;469681;850297
308s;12.5;91.0%;13.00000;145.00000;70;59;13.00000;475461;864361
310s;12.5;91.0%;13.00000;145.00000;48;81;61.23810;477235;866312
315s;12.5;91.0%;13.00000;145.00000;72;69;48.36192;482975;877751
320s;12.5;91.0%;13.00000;145.00000;71;70;49.00000;491558;877886
325s;12.5;91.0%;13.00000;145.00000;78;65;45.18758;497438;904009
330s;12.5;91.0%;13.00000;145.00000;72;65;30.00000;502586;910771
335s;12.5;91.0%;13.00000;145.00000;79;56;21.08763;512933;930027
340s;12.4;91.0%;13.00000;145.00000;59;74;20.00000;518744;940219
345s;12.4;91.0%;13.00000;145.00000;58;80;81.00000;525593;952359
350s;12.4;91.0%;13.00000;145.00000;62;86;58.00000;531280;963345
355s;12.4;91.0%;13.00000;145.00000;49;77;119.12523;541091;981190
361s;12.4;91.0%;13.00000;145.00000;54;96;112.00000;542213;985412
365s;12.4;91.0%;13.00000;145.00000;62;75;60.01110;548684;992999
370s;12.4;91.0%;13.00000;145.00000;81;57;15.00000;553379;1001765
375s;12.4;91.0%;13.00000;145.00000;73;65;19.00000;562996;1019721
380s;12.4;91.0%;13.00000;145.00000;82;57;22.14971;567492;1027410
385s;12.4;91.0%;13.00000;145.00000;47;68;107.06658;575345;1044286
390s;12.4;91.0%;13.00000;145.00000;60;76;92.23856;581110;1051715
397s;12.4;91.0%;13.00000;145.00000;47;98;135.06704;588638;1069646
400s;12.4;91.0%;13.00000;145.00000;44;101;107.00000;593548;1075096
405s;12.4;91.0%;13.00000;145.00000;90;infeasible;602755;1093812
410s;12.4;91.0%;13.00000;145.00000;43;72;72.00000;607475;1102023
415s;12.4;91.0%;13.00000;145.00000;80;51;13.00179;616687;1116639
424s;12.4;91.0%;13.00000;145.00000;58;58;32.03405;626079;1119937
425s;12.4;91.0%;13.00000;145.00000;71;72;51.93555;626079;1127945
432s;12.4;91.0%;13.00000;145.00000;81;52;28.50000;626082;1135953
435s;12.4;91.0%;13.00000;145.00000;66;73;18.03012;631267;1138367
442s;12.4;91.0%;13.00000;145.00000;75;59;18.00000;640466;1145646
445s;12.4;91.0%;13.00000;145.00000;56;79;121.00000;641942;1161662
453s;12.4;91.0%;13.00000;145.00000;51;60;47.00000;652695;1167529
457s;12.4;91.0%;13.00000;145.00000;62;90;93.20239;652909;1183545
461s;12.4;91.0%;13.00000;145.00000;86;infeasible;656123;1189266
466s;12.4;91.0%;13.00000;145.00000;27;87;137.00000;663675;1189777
473s;12.4;91.0%;13.00000;145.00000;51;91;124.08000;666949;1208471
475s;12.4;91.0%;13.00000;145.00000;93;infeasible;671449;1213051
480s;12.4;91.0%;13.00000;145.00000;62;60;66.50000;678769;1228595
485s;12.4;91.0%;13.00000;145.00000;53;78;95.00000;684868;1242424
491s;12.4;91.0%;13.00000;145.00000;79;infeasible;694653;1255781
497s;12.4;91.0%;13.00000;145.00000;34;80;138.00000;694700;1260053
502s;12.4;91.0%;13.00000;145.00000;57;73;32.00000;699405;1266186
505s;12.4;91.0%;13.00000;145.00000;61;65;33.00000;704149;1274763
510s;12.4;91.0%;13.00000;145.00000;33;92;124.00000;711757;1291344
516s;12.4;91.0%;13.00000;145.00000;63;65;20.77419;717724;1299090
520s;12.4;91.0%;13.00000;145.00000;48;75;91.00000;724643;1313051
528s;12.4;91.0%;13.00000;145.00000;74;68;43.72837;731079;1328426
530s;12.4;91.0%;13.00000;145.00000;63;59;79.12702;733795;1332077
535s;12.4;91.0%;13.00000;145.00000;66;77;52.00000;743601;1347829
540s;12.4;91.0%;13.00000;145.00000;61;69;41.00000;747106;1356934
545s;12.4;91.0%;13.00000;145.00000;54;76;96.00000;754641;1369130
550s;12.4;91.0%;13.00000;145.00000;59;67;118.00000;757210;1375812
555s;12.4;91.0%;13.00000;145.00000;62;81;54.00000;766442;1384552
560s;12.4;91.0%;13.00000;145.00000;87;infeasible;772063;1402131
566s;12.4;91.0%;13.00000;145.00000;58;88;56.36820;772142;1403204
571s;12.4;91.0%;13.00000;145.00000;62;94;100.32540;778518;1411232
575s;12.4;91.0%;13.00000;145.00000;77;64;40.00000;781105;1416000
580s;12.4;91.0%;13.00000;145.00000;73;66;40.87952;787761;1431101
585s;12.4;91.0%;13.00000;145.00000;42;86;112.07821;791534;1438467
590s;12.4;91.0%;13.00000;145.00000;67;75;53.02837;799178;1450545
595s;12.4;91.0%;13.00000;145.00000;56;67;69.00000;806412;1465778
600s;12.4;91.0%;13.00000;145.00000;58;90;67.00000;810766;1471221
605s;12.4;91.0%;13.00000;145.00000;25;122;142.03911;819738;1487004
611s;12.4;91.0%;13.00000;145.00000;35;86;127.39024;823723;1497496
615s;12.4;91.0%;13.00000;145.00000;69;63;91.00000;829924;1508301
620s;12.4;91.0%;13.00000;145.00000;80;63;25.00000;838181;1522997
625s;12.4;91.0%;13.00000;145.00000;81;57;25.00000;843315;1531848
630s;12.4;91.0%;13.00000;145.00000;52;69;58.00000;845715;1536951
635s;12.4;91.0%;13.00000;145.00000;76;66;20.03405;849837;1540040
641s;12.4;91.0%;13.00000;145.00000;66;73;84.17636;857827;1554624
646s;12.4;91.0%;13.00000;145.00000;79;52;22.02837;860833;1564437
651s;12.4;91.0%;13.00000;145.00000;50;62;80.00000;863627;1569137
655s;12.4;91.0%;13.00000;145.00000;77;66;13.08989;869888;1577033
660s;12.4;91.0%;13.00000;145.00000;117;infeasible;873507;1586499
665s;12.4;91.0%;13.00000;145.00000;51;73;66.03614;882150;1598893
671s;12.4;91.0%;13.00000;145.00000;71;64;29.13592;886963;1612157
675s;12.4;91.0%;13.00000;145.00000;57;80;49.00000;893517;1619597
681s;12.4;91.0%;13.00000;145.00000;59;75;66.39894;898743;1632813
685s;12.4;91.0%;13.00000;145.00000;31;99;143.02260;905295;1640753
690s;12.4;91.0%;13.00000;145.00000;45;72;93.00000;912677;1655043
702s;12.4;91.0%;13.00000;145.00000;73;74;44.96953;924714;1663012
707s;12.4;91.0%;13.00000;145.00000;41;111;94.00000;925619;1679028
711s;12.4;91.0%;13.00000;145.00000;39;112;130.00000;925856;1680630
717s;12.4;91.0%;13.00000;145.00000;57;61;45.00000;929549;1687603
723s;12.4;91.0%;13.00000;145.00000;48;66;88.00000;938101;1687892
725s;12.4;91.0%;13.00000;145.00000;68;79;34.00000;939604;1703908
730s;12.4;91.0%;13.00000;145.00000;48;90;119.00000;947016;1717624
735s;12.4;91.0%;13.00000;145.00000;71;62;13.00000;949247;1720955
740s;12.4;91.0%;13.00000;145.00000;57;73;63.32853;957566;1732648
745s;12.3;91.0%;13.00000;145.00000;61;82;100.07143;965140;1749255
755s;12.3;91.0%;13.00000;145.00000;51;82;82.00000;974286;1752747
761s;12.4;91.0%;13.00000;145.00000;68;66;38.68750;974465;1768763
765s;12.3;91.0%;13.00000;145.00000;66;81;44.00000;980899;1778274
770s;12.3;91.0%;13.00000;145.00000;87;59;13.00000;989324;1793409
775s;12.3;91.0%;13.00000;145.00000;55;78;82.09659;996993;1807416
780s;12.3;91.0%;13.00000;145.00000;67;58;36.00000;999312;1811670
787s;12.3;91.0%;13.00000;145.00000;57;68;104.18023;1005110;1825211
790s;12.3;91.0%;13.00000;145.00000;52;69;110.00000;1005130;1825235
795s;12.3;91.0%;13.00000;145.00000;113;infeasible;1011906;1836075
801s;12.3;91.0%;13.00000;145.00000;56;60;51.93548;1016268;1845088
805s;12.3;91.0%;13.00000;145.00000;78;57;13.00000;1022011;1853458
810s;12.3;91.0%;13.00000;145.00000;57;55;53.00000;1029321;1866990
815s;12.3;91.0%;13.00000;145.00000;79;67;37.00000;1032097;1871063
821s;12.3;91.0%;13.00000;145.00000;32;97;129.00000;1041057;1883616
827s;12.3;91.0%;13.00000;145.00000;64;67;38.00000;1044558;1897446
830s;12.3;91.0%;13.00000;145.00000;44;91;78.00000;1048627;1902088
835s;12.3;91.0%;13.00000;145.00000;82;61;23.23128;1054944;1913050
843s;12.3;91.0%;13.00000;145.00000;85;infeasible;1062440;1929264
845s;12.3;91.0%;13.00000;145.00000;67;61;32.07768;1065281;1931049
851s;12.3;91.0%;13.00000;145.00000;82;infeasible;1074528;1946806
855s;12.3;91.0%;13.00000;145.00000;72;56;27.07768;1076399;1954597
863s;12.3;91.0%;13.00000;145.00000;38;84;120.00000;1082152;1964779
866s;12.3;91.0%;13.00000;145.00000;47;79;70.00000;1082560;1965384
870s;12.3;91.0%;13.00000;145.00000;80;54;17.00000;1088263;1968940
875s;12.3;91.0%;13.00000;145.00000;60;74;118.00000;1094086;1984115
880s;12.3;91.0%;13.00000;145.00000;36;100;136.03141;1097685;1992474
885s;12.3;91.0%;13.00000;145.00000;64;65;42.00000;1104123;2001704
890s;12.3;91.0%;13.00000;145.00000;47;102;80.00000;1110359;2012262
895s;12.3;91.0%;13.00000;145.00000;75;56;13.00000;1112768;2017458
900s;12.3;91.0%;13.00000;145.00000;60;68;59.02837;1120105;2031214
906s;12.3;91.0%;13.00000;145.00000;27;102;141.00000;1124885;2042526
910s;12.3;91.0%;13.00000;145.00000;59;63;69.00000;1129616;2047450
915s;12.3;91.0%;13.00000;145.00000;27;101;136.00000;1137493;2062911
920s;12.3;91.0%;13.00000;145.00000;35;78;116.01786;1139911;2067613
925s;12.3;91.0%;13.00000;145.00000;41;112;131.00000;1147789;2080910
932s;12.3;91.0%;13.00000;145.00000;39;100;132.10169;1153887;2094467
936s;12.3;91.0%;13.00000;145.00000;86;50;20.88426;1154361;2095596
940s;12.3;91.0%;13.00000;145.00000;33;94;108.00000;1158399;2101138
945s;12.3;91.0%;13.00000;145.00000;72;57;35.71759;1161872;2107587
950s;12.3;91.0%;13.00000;145.00000;43;88;86.00000;1168627;2119825
957s;12.3;91.0%;13.00000;145.00000;56;84;120.01786;1174189;2131174
960s;12.3;91.0%;13.00000;145.00000;51;70;66.00000;1178109;2135641
965s;12.2;91.0%;13.00000;145.00000;70;63;32.00000;1185125;2148606
971s;12.2;91.0%;13.00000;145.00000;84;55;26.76020;1189918;2156731
975s;12.2;91.0%;13.00000;145.00000;58;83;67.30231;1195241;2169153
980s;12.2;91.0%;13.00000;145.00000;53;71;126.00000;1199599;2177267
986s;12.2;91.0%;13.00000;145.00000;73;59;28.03405;1207498;2187392
990s;12.2;91.0%;13.00000;145.00000;63;63;38.79167;1213511;2199394
995s;12.2;91.0%;13.00000;145.00000;50;74;125.03405;1216997;2206660
1000s;12.2;91.0%;13.00000;145.00000;77;64;40.08671;1223060;2216865
1006s;12.2;91.0%;13.00000;145.00000;76;80;62.52871;1226937;2226696
1010s;12.2;91.0%;13.00000;145.00000;79;56;22.00000;1231450;2234362
1017s;12.2;91.0%;13.00000;145.00000;48;82;113.00000;1234942;2241768
1020s;12.2;91.0%;13.00000;145.00000;44;83;115.00000;1234954;2241787
1026s;12.2;91.0%;13.00000;145.00000;82;infeasible;1241759;2250623
1033s;12.2;91.0%;13.00000;145.00000;55;74;51.11429;1246178;2262433
1035s;12.2;91.0%;13.00000;145.00000;45;107;75.00000;1249950;2266445
1040s;12.2;91.0%;13.00000;145.00000;79;infeasible;1256251;2275922
1045s;12.2;91.0%;13.00000;145.00000;60;98;125.00000;1263236;2289817
1050s;12.2;91.0%;13.00000;145.00000;58;85;87.00000;1265576;2294200
1055s;12.2;91.0%;13.00000;145.00000;77;68;24.00000;1273388;2307746
1062s;12.2;91.0%;13.00000;145.00000;62;56;31.00000;1283057;2320480
1066s;12.2;91.0%;13.00000;145.00000;76;62;13.00000;1283137;2328302
1070s;12.2;91.0%;13.00000;145.00000;45;100;113.00000;1287972;2335566
1075s;12.2;91.0%;13.00000;145.00000;70;62;29.07429;1294367;2346130
1080s;12.2;91.0%;13.00000;145.00000;79;57;19.00000;1296249;2352020
1086s;12.2;91.0%;13.00000;145.00000;57;94;90.06658;1305505;2363543
1090s;12.2;91.0%;13.00000;145.00000;40;100;106.04651;1310719;2375047
1101s;12.2;91.0%;13.00000;145.00000;68;78;36.00000;1314466;2384529
1110s;12.2;91.0%;13.00000;145.00000;58;79;36.00000;1323502;2384547
1119s;12.2;91.0%;13.00000;145.00000;25;111;134.00000;1323718;2400563
1122s;12.2;91.0%;13.00000;145.00000;20;114;138.00000;1328528;2400978
1127s;12.2;91.0%;13.00000;145.00000;52;60;76.08571;1328878;2409802
1133s;12.2;91.0%;13.00000;145.00000;55;61;76.08571;1337635;2410424
1136s;12.2;91.0%;13.00000;145.00000;59;77;85.00000;1339158;2426440
1140s;12.2;91.0%;13.00000;145.00000;47;79;87.95220;1345479;2438820
1145s;12.2;91.0%;13.00000;145.00000;70;85;62.00000;1346873;2441334
1150s;12.2;91.0%;13.00000;145.00000;60;85;103.00000;1354372;2453533
1156s;12.2;91.0%;13.00000;145.00000;43;76;69.00000;1363233;2470535
1162s;12.2;91.0%;13.00000;145.00000;74;70;27.32988;1366748;2480622
1165s;12.2;91.0%;13.00000;145.00000;25;87;132.00000;1370748;2485741
1171s;12.2;91.0%;13.00000;145.00000;35;85;124.00000;1378564;2500827
1178s;12.2;91.0%;13.00000;145.00000;40;82;126.00000;1383674;2512966
1180s;12.2;91.0%;13.00000;145.00000;86;81;27.00000;1386677;2515448
1186s;12.2;91.0%;13.00000;145.00000;65;64;42.05180;1388060;2520763
1190s;12.2;91.0%;13.00000;145.00000;60;65;32.02941;1389438;2521983
1196s;12.2;91.0%;13.00000;145.00000;64;69;26.07213;1396727;2530980
1200s;12.2;91.0%;13.00000;145.00000;87;cutoff;1401922;2541300
1208s;12.2;91.0%;13.00000;145.00000;54;100;80.12895;1407261;2554935
1210s;12.2;91.0%;13.00000;145.00000;54;80;95.65082;1409939;2559004
1215s;12.2;91.0%;13.00000;145.00000;35;111;102.00000;1417416;2570555
1223s;12.2;91.0%;13.00000;145.00000;62;66;37.00000;1418092;2574556
1225s;12.2;91.0%;13.00000;145.00000;47;69;64.00000;1421866;2578564
1230s;12.2;91.0%;13.00000;145.00000;51;61;64.07944;1427741;2589573
1235s;12.2;91.0%;13.00000;145.00000;64;78;43.00000;1429888;2593437
1240s;12.2;91.0%;13.00000;145.00000;77;72;22.12500;1437642;2606892
1247s;12.2;91.0%;13.00000;145.00000;31;84;96.00000;1440953;2617066
1250s;12.2;91.0%;13.00000;145.00000;77;infeasible;1443454;2620655
1255s;12.2;91.0%;13.00000;145.00000;49;75;108.42073;1451680;2631767
1261s;12.2;91.0%;13.00000;145.00000;36;79;127.00000;1454059;2640130
1265s;12.2;91.0%;13.00000;145.00000;80;65;28.00000;1458115;2646681
1270s;12.2;91.0%;13.00000;145.00000;65;75;38.00000;1458886;2647764
1277s;12.2;91.0%;13.00000;145.00000;56;68;23.00000;1463043;2656544
1281s;12.2;91.0%;13.00000;145.00000;65;79;14.00000;1468649;2663433
1286s;12.2;91.0%;13.00000;145.00000;67;76;92.00000;1475334;2670553
1293s;12.1;91.0%;13.00000;145.00000;29;104;125.00000;1478679;2685451
1295s;12.1;91.0%;13.00000;145.00000;76;62;22.14087;1480553;2686398
1300s;12.1;91.0%;13.00000;145.00000;83;66;13.00000;1487404;2699343
1307s;12.1;91.0%;13.00000;145.00000;65;71;29.00000;1491612;2709354
1311s;12.1;91.0%;13.00000;145.00000;39;84;135.00000;1497235;2712745
1315s;12.1;91.0%;13.00000;145.00000;79;72;26.81784;1501840;2724218
1323s;12.1;91.0%;13.00000;145.00000;49;72;86.00000;1506686;2735032
1327s;12.1;91.0%;13.00000;145.00000;56;72;73.03352;1512775;2736481
1330s;12.1;91.0%;13.00000;145.00000;77;80;39.00000;1515319;2748768
1335s;12.1;91.0%;13.00000;145.00000;45;88;134.02392;1520362;2761206
1342s;12.1;91.0%;13.00000;145.00000;61;73;97.98561;1524676;2769712
1345s;12.1;91.0%;13.00000;145.00000;57;81;79.01110;1528408;2774842
1350s;12.1;91.0%;13.00000;145.00000;68;75;69.00000;1528927;2778030
1363s;12.1;91.0%;13.00000;145.00000;60;76;71.02941;1538277;2778046
1365s;12.1;91.0%;13.00000;145.00000;40;69;129.00000;1538277;2791059
1374s;12.1;91.0%;13.00000;145.00000;49;93;124.00000;1543948;2803595
1381s;12.1;91.0%;13.00000;145.00000;50;94;124.00000;1552884;2804254
1388s;12.1;91.0%;13.00000;145.00000;30;100;142.00000;1552929;2820270
1390s;12.1;91.0%;13.00000;145.00000;77;infeasible;1556055;2823154
1395s;12.1;91.0%;13.00000;145.00000;74;63;22.11139;1562317;2835348
1403s;12.1;91.0%;13.00000;145.00000;92;infeasible;1568161;2847708
1409s;12.1;91.0%;13.00000;145.00000;57;93;81.07768;1577010;2847932
1413s;12.1;91.0%;13.00000;145.00000;61;82;101.02994;1578313;2863948
1416s;12.1;91.0%;13.00000;145.00000;38;95;113.00000;1582412;2869389
1420s;12.1;91.0%;13.00000;145.00000;37;119;123.00000;1588948;2883393
1425s;12.1;91.0%;13.00000;145.00000;56;86;88.20085;1591611;2888097
1430s;12.1;91.0%;13.00000;145.00000;70;63;21.00000;1597253;2898230
1436s;12.1;91.0%;13.00000;145.00000;93;infeasible;1599985;2906143
1440s;12.1;91.0%;13.00000;145.00000;51;72;100.03972;1605346;2915342
1448s;12.1;91.0%;13.00000;145.00000;47;92;117.04183;1610989;2926071
1450s;12.1;91.0%;13.00000;145.00000;79;64;31.00000;1613098;2927202
1456s;12.1;91.0%;13.00000;145.00000;83;infeasible;1613841;2931276
1461s;12.1;91.0%;13.00000;145.00000;58;73;49.00000;1616402;2933870
1465s;12.1;91.0%;13.00000;145.00000;35;73;98.00000;1620992;2942154
1470s;12.1;91.0%;13.00000;145.00000;80;infeasible;1626712;2952910
1475s;12.1;91.0%;13.00000;145.00000;78;60;27.95255;1632445;2961564
1480s;12.1;91.0%;13.00000;145.00000;65;73;59.00000;1634403;2965745
1485s;12.1;91.0%;13.00000;145.00000;54;65;105.00000;1640445;2975959
1490s;12.1;91.0%;13.00000;145.00000;43;89;76.00000;1646201;2986514
1495s;12.1;91.0%;13.00000;145.00000;65;61;27.00000;1646723;2989908
1500s;12.1;91.0%;13.00000;145.00000;47;76;128.48000;1653734;3001045
1505s;12.1;91.0%;13.00000;145.00000;47;90;95.00000;1659580;3011363
1511s;12.1;91.0%;13.00000;145.00000;74;57;28.07071;1662919;3019541
1515s;12.1;91.0%;13.00000;145.00000;41;87;87.00000;1668263;3022901
1520s;12.1;91.0%;13.00000;145.00000;55;85;75.24967;1673749;3035454
1528s;12.1;91.0%;13.00000;145.00000;79;73;29.00000;1677876;3045874
1530s;12.1;91.0%;13.00000;145.00000;36;106;127.00000;1681327;3048331
1536s;12.1;91.0%;13.00000;145.00000;62;74;48.01786;1688921;3060934
1542s;12.1;91.0%;13.00000;145.00000;33;96;88.00000;1690665;3069064
1549s;12.1;91.0%;13.00000;145.00000;30;110;113.00000;1692627;3072037
1550s;12.1;91.0%;13.00000;145.00000;91;infeasible;1693493;3073003
1556s;12.1;91.0%;13.00000;145.00000;56;72;81.11250;1696755;3079156
1561s;12.1;91.0%;13.00000;145.00000;40;88;109.21143;1702213;3085371
1565s;12.1;91.0%;13.00000;145.00000;42;84;126.22748;1707342;3096571
1572s;12.1;91.0%;13.00000;145.00000;44;78;134.03960;1711067;3105248
1575s;12.1;91.0%;13.00000;145.00000;108;infeasible;1714527;3111035
1580s;12.1;91.0%;13.00000;145.00000;64;75;76.00000;1719918;3120913
1588s;12.1;91.0%;13.00000;145.00000;63;80;71.00000;1724605;3129352
1590s;12.1;91.0%;13.00000;145.00000;56;81;71.00000;1727980;3129813
1596s;12.1;91.0%;13.00000;145.00000;34;84;141.00000;1734250;3144811
1601s;12.1;91.0%;13.00000;145.00000;82;63;22.13871;1741174;3151760
1606s;12.1;91.0%;13.00000;145.00000;46;73;106.00000;1741328;3159750
1610s;12.1;91.0%;13.00000;145.00000;33;98;101.00000;1745772;3166478
1615s;12.1;91.0%;13.00000;145.00000;75;infeasible;1751753;3174092
1623s;12.1;91.0%;13.00000;145.00000;39;86;110.00000;1756083;3186011
1625s;12.1;91.0%;13.00000;145.00000;81;57;13.00000;1758350;3189110
1631s;12.1;91.0%;13.00000;145.00000;51;54;47.00000;1765908;3197586
1637s;12.1;91.0%;13.00000;145.00000;56;71;70.12550;1767975;3207735
1644s;12.1;91.0%;13.00000;145.00000;26;120;128.00000;1770196;3211622
1645s;12.1;91.0%;13.00000;145.00000;71;65;25.14980;1771289;3212747
1652s;12.1;91.0%;13.00000;145.00000;45;83;132.00599;1773636;3217611
1660s;12.1;91.0%;13.00000;145.00000;91;64;47.02962;1781046;3218022
1667s;12.1;91.0%;13.00000;145.00000;79;62;14.99021;1781335;3230967
1670s;12.1;91.0%;13.00000;145.00000;79;63;14.99021;1785970;3231473
1676s;12.1;91.0%;13.00000;145.00000;69;63;40.06182;1790835;3246502
1680s;12.1;91.0%;13.00000;145.00000;46;96;83.00000;1796267;3256892
1688s;12.1;91.0%;13.00000;145.00000;75;64;17.00000;1801617;3268352
1691s;12.1;91.0%;13.00000;145.00000;51;84;64.01786;1804579;3271064
1695s;12.1;91.0%;13.00000;145.00000;52;66;59.00000;1809848;3281061
1700s;12.1;91.0%;13.00000;145.00000;58;88;90.58870;1816391;3293084
1709s;12.1;91.0%;13.00000;145.00000;31;100;143.00000;1822307;3304847
1714s;12.1;91.0%;13.00000;145.00000;64;87;104.50045;1828294;3305839
1716s;12.1;91.0%;13.00000;145.00000;54;64;38.00000;1828852;3316802
1720s;12.1;91.0%;13.00000;145.00000;77;69;40.00000;1833414;3324909
1725s;12.1;91.0%;13.00000;145.00000;47;78;117.00000;1834163;3325928
1731s;12.1;91.0%;13.00000;145.00000;64;61;52.45161;1839690;3335876
1737s;12.1;91.0%;13.00000;145.00000;46;74;112.00000;1839701;3337183
1742s;12.1;91.0%;13.00000;145.00000;57;69;101.52241;1841349;3338812
1746s;12.1;91.0%;13.00000;145.00000;62;70;62.00000;1846010;3343209
1751s;12.1;91.0%;13.00000;145.00000;38;101;127.00000;1850803;3353203
1757s;12.1;91.0%;13.00000;145.00000;79;69;16.00000;1853446;3361177
1760s;12.1;91.0%;13.00000;145.00000;50;96;106.07944;1856240;3365039
1765s;12.0;91.0%;13.00000;145.00000;32;109;100.00000;1862324;3376074
1770s;12.0;91.0%;13.00000;145.00000;57;66;75.00000;1869104;3386722
1776s;12.0;91.0%;13.00000;145.00000;38;83;93.00000;1870760;3391981
1787s;12.0;91.0%;13.00000;145.00000;26;114;136.00000;1879816;3392194
1794s;12.1;91.0%;13.00000;145.00000;66;71;46.56346;1880144;3408210
1797s;12.1;91.0%;13.00000;145.00000;35;81;133.02907;1883943;3408820
1800s;12.0;91.0%;13.00000;145.00000;48;76;85.06509;1886432;3416073
1805s;12.0;91.0%;13.00000;145.00000;29;97;141.00000;1893305;3430496
1810s;12.0;91.0%;13.00000;145.00000;42;90;132.00000;1894918;3433212
1815s;12.0;91.0%;13.00000;145.00000;47;92;136.44602;1900860;3444781
1820s;12.0;91.0%;13.00000;145.00000;40;86;100.10542;1907888;3457389
1826s;12.0;91.0%;13.00000;145.00000;81;63;39.12167;1908051;3460048
1833s;12.0;91.0%;13.00000;145.00000;80;64;39.12167;1916818;3460324
1835s;12.0;91.0%;13.00000;145.00000;68;57;52.00000;1916818;3474338
1840s;12.0;91.0%;13.00000;145.00000;62;93;74.04993;1922249;3481215
1846s;12.0;91.0%;13.00000;145.00000;26;119;107.00000;1924859;3490877
1850s;12.0;91.0%;13.00000;145.00000;42;87;140.03405;1929858;3497008
1857s;12.0;91.0%;13.00000;145.00000;36;91;136.00000;1930306;3501021
1862s;12.0;91.0%;13.00000;145.00000;37;92;136.00000;1930314;3501042
1865s;12.0;91.0%;13.00000;145.00000;76;56;17.00000;1932731;3503241
1870s;12.0;91.0%;13.00000;145.00000;48;78;124.00000;1938595;3512390
1876s;12.0;91.0%;13.00000;145.00000;31;93;138.00000;1945388;3524456
1881s;12.0;91.0%;13.00000;145.00000;40;90;98.21591;1945399;3528471
1885s;12.0;91.0%;13.00000;145.00000;63;72;51.00000;1950198;3533645
1891s;12.0;91.0%;13.00000;145.00000;49;80;60.16471;1958067;3546994
1896s;12.0;91.0%;13.00000;145.00000;44;83;117.00000;1958794;3552119
1902s;12.0;91.0%;13.00000;145.00000;57;83;124.18592;1960346;3555541
1905s;12.0;91.0%;13.00000;145.00000;62;63;47.14032;1963559;3557718
1910s;12.0;91.0%;13.00000;145.00000;65;67;34.26211;1963640;3561627
1915s;12.0;91.0%;13.00000;145.00000;73;65;13.03587;1969919;3569769
1920s;12.0;91.0%;13.00000;145.00000;83;74;31.00000;1974674;3578251
1928s;12.0;91.0%;13.00000;145.00000;31;96;143.00000;1978130;3587948
1930s;12.0;91.0%;13.00000;145.00000;63;66;50.00000;1980258;3588898
1935s;12.0;91.0%;13.00000;145.00000;105;infeasible;1986098;3599508
1940s;12.0;91.0%;13.00000;145.00000;43;95;124.23303;1992837;3611800
1947s;12.0;91.0%;13.00000;145.00000;83;64;14.00000;1994102;3616733
1950s;12.0;91.0%;13.00000;145.00000;68;66;33.31213;1997957;3618567
1955s;12.0;91.0%;13.00000;145.00000;34;117;113.00000;2002349;3628164
1960s;12.0;91.0%;13.00000;145.00000;57;85;54.00000;2007650;3637018
1965s;12.0;91.0%;13.00000;145.00000;29;88;142.00000;2013608;3649301
1977s;12.0;91.0%;13.00000;145.00000;36;100;94.02270;2013619;3652143
1980s;12.0;91.0%;13.00000;145.00000;68;74;37.00000;2017108;3655410
1986s;12.0;91.0%;13.00000;145.00000;69;69;63.00000;2017147;3658396
1996s;12.0;91.0%;13.00000;145.00000;60;70;68.15821;2026350;3658460
2004s;12.0;91.0%;13.00000;145.00000;41;98;99.01786;2026881;3674476
2007s;12.0;91.0%;13.00000;145.00000;44;99;99.01786;2029912;3675522
2011s;12.0;91.0%;13.00000;145.00000;49;63;73.00000;2033805;3684580
2015s;12.0;91.0%;13.00000;145.00000;49;83;88.75000;2039565;3695387
2025s;12.0;91.0%;13.00000;145.00000;84;62;19.96074;2045158;3707768
2030s;12.0;91.0%;13.00000;145.00000;50;85;130.00000;2051993;3717438
2036s;12.0;91.0%;13.00000;145.00000;64;80;37.11732;2058417;3729563
2040s;12.0;91.0%;13.00000;145.00000;46;64;65.07602;2063437;3739712
2045s;12.0;91.0%;13.00000;145.00000;65;87;92.34073;2064782;3743760
2052s;12.0;91.0%;13.00000;145.00000;68;69;30.00000;2072664;3749023
2055s;12.0;91.0%;13.00000;145.00000;75;infeasible;2074146;3758315
2061s;12.0;91.0%;13.00000;145.00000;75;61;52.27731;2081066;3769318
2067s;12.0;91.0%;13.00000;145.00000;51;83;98.00000;2081087;3773526
2070s;12.0;91.0%;13.00000;145.00000;57;infeasible;2084946;3779349
2076s;12.0;91.0%;13.00000;145.00000;64;55;26.25000;2091577;3790122
2081s;12.0;91.0%;13.00000;145.00000;84;54;13.00000;2097753;3797776
2086s;12.0;91.0%;13.00000;145.00000;57;71;90.00000;2097886;3801807
2090s;12.0;91.0%;13.00000;145.00000;74;53;15.00000;2102365;3806461
2100s;12.0;91.0%;13.00000;145.00000;52;65;124.00000;2105746;3815219
2105s;12.0;91.0%;13.00000;145.00000;57;66;124.05811;2105768;3815245
2111s;12.0;91.0%;13.00000;145.00000;58;82;117.00000;2112651;3823262
2120s;12.0;91.0%;13.00000;145.00000;46;71;117.00000;2115634;3832432
2131s;12.0;91.0%;13.00000;145.00000;72;infeasible;2125266;3832516
2140s;12.0;91.0%;13.00000;145.00000;37;80;132.00000;2126135;3848532
2146s;12.0;91.0%;13.00000;145.00000;42;83;69.01786;2132420;3857480
2150s;12.0;91.0%;13.00000;145.00000;92;76;41.00000;2136395;3866849
2159s;12.0;91.0%;13.00000;145.00000;60;59;86.07182;2143496;3879296
2162s;12.0;91.0%;13.00000;145.00000;107;infeasible;2147586;3881856
2165s;12.0;91.0%;13.00000;145.00000;136;infeasible;2150077;3889185
2170s;12.0;91.0%;13.00000;145.00000;74;71;30.00000;2156303;3899941
2179s;12.0;91.0%;13.00000;145.00000;60;77;57.00000;2160449;3912206
2180s;12.0;91.0%;13.00000;145.00000;73;78;58.00000;2160939;3912379
2185s;12.0;91.0%;13.00000;145.00000;34;88;136.00000;2166554;3922203
2191s;12.0;91.0%;13.00000;145.00000;54;69;69.00000;2173402;3932204
2200s;12.0;91.0%;13.00000;145.00000;51;93;82.07738;2177466;3942248
2206s;12.0;91.0%;13.00000;145.00000;55;78;111.00000;2184154;3950721
2210s;12.0;91.0%;13.00000;145.00000;27;84;112.00000;2189202;3960858
2217s;12.0;91.0%;13.00000;145.00000;56;80;51.00000;2190975;3964803
2224s;12.0;91.0%;13.00000;145.00000;39;67;95.10981;2191228;3966614
2226s;12.0;91.0%;13.00000;145.00000;92;infeasible;2193267;3967030
2232s;12.0;91.0%;13.00000;145.00000;56;75;88.76694;2198539;3970371
2239s;12.0;91.0%;13.00000;145.00000;25;124;122.00000;2198717;3980034
2240s;12.0;91.0%;13.00000;145.00000;43;80;101.00000;2199755;3980353
2245s;12.0;91.0%;13.00000;145.00000;84;52;13.00000;2205350;3988301
2255s;12.0;91.0%;13.00000;145.00000;83;59;13.57645;2209689;4000263
2261s;12.0;91.0%;13.00000;145.00000;55;80;68.62557;2217479;4010247
2265s;12.0;91.0%;13.00000;145.00000;60;85;42.00000;2221323;4018423
2275s;12.0;91.0%;13.00000;145.00000;84;60;13.00000;2226594;4030614
2281s;12.0;91.0%;13.00000;145.00000;52;76;107.25000;2232977;4039365
2286s;12.0;91.0%;13.00000;145.00000;75;66;28.00000;2238027;4049536
2293s;12.0;91.0%;13.00000;145.00000;41;78;95.00000;2239316;4053155
2298s;12.0;91.0%;13.00000;145.00000;33;98;111.00000;2244137;4054253
2300s;12.0;91.0%;13.00000;145.00000;43;94;133.06658;2244747;4063150
2305s;12.0;91.0%;13.00000;145.00000;51;73;111.00000;2250382;4072253
2315s;12.0;91.0%;13.00000;145.00000;49;100;84.30357;2254904;4082876
2320s;12.0;91.0%;13.00000;145.00000;60;80;97.42222;2260252;4089910
2325s;12.0;91.0%;13.00000;145.00000;34;103;139.05143;2265056;4100922
2330s;12.0;91.0%;13.00000;145.00000;43;80;124.12941;2272033;4111654
2338s;12.0;91.0%;13.00000;145.00000;78;63;24.07019;2274221;4115873
2341s;12.0;91.0%;13.00000;145.00000;48;83;88.09935;2277767;4118466
2350s;12.0;91.0%;13.00000;145.00000;33;92;95.00000;2278430;4125909
2356s;12.0;91.0%;13.00000;145.00000;31;93;95.00000;2278494;4125926
2360s;12.0;91.0%;13.00000;145.00000;53;90;74.30524;2283008;4128876
2365s;12.0;91.0%;13.00000;145.00000;53;86;111.97619;2286722;4138271
2370s;12.0;91.0%;13.00000;145.00000;28;127;132.00000;2293009;4149708
2378s;12.0;91.0%;13.00000;145.00000;45;96;142.02353;2295222;4156392
2380s;12.0;91.0%;13.00000;145.00000;75;67;51.08763;2297462;4157720
2385s;12.0;91.0%;13.00000;145.00000;96;70;13.00000;2303157;4168565
2396s;12.0;91.0%;13.00000;145.00000;45;70;117.00000;2307532;4179866
2400s;12.0;91.0%;13.00000;145.00000;48;86;137.00000;2311916;4185252
2405s;12.0;91.0%;13.00000;145.00000;60;77;69.00000;2317149;4194688
2411s;12.0;91.0%;13.00000;145.00000;60;77;34.00000;2322816;4204260
2417s;12.0;91.0%;13.00000;145.00000;48;58;69.00000;2322824;4208407
2421s;12.0;91.0%;13.00000;145.00000;84;55;14.14329;2326973;4213378
2425s;12.0;91.0%;13.00000;145.00000;45;97;128.00000;2331118;4220518
2430s;12.0;91.0%;13.00000;145.00000;83;cutoff;2335654;4231181
2437s;12.0;91.0%;13.00000;145.00000;58;67;69.00000;2339523;4238705
2440s;12.0;91.0%;13.00000;145.00000;63;infeasible;2341895;4242270
2445s;12.0;91.0%;13.00000;145.00000;44;78;109.03529;2347575;4248809
2450s;12.0;91.0%;13.00000;145.00000;61;76;89.06346;2352836;4260142
2455s;12.0;91.0%;13.00000;145.00000;75;68;32.00000;2352997;4262903
2460s;12.0;91.0%;13.00000;145.00000;65;64;52.00000;2357125;4269748
2470s;12.0;91.0%;13.00000;145.00000;34;100;114.00000;2360247;4276637
2476s;12.0;91.0%;13.00000;145.00000;36;101;114.00000;2360322;4276655
2480s;12.0;91.0%;13.00000;145.00000;84;63;29.00073;2363821;4279560
2485s;12.0;91.0%;13.00000;145.00000;63;69;32.00000;2368840;4288999
2494s;12.0;91.0%;13.00000;145.00000;27;92;128.00000;2371119;4297173
2495s;12.0;91.0%;13.00000;145.00000;57;61;110.03405;2371934;4297798
2500s;12.0;91.0%;13.00000;145.00000;82;71;26.00000;2376934;4304958
2507s;12.0;91.0%;13.00000;145.00000;54;102;127.00000;2383803;4316560
2510s;12.0;91.0%;13.00000;145.00000;33;108;111.00000;2387847;4324525
2515s;12.0;91.0%;13.00000;145.00000;61;69;23.10615;2387917;4327644
2520s;12.0;91.0%;13.00000;145.00000;45;74;127.11097;2392538;4332943
2525s;12.0;91.0%;13.00000;145.00000;77;71;77.00000;2398351;4344344
2531s;12.0;91.0%;13.00000;145.00000;84;infeasible;2398519;4346820
2536s;12.0;91.0%;13.00000;145.00000;60;72;63.79167;2402761;4351430
2541s;12.0;91.0%;13.00000;145.00000;83;56;13.02837;2408438;4361469
2546s;12.0;91.0%;13.00000;145.00000;84;70;14.19869;2413869;4371931
2555s;12.0;91.0%;13.00000;145.00000;62;75;69.00000;2417313;4381225
2560s;12.0;91.0%;13.00000;145.00000;65;81;81.00000;2422308;4386372
2565s;12.0;91.0%;13.00000;145.00000;37;108;116.00000;2427893;4397615
2573s;12.0;91.0%;13.00000;145.00000;52;81;66.01664;2431003;4404556
2577s;12.0;91.0%;13.00000;145.00000;48;79;82.00000;2434785;4406634
2580s;12.0;91.0%;13.00000;145.00000;58;70;35.00000;2438257;4415108
2585s;12.0;91.0%;13.00000;145.00000;38;95;141.00523;2441649;4423983
2595s;12.0;91.0%;13.00000;145.00000;104;infeasible;2444484;4430898
2600s;12.0;91.0%;13.00000;145.00000;102;infeasible;2444523;4430920
2611s;12.0;91.0%;13.00000;145.00000;68;55;27.50000;2449230;4438858
2616s;12.0;91.0%;13.00000;145.00000;44;84;138.07059;2450844;4440370
2620s;12.0;91.0%;13.00000;145.00000;58;74;66.00000;2454080;4447006
2626s;12.0;91.0%;13.00000;145.00000;44;74;76.00000;2460032;4456411
2633s;12.0;91.0%;13.00000;145.00000;67;64;15.00000;2460625;4459753
2635s;12.0;91.0%;13.00000;145.00000;71;66;27.07213;2462737;4462805
2641s;12.0;91.0%;13.00000;145.00000;73;62;57.32125;2468972;4470704
2645s;12.0;91.0%;13.00000;145.00000;63;71;48.93328;2473713;4480970
2652s;12.0;91.0%;13.00000;145.00000;31;104;113.00000;2474180;4484884
2655s;12.0;91.0%;13.00000;145.00000;75;58;28.24728;2476488;4488529
2660s;12.0;91.0%;13.00000;145.00000;81;55;28.00000;2481171;4497479
2665s;12.0;91.0%;13.00000;145.00000;73;74;32.06399;2486205;4504661
2674s;12.0;91.0%;13.00000;145.00000;36;85;123.11097;2489816;4513976
2685s;12.0;91.0%;13.00000;145.00000;31;86;124.00000;2498849;4514248
2693s;12.0;91.0%;13.00000;145.00000;51;81;108.01786;2499170;4530264
2696s;12.0;91.0%;13.00000;145.00000;57;80;46.00000;2502289;4530836
2700s;12.0;91.0%;13.00000;145.00000;27;88;137.00000;2505886;4540471
2705s;12.0;91.0%;13.00000;145.00000;89;75;14.14508;2511651;4551245
2713s;12.0;91.0%;13.00000;145.00000;109;infeasible;2513197;4556558
2716s;12.0;91.0%;13.00000;145.00000;80;61;13.00000;2516447;4558761
2725s;12.0;91.0%;13.00000;145.00000;51;77;63.13043;2517824;4565075
2734s;12.0;91.0%;13.00000;145.00000;36;99;129.09357;2522019;4572532
2735s;12.0;91.0%;13.00000;145.00000;99;infeasible;2522565;4572778
2742s;12.0;91.0%;13.00000;145.00000;56;65;65.00000;2530263;4581343
2745s;12.0;91.0%;13.00000;145.00000;44;92;80.00000;2532221;4587580
2755s;12.0;91.0%;13.00000;145.00000;79;72;34.12496;2536366;4598679
2760s;12.0;91.0%;13.00000;145.00000;118;infeasible;2541337;4603745
2765s;12.0;91.0%;13.00000;145.00000;71;70;24.71429;2547324;4615571
2776s;12.0;91.0%;13.00000;145.00000;51;87;76.01829;2551186;4625432
2790s;12.0;91.0%;13.00000;145.00000;111;infeasible;2560209;4625637
2799s;12.0;91.0%;13.00000;145.00000;36;104;95.00000;2560735;4641653
2803s;12.0;91.0%;13.00000;145.00000;36;105;101.00000;2565077;4642658
2806s;12.0;91.0%;13.00000;145.00000;93;51;22.00000;2567214;4650914
2813s;12.0;91.0%;13.00000;145.00000;59;62;51.00000;2568500;4657257
2816s;12.0;91.0%;13.00000;145.00000;76;78;39.27937;2571353;4660157
2820s;12.0;91.0%;13.00000;145.00000;31;105;123.00000;2575896;4668631
2825s;12.0;91.0%;13.00000;145.00000;66;66;46.00000;2581348;4678961
2830s;12.0;91.0%;13.00000;145.00000;74;86;54.00000;2587772;4691137
2836s;12.0;91.0%;13.00000;145.00000;63;85;56.00000;2587906;4693552
2845s;12.0;91.0%;13.00000;145.00000;58;86;56.31722;2596562;4693817
2850s;11.9;91.0%;13.00000;145.00000;64;75;106.00000;2599492;4712857
2855s;11.9;91.0%;13.00000;145.00000;78;63;21.46518;2604518;4716984
2863s;11.9;91.0%;13.00000;145.00000;69;71;93.00000;2605938;4727383
2865s;11.9;91.0%;13.00000;145.00000;44;94;89.00000;2607637;4728148
2875s;11.9;91.0%;13.00000;145.00000;40;97;107.00000;2609133;4733538
2882s;11.9;91.0%;13.00000;145.00000;75;72;65.08002;2609597;4734323
2885s;12.0;91.0%;13.00000;145.00000;78;63;15.15784;2612757;4736467
2891s;11.9;91.0%;13.00000;145.00000;66;66;38.09086;2618465;4747580
2895s;11.9;91.0%;13.00000;145.00000;65;infeasible;2623038;4757100
2906s;11.9;91.0%;13.00000;145.00000;72;80;62.07130;2626719;4764723
2913s;11.9;91.0%;13.00000;145.00000;14;105;135.00000;2627612;4766118
2915s;11.9;91.0%;13.00000;145.00000;71;62;48.72485;2630018;4766462
2920s;11.9;91.0%;13.00000;145.00000;48;73;103.00000;2634304;4775456
2929s;11.9;91.0%;13.00000;145.00000;69;83;57.00000;2636445;4782626
2931s;12.0;91.0%;13.00000;145.00000;70;64;20.00000;2638811;4783665
2935s;12.0;91.0%;13.00000;145.00000;55;71;59.00000;2642553;4790837
2941s;12.0;91.0%;13.00000;145.00000;33;89;138.86364;2648724;4800607
2947s;12.0;91.0%;13.00000;145.00000;64;65;33.00000;2648741;4805103
2950s;12.0;91.0%;13.00000;145.00000;46;75;62.00000;2651381;4806741
2955s;12.0;91.0%;13.00000;145.00000;69;70;35.19096;2657178;4819779
2966s;11.9;91.0%;13.00000;145.00000;75;68;14.61598;2661086;4827990
2970s;12.0;91.0%;13.00000;145.00000;72;69;56.00000;2665185;4832429
2975s;11.9;91.0%;13.00000;145.00000;74;63;27.00000;2670038;4843548
2980s;11.9;91.0%;13.00000;145.00000;81;infeasible;2673917;4851588
2987s;11.9;91.0%;13.00000;145.00000;63;83;85.00000;2675400;4855026
2992s;11.9;91.0%;13.00000;145.00000;39;94;100.00000;2678846;4859277
2996s;11.9;91.0%;13.00000;145.00000;81;55;17.50000;2683409;4865442
3005s;11.9;91.0%;13.00000;145.00000;38;69;125.00000;2683410;4869489
3011s;11.9;91.0%;13.00000;145.00000;70;infeasible;2683441;4869513
3015s;12.0;91.0%;13.00000;145.00000;51;75;97.00000;2687025;4872508
3026s;12.0;91.0%;13.00000;145.00000;87;infeasible;2689897;4881295
3031s;12.0;91.0%;13.00000;145.00000;45;82;111.00000;2694666;4885906
3035s;12.0;91.0%;13.00000;145.00000;37;95;140.00000;2698161;4893949
3040s;12.0;91.0%;13.00000;145.00000;90;infeasible;2702629;4902667
3045s;12.0;91.0%;13.00000;145.00000;59;95;79.00000;2707062;4909258
3052s;12.0;91.0%;13.00000;145.00000;65;infeasible;2707067;4913527
3055s;12.0;91.0%;13.00000;145.00000;45;78;98.09432;2711070;4917329
3060s;12.0;91.0%;13.00000;145.00000;68;64;76.70272;2716065;4927035
3070s;12.0;91.0%;13.00000;145.00000;79;57;35.00000;2719135;4935580
3075s;12.0;91.0%;13.00000;145.00000;56;96;127.52897;2724174;4941663
3080s;12.0;91.0%;13.00000;145.00000;74;66;52.00000;2728595;4949275
3086s;12.0;91.0%;13.00000;145.00000;26;102;128.00000;2734483;4960487
3092s;12.0;91.0%;13.00000;145.00000;72;62;25.00000;2734517;4963622
3096s;12.0;91.0%;13.00000;145.00000;38;95;130.00000;2737888;4966969
3101s;12.0;91.0%;13.00000;145.00000;78;65;34.93920;2743052;4973961
3111s;12.0;91.0%;13.00000;145.00000;52;87;101.00000;2746190;4984578
3115s;12.0;91.0%;13.00000;145.00000;54;81;94.00000;2749863;4990449
3122s;12.0;91.0%;13.00000;145.00000;46;71;110.00000;2756151;4997921
3125s;12.0;91.0%;13.00000;145.00000;69;infeasible;2759915;5006927
3130s;12.0;91.0%;13.00000;145.00000;91;infeasible;2764131;5013264
3145s;12.0;91.0%;13.00000;145.00000;53;75;120.09543;2764138;5016762
3152s;12.0;91.0%;13.00000;145.00000;52;71;112.01786;2771257;5020904
3161s;12.0;91.0%;13.00000;145.00000;35;96;135.00000;2771268;5029124
3166s;12.0;91.0%;13.00000;145.00000;62;76;92.00000;2775145;5033241
3170s;12.0;91.0%;13.00000;145.00000;66;77;47.00000;2779528;5039964
3176s;12.0;91.0%;13.00000;145.00000;57;79;88.00000;2785011;5050982
3185s;12.0;91.0%;13.00000;145.00000;63;88;98.00556;2787042;5058340
3190s;12.0;91.0%;13.00000;145.00000;78;infeasible;2792347;5064376
3196s;12.0;91.0%;13.00000;145.00000;44;82;130.00000;2797542;5075230
3200s;12.0;91.0%;13.00000;145.00000;68;59;28.00000;2802076;5084486
3208s;12.0;91.0%;13.00000;145.00000;71;77;39.21915;2803329;5085652
3212s;12.0;91.0%;13.00000;145.00000;67;89;47.21915;2807402;5087915
3216s;12.0;91.0%;13.00000;145.00000;52;99;115.09504;2810416;5096955
3222s;12.0;91.0%;13.00000;145.00000;45;107;105.00000;2815352;5105741
3225s;12.0;91.0%;13.00000;145.00000;65;77;36.11504;2818748;5113644
3233s;12.0;91.0%;13.00000;145.00000;57;78;108.35294;2819260;5117095
3235s;12.0;91.0%;13.00000;145.00000;48;73;81.00000;2821313;5120138
3241s;12.0;91.0%;13.00000;145.00000;67;71;70.03405;2826895;5127202
3245s;12.0;91.0%;13.00000;145.00000;68;65;37.39018;2830639;5135550
3250s;12.0;91.0%;13.00000;145.00000;49;87;108.00000;2835607;5144200
3256s;12.0;91.0%;13.00000;145.00000;73;55;40.00599;2835651;5147148
3260s;12.0;91.0%;13.00000;145.00000;66;74;52.25404;2838868;5151803
3265s;12.0;91.0%;13.00000;145.00000;62;infeasible;2843890;5161013
3277s;12.0;91.0%;13.00000;145.00000;86;63;23.11600;2848141;5169228
3300s;12.0;91.0%;13.00000;145.00000;86;62;13.00000;2857567;5169250
3308s;12.0;91.0%;13.00000;145.00000;56;77;46.00000;2862960;5185266
3317s;12.0;91.0%;13.00000;145.00000;54;80;81.00000;2863054;5194850
3326s;12.0;91.0%;13.00000;145.00000;46;81;103.00000;2871582;5195011
3337s;12.0;91.0%;13.00000;145.00000;46;98;140.01676;2871661;5211027
3341s;12.0;91.0%;13.00000;145.00000;57;91;91.00000;2876813;5216510
3345s;12.0;91.0%;13.00000;145.00000;61;83;119.00000;2881128;5225609
3355s;12.0;91.0%;13.00000;145.00000;81;61;23.27907;2885332;5235999
3360s;12.0;91.0%;13.00000;145.00000;63;85;76.15703;2890103;5242115
3365s;12.0;91.0%;13.00000;145.00000;88;63;31.92926;2895839;5253170
3370s;12.0;91.0%;13.00000;145.00000;87;infeasible;2900996;5260895
3377s;12.0;91.0%;13.00000;145.00000;92;infeasible;2902231;5267314
3380s;12.0;91.0%;13.00000;145.00000;33;105;128.00000;2904985;5269933
3385s;12.0;91.0%;13.00000;145.00000;72;80;55.88493;2910577;5279860
3391s;12.0;91.0%;13.00000;145.00000;105;infeasible;2915837;5289920
3399s;12.0;91.0%;13.00000;145.00000;76;76;36.83040;2917557;5296090
3400s;12.0;91.0%;13.00000;145.00000;40;84;113.00000;2919310;5296738
3412s;12.0;91.0%;13.00000;145.00000;34;94;142.23450;2921119;5302744
3417s;12.0;91.0%;13.00000;145.00000;71;67;19.00000;2925816;5304844
3426s;12.0;91.0%;13.00000;145.00000;91;57;13.00000;2925826;5311261
3430s;12.0;91.0%;13.00000;145.00000;74;61;39.29699;2929179;5316351
3437s;12.0;91.0%;13.00000;145.00000;55;65;27.00000;2935459;5324987
3440s;12.0;91.0%;13.00000;145.00000;42;104;134.00000;2938880;5332418
3446s;12.0;91.0%;13.00000;145.00000;36;65;96.00000;2944027;5341152
3456s;12.0;91.0%;13.00000;145.00000;90;infeasible;2947064;5349372
3461s;12.0;91.0%;13.00000;145.00000;72;71;28.27168;2951752;5354978
3466s;12.0;91.0%;13.00000;145.00000;68;80;51.26138;2955429;5363940
3471s;12.0;91.0%;13.00000;145.00000;64;80;75.35758;2959791;5369497
3478s;12.0;91.0%;13.00000;145.00000;55;72;53.06433;2959896;5373703
3481s;12.0;91.0%;13.00000;145.00000;60;63;41.00000;2962008;5374744
3485s;12.0;91.0%;13.00000;145.00000;78;infeasible;2965759;5383913
3491s;12.0;91.0%;13.00000;145.00000;66;67;90.10019;2971921;5391310
3498s;12.0;91.0%;13.00000;145.00000;72;72;72.00000;2971954;5395941
3501s;12.0;91.0%;13.00000;145.00000;41;103;122.00000;2974383;5397489
3505s;12.0;91.0%;13.00000;145.00000;70;83;61.07768;2978486;5404698
3512s;12.0;91.0%;13.00000;145.00000;68;75;55.37284;2984757;5415016
3519s;12.0;91.0%;13.00000;145.00000;79;59;35.50000;2984768;5419105
3520s;12.0;91.0%;13.00000;145.00000;34;86;120.00000;2985890;5419819
3526s;12.0;91.0%;13.00000;145.00000;51;64;82.81784;2991566;5428410
3537s;12.0;91.0%;13.00000;145.00000;72;71;45.00000;2993263;5434520
3545s;12.0;91.0%;13.00000;145.00000;68;72;54.33576;2993276;5434543
3552s;12.0;91.0%;13.00000;145.00000;58;67;96.23977;2998674;5437315
3556s;12.0;91.0%;13.00000;145.00000;82;62;19.00000;3001570;5445585
3561s;12.0;91.0%;13.00000;145.00000;61;86;137.12982;3005890;5454471
3565s;12.0;91.0%;13.00000;145.00000;42;101;84.00000;3009760;5459912
3573s;12.0;91.0%;13.00000;145.00000;71;60;37.00000;3009777;5464968
3575s;12.0;91.0%;13.00000;145.00000;47;76;69.00000;3012388;5466026
3580s;12.0;91.0%;13.00000;145.00000;39;88;124.46734;3013362;5469770
3585s;12.0;91.0%;13.00000;145.00000;33;105;110.00000;3017501;5476366
3590s;12.0;91.0%;13.00000;145.00000;58;77;68.00000;3021835;5481034
3598s;12.0;91.0%;13.00000;145.00000;108;infeasible;3021840;5488249
3600s;12.0;91.0%;13.00000;145.00000;69;67;44.00000;3022866;5489103