0s;-;8.42%;5853.00019;6391.0000000;0;0;H
0s;-;8.42%;5853.00019;6391.00000;22;0;5853.00019;0;0
0s;-;8.40%;5854.00000;6391.00000;72;0;5854.00000;0;0
0s;-;8.40%;5854.00000;6391.00000;73;0;5854.00000;0;0
0s;-;8.40%;5854.00000;6391.00000;78;0;5854.00000;0;0
1s;-;8.40%;5854.01422;6391.00000;40;0;5854.01422;0;0
1s;-;8.40%;5854.01422;6391.00000;76;0;5854.01422;0;0
1s;-;8.22%;5865.34838;6391.00000;75;0;5865.34838;0;0
1s;-;8.22%;5865.43631;6391.00000;79;0;5865.43631;0;0
1s;-;8.22%;5865.43631;6391.00000;87;0;5865.43631;0;0
1s;-;8.22%;5865.43631;6391.00000;76;0;5865.43631;0;0
1s;-;8.22%;5865.43631;6391.00000;82;0;5865.43631;0;0
1s;-;8.22%;5865.43631;6391.00000;78;0;5865.43631;0;0
1s;-;8.22%;5865.43631;6391.00000;77;0;5865.43631;0;0
2s;-;8.22%;5865.43631;6391.00000;35;0;5865.43631;0;0
2s;-;8.22%;5865.43631;6391.00000;79;0;5865.43631;0;0
2s;-;8.17%;5868.87381;6391.00000;30;0;5868.87381;0;0
2s;-;8.17%;5868.87381;6391.00000;87;0;5868.87381;0;0
2s;-;8.15%;5870.43631;6391.00000;75;0;5870.43631;0;0
2s;-;8.14%;5870.58230;6391.00000;97;0;5870.58230;0;0
2s;-;8.14%;5870.58230;6391.00000;97;0;5870.58230;0;0
3s;-;8.14%;5870.58230;6391.00000;88;0;5870.58230;0;0
3s;-;8.14%;5870.58230;6391.00000;99;0;5870.58230;0;0
3s;-;8.14%;5870.58230;6391.00000;98;0;5870.58230;0;0
3s;-;8.14%;5870.58230;6391.00000;98;0;5870.58230;0;0
3s;-;8.14%;5870.58230;6391.00000;52;0;5870.58230;0;0
3s;-;8.14%;5870.58230;6391.00000;100;0;5870.58230;0;0
3s;-;8.14%;5870.58230;6391.00000;46;0;5870.58230;0;0
3s;-;8.14%;5870.58230;6391.00000;83;0;5870.58230;0;0
4s;-;8.14%;5870.58230;6391.00000;53;0;5870.58230;0;0
4s;-;8.14%;5870.58230;6391.00000;100;0;5870.58230;0;0
4s;-;8.14%;5870.58230;6391.00000;49;0;5870.58230;0;0
4s;-;8.14%;5870.58230;6391.00000;49;0;5870.58230;0;0
4s;-;8.14%;5870.58230;6391.00000;34;0;5870.58230;2;0
4s;25.0;7.66%;5895.02439;6384.0000000;215;190;H
4s;18.3;7.46%;5895.02439;6370.0000000;309;298;H
5s;14.5;7.44%;5896.00000;6370.00000;69;infeasible;622;712
5s;14.5;7.03%;5896.00000;6342.0000000;620;719;H
5s;14.5;6.74%;5896.00000;6322.0000000;618;723;H
7s;1.6;6.54%;5905.00000;6318.0000000;1607;H14125
9s;1.6;5.59%;5957.04265;6310.0000000;1534;H14137
10s;1.6;5.49%;5963.49784;6310.00000;171;34;6123.00000;1538;14142
10s;1.6;5.15%;5976.26287;6301.0000000;1464;H14149
10s;1.6;4.91%;5976.26287;6285.0000000;1390;H14149
11s;3.4;4.46%;5981.62527;6261.0000000;1393;H14241
12s;3.7;4.29%;5981.62527;6250.0000000;1449;H14431
12s;3.7;4.09%;5981.62527;6237.0000000;1386;H14433
12s;3.9;4.06%;5981.62527;6235.0000000;1517;H14686
12s;4.7;4.05%;5981.62527;6234.0000000;84;1761;*15616
16s;4.7;3.82%;5981.62527;6219.0000000;1578;H15680
16s;4.7;3.29%;5981.62527;6185.0000000;1365;H15684
20s;8.7;3.23%;5985.52397;6185.00000;49;31;6119.17241;3841;20574
25s;10.0;2.92%;6004.16328;6185.00000;130;cutoff;5357;23596
27s;10.5;2.69%;6008.60822;6175.0000000;5800;H25706
27s;10.5;2.68%;6008.60822;6174.0000000;5497;H25878
27s;10.5;2.62%;6008.60822;6170.0000000;5201;H25879
27s;10.5;2.52%;6008.60822;6164.0000000;4917;H25911
30s;12.2;2.23%;6026.46556;6164.00000;108;41;6051.55780;6467;30722
37s;14.0;1.90%;6037.13333;6154.0000000;8471;H39606
37s;14.0;1.87%;6037.13333;6152.0000000;8099;H39616
40s;14.7;1.80%;6041.02096;6152.00000;24;95;6151.00000;11307;44705
45s;15.5;1.74%;6044.91531;6152.00000;54;infeasible;16008;53187
50s;16.1;1.68%;6048.38153;6152.00000;51;40;6129.00000;20225;61123
60s;16.2;1.67%;6049.25397;6152.00000;49;41;6069.31579;20226;63104
65s;16.2;1.67%;6049.25397;6152.00000;203;58;6086.00000;20239;63123
70s;16.2;1.67%;6049.25397;6152.00000;188;38;6079.02446;20246;63134
75s;16.2;1.67%;6049.25397;6152.00000;191;59;6148.00000;20253;63144
75s;16.2;1.65%;6049.25397;6151.0000000;19239;H63144
80s;16.2;1.65%;6049.25397;6151.00000;190;51;6101.00000;19245;63153
85s;16.2;1.65%;6049.25397;6151.00000;178;48;6132.01407;19252;63164
90s;16.2;1.65%;6049.25397;6151.00000;186;37;6069.70434;19259;63174
95s;17.5;1.65%;6049.25397;6151.00000;41;92;6145.00000;19870;64581
100s;19.2;1.65%;6049.25397;6151.00000;33;73;6114.00000;21267;71491
104s;20.3;1.61%;6049.25397;6148.0000000;19695;H76620
105s;20.3;1.61%;6049.25397;6148.00000;87;55;6092.47223;19657;76769
105s;20.3;1.57%;6049.25397;6146.0000000;18432;H76770
110s;21.3;1.57%;6049.25397;6146.00000;72;infeasible;19429;82081
115s;22.2;1.57%;6049.25397;6146.00000;30;64;6139.00000;20123;88976
120s;22.8;1.57%;6049.25397;6146.00000;112;46;6057.74645;20831;95442
125s;23.3;1.57%;6049.25397;6146.00000;16;81;6142.00000;21646;101212
130s;23.7;1.57%;6049.25397;6146.00000;73;58;6142.20996;22251;108337
135s;24.0;1.57%;6049.25397;6146.00000;30;82;6131.00000;22807;112665
141s;24.3;1.57%;6049.25397;6146.00000;52;cutoff;24782;120165
146s;24.5;1.57%;6049.25397;6146.00000;87;52;6091.58000;27070;125839
150s;24.7;1.57%;6049.25397;6146.00000;111;52;6110.18939;29327;131066
155s;24.9;1.57%;6049.25397;6146.00000;105;50;6083.04871;31688;136443
160s;24.9;1.56%;6050.15192;6146.00000;72;58;6072.68647;33783;142269
165s;25.1;1.54%;6051.30539;6146.00000;77;53;6103.68153;35565;147491
170s;25.2;1.53%;6052.14037;6146.00000;34;79;6137.00000;37836;153289
175s;25.2;1.51%;6053.00000;6146.00000;97;50;6094.63478;40066;158950
179s;25.3;1.42%;6053.86888;6141.0000000;33661;H163198
180s;25.3;1.42%;6053.90964;6141.00000;56;cutoff;34339;163409
186s;25.4;1.41%;6054.65185;6141.00000;64;55;6118.63913;36472;169013
191s;25.4;1.39%;6055.42026;6141.00000;39;73;6134.00000;38651;174804
196s;25.4;1.38%;6056.01781;6141.00000;63;infeasible;40322;178942
201s;25.5;1.37%;6056.74787;6141.00000;47;74;6130.00000;42326;184196
205s;25.5;1.36%;6057.35675;6141.00000;58;54;6132.00000;43678;188002
210s;25.6;1.35%;6058.19896;6141.00000;117;50;6063.94584;45688;193581
216s;25.6;1.34%;6058.88871;6141.00000;43;66;6125.00000;47797;199173
220s;25.6;1.33%;6059.44457;6141.00000;93;58;6116.06757;49196;202855
226s;25.6;1.32%;6060.00000;6141.00000;93;57;6072.65027;51906;208416
231s;25.5;1.32%;6060.00673;6141.00000;97;52;6113.11040;53607;212921
236s;25.5;1.31%;6060.64387;6141.00000;113;infeasible;55523;218889
240s;25.5;1.30%;6060.98586;6141.00000;35;71;6132.00000;57018;221760
246s;25.3;1.30%;6061.00000;6141.00000;50;77;6106.00000;59281;226846
252s;25.1;1.30%;6061.00000;6141.00000;26;123;6128.00000;61760;232441
255s;25.0;1.30%;6061.00000;6141.00000;18;87;6130.00000;62604;237234
257s;25.0;1.29%;6061.00000;6140.0000000;61622;H237879
262s;24.8;1.29%;6061.00000;6140.00000;90;infeasible;63308;241935
266s;24.7;1.29%;6061.01813;6140.00000;85;cutoff;64676;246569
270s;24.6;1.28%;6061.12500;6140.00000;78;cutoff;65909;250754
275s;24.6;1.28%;6061.44571;6140.00000;54;cutoff;67517;255773
281s;24.6;1.27%;6061.96184;6140.00000;54;cutoff;69605;259560
284s;24.5;1.19%;6062.00000;6135.0000000;134;59388;*262461
288s;24.5;1.17%;6062.00000;6134.0000000;57202;H264310
288s;24.5;1.16%;6062.00000;6133.0000000;55136;H264377
288s;24.5;1.06%;6062.00000;6127.0000000;46283;H264631
288s;24.5;1.04%;6062.00000;6126.0000000;45094;H264636
290s;24.5;1.04%;6062.00000;6126.00000;71;infeasible;45701;264643
297s;24.5;1.04%;6062.41463;6126.00000;53;cutoff;47416;269819
302s;24.5;1.03%;6062.95337;6126.00000;33;84;6111.00000;49016;273519
305s;24.5;1.03%;6063.00000;6126.00000;37;77;6098.00000;49743;276633
305s;24.4;1.00%;6063.00000;6124.0000000;143;46989;*278025
312s;24.5;0.99%;6063.38636;6124.00000;67;cutoff;48214;282404
314s;24.5;0.95%;6063.60997;6122.0000000;127;46314;*284185
317s;24.5;0.95%;6063.80059;6122.00000;114;49;6110.09323;47128;285818
320s;24.5;0.95%;6064.00000;6122.00000;62;68;6065.71429;47583;289503
326s;24.5;0.94%;6064.29329;6122.00000;66;cutoff;49149;294641
331s;24.6;0.93%;6064.77449;6122.00000;50;62;6070.40618;50293;297748
336s;24.5;0.93%;6065.00000;6122.00000;89;79;6066.77121;51376;301888
340s;24.5;0.93%;6065.31794;6122.00000;141;47;6074.54178;52212;305922
345s;24.6;0.92%;6065.82117;6122.00000;52;cutoff;53130;308850
351s;24.6;0.91%;6066.00000;6122.00000;39;80;6105.00000;55136;313426
355s;24.5;0.91%;6066.20354;6122.00000;125;53;6069.26445;55950;317628
361s;24.6;0.90%;6066.68733;6122.00000;57;59;6113.00000;56815;321078
365s;24.6;0.90%;6066.98212;6122.00000;56;57;6090.00000;57764;322863
372s;24.6;0.90%;6067.00000;6122.00000;50;69;6088.21739;59389;328299
376s;24.6;0.90%;6067.00000;6122.00000;76;infeasible;60351;331243
380s;24.6;0.90%;6067.00000;6122.00000;82;cutoff;61196;334351
388s;24.5;0.90%;6067.00000;6122.00000;79;cutoff;63368;339905
391s;24.5;0.90%;6067.00000;6122.00000;42;83;6113.00000;64098;343052
395s;24.4;0.90%;6067.00000;6122.00000;69;64;6067.00000;64756;345924
401s;24.4;0.90%;6067.00000;6122.00000;28;70;6094.00000;67291;350529
405s;24.3;0.90%;6067.00000;6122.00000;66;77;6071.04539;68278;353497
411s;24.3;0.90%;6067.00000;6122.00000;78;cutoff;69794;358262
415s;24.2;0.90%;6067.01040;6122.00000;92;69;6067.04675;70548;360643
421s;24.2;0.90%;6067.07412;6122.00000;75;infeasible;71510;365826
427s;24.2;0.89%;6067.26499;6122.00000;62;cutoff;72252;369605
430s;24.2;0.89%;6067.39209;6122.00000;66;74;6092.12159;72653;371303
436s;24.3;0.89%;6067.69815;6122.00000;90;72;6074.30357;73771;375169
440s;24.3;0.88%;6067.89700;6122.00000;54;62;6068.00000;74734;377433
445s;24.3;0.88%;6067.99461;6122.00000;55;67;6074.58824;75874;380715
453s;24.2;0.88%;6068.00000;6122.00000;39;74;6091.00000;78042;386958
456s;24.1;0.88%;6068.00000;6122.00000;41;74;6110.00000;79072;390118
462s;24.1;0.88%;6068.00000;6122.00000;70;54;6117.07711;80494;394935
468s;24.1;0.88%;6068.00000;6122.00000;48;75;6102.00000;82043;398919
471s;24.1;0.88%;6068.12409;6122.00000;73;infeasible;82757;401246
476s;24.1;0.88%;6068.19026;6122.00000;71;62;6081.26819;83729;405196
483s;24.1;0.88%;6068.42887;6122.00000;74;51;6069.16667;84736;409181
486s;24.1;0.87%;6068.63178;6122.00000;73;67;6084.00000;85184;411950
490s;24.1;0.87%;6068.71465;6122.00000;26;69;6118.00000;86028;413716
498s;24.1;0.87%;6069.00000;6122.00000;70;cutoff;87710;419659
503s;24.0;0.87%;6069.00000;6122.00000;83;cutoff;88951;422989
507s;24.0;0.87%;6069.00000;6122.00000;31;66;6115.00000;89867;426589
511s;24.0;0.87%;6069.00000;6122.00000;45;72;6089.00000;90839;429076
516s;23.9;0.86%;6069.04809;6122.00000;52;61;6080.56114;91772;434327
517s;23.9;0.83%;6069.05379;6120.0000000;86300;H434866
523s;23.9;0.83%;6069.13222;6120.00000;58;infeasible;87142;437152
526s;23.9;0.83%;6069.24449;6120.00000;32;80;6119.00000;87672;439505
530s;23.9;0.83%;6069.40625;6120.00000;65;infeasible;88425;441340
538s;23.9;0.82%;6069.53985;6120.00000;113;78;6105.26253;89424;446575
542s;24.0;0.82%;6069.87690;6120.00000;43;83;6116.00000;90730;448702
545s;23.9;0.82%;6070.00000;6120.00000;31;118;6091.00000;91948;451964
553s;23.8;0.82%;6070.00000;6120.00000;31;88;6073.00000;94425;457305
557s;23.7;0.82%;6070.00000;6120.00000;13;110;6116.00000;95668;460846
561s;23.6;0.82%;6070.00000;6120.00000;128;cutoff;96997;464055
561s;23.6;0.80%;6070.00000;6119.0000000;141;94564;*467190
563s;23.6;0.70%;6070.00000;6113.0000000;77911;H467462
566s;23.6;0.70%;6070.00000;6113.00000;112;cutoff;79122;467605
572s;23.5;0.70%;6070.00000;6113.00000;25;113;6090.00000;80569;470732
572s;23.5;0.59%;6070.00000;6106.0000000;64743;H470900
575s;23.4;0.56%;6070.00000;6104.0000000;60410;H475163
582s;23.3;0.56%;6070.00000;6104.00000;23;108;6092.00000;61900;479942
585s;23.2;0.56%;6070.00000;6104.00000;35;107;6071.00000;62711;482539
585s;23.2;0.54%;6070.00000;6103.0000000;59887;H482648
592s;23.1;0.54%;6070.00000;6103.00000;52;75;6070.03315;61009;487971
596s;23.1;0.54%;6070.00000;6103.00000;23;99;6094.00000;61844;489881
601s;23.0;0.54%;6070.00000;6103.00000;27;89;6073.11207;63260;492750
605s;22.9;0.54%;6070.00000;6103.00000;142;infeasible;64191;497146
611s;22.8;0.54%;6070.00000;6103.00000;41;92;6101.00000;65804;502591
611s;22.8;0.52%;6070.00000;6102.0000000;142;63373;*503176
615s;22.8;0.52%;6070.00000;6102.00000;89;infeasible;64324;504472
622s;22.7;0.52%;6070.00000;6102.00000;17;94;6094.00000;65966;509697
625s;22.6;0.52%;6070.00000;6102.00000;29;96;6089.00000;66632;512211
631s;22.6;0.52%;6070.00000;6102.00000;19;114;6093.00000;67780;514399
635s;22.5;0.52%;6070.00000;6102.00000;35;87;6070.03072;68186;518372
643s;22.5;0.52%;6070.00000;6102.00000;22;89;6097.00000;69955;523356
647s;22.4;0.52%;6070.00000;6102.00000;80;cutoff;70801;526389
651s;22.4;0.52%;6070.00000;6102.00000;25;123;6095.00000;71411;529299
655s;22.4;0.52%;6070.00000;6102.00000;32;103;6088.00000;72334;531288
664s;22.3;0.52%;6070.00000;6102.00000;35;85;6073.00000;74258;537102
668s;22.2;0.52%;6070.00000;6102.00000;72;cutoff;74961;541037
671s;22.2;0.52%;6070.00000;6102.00000;68;cutoff;75410;543454
675s;22.2;0.52%;6070.00000;6102.00000;26;86;6101.00000;76021;546634
683s;22.1;0.52%;6070.00000;6102.00000;49;109;6097.00000;77813;550460
686s;22.1;0.52%;6070.00000;6102.00000;35;90;6076.00000;78550;553343
690s;22.1;0.52%;6070.00000;6102.00000;39;80;6099.00000;79588;555669
696s;22.1;0.52%;6070.00000;6102.00000;26;97;6073.00000;80751;558746
700s;22.0;0.52%;6070.00000;6102.00000;29;97;6071.00000;81432;564559
703s;22.0;0.43%;6070.00000;6096.0000000;146;65439;*566914
707s;22.0;0.43%;6070.00000;6096.00000;91;cutoff;66063;567310
711s;21.9;0.43%;6070.00000;6096.00000;83;infeasible;66778;569983
711s;21.9;0.41%;6070.00000;6095.0000000;145;63990;*570448
715s;21.9;0.41%;6070.00000;6095.00000;29;83;6070.00000;64704;572563
715s;21.9;0.39%;6070.00000;6094.0000000;140;61788;*572948
722s;21.9;0.39%;6070.00000;6094.00000;54;80;6070.00000;62897;577775
726s;21.9;0.39%;6070.00000;6094.00000;19;105;6089.00000;63811;579872
730s;21.8;0.39%;6070.00000;6094.00000;36;102;6091.01365;64470;583523
738s;21.8;0.39%;6070.00000;6094.00000;57;83;6086.00000;65668;588564
743s;21.8;0.39%;6070.00000;6094.00000;110;infeasible;66061;591177
746s;21.8;0.39%;6070.00000;6094.00000;21;110;6086.00000;66409;593893
750s;21.7;0.39%;6070.00000;6094.00000;105;infeasible;66872;596048
759s;21.7;0.39%;6070.00000;6094.00000;83;cutoff;68621;601215
763s;21.7;0.39%;6070.00000;6094.00000;29;114;6085.00000;69078;604808
767s;21.7;0.39%;6070.00000;6094.00000;59;78;6074.02557;69939;606783
771s;21.7;0.39%;6070.00000;6094.00000;83;cutoff;70575;609632
775s;21.6;0.39%;6070.00000;6094.00000;82;cutoff;70909;612375
784s;21.6;0.39%;6070.00000;6094.00000;89;infeasible;71821;617091
788s;21.6;0.39%;6070.00000;6094.00000;49;82;6078.00000;72108;619767
793s;21.6;0.39%;6070.00000;6094.00000;96;cutoff;72608;622003
798s;21.6;0.39%;6070.00000;6094.00000;82;infeasible;72882;625173
803s;21.6;0.39%;6070.00000;6094.00000;35;95;6070.00000;73306;627921
807s;21.6;0.39%;6070.00000;6094.00000;101;infeasible;73712;630582
811s;21.6;0.39%;6070.00000;6094.00000;57;73;6078.00000;74112;633205
815s;21.6;0.39%;6070.00000;6094.00000;30;82;6091.00000;74688;635342
820s;21.6;0.39%;6070.00000;6094.00000;46;79;6091.00000;75504;638073
828s;21.6;0.39%;6070.00000;6094.00000;89;infeasible;76898;643601
832s;21.6;0.39%;6070.00000;6094.00000;30;81;6092.00000;77323;646477
836s;21.6;0.39%;6070.00000;6094.00000;29;77;6091.00000;78027;648411
841s;21.6;0.39%;6070.00000;6094.00000;90;infeasible;78614;651366
845s;21.6;0.39%;6070.00000;6094.00000;66;76;6070.00000;79170;654182
853s;21.6;0.39%;6070.00000;6094.00000;88;infeasible;80183;659357
857s;21.6;0.39%;6070.00000;6094.00000;43;90;6091.00000;80867;661945
862s;21.6;0.39%;6070.00000;6094.00000;55;95;6078.00000;81659;664266
867s;21.6;0.39%;6070.00000;6094.00000;96;cutoff;82331;667308
871s;21.5;0.39%;6070.00000;6094.00000;41;108;6089.00000;82993;670273
875s;21.5;0.39%;6070.00000;6094.00000;120;cutoff;83591;673159
882s;21.5;0.39%;6070.00000;6094.00000;82;73;6070.02404;84729;678162
885s;21.5;0.39%;6070.00000;6094.00000;47;79;6070.00000;85230;680176
894s;21.5;0.39%;6070.00000;6094.00000;84;infeasible;86414;684956
897s;21.5;0.39%;6070.00000;6094.00000;76;infeasible;86985;687996
901s;21.5;0.39%;6070.00000;6094.00000;47;87;6091.00000;87570;690019
905s;21.5;0.39%;6070.00000;6094.00000;39;92;6070.00000;88136;692061
914s;21.5;0.39%;6070.00000;6094.00000;52;75;6070.00000;89495;697577
919s;21.5;0.39%;6070.00000;6094.00000;94;52;6092.04615;90426;700476
923s;21.5;0.39%;6070.00000;6094.00000;39;74;6078.00000;91404;703685
928s;21.5;0.39%;6070.00000;6094.00000;28;74;6070.00000;92360;706750
932s;21.4;0.39%;6070.00000;6094.00000;16;110;6079.00000;93175;710061
936s;21.4;0.39%;6070.00000;6094.00000;91;cutoff;93624;712858
940s;21.4;0.39%;6070.00000;6094.00000;95;cutoff;94340;714791
948s;21.4;0.39%;6070.00000;6094.00000;92;cutoff;95621;720582
953s;21.3;0.39%;6070.00000;6094.00000;87;cutoff;96318;723379
957s;21.3;0.39%;6070.00000;6094.00000;81;cutoff;96886;726155
962s;21.3;0.39%;6070.00000;6094.00000;40;106;6092.01539;97502;728854
967s;21.3;0.39%;6070.00000;6094.00000;34;75;6070.00000;98264;731470
971s;21.3;0.39%;6070.00000;6094.00000;27;94;6092.00000;99134;734860
976s;21.2;0.39%;6070.00000;6094.00000;100;cutoff;99979;738068
980s;21.2;0.39%;6070.00000;6094.00000;39;98;6077.00000;100677;741026
988s;21.2;0.39%;6070.00000;6094.00000;90;infeasible;101724;746158
992s;21.2;0.39%;6070.00000;6094.00000;95;cutoff;102504;748349
997s;21.2;0.39%;6070.00000;6094.00000;41;100;6090.01875;103154;751418
1001s;21.1;0.39%;6070.00000;6094.00000;38;93;6086.12766;103816;754963
1005s;21.1;0.39%;6070.00000;6094.00000;107;cutoff;104485;757319
1014s;21.1;0.39%;6070.00000;6094.00000;24;101;6081.00000;105657;762304
1018s;21.0;0.39%;6070.00000;6094.00000;41;93;6071.00000;106235;765373
1022s;21.0;0.39%;6070.00000;6094.00000;93;infeasible;106888;768215
1026s;21.0;0.39%;6070.00000;6094.00000;92;infeasible;107427;771078
1031s;21.0;0.39%;6070.00000;6094.00000;27;99;6070.00000;107942;773856
1036s;21.0;0.39%;6070.00000;6094.00000;23;100;6092.00000;108388;776592
1041s;20.9;0.39%;6070.00000;6094.00000;32;95;6070.00000;109008;779865
1046s;20.9;0.39%;6070.00000;6094.00000;99;cutoff;109686;782780
1050s;20.9;0.39%;6070.00000;6094.00000;45;96;6076.58462;110278;785677
1055s;20.9;0.39%;6070.00000;6094.00000;34;87;6091.00000;110634;788576
1061s;20.9;0.39%;6070.01924;6094.00000;41;83;6083.00000;111107;792861
1065s;20.9;0.39%;6070.02564;6094.00000;102;infeasible;111657;793812
1070s;20.9;0.39%;6070.03179;6094.00000;66;cutoff;112142;796404
1080s;20.9;0.39%;6070.04878;6094.00000;20;110;6086.00000;112168;799155
1080s;20.9;0.34%;6070.04878;6091.0000000;98132;H799157
1080s;20.9;0.29%;6070.04878;6088.0000000;83167;H799201
1083s;20.9;0.23%;6070.04878;6084.0000000;61587;H799462
1083s;20.9;0.21%;6070.04878;6083.0000000;57233;H799603
1083s;20.9;0.20%;6070.05859;6082.0000000;52735;H799666
1088s;20.9;0.19%;6070.14104;6082.00000;55;cutoff;52441;801147
1094s;20.9;0.19%;6070.53061;6082.00000;20;86;6073.00000;52330;803002
1101s;20.9;0.18%;6071.00000;6082.00000;108;cutoff;52500;806495
1109s;20.9;0.18%;6071.00000;6082.00000;24;94;6075.00000;53054;810326
1116s;20.8;0.18%;6071.00000;6082.00000;26;96;6071.00000;53596;815258
1123s;20.8;0.18%;6071.00000;6082.00000;36;111;6077.05128;54022;819479
1129s;20.8;0.18%;6071.00000;6082.00000;23;93;6077.00000;54242;822945
1134s;20.8;0.18%;6071.00000;6082.00000;19;100;6071.00000;54468;825807
1139s;20.8;0.18%;6071.00000;6082.00000;22;101;6071.00000;54702;828583
1144s;20.7;0.18%;6071.00000;6082.00000;16;106;6075.00000;54839;831357
1149s;20.7;0.18%;6071.00000;6082.00000;103;infeasible;55094;833352
1154s;20.7;0.18%;6071.00000;6082.00000;98;infeasible;55366;836179
1155s;20.7;0.18%;6071.00000;6082.00000;104;cutoff;55366;838357
1165s;20.7;0.18%;6071.00000;6082.00000;55;73;6071.00000;55977;841848
1170s;20.7;0.18%;6071.00000;6082.00000;39;112;6077.02912;55997;845206
1170s;20.7;0.16%;6071.00000;6081.0000000;49324;H846643
1176s;20.7;0.16%;6071.00000;6081.00000;27;96;6071.00000;49444;847107
1181s;20.7;0.16%;6071.00000;6081.00000;86;cutoff;49503;850011
1186s;20.7;0.16%;6071.00000;6081.00000;21;100;6071.00000;49648;852206
1192s;20.7;0.16%;6071.00000;6081.00000;45;86;6071.00000;49889;854347
1198s;20.7;0.16%;6071.00000;6081.00000;31;76;6071.00000;50030;857238
1204s;20.7;0.16%;6071.00000;6081.00000;93;cutoff;50417;859578
1210s;20.7;0.16%;6071.00000;6081.00000;48;79;6072.50446;50556;862578
1216s;20.7;0.16%;6071.00000;6081.00000;62;86;6071.00208;50761;865124
1222s;20.7;0.16%;6071.00000;6081.00000;99;infeasible;50733;867931
1228s;20.7;0.16%;6071.00000;6081.00000;100;infeasible;50918;870185
1235s;20.7;0.16%;6071.00000;6081.00000;37;81;6075.00000;51078;872829
1242s;20.7;0.16%;6071.00000;6081.00000;85;infeasible;51232;875806
1248s;20.8;0.16%;6071.00000;6081.00000;41;79;6071.00000;51251;878686
1254s;20.8;0.16%;6071.00000;6081.00000;36;104;6071.13335;51450;880954
1259s;20.8;0.16%;6071.00000;6081.00000;75;cutoff;51443;883875
1304s;20.8;0.16%;6071.00000;6081.00000;92;cutoff;51760;883939
1305s;20.8;0.16%;6071.00000;6081.00000;90;cutoff;51760;891947
1311s;20.8;0.16%;6071.00000;6081.00000;35;75;6078.00000;52235;899203
1317s;20.8;0.16%;6071.00000;6081.00000;86;infeasible;52340;900777
1324s;20.9;0.16%;6071.00000;6081.00000;35;72;6071.00000;52660;903491
1329s;20.9;0.16%;6071.00000;6081.00000;37;83;6078.00000;52977;906969
1334s;20.9;0.16%;6071.00000;6081.00000;36;74;6079.00000;53168;909496
1340s;20.9;0.16%;6071.00000;6081.00000;70;68;6071.00554;53428;912082
1346s;20.9;0.16%;6071.00000;6081.00000;35;75;6071.00000;53700;914820
1351s;21.0;0.16%;6071.00000;6081.00000;39;70;6075.00000;53989;917671
1357s;21.0;0.16%;6071.00000;6081.00000;77;72;6073.65299;54235;920331
1363s;21.0;0.16%;6071.00000;6081.00000;43;76;6071.00000;54361;923101
1368s;21.0;0.16%;6071.00000;6081.00000;77;cutoff;54495;925741
1373s;21.1;0.16%;6071.00000;6081.00000;75;infeasible;54522;928297
1379s;21.1;0.16%;6071.00000;6081.00000;73;infeasible;54615;930462
1385s;21.1;0.16%;6071.00000;6081.00000;73;cutoff;54795;933283
1391s;21.1;0.16%;6071.00000;6081.00000;89;infeasible;54998;936063
1398s;21.2;0.16%;6071.00000;6081.00000;90;infeasible;55101;938996
1403s;21.2;0.16%;6071.00000;6081.00000;21;84;6071.00000;55247;941933
1410s;21.2;0.16%;6071.00000;6081.00000;91;cutoff;55398;944596
1417s;21.2;0.16%;6071.00000;6081.00000;89;cutoff;55581;947918
1423s;21.2;0.16%;6071.00000;6081.00000;85;cutoff;55767;951395
1428s;21.2;0.16%;6071.00000;6081.00000;77;cutoff;55792;954539
1433s;21.2;0.16%;6071.00000;6081.00000;93;infeasible;55936;957157
1438s;21.2;0.16%;6071.00000;6081.00000;29;91;6073.00000;55961;959402
1443s;21.2;0.16%;6071.00000;6081.00000;104;61;6072.26819;55850;961928
1447s;21.2;0.16%;6071.00000;6081.00000;111;57;6074.23018;55463;964402
1454s;21.2;0.15%;6071.61810;6081.00000;100;cutoff;54963;967332
1461s;21.2;0.15%;6072.00000;6081.00000;75;infeasible;55043;969779
1467s;21.2;0.15%;6072.00000;6081.00000;76;infeasible;55134;973131
1472s;21.2;0.15%;6072.00000;6081.00000;21;85;6078.00000;55112;976111
1478s;21.2;0.15%;6072.00000;6081.00000;86;cutoff;55146;978341
1484s;21.2;0.15%;6072.00000;6081.00000;86;infeasible;55174;981294
1489s;21.2;0.15%;6072.00000;6081.00000;74;infeasible;55199;983928
1495s;21.2;0.15%;6072.00000;6081.00000;61;74;6072.00425;55344;986221
1501s;21.2;0.15%;6072.00000;6081.00000;103;cutoff;55662;989536
1506s;21.2;0.15%;6072.00000;6081.00000;33;72;6075.00000;55875;992827
1512s;21.2;0.15%;6072.00000;6081.00000;39;75;6075.00000;56253;995203
1516s;21.2;0.15%;6072.00000;6081.00000;34;91;6075.00000;56503;998454
1521s;21.2;0.15%;6072.00000;6081.00000;27;93;6072.00000;56758;1001155
1526s;21.2;0.15%;6072.00000;6081.00000;54;69;6078.00000;57000;1003573
1531s;21.2;0.15%;6072.00000;6081.00000;46;80;6075.00000;57153;1006422
1535s;21.2;0.15%;6072.00000;6081.00000;86;cutoff;57010;1009086
1540s;21.2;0.15%;6072.01005;6081.00000;96;infeasible;56644;1010913
1547s;21.2;0.14%;6072.52292;6081.00000;89;cutoff;55492;1014011
1552s;21.2;0.13%;6073.00000;6081.00000;115;infeasible;55158;1016344
1560s;21.2;0.13%;6073.00000;6081.00000;29;114;6075.00076;55217;1019398
1566s;21.2;0.13%;6073.00000;6081.00000;34;94;6079.00000;55274;1023315
1572s;21.2;0.13%;6073.00000;6081.00000;53;98;6077.25741;55129;1027035
1580s;21.2;0.13%;6073.00000;6081.00000;94;infeasible;55132;1029577
1586s;21.1;0.13%;6073.00000;6081.00000;82;cutoff;55153;1033486
1593s;21.1;0.13%;6073.00000;6081.00000;94;infeasible;55082;1036871
1599s;21.1;0.13%;6073.00000;6081.00000;45;90;6079.18182;55160;1039669
1605s;21.1;0.13%;6073.00000;6081.00000;36;77;6073.00000;55185;1042964
1612s;21.1;0.13%;6073.00000;6081.00000;35;78;6079.00000;55259;1045404
1618s;21.1;0.13%;6073.00000;6081.00000;31;93;6073.00000;55343;1048720
1625s;21.1;0.13%;6073.00000;6081.00000;24;113;6078.00000;55433;1051747
1632s;21.1;0.13%;6073.00000;6081.00000;67;83;6074.00425;55557;1054967
1638s;21.1;0.13%;6073.00000;6081.00000;57;88;6073.00000;55561;1058139
1644s;21.0;0.13%;6073.00000;6081.00000;51;90;6073.00000;55654;1060345
1651s;21.0;0.13%;6073.00000;6081.00000;29;88;6073.00000;55797;1063621
1658s;21.0;0.13%;6073.00000;6081.00000;100;87;6075.57473;55787;1066750
1663s;21.0;0.13%;6073.00000;6081.00000;27;100;6073.00000;55844;1069797
1670s;21.0;0.13%;6073.00000;6081.00000;82;infeasible;55955;1072255
1677s;21.0;0.13%;6073.00000;6081.00000;111;cutoff;56162;1075457
1683s;21.0;0.13%;6073.00000;6081.00000;54;81;6077.00135;56352;1078714
1690s;21.0;0.13%;6073.00000;6081.00000;40;85;6073.00000;56409;1081725
1695s;20.9;0.13%;6073.00000;6081.00000;99;cutoff;56505;1084601
1701s;20.9;0.13%;6073.00000;6081.00000;51;89;6073.00000;56774;1087146
1707s;20.9;0.13%;6073.00000;6081.00000;116;cutoff;57019;1089664
1714s;20.9;0.13%;6073.00000;6081.00000;94;cutoff;57133;1092572
1721s;20.9;0.13%;6073.00000;6081.00000;88;cutoff;57324;1095620
1728s;20.9;0.13%;6073.00000;6081.00000;98;cutoff;57385;1098914
1733s;20.9;0.13%;6073.00000;6081.00000;98;cutoff;57517;1101819
1740s;20.9;0.13%;6073.00000;6081.00000;38;97;6073.00000;57641;1104578
1746s;20.8;0.13%;6073.00000;6081.00000;80;infeasible;57844;1107675
1752s;20.8;0.13%;6073.00000;6081.00000;81;cutoff;57887;1110663
1758s;20.8;0.13%;6073.00000;6081.00000;90;cutoff;58037;1113778
1765s;20.8;0.13%;6073.00000;6081.00000;81;cutoff;58325;1116267
1771s;20.8;0.13%;6073.00000;6081.00000;93;infeasible;58533;1119641
1777s;20.8;0.13%;6073.00000;6081.00000;42;100;6073.00000;58678;1122623
1783s;20.8;0.13%;6073.00000;6081.00000;113;cutoff;58856;1125325
1789s;20.8;0.13%;6073.00000;6081.00000;91;infeasible;58992;1128220
1794s;20.8;0.13%;6073.00000;6081.00000;84;cutoff;59160;1131075
1800s;20.8;0.13%;6073.00000;6081.00000;30;101;6073.00000;59227;1133097
1806s;20.7;0.13%;6073.00000;6081.00000;43;104;6073.00000;59293;1136123
1812s;20.7;0.13%;6073.00000;6081.00000;35;84;6073.00000;59447;1139135
1819s;20.7;0.13%;6073.00000;6081.00000;47;86;6073.00000;59519;1142196
1824s;20.7;0.13%;6073.00000;6081.00000;109;cutoff;59590;1145334
1830s;20.7;0.13%;6073.00000;6081.00000;48;97;6073.00000;59726;1147915
1837s;20.7;0.13%;6073.00000;6081.00000;43;96;6073.00000;59774;1151058
1843s;20.7;0.13%;6073.00000;6081.00000;40;89;6073.00000;60052;1154152
1848s;20.7;0.13%;6073.00000;6081.00000;33;112;6073.00000;60158;1157309
1854s;20.6;0.13%;6073.00000;6081.00000;44;98;6073.00000;60113;1159739
1860s;20.6;0.13%;6073.00000;6081.00000;45;105;6076.00000;60186;1162743
1867s;20.6;0.13%;6073.00000;6081.00000;91;cutoff;60218;1165789
1871s;20.6;0.13%;6073.00000;6081.00000;38;101;6073.00000;60268;1168905
1878s;20.6;0.13%;6073.00000;6081.00000;102;cutoff;60460;1170286
1885s;20.6;0.13%;6073.00000;6081.00000;40;82;6073.00000;60652;1173093
1892s;20.6;0.13%;6073.00000;6081.00000;97;cutoff;60887;1176993
1899s;20.6;0.13%;6073.00000;6081.00000;38;102;6073.00000;60935;1180533
1905s;20.6;0.13%;6073.00000;6081.00000;106;cutoff;60998;1183783
1911s;20.6;0.13%;6073.00000;6081.00000;52;106;6073.00000;61019;1186926
1918s;20.6;0.13%;6073.00000;6081.00000;101;infeasible;61003;1189487
1924s;20.5;0.13%;6073.00000;6081.00000;37;90;6073.00000;61202;1192787
1930s;20.5;0.13%;6073.00000;6081.00000;38;94;6073.00000;61271;1196018
1936s;20.5;0.13%;6073.00000;6081.00000;49;83;6073.00000;61367;1199024
1942s;20.5;0.13%;6073.00000;6081.00000;94;cutoff;61319;1202151
1949s;20.5;0.13%;6073.00000;6081.00000;90;cutoff;61349;1204574
1955s;20.5;0.13%;6073.00000;6081.00000;51;87;6073.00000;61382;1207527
1962s;20.5;0.13%;6073.00000;6081.00000;28;105;6075.00000;61452;1210597
1968s;20.5;0.13%;6073.00000;6081.00000;49;106;6073.00000;61578;1213579
1973s;20.5;0.13%;6073.00000;6081.00000;93;cutoff;61599;1216460
1979s;20.5;0.13%;6073.00000;6081.00000;33;91;6075.00000;61550;1219352
1985s;20.5;0.13%;6073.00000;6081.00000;75;105;6074.30351;61599;1221629
1991s;20.5;0.13%;6073.00000;6081.00000;35;96;6077.00000;61701;1224504
1997s;20.4;0.13%;6073.00000;6081.00000;74;120;6073.78827;61659;1227494
2003s;20.4;0.13%;6073.00000;6081.00000;38;92;6073.00000;61830;1230398
2009s;20.4;0.13%;6073.00000;6081.00000;46;89;6073.00000;62112;1233343
2015s;20.4;0.13%;6073.00000;6081.00000;115;infeasible;62269;1235951
2020s;20.4;0.13%;6073.00000;6081.00000;42;106;6073.00000;62396;1239228
2026s;20.4;0.13%;6073.00000;6081.00000;32;103;6073.00000;62497;1242175
2031s;20.4;0.13%;6073.00000;6081.00000;34;99;6073.00000;62596;1245063
2036s;20.4;0.13%;6073.00000;6081.00000;106;cutoff;62778;1247492
2042s;20.4;0.13%;6073.00000;6081.00000;45;83;6073.00000;62763;1250564
2048s;20.4;0.13%;6073.00000;6081.00000;91;infeasible;62800;1253390
2055s;20.4;0.13%;6073.00000;6081.00000;44;95;6073.00000;62910;1256374
2061s;20.4;0.13%;6073.00000;6081.00000;49;98;6075.00000;62927;1258998
2067s;20.4;0.13%;6073.00000;6081.00000;41;97;6073.00000;62913;1262331
2073s;20.3;0.13%;6073.00000;6081.00000;28;97;6073.00000;63123;1264800
2079s;20.3;0.13%;6073.00000;6081.00000;36;101;6073.00000;63168;1268092
2085s;20.3;0.13%;6073.00000;6081.00000;102;infeasible;63250;1271026
2091s;20.3;0.13%;6073.00000;6081.00000;109;cutoff;63266;1273936
2096s;20.3;0.13%;6073.00000;6081.00000;70;cutoff;63418;1276883
2102s;20.3;0.13%;6073.00000;6081.00000;94;cutoff;63474;1279824
2107s;20.3;0.13%;6073.00000;6081.00000;122;cutoff;63598;1282253
2113s;20.3;0.13%;6073.00000;6081.00000;76;cutoff;63870;1285601
2118s;20.3;0.13%;6073.00000;6081.00000;44;84;6073.00000;63994;1288683
2124s;20.3;0.13%;6073.00000;6081.00000;98;cutoff;64159;1291634
2129s;20.3;0.13%;6073.00000;6081.00000;29;98;6073.00000;64349;1294253
2134s;20.3;0.13%;6073.00000;6081.00000;62;91;6078.11367;64420;1297070
2140s;20.3;0.13%;6073.00000;6081.00000;108;cutoff;64585;1299234
2146s;20.3;0.13%;6073.00000;6081.00000;114;infeasible;64627;1302161
2151s;20.3;0.13%;6073.00000;6081.00000;45;95;6079.00716;64712;1304981
2157s;20.3;0.13%;6073.00000;6081.00000;29;98;6073.00000;64903;1307795
2162s;20.2;0.13%;6073.00000;6081.00000;57;76;6073.00000;64921;1310770
2167s;20.2;0.13%;6073.00000;6081.00000;43;103;6073.00000;64996;1313119
2173s;20.2;0.13%;6073.00000;6081.00000;35;103;6073.00000;65082;1316022
2179s;20.2;0.13%;6073.00000;6081.00000;45;96;6079.00000;65085;1319061
2184s;20.2;0.13%;6073.00000;6081.00000;82;cutoff;65254;1322034
2189s;20.2;0.13%;6073.00000;6081.00000;96;cutoff;65345;1324320
2195s;20.2;0.13%;6073.00000;6081.00000;41;105;6074.00000;65419;1327306
2200s;20.2;0.13%;6073.00000;6081.00000;38;75;6073.00000;65681;1329871
2205s;20.2;0.13%;6073.00000;6081.00000;91;infeasible;65810;1333000
2211s;20.2;0.13%;6073.00000;6081.00000;41;111;6075.00000;65896;1336025
2216s;20.2;0.13%;6073.00000;6081.00000;39;103;6073.00000;66022;1338937
2221s;20.2;0.13%;6073.00000;6081.00000;111;cutoff;66121;1341212
2226s;20.2;0.13%;6073.00000;6081.00000;53;90;6073.00000;66271;1344293
2232s;20.2;0.13%;6073.00000;6081.00000;78;cutoff;66294;1347130
2238s;20.1;0.13%;6073.00000;6081.00000;79;infeasible;66545;1350314
2243s;20.1;0.13%;6073.00000;6081.00000;40;91;6073.00000;66795;1353173
2248s;20.1;0.13%;6073.00000;6081.00000;87;cutoff;67065;1356037
2253s;20.1;0.13%;6073.00000;6081.00000;31;99;6073.00000;67140;1358816
2258s;20.1;0.13%;6073.00000;6081.00000;31;111;6077.00000;67358;1360860
2263s;20.1;0.13%;6073.00000;6081.00000;36;121;6073.00000;67460;1363388
2269s;20.1;0.13%;6073.00000;6081.00000;38;107;6073.00000;67665;1366153
2275s;20.1;0.13%;6073.00000;6081.00000;78;cutoff;67784;1369109
2280s;20.1;0.13%;6073.00000;6081.00000;48;121;6073.00000;67868;1372321
2285s;20.1;0.13%;6073.00000;6081.00000;99;infeasible;67920;1375133
2290s;20.1;0.13%;6073.00000;6081.00000;33;110;6077.00000;68062;1377355
2296s;20.1;0.13%;6073.00000;6081.00000;41;109;6073.00000;68115;1380278
2301s;20.1;0.13%;6073.00000;6081.00000;35;110;6073.00000;68189;1383089
2307s;20.1;0.13%;6073.00000;6081.00000;51;91;6073.00000;68226;1386017
2313s;20.0;0.13%;6073.00000;6081.00000;43;97;6074.50000;68303;1388913
2318s;20.0;0.13%;6073.00000;6081.00000;43;114;6073.00000;68359;1391491
2324s;20.0;0.13%;6073.00000;6081.00000;42;113;6073.00000;68421;1393986
2330s;20.0;0.13%;6073.00000;6081.00000;98;cutoff;68540;1397267
2336s;20.0;0.13%;6073.00000;6081.00000;40;93;6073.00000;68707;1400469
2341s;20.0;0.13%;6073.00000;6081.00000;29;104;6075.00000;68850;1403463
2347s;20.0;0.13%;6073.00000;6081.00000;39;109;6073.00000;68930;1406464
2352s;20.0;0.13%;6073.00000;6081.00000;115;cutoff;69018;1409259
2356s;20.0;0.13%;6073.00000;6081.00000;43;104;6073.00000;69068;1411936
2362s;20.0;0.13%;6073.00000;6081.00000;117;cutoff;69219;1414173
2367s;20.0;0.13%;6073.00000;6081.00000;45;94;6073.00000;69353;1417156
2372s;20.0;0.13%;6073.00000;6081.00000;109;cutoff;69512;1420010
2378s;20.0;0.13%;6073.00000;6081.00000;51;92;6077.91720;69593;1422878
2382s;20.0;0.13%;6073.00000;6081.00000;119;cutoff;69802;1425508
2387s;20.0;0.13%;6073.00000;6081.00000;47;92;6073.00000;69934;1427992
2393s;20.0;0.13%;6073.00000;6081.00000;94;cutoff;70076;1430590
2398s;19.9;0.13%;6073.00000;6081.00000;48;94;6073.00000;70236;1433448
2404s;19.9;0.13%;6073.00000;6081.00000;107;cutoff;70315;1436560
2410s;19.9;0.13%;6073.00000;6081.00000;114;cutoff;70489;1438848
2416s;19.9;0.13%;6073.00000;6081.00000;34;99;6073.00000;70546;1442503
2422s;19.9;0.13%;6073.00000;6081.00000;57;107;6073.00000;70664;1445534
2427s;19.9;0.13%;6073.00000;6081.00000;124;cutoff;70763;1448512
2432s;19.9;0.13%;6073.00000;6081.00000;116;infeasible;70824;1451470
2437s;19.9;0.13%;6073.00000;6081.00000;115;cutoff;70866;1453709
2443s;19.9;0.13%;6073.00000;6081.00000;112;cutoff;70851;1456076
2449s;19.9;0.13%;6073.00000;6081.00000;43;112;6073.00000;71061;1459047
2455s;19.9;0.13%;6073.00000;6081.00000;118;cutoff;71073;1461706
2461s;19.9;0.13%;6073.00000;6081.00000;51;103;6073.00000;71087;1464706
2466s;19.9;0.13%;6073.00000;6081.00000;43;113;6073.00000;71230;1467578
2470s;19.9;0.13%;6073.00000;6081.00000;84;cutoff;71266;1470393
2476s;19.9;0.13%;6073.00000;6081.00000;101;cutoff;71354;1472635
2482s;19.9;0.13%;6073.00000;6081.00000;105;cutoff;71355;1475653
2487s;19.8;0.13%;6073.00000;6081.00000;112;cutoff;71429;1478522
2493s;19.8;0.13%;6073.00000;6081.00000;49;107;6077.07386;71460;1481442
2498s;19.8;0.13%;6073.00000;6081.00000;107;cutoff;71587;1484311
2504s;19.8;0.13%;6073.00000;6081.00000;41;120;6073.00000;71649;1487256
2509s;19.8;0.13%;6073.00000;6081.00000;37;130;6073.00000;71629;1490203
2516s;19.8;0.13%;6073.00000;6081.00000;122;cutoff;71607;1492381
2522s;19.8;0.13%;6073.00000;6081.00000;38;120;6073.00000;71555;1496100
2528s;19.8;0.13%;6073.00000;6081.00000;41;117;6073.00000;71571;1499385
2534s;19.8;0.13%;6073.00000;6081.00000;124;cutoff;71549;1501626
2539s;19.8;0.13%;6073.00000;6081.00000;86;cutoff;71516;1504790
2544s;19.8;0.13%;6073.00000;6081.00000;120;infeasible;71464;1507705
2545s;19.8;0.13%;6073.00000;6081.00000;51;76;6073.00000;71464;1508288
2550s;19.8;0.13%;6073.00000;6081.00000;32;93;6073.00000;71447;1509993
2556s;19.8;0.13%;6073.00000;6081.00000;93;cutoff;71548;1512943
2562s;19.8;0.13%;6073.00000;6081.00000;97;cutoff;71560;1515986
2568s;19.8;0.13%;6073.00000;6081.00000;126;cutoff;71655;1518873
2573s;19.8;0.13%;6073.00000;6081.00000;41;98;6073.00000;71727;1521222
2579s;19.8;0.13%;6073.00000;6081.00000;41;104;6073.00000;71728;1523726
2584s;19.8;0.13%;6073.00000;6081.00000;113;cutoff;71757;1526781
2590s;19.7;0.13%;6073.00000;6081.00000;30;115;6073.00000;71747;1529867
2596s;19.7;0.13%;6073.00000;6081.00000;98;cutoff;71751;1532918
2601s;19.7;0.13%;6073.00000;6081.00000;63;116;6073.00000;71791;1535569
2607s;19.7;0.13%;6073.00000;6081.00000;74;90;6075.02062;71729;1538509
2613s;19.7;0.13%;6073.00000;6081.00000;101;infeasible;71674;1540772
2619s;19.7;0.13%;6073.00000;6081.00000;121;cutoff;71664;1543776
2624s;19.7;0.13%;6073.00000;6081.00000;51;96;6073.00000;71825;1546389
2630s;19.7;0.13%;6073.00000;6081.00000;92;cutoff;71990;1549494
2635s;19.7;0.13%;6073.00000;6081.00000;40;106;6073.00000;72009;1552504
2640s;19.7;0.13%;6073.00000;6081.00000;116;infeasible;71948;1555373
2645s;19.7;0.13%;6073.00000;6081.00000;115;cutoff;71879;1557576
2651s;19.7;0.13%;6073.00000;6081.00000;122;cutoff;71922;1560455
2657s;19.7;0.13%;6073.00000;6081.00000;116;cutoff;71999;1563131
2662s;19.7;0.13%;6073.00000;6081.00000;104;cutoff;72040;1565523
2668s;19.7;0.13%;6073.00000;6081.00000;109;cutoff;72006;1568220
2675s;19.7;0.13%;6073.00000;6081.00000;100;cutoff;71998;1570999
2681s;19.7;0.13%;6073.00000;6081.00000;96;cutoff;71920;1573889
2687s;19.7;0.13%;6073.00000;6081.00000;40;121;6077.00000;71864;1575942
2694s;19.7;0.13%;6073.00000;6081.00000;107;cutoff;71843;1579598
2701s;19.7;0.13%;6073.00000;6081.00000;43;95;6073.00000;71994;1582813
2706s;19.7;0.13%;6073.00000;6081.00000;52;105;6073.00000;72037;1585343
2713s;19.7;0.13%;6073.00000;6081.00000;126;cutoff;72042;1587960
2720s;19.7;0.13%;6073.00000;6081.00000;66;108;6073.00000;72026;1591329
2726s;19.6;0.13%;6073.00000;6081.00000;55;100;6073.00000;72071;1594614
2732s;19.6;0.13%;6073.00000;6081.00000;42;88;6073.00000;72098;1597610
2737s;19.6;0.13%;6073.00000;6081.00000;94;cutoff;72079;1600560
2743s;19.6;0.13%;6073.00000;6081.00000;97;cutoff;72011;1603201
2748s;19.6;0.13%;6073.00000;6081.00000;48;117;6073.00000;72047;1606092
2754s;19.6;0.13%;6073.00000;6081.00000;37;98;6073.00000;72029;1608409
2760s;19.6;0.13%;6073.00000;6081.00000;120;cutoff;72148;1610992
2767s;19.6;0.13%;6073.00000;6081.00000;50;84;6073.00000;72172;1614068
2773s;19.6;0.13%;6073.00000;6081.00000;105;cutoff;72174;1617023
2779s;19.6;0.13%;6073.00000;6081.00000;35;116;6073.00000;72193;1619987
2784s;19.6;0.13%;6073.00000;6081.00000;59;95;6073.00000;72196;1622345
2790s;19.6;0.13%;6073.00000;6081.00000;46;111;6073.00000;72151;1624681
2796s;19.6;0.13%;6073.00000;6081.00000;46;101;6073.00000;72120;1628079
2802s;19.6;0.13%;6073.00000;6081.00000;97;cutoff;72105;1631044
2808s;19.6;0.13%;6073.00000;6081.00000;39;83;6073.00000;72181;1633857
2813s;19.6;0.13%;6073.00000;6081.00000;40;78;6073.00000;72301;1636943
2819s;19.6;0.13%;6073.00000;6081.00000;39;118;6073.00000;72373;1639316
2825s;19.6;0.13%;6073.00000;6081.00000;28;89;6073.00000;72370;1642553
2831s;19.6;0.13%;6073.00000;6081.00000;49;112;6073.00000;72403;1645620
2837s;19.6;0.13%;6073.00000;6081.00000;45;95;6073.00000;72378;1648642
2842s;19.5;0.13%;6073.00000;6081.00000;103;infeasible;72359;1651327
2848s;19.5;0.13%;6073.00000;6081.00000;122;cutoff;72289;1654325
2853s;19.5;0.13%;6073.00000;6081.00000;83;cutoff;72333;1656596
2859s;19.5;0.13%;6073.00000;6081.00000;110;cutoff;72389;1659027
2860s;19.5;0.13%;6073.00000;6081.00000;105;infeasible;72389;1662175
2866s;19.5;0.13%;6073.00000;6081.00000;109;cutoff;72454;1662401
2872s;19.5;0.13%;6073.00000;6081.00000;46;102;6073.00000;72498;1665570
2878s;19.5;0.13%;6073.00000;6081.00000;40;104;6073.00000;72445;1668632
2884s;19.5;0.13%;6073.00000;6081.00000;92;cutoff;72410;1671529
2889s;19.5;0.13%;6073.00000;6081.00000;33;87;6073.00000;72362;1674452
2894s;19.5;0.13%;6073.00000;6081.00000;49;102;6073.00000;72436;1676780
2900s;19.5;0.13%;6073.00000;6081.00000;107;cutoff;72432;1679766
2906s;19.5;0.13%;6073.00000;6081.00000;117;cutoff;72392;1682420
2911s;19.5;0.13%;6073.00000;6081.00000;59;125;6079.00000;72294;1685275
2917s;19.5;0.13%;6073.00000;6081.00000;112;cutoff;72183;1687019
2922s;19.5;0.13%;6073.00000;6081.00000;114;cutoff;72172;1689999
2928s;19.5;0.13%;6073.00000;6081.00000;40;95;6073.00000;72248;1691367
2935s;19.5;0.13%;6073.00000;6081.00000;45;123;6075.00000;72283;1694053
2942s;19.5;0.13%;6073.00000;6081.00000;45;109;6073.00000;72266;1697621
2949s;19.5;0.13%;6073.00000;6081.00000;99;cutoff;72263;1700977
2955s;19.5;0.13%;6073.00000;6081.00000;113;cutoff;72230;1704119
2962s;19.5;0.13%;6073.00000;6081.00000;102;cutoff;72243;1707239
2968s;19.5;0.13%;6073.00000;6081.00000;34;120;6073.00000;72202;1710094
2974s;19.5;0.13%;6073.00000;6081.00000;95;infeasible;72160;1712808
2980s;19.5;0.13%;6073.00000;6081.00000;105;cutoff;72184;1714884
2987s;19.5;0.13%;6073.00000;6081.00000;72;cutoff;72045;1717875
2993s;19.5;0.13%;6073.00000;6081.00000;49;88;6073.00000;72010;1720807
3000s;19.5;0.13%;6073.00000;6081.00000;117;cutoff;71953;1723525
3006s;19.5;0.13%;6073.00000;6081.00000;53;cutoff;71888;1726053
3013s;19.5;0.13%;6073.00000;6081.00000;95;cutoff;71844;1728560
3020s;19.4;0.13%;6073.00000;6081.00000;93;cutoff;71955;1732123
3027s;19.4;0.13%;6073.00000;6081.00000;20;92;6075.00000;71862;1735445
3033s;19.4;0.13%;6073.00000;6081.00000;109;infeasible;71829;1738532
3039s;19.4;0.13%;6073.00000;6081.00000;91;cutoff;71776;1741514
3046s;19.4;0.13%;6073.00000;6081.00000;109;cutoff;71771;1743748
3052s;19.4;0.13%;6073.00000;6081.00000;43;88;6073.00000;71784;1746766
3059s;19.4;0.13%;6073.00000;6081.00000;37;86;6073.00000;71612;1749861
3065s;19.4;0.13%;6073.00000;6081.00000;85;cutoff;71310;1752387
3071s;19.4;0.13%;6073.00000;6081.00000;17;93;6078.00000;71032;1754451
3077s;19.4;0.13%;6073.00000;6081.00000;48;86;6073.15385;70482;1757076
3081s;19.4;0.13%;6073.01240;6081.00000;53;70;6075.49106;69750;1759107
3090s;19.4;0.12%;6073.56536;6081.00000;18;100;6074.00000;68715;1761734
3097s;19.4;0.12%;6074.00000;6081.00000;106;infeasible;68499;1764527
3106s;19.4;0.12%;6074.00000;6081.00000;111;cutoff;68363;1767910
3114s;19.4;0.12%;6074.00000;6081.00000;46;113;6074.00000;68100;1772225
3122s;19.4;0.12%;6074.00000;6081.00000;37;110;6074.00000;67985;1775630
3129s;19.4;0.12%;6074.00000;6081.00000;109;cutoff;67903;1779338
3136s;19.4;0.12%;6074.00000;6081.00000;90;infeasible;67755;1782983
3143s;19.4;0.12%;6074.00000;6081.00000;67;107;6075.39216;67692;1785599
3150s;19.4;0.12%;6074.00000;6081.00000;104;cutoff;67544;1788555
3157s;19.4;0.12%;6074.00000;6081.00000;103;cutoff;67484;1791906
3163s;19.4;0.12%;6074.00000;6081.00000;96;cutoff;67392;1794837
3171s;19.4;0.12%;6074.00000;6081.00000;83;cutoff;67329;1797474
3178s;19.3;0.12%;6074.00000;6081.00000;23;93;6074.00000;67158;1801047
3186s;19.3;0.12%;6074.00000;6081.00000;89;cutoff;67033;1804433
3193s;19.3;0.12%;6074.00000;6081.00000;96;cutoff;66906;1807624
3199s;19.3;0.12%;6074.00000;6081.00000;98;infeasible;66718;1810596
3206s;19.3;0.12%;6074.00000;6081.00000;42;112;6074.00000;66488;1812986
3214s;19.3;0.12%;6074.00000;6081.00000;20;92;6079.00000;66199;1816176
3220s;19.3;0.12%;6074.00000;6081.00000;116;cutoff;66052;1819216
3228s;19.3;0.12%;6074.00000;6081.00000;41;96;6074.00000;65963;1821865
3235s;19.3;0.12%;6074.00000;6081.00000;39;82;6078.00000;65890;1825258
3242s;19.3;0.12%;6074.00000;6081.00000;28;87;6078.00000;65837;1828619
3249s;19.3;0.12%;6074.00000;6081.00000;100;infeasible;65794;1831866
3255s;19.3;0.12%;6074.00000;6081.00000;93;infeasible;65753;1834766
3262s;19.3;0.12%;6074.00000;6081.00000;81;infeasible;65684;1837143
3268s;19.3;0.12%;6074.00000;6081.00000;73;cutoff;65533;1840406
3274s;19.3;0.12%;6074.00000;6081.00000;37;97;6074.00000;65492;1842768
3281s;19.3;0.12%;6074.00000;6081.00000;103;infeasible;65499;1845201
3288s;19.3;0.12%;6074.00000;6081.00000;46;106;6074.00000;65304;1848514
3295s;19.3;0.12%;6074.00000;6081.00000;41;105;6074.00000;65067;1851157
3301s;19.3;0.12%;6074.00000;6081.00000;40;104;6074.00000;64933;1854435
3308s;19.3;0.12%;6074.00000;6081.00000;117;cutoff;64788;1856584
3315s;19.3;0.12%;6074.00000;6081.00000;40;111;6074.00000;64717;1859956
3322s;19.2;0.12%;6074.00000;6081.00000;129;infeasible;64500;1862698
3329s;19.2;0.12%;6074.00000;6081.00000;24;94;6074.00000;64526;1865547
3330s;19.2;0.12%;6074.00000;6081.00000;84;infeasible;64526;1868443
3336s;19.2;0.12%;6074.00000;6081.00000;27;100;6074.00000;64462;1868857
3342s;19.2;0.12%;6074.00000;6081.00000;95;cutoff;64341;1871573
3350s;19.2;0.12%;6074.00000;6081.00000;86;infeasible;64277;1875049
3357s;19.2;0.12%;6074.00000;6081.00000;105;cutoff;64150;1878846
3365s;19.2;0.12%;6074.00000;6081.00000;26;89;6078.00000;64073;1882329
3371s;19.2;0.12%;6074.00000;6081.00000;91;cutoff;64026;1885388
3377s;19.2;0.12%;6074.00000;6081.00000;25;87;6074.00000;63932;1888651
3384s;19.2;0.12%;6074.00000;6081.00000;93;cutoff;63839;1891037
3391s;19.2;0.12%;6074.00000;6081.00000;47;101;6078.02414;63755;1894418
3398s;19.2;0.12%;6074.00000;6081.00000;42;96;6074.01136;63685;1897686
3403s;19.2;0.12%;6074.00000;6081.00000;89;infeasible;63553;1900783
3410s;19.2;0.12%;6074.00000;6081.00000;29;88;6078.00000;63295;1902822
3416s;19.2;0.12%;6074.00000;6081.00000;41;97;6074.00000;62969;1905807
3420s;19.2;0.12%;6074.00000;6081.00000;98;cutoff;62230;1907846
3429s;19.2;0.10%;6074.79173;6081.00000;83;cutoff;61192;1910588
3435s;19.2;0.10%;6075.00000;6081.00000;94;cutoff;60906;1913088
3442s;19.2;0.10%;6075.00000;6081.00000;44;111;6075.00000;60773;1915563
3451s;19.2;0.10%;6075.00000;6081.00000;107;cutoff;60471;1918213
3459s;19.2;0.10%;6075.00000;6081.00000;107;infeasible;60255;1922072
3460s;19.2;0.10%;6075.00000;6081.00000;31;99;6075.00000;60255;1924357
3467s;19.2;0.10%;6075.00000;6081.00000;89;infeasible;60179;1925648
3475s;19.2;0.10%;6075.00000;6081.00000;101;cutoff;60134;1928980
3482s;19.2;0.10%;6075.00000;6081.00000;31;78;6075.00000;60198;1932170
3488s;19.2;0.10%;6075.00000;6081.00000;34;77;6075.00000;60110;1935194
3497s;19.2;0.10%;6075.00000;6081.00000;35;81;6075.00000;60220;1937074
3505s;19.2;0.10%;6075.00000;6081.00000;92;infeasible;60391;1941199
3513s;19.2;0.10%;6075.00000;6081.00000;23;85;6075.00000;60361;1944227
3520s;19.2;0.10%;6075.00000;6081.00000;44;78;6075.00000;60299;1947663
3528s;19.2;0.10%;6075.00000;6081.00000;42;88;6075.00000;60303;1950253
3536s;19.2;0.10%;6075.00000;6081.00000;85;infeasible;60209;1953610
3543s;19.2;0.10%;6075.00000;6081.00000;39;81;6079.00000;60308;1957103
3550s;19.2;0.10%;6075.00000;6081.00000;32;100;6075.00000;60284;1959822
3558s;19.2;0.10%;6075.00000;6081.00000;42;85;6078.00000;60223;1962808
3565s;19.2;0.10%;6075.00000;6081.00000;114;cutoff;60262;1965927
3571s;19.2;0.10%;6075.00000;6081.00000;40;89;6076.00417;60285;1969031
3576s;19.2;0.10%;6075.00000;6081.00000;102;cutoff;60267;1971369
3584s;19.2;0.10%;6075.00000;6081.00000;83;infeasible;60320;1973103
3592s;19.2;0.10%;6075.00000;6081.00000;99;cutoff;60286;1976492
3599s;19.2;0.10%;6075.00000;6081.00000;35;82;6078.00000;60360;1979852
3600s;19.3;0.10%;6075.00000;6081.00000;105;cutoff;60360;1981630