name;value
Z_FO;6720.0
startT[job:0, stage:0, machine:1];0.0
startT[job:0, stage:0, machine:2];0.0
startT[job:0, stage:0, machine:3];0.0
startT[job:0, stage:1, machine:2];100.0
startT[job:0, stage:1, machine:4];0.0
startT[job:0, stage:1, machine:7];0.0
startT[job:0, stage:2, machine:4];0.0
startT[job:0, stage:2, machine:5];0.0
startT[job:0, stage:2, machine:7];230.0
startT[job:0, stage:3, machine:7];0.0
startT[job:0, stage:3, machine:8];443.0
startT[job:1, stage:0, machine:1];244.0
startT[job:1, stage:0, machine:3];0.0
startT[job:1, stage:1, machine:2];458.0
startT[job:1, stage:1, machine:3];0.0
startT[job:1, stage:2, machine:5];0.0
startT[job:1, stage:2, machine:6];0.0
startT[job:1, stage:2, machine:7];524.0
startT[job:1, stage:3, machine:5];674.0
startT[job:1, stage:3, machine:8];0.0
startT[job:2, stage:0, machine:1];0.0
startT[job:2, stage:0, machine:2];0.0
startT[job:2, stage:1, machine:3];0.0
startT[job:2, stage:1, machine:4];0.0
startT[job:2, stage:1, machine:7];62.0
startT[job:2, stage:2, machine:4];0.0
startT[job:2, stage:2, machine:5];207.0
startT[job:2, stage:2, machine:6];0.0
startT[job:2, stage:3, machine:6];307.0
startT[job:2, stage:3, machine:8];0.0
startT[job:3, stage:0, machine:1];142.0
startT[job:3, stage:0, machine:2];0.0
startT[job:3, stage:1, machine:3];387.0
startT[job:3, stage:1, machine:5];0.0
startT[job:3, stage:2, machine:4];637.0
startT[job:3, stage:2, machine:6];0.0
startT[job:3, stage:3, machine:5];0.0
startT[job:3, stage:3, machine:6];782.0
startT[job:4, stage:0, machine:1];0.0
startT[job:4, stage:0, machine:2];0.0
startT[job:4, stage:0, machine:3];0.0
startT[job:4, stage:1, machine:4];0.0
startT[job:4, stage:1, machine:5];128.0
startT[job:4, stage:1, machine:7];0.0
startT[job:4, stage:2, machine:2];0.0
startT[job:4, stage:2, machine:5];0.0
startT[job:4, stage:2, machine:6];175.0
startT[job:4, stage:3, machine:6];0.0
startT[job:4, stage:3, machine:8];260.0
startT[job:5, stage:0, machine:2];0.0
startT[job:5, stage:0, machine:3];0.0
startT[job:5, stage:0, machine:4];11.0
startT[job:5, stage:1, machine:3];0.0
startT[job:5, stage:1, machine:4];179.0
startT[job:5, stage:1, machine:5];0.0
startT[job:5, stage:2, machine:5];329.0
startT[job:5, stage:2, machine:6];0.0
startT[job:5, stage:2, machine:7];0.0
startT[job:5, stage:3, machine:4];0.0
startT[job:5, stage:3, machine:7];449.0
startT[job:6, stage:0, machine:2];539.0
startT[job:6, stage:0, machine:3];0.0
startT[job:6, stage:1, machine:3];696.0
startT[job:6, stage:1, machine:5];0.0
startT[job:6, stage:2, machine:5];820.0
startT[job:6, stage:2, machine:6];0.0
startT[job:6, stage:2, machine:7];0.0
startT[job:6, stage:3, machine:5];980.0
startT[job:6, stage:3, machine:8];0.0
startT[job:7, stage:0, machine:3];114.0
startT[job:7, stage:0, machine:4];0.0
startT[job:7, stage:1, machine:5];0.0
startT[job:7, stage:1, machine:6];488.0
startT[job:7, stage:2, machine:5];0.0
startT[job:7, stage:2, machine:6];0.0
startT[job:7, stage:2, machine:7];712.0
startT[job:7, stage:3, machine:7];0.0
startT[job:7, stage:3, machine:8];890.0
startT[job:8, stage:0, machine:2];245.0
startT[job:8, stage:0, machine:3];0.0
startT[job:8, stage:1, machine:3];0.0
startT[job:8, stage:1, machine:4];395.0
startT[job:8, stage:2, machine:5];615.0
startT[job:8, stage:2, machine:7];0.0
startT[job:8, stage:3, machine:6];0.0
startT[job:8, stage:3, machine:8];655.0
x[job1|stage1:0|0, job2|stage2:0|0];0.0
x[job1|stage1:0|0, job2|stage2:0|1];0.0
x[job1|stage1:0|0, job2|stage2:0|2];0.0
x[job1|stage1:0|0, job2|stage2:0|3];0.0
x[job1|stage1:0|0, job2|stage2:1|0];1.0
x[job1|stage1:0|0, job2|stage2:1|1];1.0
x[job1|stage1:0|0, job2|stage2:1|2];0.0
x[job1|stage1:0|0, job2|stage2:1|3];0.0
x[job1|stage1:0|0, job2|stage2:2|0];0.0
x[job1|stage1:0|0, job2|stage2:2|1];0.0
x[job1|stage1:0|0, job2|stage2:2|2];0.0
x[job1|stage1:0|0, job2|stage2:2|3];0.0
x[job1|stage1:0|0, job2|stage2:3|0];0.0
x[job1|stage1:0|0, job2|stage2:3|1];0.0
x[job1|stage1:0|0, job2|stage2:3|2];0.0
x[job1|stage1:0|0, job2|stage2:3|3];0.0
x[job1|stage1:0|0, job2|stage2:4|0];0.0
x[job1|stage1:0|0, job2|stage2:4|1];0.0
x[job1|stage1:0|0, job2|stage2:4|2];0.0
x[job1|stage1:0|0, job2|stage2:4|3];0.0
x[job1|stage1:0|0, job2|stage2:5|0];0.0
x[job1|stage1:0|0, job2|stage2:5|1];0.0
x[job1|stage1:0|0, job2|stage2:5|2];0.0
x[job1|stage1:0|0, job2|stage2:5|3];0.0
x[job1|stage1:0|0, job2|stage2:6|0];0.0
x[job1|stage1:0|0, job2|stage2:6|1];0.0
x[job1|stage1:0|0, job2|stage2:6|2];0.0
x[job1|stage1:0|0, job2|stage2:6|3];0.0
x[job1|stage1:0|0, job2|stage2:7|0];0.0
x[job1|stage1:0|0, job2|stage2:7|1];0.0
x[job1|stage1:0|0, job2|stage2:7|2];0.0
x[job1|stage1:0|0, job2|stage2:7|3];0.0
x[job1|stage1:0|0, job2|stage2:8|0];1.0
x[job1|stage1:0|0, job2|stage2:8|1];0.0
x[job1|stage1:0|0, job2|stage2:8|2];0.0
x[job1|stage1:0|0, job2|stage2:8|3];0.0
x[job1|stage1:0|1, job2|stage2:0|0];1.0
x[job1|stage1:0|1, job2|stage2:0|1];0.0
x[job1|stage1:0|1, job2|stage2:0|2];0.0
x[job1|stage1:0|1, job2|stage2:0|3];0.0
x[job1|stage1:0|1, job2|stage2:1|0];0.0
x[job1|stage1:0|1, job2|stage2:1|1];0.0
x[job1|stage1:0|1, job2|stage2:1|2];0.0
x[job1|stage1:0|1, job2|stage2:1|3];0.0
x[job1|stage1:0|1, job2|stage2:2|0];1.0
x[job1|stage1:0|1, job2|stage2:2|1];1.0
x[job1|stage1:0|1, job2|stage2:2|2];0.0
x[job1|stage1:0|1, job2|stage2:2|3];0.0
x[job1|stage1:0|1, job2|stage2:3|0];0.0
x[job1|stage1:0|1, job2|stage2:3|1];0.0
x[job1|stage1:0|1, job2|stage2:3|2];0.0
x[job1|stage1:0|1, job2|stage2:3|3];0.0
x[job1|stage1:0|1, job2|stage2:4|0];0.0
x[job1|stage1:0|1, job2|stage2:4|1];0.0
x[job1|stage1:0|1, job2|stage2:4|2];0.0
x[job1|stage1:0|1, job2|stage2:4|3];0.0
x[job1|stage1:0|1, job2|stage2:5|0];1.0
x[job1|stage1:0|1, job2|stage2:5|1];0.0
x[job1|stage1:0|1, job2|stage2:5|2];0.0
x[job1|stage1:0|1, job2|stage2:5|3];0.0
x[job1|stage1:0|1, job2|stage2:6|0];0.0
x[job1|stage1:0|1, job2|stage2:6|1];0.0
x[job1|stage1:0|1, job2|stage2:6|2];0.0
x[job1|stage1:0|1, job2|stage2:6|3];0.0
x[job1|stage1:0|1, job2|stage2:7|0];1.0
x[job1|stage1:0|1, job2|stage2:7|1];0.0
x[job1|stage1:0|1, job2|stage2:7|2];0.0
x[job1|stage1:0|1, job2|stage2:7|3];0.0
x[job1|stage1:0|1, job2|stage2:8|0];0.0
x[job1|stage1:0|1, job2|stage2:8|1];0.0
x[job1|stage1:0|1, job2|stage2:8|2];0.0
x[job1|stage1:0|1, job2|stage2:8|3];0.0
x[job1|stage1:0|2, job2|stage2:0|0];0.0
x[job1|stage1:0|2, job2|stage2:0|1];1.0
x[job1|stage1:0|2, job2|stage2:0|2];0.0
x[job1|stage1:0|2, job2|stage2:0|3];0.0
x[job1|stage1:0|2, job2|stage2:1|0];0.0
x[job1|stage1:0|2, job2|stage2:1|1];0.0
x[job1|stage1:0|2, job2|stage2:1|2];0.0
x[job1|stage1:0|2, job2|stage2:1|3];0.0
x[job1|stage1:0|2, job2|stage2:2|0];0.0
x[job1|stage1:0|2, job2|stage2:2|1];1.0
x[job1|stage1:0|2, job2|stage2:2|2];0.0
x[job1|stage1:0|2, job2|stage2:2|3];0.0
x[job1|stage1:0|2, job2|stage2:3|0];0.0
x[job1|stage1:0|2, job2|stage2:3|1];0.0
x[job1|stage1:0|2, job2|stage2:3|2];0.0
x[job1|stage1:0|2, job2|stage2:3|3];0.0
x[job1|stage1:0|2, job2|stage2:4|0];0.0
x[job1|stage1:0|2, job2|stage2:4|1];1.0
x[job1|stage1:0|2, job2|stage2:4|2];0.0
x[job1|stage1:0|2, job2|stage2:4|3];0.0
x[job1|stage1:0|2, job2|stage2:5|0];0.0
x[job1|stage1:0|2, job2|stage2:5|1];0.0
x[job1|stage1:0|2, job2|stage2:5|2];0.0
x[job1|stage1:0|2, job2|stage2:5|3];0.0
x[job1|stage1:0|2, job2|stage2:6|0];0.0
x[job1|stage1:0|2, job2|stage2:6|1];1.0
x[job1|stage1:0|2, job2|stage2:6|2];0.0
x[job1|stage1:0|2, job2|stage2:6|3];0.0
x[job1|stage1:0|2, job2|stage2:7|0];1.0
x[job1|stage1:0|2, job2|stage2:7|1];1.0
x[job1|stage1:0|2, job2|stage2:7|2];0.0
x[job1|stage1:0|2, job2|stage2:7|3];0.0
x[job1|stage1:0|2, job2|stage2:8|0];0.0
x[job1|stage1:0|2, job2|stage2:8|1];1.0
x[job1|stage1:0|2, job2|stage2:8|2];0.0
x[job1|stage1:0|2, job2|stage2:8|3];0.0
x[job1|stage1:0|3, job2|stage2:0|0];0.0
x[job1|stage1:0|3, job2|stage2:0|1];1.0
x[job1|stage1:0|3, job2|stage2:0|2];1.0
x[job1|stage1:0|3, job2|stage2:0|3];0.0
x[job1|stage1:0|3, job2|stage2:1|0];0.0
x[job1|stage1:0|3, job2|stage2:1|1];0.0
x[job1|stage1:0|3, job2|stage2:1|2];0.0
x[job1|stage1:0|3, job2|stage2:1|3];0.0
x[job1|stage1:0|3, job2|stage2:2|0];0.0
x[job1|stage1:0|3, job2|stage2:2|1];0.0
x[job1|stage1:0|3, job2|stage2:2|2];0.0
x[job1|stage1:0|3, job2|stage2:2|3];0.0
x[job1|stage1:0|3, job2|stage2:3|0];0.0
x[job1|stage1:0|3, job2|stage2:3|1];0.0
x[job1|stage1:0|3, job2|stage2:3|2];0.0
x[job1|stage1:0|3, job2|stage2:3|3];0.0
x[job1|stage1:0|3, job2|stage2:4|0];0.0
x[job1|stage1:0|3, job2|stage2:4|1];0.0
x[job1|stage1:0|3, job2|stage2:4|2];0.0
x[job1|stage1:0|3, job2|stage2:4|3];1.0
x[job1|stage1:0|3, job2|stage2:5|0];0.0
x[job1|stage1:0|3, job2|stage2:5|1];0.0
x[job1|stage1:0|3, job2|stage2:5|2];0.0
x[job1|stage1:0|3, job2|stage2:5|3];1.0
x[job1|stage1:0|3, job2|stage2:6|0];0.0
x[job1|stage1:0|3, job2|stage2:6|1];0.0
x[job1|stage1:0|3, job2|stage2:6|2];0.0
x[job1|stage1:0|3, job2|stage2:6|3];0.0
x[job1|stage1:0|3, job2|stage2:7|0];0.0
x[job1|stage1:0|3, job2|stage2:7|1];0.0
x[job1|stage1:0|3, job2|stage2:7|2];0.0
x[job1|stage1:0|3, job2|stage2:7|3];0.0
x[job1|stage1:0|3, job2|stage2:8|0];0.0
x[job1|stage1:0|3, job2|stage2:8|1];0.0
x[job1|stage1:0|3, job2|stage2:8|2];1.0
x[job1|stage1:0|3, job2|stage2:8|3];0.0
x[job1|stage1:1|0, job2|stage2:0|0];0.0
x[job1|stage1:1|0, job2|stage2:0|1];0.0
x[job1|stage1:1|0, job2|stage2:0|2];0.0
x[job1|stage1:1|0, job2|stage2:0|3];0.0
x[job1|stage1:1|0, job2|stage2:1|0];0.0
x[job1|stage1:1|0, job2|stage2:1|1];0.0
x[job1|stage1:1|0, job2|stage2:1|2];0.0
x[job1|stage1:1|0, job2|stage2:1|3];0.0
x[job1|stage1:1|0, job2|stage2:2|0];1.0
x[job1|stage1:1|0, job2|stage2:2|1];0.0
x[job1|stage1:1|0, job2|stage2:2|2];0.0
x[job1|stage1:1|0, job2|stage2:2|3];0.0
x[job1|stage1:1|0, job2|stage2:3|0];1.0
x[job1|stage1:1|0, job2|stage2:3|1];0.0
x[job1|stage1:1|0, job2|stage2:3|2];0.0
x[job1|stage1:1|0, job2|stage2:3|3];0.0
x[job1|stage1:1|0, job2|stage2:4|0];1.0
x[job1|stage1:1|0, job2|stage2:4|1];0.0
x[job1|stage1:1|0, job2|stage2:4|2];0.0
x[job1|stage1:1|0, job2|stage2:4|3];0.0
x[job1|stage1:1|0, job2|stage2:5|0];0.0
x[job1|stage1:1|0, job2|stage2:5|1];1.0
x[job1|stage1:1|0, job2|stage2:5|2];0.0
x[job1|stage1:1|0, job2|stage2:5|3];0.0
x[job1|stage1:1|0, job2|stage2:6|0];0.0
x[job1|stage1:1|0, job2|stage2:6|1];0.0
x[job1|stage1:1|0, job2|stage2:6|2];0.0
x[job1|stage1:1|0, job2|stage2:6|3];0.0
x[job1|stage1:1|0, job2|stage2:7|0];1.0
x[job1|stage1:1|0, job2|stage2:7|1];0.0
x[job1|stage1:1|0, job2|stage2:7|2];0.0
x[job1|stage1:1|0, job2|stage2:7|3];0.0
x[job1|stage1:1|0, job2|stage2:8|0];1.0
x[job1|stage1:1|0, job2|stage2:8|1];0.0
x[job1|stage1:1|0, job2|stage2:8|2];0.0
x[job1|stage1:1|0, job2|stage2:8|3];0.0
x[job1|stage1:1|1, job2|stage2:0|0];0.0
x[job1|stage1:1|1, job2|stage2:0|1];0.0
x[job1|stage1:1|1, job2|stage2:0|2];0.0
x[job1|stage1:1|1, job2|stage2:0|3];0.0
x[job1|stage1:1|1, job2|stage2:1|0];1.0
x[job1|stage1:1|1, job2|stage2:1|1];0.0
x[job1|stage1:1|1, job2|stage2:1|2];0.0
x[job1|stage1:1|1, job2|stage2:1|3];0.0
x[job1|stage1:1|1, job2|stage2:2|0];1.0
x[job1|stage1:1|1, job2|stage2:2|1];0.0
x[job1|stage1:1|1, job2|stage2:2|2];0.0
x[job1|stage1:1|1, job2|stage2:2|3];0.0
x[job1|stage1:1|1, job2|stage2:3|0];0.0
x[job1|stage1:1|1, job2|stage2:3|1];0.0
x[job1|stage1:1|1, job2|stage2:3|2];0.0
x[job1|stage1:1|1, job2|stage2:3|3];0.0
x[job1|stage1:1|1, job2|stage2:4|0];0.0
x[job1|stage1:1|1, job2|stage2:4|1];0.0
x[job1|stage1:1|1, job2|stage2:4|2];1.0
x[job1|stage1:1|1, job2|stage2:4|3];0.0
x[job1|stage1:1|1, job2|stage2:5|0];1.0
x[job1|stage1:1|1, job2|stage2:5|1];0.0
x[job1|stage1:1|1, job2|stage2:5|2];0.0
x[job1|stage1:1|1, job2|stage2:5|3];0.0
x[job1|stage1:1|1, job2|stage2:6|0];0.0
x[job1|stage1:1|1, job2|stage2:6|1];0.0
x[job1|stage1:1|1, job2|stage2:6|2];0.0
x[job1|stage1:1|1, job2|stage2:6|3];0.0
x[job1|stage1:1|1, job2|stage2:7|0];0.0
x[job1|stage1:1|1, job2|stage2:7|1];0.0
x[job1|stage1:1|1, job2|stage2:7|2];0.0
x[job1|stage1:1|1, job2|stage2:7|3];0.0
x[job1|stage1:1|1, job2|stage2:8|0];1.0
x[job1|stage1:1|1, job2|stage2:8|1];0.0
x[job1|stage1:1|1, job2|stage2:8|2];0.0
x[job1|stage1:1|1, job2|stage2:8|3];0.0
x[job1|stage1:1|2, job2|stage2:0|0];0.0
x[job1|stage1:1|2, job2|stage2:0|1];0.0
x[job1|stage1:1|2, job2|stage2:0|2];0.0
x[job1|stage1:1|2, job2|stage2:0|3];0.0
x[job1|stage1:1|2, job2|stage2:1|0];0.0
x[job1|stage1:1|2, job2|stage2:1|1];0.0
x[job1|stage1:1|2, job2|stage2:1|2];0.0
x[job1|stage1:1|2, job2|stage2:1|3];1.0
x[job1|stage1:1|2, job2|stage2:2|0];0.0
x[job1|stage1:1|2, job2|stage2:2|1];1.0
x[job1|stage1:1|2, job2|stage2:2|2];1.0
x[job1|stage1:1|2, job2|stage2:2|3];1.0
x[job1|stage1:1|2, job2|stage2:3|0];0.0
x[job1|stage1:1|2, job2|stage2:3|1];0.0
x[job1|stage1:1|2, job2|stage2:3|2];1.0
x[job1|stage1:1|2, job2|stage2:3|3];0.0
x[job1|stage1:1|2, job2|stage2:4|0];0.0
x[job1|stage1:1|2, job2|stage2:4|1];1.0
x[job1|stage1:1|2, job2|stage2:4|2];0.0
x[job1|stage1:1|2, job2|stage2:4|3];0.0
x[job1|stage1:1|2, job2|stage2:5|0];0.0
x[job1|stage1:1|2, job2|stage2:5|1];0.0
x[job1|stage1:1|2, job2|stage2:5|2];1.0
x[job1|stage1:1|2, job2|stage2:5|3];1.0
x[job1|stage1:1|2, job2|stage2:6|0];0.0
x[job1|stage1:1|2, job2|stage2:6|1];1.0
x[job1|stage1:1|2, job2|stage2:6|2];0.0
x[job1|stage1:1|2, job2|stage2:6|3];1.0
x[job1|stage1:1|2, job2|stage2:7|0];0.0
x[job1|stage1:1|2, job2|stage2:7|1];0.0
x[job1|stage1:1|2, job2|stage2:7|2];0.0
x[job1|stage1:1|2, job2|stage2:7|3];0.0
x[job1|stage1:1|2, job2|stage2:8|0];0.0
x[job1|stage1:1|2, job2|stage2:8|1];0.0
x[job1|stage1:1|2, job2|stage2:8|2];0.0
x[job1|stage1:1|2, job2|stage2:8|3];1.0
x[job1|stage1:1|3, job2|stage2:0|0];0.0
x[job1|stage1:1|3, job2|stage2:0|1];0.0
x[job1|stage1:1|3, job2|stage2:0|2];0.0
x[job1|stage1:1|3, job2|stage2:0|3];0.0
x[job1|stage1:1|3, job2|stage2:1|0];0.0
x[job1|stage1:1|3, job2|stage2:1|1];0.0
x[job1|stage1:1|3, job2|stage2:1|2];0.0
x[job1|stage1:1|3, job2|stage2:1|3];0.0
x[job1|stage1:1|3, job2|stage2:2|0];0.0
x[job1|stage1:1|3, job2|stage2:2|1];0.0
x[job1|stage1:1|3, job2|stage2:2|2];1.0
x[job1|stage1:1|3, job2|stage2:2|3];0.0
x[job1|stage1:1|3, job2|stage2:3|0];0.0
x[job1|stage1:1|3, job2|stage2:3|1];1.0
x[job1|stage1:1|3, job2|stage2:3|2];0.0
x[job1|stage1:1|3, job2|stage2:3|3];0.0
x[job1|stage1:1|3, job2|stage2:4|0];0.0
x[job1|stage1:1|3, job2|stage2:4|1];1.0
x[job1|stage1:1|3, job2|stage2:4|2];0.0
x[job1|stage1:1|3, job2|stage2:4|3];1.0
x[job1|stage1:1|3, job2|stage2:5|0];0.0
x[job1|stage1:1|3, job2|stage2:5|1];1.0
x[job1|stage1:1|3, job2|stage2:5|2];1.0
x[job1|stage1:1|3, job2|stage2:5|3];0.0
x[job1|stage1:1|3, job2|stage2:6|0];0.0
x[job1|stage1:1|3, job2|stage2:6|1];1.0
x[job1|stage1:1|3, job2|stage2:6|2];0.0
x[job1|stage1:1|3, job2|stage2:6|3];0.0
x[job1|stage1:1|3, job2|stage2:7|0];0.0
x[job1|stage1:1|3, job2|stage2:7|1];1.0
x[job1|stage1:1|3, job2|stage2:7|2];1.0
x[job1|stage1:1|3, job2|stage2:7|3];0.0
x[job1|stage1:1|3, job2|stage2:8|0];0.0
x[job1|stage1:1|3, job2|stage2:8|1];0.0
x[job1|stage1:1|3, job2|stage2:8|2];1.0
x[job1|stage1:1|3, job2|stage2:8|3];0.0
x[job1|stage1:2|0, job2|stage2:0|0];0.0
x[job1|stage1:2|0, job2|stage2:0|1];0.0
x[job1|stage1:2|0, job2|stage2:0|2];0.0
x[job1|stage1:2|0, job2|stage2:0|3];0.0
x[job1|stage1:2|0, job2|stage2:1|0];0.0
x[job1|stage1:2|0, job2|stage2:1|1];0.0
x[job1|stage1:2|0, job2|stage2:1|2];0.0
x[job1|stage1:2|0, job2|stage2:1|3];0.0
x[job1|stage1:2|0, job2|stage2:2|0];0.0
x[job1|stage1:2|0, job2|stage2:2|1];0.0
x[job1|stage1:2|0, job2|stage2:2|2];0.0
x[job1|stage1:2|0, job2|stage2:2|3];0.0
x[job1|stage1:2|0, job2|stage2:3|0];0.0
x[job1|stage1:2|0, job2|stage2:3|1];0.0
x[job1|stage1:2|0, job2|stage2:3|2];0.0
x[job1|stage1:2|0, job2|stage2:3|3];0.0
x[job1|stage1:2|0, job2|stage2:4|0];0.0
x[job1|stage1:2|0, job2|stage2:4|1];0.0
x[job1|stage1:2|0, job2|stage2:4|2];0.0
x[job1|stage1:2|0, job2|stage2:4|3];0.0
x[job1|stage1:2|0, job2|stage2:5|0];1.0
x[job1|stage1:2|0, job2|stage2:5|1];0.0
x[job1|stage1:2|0, job2|stage2:5|2];0.0
x[job1|stage1:2|0, job2|stage2:5|3];0.0
x[job1|stage1:2|0, job2|stage2:6|0];0.0
x[job1|stage1:2|0, job2|stage2:6|1];0.0
x[job1|stage1:2|0, job2|stage2:6|2];0.0
x[job1|stage1:2|0, job2|stage2:6|3];0.0
x[job1|stage1:2|0, job2|stage2:7|0];0.0
x[job1|stage1:2|0, job2|stage2:7|1];0.0
x[job1|stage1:2|0, job2|stage2:7|2];0.0
x[job1|stage1:2|0, job2|stage2:7|3];0.0
x[job1|stage1:2|0, job2|stage2:8|0];0.0
x[job1|stage1:2|0, job2|stage2:8|1];0.0
x[job1|stage1:2|0, job2|stage2:8|2];0.0
x[job1|stage1:2|0, job2|stage2:8|3];0.0
x[job1|stage1:2|1, job2|stage2:0|0];0.0
x[job1|stage1:2|1, job2|stage2:0|1];0.0
x[job1|stage1:2|1, job2|stage2:0|2];0.0
x[job1|stage1:2|1, job2|stage2:0|3];0.0
x[job1|stage1:2|1, job2|stage2:1|0];0.0
x[job1|stage1:2|1, job2|stage2:1|1];0.0
x[job1|stage1:2|1, job2|stage2:1|2];0.0
x[job1|stage1:2|1, job2|stage2:1|3];0.0
x[job1|stage1:2|1, job2|stage2:2|0];0.0
x[job1|stage1:2|1, job2|stage2:2|1];0.0
x[job1|stage1:2|1, job2|stage2:2|2];0.0
x[job1|stage1:2|1, job2|stage2:2|3];0.0
x[job1|stage1:2|1, job2|stage2:3|0];0.0
x[job1|stage1:2|1, job2|stage2:3|1];0.0
x[job1|stage1:2|1, job2|stage2:3|2];0.0
x[job1|stage1:2|1, job2|stage2:3|3];0.0
x[job1|stage1:2|1, job2|stage2:4|0];0.0
x[job1|stage1:2|1, job2|stage2:4|1];0.0
x[job1|stage1:2|1, job2|stage2:4|2];0.0
x[job1|stage1:2|1, job2|stage2:4|3];0.0
x[job1|stage1:2|1, job2|stage2:5|0];0.0
x[job1|stage1:2|1, job2|stage2:5|1];0.0
x[job1|stage1:2|1, job2|stage2:5|2];0.0
x[job1|stage1:2|1, job2|stage2:5|3];0.0
x[job1|stage1:2|1, job2|stage2:6|0];0.0
x[job1|stage1:2|1, job2|stage2:6|1];0.0
x[job1|stage1:2|1, job2|stage2:6|2];0.0
x[job1|stage1:2|1, job2|stage2:6|3];0.0
x[job1|stage1:2|1, job2|stage2:7|0];1.0
x[job1|stage1:2|1, job2|stage2:7|1];0.0
x[job1|stage1:2|1, job2|stage2:7|2];0.0
x[job1|stage1:2|1, job2|stage2:7|3];0.0
x[job1|stage1:2|1, job2|stage2:8|0];0.0
x[job1|stage1:2|1, job2|stage2:8|1];0.0
x[job1|stage1:2|1, job2|stage2:8|2];0.0
x[job1|stage1:2|1, job2|stage2:8|3];0.0
x[job1|stage1:2|2, job2|stage2:0|0];0.0
x[job1|stage1:2|2, job2|stage2:0|1];0.0
x[job1|stage1:2|2, job2|stage2:0|2];0.0
x[job1|stage1:2|2, job2|stage2:0|3];0.0
x[job1|stage1:2|2, job2|stage2:1|0];0.0
x[job1|stage1:2|2, job2|stage2:1|1];0.0
x[job1|stage1:2|2, job2|stage2:1|2];0.0
x[job1|stage1:2|2, job2|stage2:1|3];0.0
x[job1|stage1:2|2, job2|stage2:2|0];0.0
x[job1|stage1:2|2, job2|stage2:2|1];1.0
x[job1|stage1:2|2, job2|stage2:2|2];0.0
x[job1|stage1:2|2, job2|stage2:2|3];0.0
x[job1|stage1:2|2, job2|stage2:3|0];0.0
x[job1|stage1:2|2, job2|stage2:3|1];0.0
x[job1|stage1:2|2, job2|stage2:3|2];0.0
x[job1|stage1:2|2, job2|stage2:3|3];0.0
x[job1|stage1:2|2, job2|stage2:4|0];0.0
x[job1|stage1:2|2, job2|stage2:4|1];1.0
x[job1|stage1:2|2, job2|stage2:4|2];1.0
x[job1|stage1:2|2, job2|stage2:4|3];0.0
x[job1|stage1:2|2, job2|stage2:5|0];0.0
x[job1|stage1:2|2, job2|stage2:5|1];0.0
x[job1|stage1:2|2, job2|stage2:5|2];0.0
x[job1|stage1:2|2, job2|stage2:5|3];0.0
x[job1|stage1:2|2, job2|stage2:6|0];0.0
x[job1|stage1:2|2, job2|stage2:6|1];1.0
x[job1|stage1:2|2, job2|stage2:6|2];0.0
x[job1|stage1:2|2, job2|stage2:6|3];0.0
x[job1|stage1:2|2, job2|stage2:7|0];0.0
x[job1|stage1:2|2, job2|stage2:7|1];1.0
x[job1|stage1:2|2, job2|stage2:7|2];0.0
x[job1|stage1:2|2, job2|stage2:7|3];0.0
x[job1|stage1:2|2, job2|stage2:8|0];0.0
x[job1|stage1:2|2, job2|stage2:8|1];0.0
x[job1|stage1:2|2, job2|stage2:8|2];0.0
x[job1|stage1:2|2, job2|stage2:8|3];0.0
x[job1|stage1:2|3, job2|stage2:0|0];0.0
x[job1|stage1:2|3, job2|stage2:0|1];0.0
x[job1|stage1:2|3, job2|stage2:0|2];0.0
x[job1|stage1:2|3, job2|stage2:0|3];0.0
x[job1|stage1:2|3, job2|stage2:1|0];0.0
x[job1|stage1:2|3, job2|stage2:1|1];0.0
x[job1|stage1:2|3, job2|stage2:1|2];0.0
x[job1|stage1:2|3, job2|stage2:1|3];0.0
x[job1|stage1:2|3, job2|stage2:2|0];0.0
x[job1|stage1:2|3, job2|stage2:2|1];0.0
x[job1|stage1:2|3, job2|stage2:2|2];1.0
x[job1|stage1:2|3, job2|stage2:2|3];0.0
x[job1|stage1:2|3, job2|stage2:3|0];0.0
x[job1|stage1:2|3, job2|stage2:3|1];0.0
x[job1|stage1:2|3, job2|stage2:3|2];0.0
x[job1|stage1:2|3, job2|stage2:3|3];0.0
x[job1|stage1:2|3, job2|stage2:4|0];0.0
x[job1|stage1:2|3, job2|stage2:4|1];0.0
x[job1|stage1:2|3, job2|stage2:4|2];1.0
x[job1|stage1:2|3, job2|stage2:4|3];0.0
x[job1|stage1:2|3, job2|stage2:5|0];0.0
x[job1|stage1:2|3, job2|stage2:5|1];0.0
x[job1|stage1:2|3, job2|stage2:5|2];0.0
x[job1|stage1:2|3, job2|stage2:5|3];0.0
x[job1|stage1:2|3, job2|stage2:6|0];0.0
x[job1|stage1:2|3, job2|stage2:6|1];0.0
x[job1|stage1:2|3, job2|stage2:6|2];0.0
x[job1|stage1:2|3, job2|stage2:6|3];0.0
x[job1|stage1:2|3, job2|stage2:7|0];0.0
x[job1|stage1:2|3, job2|stage2:7|1];0.0
x[job1|stage1:2|3, job2|stage2:7|2];0.0
x[job1|stage1:2|3, job2|stage2:7|3];0.0
x[job1|stage1:2|3, job2|stage2:8|0];0.0
x[job1|stage1:2|3, job2|stage2:8|1];0.0
x[job1|stage1:2|3, job2|stage2:8|2];0.0
x[job1|stage1:2|3, job2|stage2:8|3];1.0
x[job1|stage1:3|0, job2|stage2:0|0];0.0
x[job1|stage1:3|0, job2|stage2:0|1];0.0
x[job1|stage1:3|0, job2|stage2:0|2];0.0
x[job1|stage1:3|0, job2|stage2:0|3];0.0
x[job1|stage1:3|0, job2|stage2:1|0];0.0
x[job1|stage1:3|0, job2|stage2:1|1];0.0
x[job1|stage1:3|0, job2|stage2:1|2];0.0
x[job1|stage1:3|0, job2|stage2:1|3];0.0
x[job1|stage1:3|0, job2|stage2:2|0];0.0
x[job1|stage1:3|0, job2|stage2:2|1];0.0
x[job1|stage1:3|0, job2|stage2:2|2];0.0
x[job1|stage1:3|0, job2|stage2:2|3];0.0
x[job1|stage1:3|0, job2|stage2:3|0];0.0
x[job1|stage1:3|0, job2|stage2:3|1];0.0
x[job1|stage1:3|0, job2|stage2:3|2];0.0
x[job1|stage1:3|0, job2|stage2:3|3];0.0
x[job1|stage1:3|0, job2|stage2:4|0];1.0
x[job1|stage1:3|0, job2|stage2:4|1];0.0
x[job1|stage1:3|0, job2|stage2:4|2];0.0
x[job1|stage1:3|0, job2|stage2:4|3];0.0
x[job1|stage1:3|0, job2|stage2:5|0];1.0
x[job1|stage1:3|0, job2|stage2:5|1];0.0
x[job1|stage1:3|0, job2|stage2:5|2];0.0
x[job1|stage1:3|0, job2|stage2:5|3];0.0
x[job1|stage1:3|0, job2|stage2:6|0];1.0
x[job1|stage1:3|0, job2|stage2:6|1];0.0
x[job1|stage1:3|0, job2|stage2:6|2];0.0
x[job1|stage1:3|0, job2|stage2:6|3];0.0
x[job1|stage1:3|0, job2|stage2:7|0];0.0
x[job1|stage1:3|0, job2|stage2:7|1];0.0
x[job1|stage1:3|0, job2|stage2:7|2];0.0
x[job1|stage1:3|0, job2|stage2:7|3];0.0
x[job1|stage1:3|0, job2|stage2:8|0];1.0
x[job1|stage1:3|0, job2|stage2:8|1];0.0
x[job1|stage1:3|0, job2|stage2:8|2];0.0
x[job1|stage1:3|0, job2|stage2:8|3];0.0
x[job1|stage1:3|1, job2|stage2:0|0];0.0
x[job1|stage1:3|1, job2|stage2:0|1];0.0
x[job1|stage1:3|1, job2|stage2:0|2];0.0
x[job1|stage1:3|1, job2|stage2:0|3];0.0
x[job1|stage1:3|1, job2|stage2:1|0];0.0
x[job1|stage1:3|1, job2|stage2:1|1];0.0
x[job1|stage1:3|1, job2|stage2:1|2];0.0
x[job1|stage1:3|1, job2|stage2:1|3];0.0
x[job1|stage1:3|1, job2|stage2:2|0];0.0
x[job1|stage1:3|1, job2|stage2:2|1];0.0
x[job1|stage1:3|1, job2|stage2:2|2];0.0
x[job1|stage1:3|1, job2|stage2:2|3];0.0
x[job1|stage1:3|1, job2|stage2:3|0];0.0
x[job1|stage1:3|1, job2|stage2:3|1];0.0
x[job1|stage1:3|1, job2|stage2:3|2];0.0
x[job1|stage1:3|1, job2|stage2:3|3];0.0
x[job1|stage1:3|1, job2|stage2:4|0];0.0
x[job1|stage1:3|1, job2|stage2:4|1];1.0
x[job1|stage1:3|1, job2|stage2:4|2];0.0
x[job1|stage1:3|1, job2|stage2:4|3];0.0
x[job1|stage1:3|1, job2|stage2:5|0];0.0
x[job1|stage1:3|1, job2|stage2:5|1];0.0
x[job1|stage1:3|1, job2|stage2:5|2];1.0
x[job1|stage1:3|1, job2|stage2:5|3];0.0
x[job1|stage1:3|1, job2|stage2:6|0];1.0
x[job1|stage1:3|1, job2|stage2:6|1];0.0
x[job1|stage1:3|1, job2|stage2:6|2];0.0
x[job1|stage1:3|1, job2|stage2:6|3];0.0
x[job1|stage1:3|1, job2|stage2:7|0];1.0
x[job1|stage1:3|1, job2|stage2:7|1];0.0
x[job1|stage1:3|1, job2|stage2:7|2];0.0
x[job1|stage1:3|1, job2|stage2:7|3];0.0
x[job1|stage1:3|1, job2|stage2:8|0];1.0
x[job1|stage1:3|1, job2|stage2:8|1];0.0
x[job1|stage1:3|1, job2|stage2:8|2];0.0
x[job1|stage1:3|1, job2|stage2:8|3];0.0
x[job1|stage1:3|2, job2|stage2:0|0];0.0
x[job1|stage1:3|2, job2|stage2:0|1];0.0
x[job1|stage1:3|2, job2|stage2:0|2];0.0
x[job1|stage1:3|2, job2|stage2:0|3];0.0
x[job1|stage1:3|2, job2|stage2:1|0];0.0
x[job1|stage1:3|2, job2|stage2:1|1];0.0
x[job1|stage1:3|2, job2|stage2:1|2];0.0
x[job1|stage1:3|2, job2|stage2:1|3];0.0
x[job1|stage1:3|2, job2|stage2:2|0];0.0
x[job1|stage1:3|2, job2|stage2:2|1];0.0
x[job1|stage1:3|2, job2|stage2:2|2];0.0
x[job1|stage1:3|2, job2|stage2:2|3];0.0
x[job1|stage1:3|2, job2|stage2:3|0];0.0
x[job1|stage1:3|2, job2|stage2:3|1];0.0
x[job1|stage1:3|2, job2|stage2:3|2];0.0
x[job1|stage1:3|2, job2|stage2:3|3];1.0
x[job1|stage1:3|2, job2|stage2:4|0];0.0
x[job1|stage1:3|2, job2|stage2:4|1];0.0
x[job1|stage1:3|2, job2|stage2:4|2];1.0
x[job1|stage1:3|2, job2|stage2:4|3];0.0
x[job1|stage1:3|2, job2|stage2:5|0];1.0
x[job1|stage1:3|2, job2|stage2:5|1];1.0
x[job1|stage1:3|2, job2|stage2:5|2];0.0
x[job1|stage1:3|2, job2|stage2:5|3];0.0
x[job1|stage1:3|2, job2|stage2:6|0];0.0
x[job1|stage1:3|2, job2|stage2:6|1];0.0
x[job1|stage1:3|2, job2|stage2:6|2];0.0
x[job1|stage1:3|2, job2|stage2:6|3];0.0
x[job1|stage1:3|2, job2|stage2:7|0];1.0
x[job1|stage1:3|2, job2|stage2:7|1];1.0
x[job1|stage1:3|2, job2|stage2:7|2];0.0
x[job1|stage1:3|2, job2|stage2:7|3];0.0
x[job1|stage1:3|2, job2|stage2:8|0];0.0
x[job1|stage1:3|2, job2|stage2:8|1];1.0
x[job1|stage1:3|2, job2|stage2:8|2];0.0
x[job1|stage1:3|2, job2|stage2:8|3];0.0
x[job1|stage1:3|3, job2|stage2:0|0];0.0
x[job1|stage1:3|3, job2|stage2:0|1];0.0
x[job1|stage1:3|3, job2|stage2:0|2];0.0
x[job1|stage1:3|3, job2|stage2:0|3];0.0
x[job1|stage1:3|3, job2|stage2:1|0];0.0
x[job1|stage1:3|3, job2|stage2:1|1];0.0
x[job1|stage1:3|3, job2|stage2:1|2];0.0
x[job1|stage1:3|3, job2|stage2:1|3];0.0
x[job1|stage1:3|3, job2|stage2:2|0];0.0
x[job1|stage1:3|3, job2|stage2:2|1];0.0
x[job1|stage1:3|3, job2|stage2:2|2];0.0
x[job1|stage1:3|3, job2|stage2:2|3];0.0
x[job1|stage1:3|3, job2|stage2:3|0];0.0
x[job1|stage1:3|3, job2|stage2:3|1];1.0
x[job1|stage1:3|3, job2|stage2:3|2];0.0
x[job1|stage1:3|3, job2|stage2:3|3];0.0
x[job1|stage1:3|3, job2|stage2:4|0];0.0
x[job1|stage1:3|3, job2|stage2:4|1];0.0
x[job1|stage1:3|3, job2|stage2:4|2];1.0
x[job1|stage1:3|3, job2|stage2:4|3];1.0
x[job1|stage1:3|3, job2|stage2:5|0];0.0
x[job1|stage1:3|3, job2|stage2:5|1];1.0
x[job1|stage1:3|3, job2|stage2:5|2];0.0
x[job1|stage1:3|3, job2|stage2:5|3];0.0
x[job1|stage1:3|3, job2|stage2:6|0];0.0
x[job1|stage1:3|3, job2|stage2:6|1];1.0
x[job1|stage1:3|3, job2|stage2:6|2];1.0
x[job1|stage1:3|3, job2|stage2:6|3];0.0
x[job1|stage1:3|3, job2|stage2:7|0];0.0
x[job1|stage1:3|3, job2|stage2:7|1];1.0
x[job1|stage1:3|3, job2|stage2:7|2];1.0
x[job1|stage1:3|3, job2|stage2:7|3];0.0
x[job1|stage1:3|3, job2|stage2:8|0];0.0
x[job1|stage1:3|3, job2|stage2:8|1];0.0
x[job1|stage1:3|3, job2|stage2:8|2];0.0
x[job1|stage1:3|3, job2|stage2:8|3];0.0
x[job1|stage1:4|0, job2|stage2:0|0];0.0
x[job1|stage1:4|0, job2|stage2:0|1];0.0
x[job1|stage1:4|0, job2|stage2:0|2];0.0
x[job1|stage1:4|0, job2|stage2:0|3];0.0
x[job1|stage1:4|0, job2|stage2:1|0];0.0
x[job1|stage1:4|0, job2|stage2:1|1];0.0
x[job1|stage1:4|0, job2|stage2:1|2];0.0
x[job1|stage1:4|0, job2|stage2:1|3];0.0
x[job1|stage1:4|0, job2|stage2:2|0];0.0
x[job1|stage1:4|0, job2|stage2:2|1];0.0
x[job1|stage1:4|0, job2|stage2:2|2];0.0
x[job1|stage1:4|0, job2|stage2:2|3];0.0
x[job1|stage1:4|0, job2|stage2:3|0];0.0
x[job1|stage1:4|0, job2|stage2:3|1];0.0
x[job1|stage1:4|0, job2|stage2:3|2];0.0
x[job1|stage1:4|0, job2|stage2:3|3];0.0
x[job1|stage1:4|0, job2|stage2:4|0];0.0
x[job1|stage1:4|0, job2|stage2:4|1];0.0
x[job1|stage1:4|0, job2|stage2:4|2];0.0
x[job1|stage1:4|0, job2|stage2:4|3];0.0
x[job1|stage1:4|0, job2|stage2:5|0];0.0
x[job1|stage1:4|0, job2|stage2:5|1];0.0
x[job1|stage1:4|0, job2|stage2:5|2];0.0
x[job1|stage1:4|0, job2|stage2:5|3];0.0
x[job1|stage1:4|0, job2|stage2:6|0];1.0
x[job1|stage1:4|0, job2|stage2:6|1];0.0
x[job1|stage1:4|0, job2|stage2:6|2];0.0
x[job1|stage1:4|0, job2|stage2:6|3];0.0
x[job1|stage1:4|0, job2|stage2:7|0];0.0
x[job1|stage1:4|0, job2|stage2:7|1];0.0
x[job1|stage1:4|0, job2|stage2:7|2];0.0
x[job1|stage1:4|0, job2|stage2:7|3];0.0
x[job1|stage1:4|0, job2|stage2:8|0];1.0
x[job1|stage1:4|0, job2|stage2:8|1];0.0
x[job1|stage1:4|0, job2|stage2:8|2];0.0
x[job1|stage1:4|0, job2|stage2:8|3];0.0
x[job1|stage1:4|1, job2|stage2:0|0];0.0
x[job1|stage1:4|1, job2|stage2:0|1];0.0
x[job1|stage1:4|1, job2|stage2:0|2];0.0
x[job1|stage1:4|1, job2|stage2:0|3];0.0
x[job1|stage1:4|1, job2|stage2:1|0];0.0
x[job1|stage1:4|1, job2|stage2:1|1];0.0
x[job1|stage1:4|1, job2|stage2:1|2];0.0
x[job1|stage1:4|1, job2|stage2:1|3];0.0
x[job1|stage1:4|1, job2|stage2:2|0];0.0
x[job1|stage1:4|1, job2|stage2:2|1];0.0
x[job1|stage1:4|1, job2|stage2:2|2];0.0
x[job1|stage1:4|1, job2|stage2:2|3];0.0
x[job1|stage1:4|1, job2|stage2:3|0];0.0
x[job1|stage1:4|1, job2|stage2:3|1];0.0
x[job1|stage1:4|1, job2|stage2:3|2];0.0
x[job1|stage1:4|1, job2|stage2:3|3];0.0
x[job1|stage1:4|1, job2|stage2:4|0];0.0
x[job1|stage1:4|1, job2|stage2:4|1];0.0
x[job1|stage1:4|1, job2|stage2:4|2];0.0
x[job1|stage1:4|1, job2|stage2:4|3];0.0
x[job1|stage1:4|1, job2|stage2:5|0];1.0
x[job1|stage1:4|1, job2|stage2:5|1];0.0
x[job1|stage1:4|1, job2|stage2:5|2];0.0
x[job1|stage1:4|1, job2|stage2:5|3];0.0
x[job1|stage1:4|1, job2|stage2:6|0];0.0
x[job1|stage1:4|1, job2|stage2:6|1];1.0
x[job1|stage1:4|1, job2|stage2:6|2];0.0
x[job1|stage1:4|1, job2|stage2:6|3];0.0
x[job1|stage1:4|1, job2|stage2:7|0];1.0
x[job1|stage1:4|1, job2|stage2:7|1];0.0
x[job1|stage1:4|1, job2|stage2:7|2];0.0
x[job1|stage1:4|1, job2|stage2:7|3];0.0
x[job1|stage1:4|1, job2|stage2:8|0];0.0
x[job1|stage1:4|1, job2|stage2:8|1];0.0
x[job1|stage1:4|1, job2|stage2:8|2];0.0
x[job1|stage1:4|1, job2|stage2:8|3];0.0
x[job1|stage1:4|2, job2|stage2:0|0];0.0
x[job1|stage1:4|2, job2|stage2:0|1];0.0
x[job1|stage1:4|2, job2|stage2:0|2];0.0
x[job1|stage1:4|2, job2|stage2:0|3];0.0
x[job1|stage1:4|2, job2|stage2:1|0];0.0
x[job1|stage1:4|2, job2|stage2:1|1];0.0
x[job1|stage1:4|2, job2|stage2:1|2];0.0
x[job1|stage1:4|2, job2|stage2:1|3];0.0
x[job1|stage1:4|2, job2|stage2:2|0];0.0
x[job1|stage1:4|2, job2|stage2:2|1];0.0
x[job1|stage1:4|2, job2|stage2:2|2];0.0
x[job1|stage1:4|2, job2|stage2:2|3];0.0
x[job1|stage1:4|2, job2|stage2:3|0];0.0
x[job1|stage1:4|2, job2|stage2:3|1];0.0
x[job1|stage1:4|2, job2|stage2:3|2];0.0
x[job1|stage1:4|2, job2|stage2:3|3];0.0
x[job1|stage1:4|2, job2|stage2:4|0];1.0
x[job1|stage1:4|2, job2|stage2:4|1];1.0
x[job1|stage1:4|2, job2|stage2:4|2];0.0
x[job1|stage1:4|2, job2|stage2:4|3];0.0
x[job1|stage1:4|2, job2|stage2:5|0];1.0
x[job1|stage1:4|2, job2|stage2:5|1];0.0
x[job1|stage1:4|2, job2|stage2:5|2];0.0
x[job1|stage1:4|2, job2|stage2:5|3];0.0
x[job1|stage1:4|2, job2|stage2:6|0];1.0
x[job1|stage1:4|2, job2|stage2:6|1];0.0
x[job1|stage1:4|2, job2|stage2:6|2];0.0
x[job1|stage1:4|2, job2|stage2:6|3];0.0
x[job1|stage1:4|2, job2|stage2:7|0];0.0
x[job1|stage1:4|2, job2|stage2:7|1];0.0
x[job1|stage1:4|2, job2|stage2:7|2];0.0
x[job1|stage1:4|2, job2|stage2:7|3];0.0
x[job1|stage1:4|2, job2|stage2:8|0];1.0
x[job1|stage1:4|2, job2|stage2:8|1];0.0
x[job1|stage1:4|2, job2|stage2:8|2];0.0
x[job1|stage1:4|2, job2|stage2:8|3];0.0
x[job1|stage1:4|3, job2|stage2:0|0];0.0
x[job1|stage1:4|3, job2|stage2:0|1];0.0
x[job1|stage1:4|3, job2|stage2:0|2];0.0
x[job1|stage1:4|3, job2|stage2:0|3];0.0
x[job1|stage1:4|3, job2|stage2:1|0];0.0
x[job1|stage1:4|3, job2|stage2:1|1];0.0
x[job1|stage1:4|3, job2|stage2:1|2];0.0
x[job1|stage1:4|3, job2|stage2:1|3];0.0
x[job1|stage1:4|3, job2|stage2:2|0];0.0
x[job1|stage1:4|3, job2|stage2:2|1];0.0
x[job1|stage1:4|3, job2|stage2:2|2];0.0
x[job1|stage1:4|3, job2|stage2:2|3];0.0
x[job1|stage1:4|3, job2|stage2:3|0];0.0
x[job1|stage1:4|3, job2|stage2:3|1];0.0
x[job1|stage1:4|3, job2|stage2:3|2];0.0
x[job1|stage1:4|3, job2|stage2:3|3];0.0
x[job1|stage1:4|3, job2|stage2:4|0];0.0
x[job1|stage1:4|3, job2|stage2:4|1];0.0
x[job1|stage1:4|3, job2|stage2:4|2];1.0
x[job1|stage1:4|3, job2|stage2:4|3];0.0
x[job1|stage1:4|3, job2|stage2:5|0];0.0
x[job1|stage1:4|3, job2|stage2:5|1];0.0
x[job1|stage1:4|3, job2|stage2:5|2];0.0
x[job1|stage1:4|3, job2|stage2:5|3];0.0
x[job1|stage1:4|3, job2|stage2:6|0];0.0
x[job1|stage1:4|3, job2|stage2:6|1];0.0
x[job1|stage1:4|3, job2|stage2:6|2];0.0
x[job1|stage1:4|3, job2|stage2:6|3];0.0
x[job1|stage1:4|3, job2|stage2:7|0];0.0
x[job1|stage1:4|3, job2|stage2:7|1];0.0
x[job1|stage1:4|3, job2|stage2:7|2];0.0
x[job1|stage1:4|3, job2|stage2:7|3];0.0
x[job1|stage1:4|3, job2|stage2:8|0];0.0
x[job1|stage1:4|3, job2|stage2:8|1];0.0
x[job1|stage1:4|3, job2|stage2:8|2];0.0
x[job1|stage1:4|3, job2|stage2:8|3];0.0
x[job1|stage1:5|0, job2|stage2:0|0];0.0
x[job1|stage1:5|0, job2|stage2:0|1];0.0
x[job1|stage1:5|0, job2|stage2:0|2];0.0
x[job1|stage1:5|0, job2|stage2:0|3];0.0
x[job1|stage1:5|0, job2|stage2:1|0];0.0
x[job1|stage1:5|0, job2|stage2:1|1];0.0
x[job1|stage1:5|0, job2|stage2:1|2];0.0
x[job1|stage1:5|0, job2|stage2:1|3];0.0
x[job1|stage1:5|0, job2|stage2:2|0];0.0
x[job1|stage1:5|0, job2|stage2:2|1];0.0
x[job1|stage1:5|0, job2|stage2:2|2];0.0
x[job1|stage1:5|0, job2|stage2:2|3];0.0
x[job1|stage1:5|0, job2|stage2:3|0];0.0
x[job1|stage1:5|0, job2|stage2:3|1];0.0
x[job1|stage1:5|0, job2|stage2:3|2];0.0
x[job1|stage1:5|0, job2|stage2:3|3];0.0
x[job1|stage1:5|0, job2|stage2:4|0];0.0
x[job1|stage1:5|0, job2|stage2:4|1];0.0
x[job1|stage1:5|0, job2|stage2:4|2];0.0
x[job1|stage1:5|0, job2|stage2:4|3];0.0
x[job1|stage1:5|0, job2|stage2:5|0];0.0
x[job1|stage1:5|0, job2|stage2:5|1];0.0
x[job1|stage1:5|0, job2|stage2:5|2];0.0
x[job1|stage1:5|0, job2|stage2:5|3];0.0
x[job1|stage1:5|0, job2|stage2:6|0];0.0
x[job1|stage1:5|0, job2|stage2:6|1];0.0
x[job1|stage1:5|0, job2|stage2:6|2];0.0
x[job1|stage1:5|0, job2|stage2:6|3];0.0
x[job1|stage1:5|0, job2|stage2:7|0];1.0
x[job1|stage1:5|0, job2|stage2:7|1];0.0
x[job1|stage1:5|0, job2|stage2:7|2];0.0
x[job1|stage1:5|0, job2|stage2:7|3];0.0
x[job1|stage1:5|0, job2|stage2:8|0];0.0
x[job1|stage1:5|0, job2|stage2:8|1];0.0
x[job1|stage1:5|0, job2|stage2:8|2];0.0
x[job1|stage1:5|0, job2|stage2:8|3];0.0
x[job1|stage1:5|1, job2|stage2:0|0];0.0
x[job1|stage1:5|1, job2|stage2:0|1];0.0
x[job1|stage1:5|1, job2|stage2:0|2];0.0
x[job1|stage1:5|1, job2|stage2:0|3];0.0
x[job1|stage1:5|1, job2|stage2:1|0];0.0
x[job1|stage1:5|1, job2|stage2:1|1];0.0
x[job1|stage1:5|1, job2|stage2:1|2];0.0
x[job1|stage1:5|1, job2|stage2:1|3];0.0
x[job1|stage1:5|1, job2|stage2:2|0];0.0
x[job1|stage1:5|1, job2|stage2:2|1];0.0
x[job1|stage1:5|1, job2|stage2:2|2];0.0
x[job1|stage1:5|1, job2|stage2:2|3];0.0
x[job1|stage1:5|1, job2|stage2:3|0];0.0
x[job1|stage1:5|1, job2|stage2:3|1];0.0
x[job1|stage1:5|1, job2|stage2:3|2];0.0
x[job1|stage1:5|1, job2|stage2:3|3];0.0
x[job1|stage1:5|1, job2|stage2:4|0];0.0
x[job1|stage1:5|1, job2|stage2:4|1];0.0
x[job1|stage1:5|1, job2|stage2:4|2];0.0
x[job1|stage1:5|1, job2|stage2:4|3];0.0
x[job1|stage1:5|1, job2|stage2:5|0];1.0
x[job1|stage1:5|1, job2|stage2:5|1];0.0
x[job1|stage1:5|1, job2|stage2:5|2];0.0
x[job1|stage1:5|1, job2|stage2:5|3];0.0
x[job1|stage1:5|1, job2|stage2:6|0];1.0
x[job1|stage1:5|1, job2|stage2:6|1];0.0
x[job1|stage1:5|1, job2|stage2:6|2];0.0
x[job1|stage1:5|1, job2|stage2:6|3];0.0
x[job1|stage1:5|1, job2|stage2:7|0];0.0
x[job1|stage1:5|1, job2|stage2:7|1];0.0
x[job1|stage1:5|1, job2|stage2:7|2];0.0
x[job1|stage1:5|1, job2|stage2:7|3];0.0
x[job1|stage1:5|1, job2|stage2:8|0];1.0
x[job1|stage1:5|1, job2|stage2:8|1];0.0
x[job1|stage1:5|1, job2|stage2:8|2];0.0
x[job1|stage1:5|1, job2|stage2:8|3];0.0
x[job1|stage1:5|2, job2|stage2:0|0];0.0
x[job1|stage1:5|2, job2|stage2:0|1];0.0
x[job1|stage1:5|2, job2|stage2:0|2];0.0
x[job1|stage1:5|2, job2|stage2:0|3];0.0
x[job1|stage1:5|2, job2|stage2:1|0];0.0
x[job1|stage1:5|2, job2|stage2:1|1];0.0
x[job1|stage1:5|2, job2|stage2:1|2];0.0
x[job1|stage1:5|2, job2|stage2:1|3];0.0
x[job1|stage1:5|2, job2|stage2:2|0];0.0
x[job1|stage1:5|2, job2|stage2:2|1];0.0
x[job1|stage1:5|2, job2|stage2:2|2];0.0
x[job1|stage1:5|2, job2|stage2:2|3];0.0
x[job1|stage1:5|2, job2|stage2:3|0];0.0
x[job1|stage1:5|2, job2|stage2:3|1];0.0
x[job1|stage1:5|2, job2|stage2:3|2];0.0
x[job1|stage1:5|2, job2|stage2:3|3];0.0
x[job1|stage1:5|2, job2|stage2:4|0];0.0
x[job1|stage1:5|2, job2|stage2:4|1];0.0
x[job1|stage1:5|2, job2|stage2:4|2];0.0
x[job1|stage1:5|2, job2|stage2:4|3];0.0
x[job1|stage1:5|2, job2|stage2:5|0];0.0
x[job1|stage1:5|2, job2|stage2:5|1];1.0
x[job1|stage1:5|2, job2|stage2:5|2];0.0
x[job1|stage1:5|2, job2|stage2:5|3];0.0
x[job1|stage1:5|2, job2|stage2:6|0];0.0
x[job1|stage1:5|2, job2|stage2:6|1];1.0
x[job1|stage1:5|2, job2|stage2:6|2];0.0
x[job1|stage1:5|2, job2|stage2:6|3];0.0
x[job1|stage1:5|2, job2|stage2:7|0];0.0
x[job1|stage1:5|2, job2|stage2:7|1];0.0
x[job1|stage1:5|2, job2|stage2:7|2];0.0
x[job1|stage1:5|2, job2|stage2:7|3];0.0
x[job1|stage1:5|2, job2|stage2:8|0];0.0
x[job1|stage1:5|2, job2|stage2:8|1];0.0
x[job1|stage1:5|2, job2|stage2:8|2];0.0
x[job1|stage1:5|2, job2|stage2:8|3];0.0
x[job1|stage1:5|3, job2|stage2:0|0];0.0
x[job1|stage1:5|3, job2|stage2:0|1];0.0
x[job1|stage1:5|3, job2|stage2:0|2];0.0
x[job1|stage1:5|3, job2|stage2:0|3];0.0
x[job1|stage1:5|3, job2|stage2:1|0];0.0
x[job1|stage1:5|3, job2|stage2:1|1];0.0
x[job1|stage1:5|3, job2|stage2:1|2];0.0
x[job1|stage1:5|3, job2|stage2:1|3];0.0
x[job1|stage1:5|3, job2|stage2:2|0];0.0
x[job1|stage1:5|3, job2|stage2:2|1];0.0
x[job1|stage1:5|3, job2|stage2:2|2];0.0
x[job1|stage1:5|3, job2|stage2:2|3];0.0
x[job1|stage1:5|3, job2|stage2:3|0];0.0
x[job1|stage1:5|3, job2|stage2:3|1];0.0
x[job1|stage1:5|3, job2|stage2:3|2];0.0
x[job1|stage1:5|3, job2|stage2:3|3];0.0
x[job1|stage1:5|3, job2|stage2:4|0];0.0
x[job1|stage1:5|3, job2|stage2:4|1];0.0
x[job1|stage1:5|3, job2|stage2:4|2];0.0
x[job1|stage1:5|3, job2|stage2:4|3];0.0
x[job1|stage1:5|3, job2|stage2:5|0];1.0
x[job1|stage1:5|3, job2|stage2:5|1];1.0
x[job1|stage1:5|3, job2|stage2:5|2];1.0
x[job1|stage1:5|3, job2|stage2:5|3];0.0
x[job1|stage1:5|3, job2|stage2:6|0];0.0
x[job1|stage1:5|3, job2|stage2:6|1];0.0
x[job1|stage1:5|3, job2|stage2:6|2];0.0
x[job1|stage1:5|3, job2|stage2:6|3];0.0
x[job1|stage1:5|3, job2|stage2:7|0];0.0
x[job1|stage1:5|3, job2|stage2:7|1];0.0
x[job1|stage1:5|3, job2|stage2:7|2];0.0
x[job1|stage1:5|3, job2|stage2:7|3];0.0
x[job1|stage1:5|3, job2|stage2:8|0];0.0
x[job1|stage1:5|3, job2|stage2:8|1];0.0
x[job1|stage1:5|3, job2|stage2:8|2];0.0
x[job1|stage1:5|3, job2|stage2:8|3];0.0
x[job1|stage1:6|0, job2|stage2:0|0];0.0
x[job1|stage1:6|0, job2|stage2:0|1];0.0
x[job1|stage1:6|0, job2|stage2:0|2];0.0
x[job1|stage1:6|0, job2|stage2:0|3];0.0
x[job1|stage1:6|0, job2|stage2:1|0];0.0
x[job1|stage1:6|0, job2|stage2:1|1];0.0
x[job1|stage1:6|0, job2|stage2:1|2];0.0
x[job1|stage1:6|0, job2|stage2:1|3];0.0
x[job1|stage1:6|0, job2|stage2:2|0];0.0
x[job1|stage1:6|0, job2|stage2:2|1];0.0
x[job1|stage1:6|0, job2|stage2:2|2];0.0
x[job1|stage1:6|0, job2|stage2:2|3];0.0
x[job1|stage1:6|0, job2|stage2:3|0];0.0
x[job1|stage1:6|0, job2|stage2:3|1];0.0
x[job1|stage1:6|0, job2|stage2:3|2];0.0
x[job1|stage1:6|0, job2|stage2:3|3];0.0
x[job1|stage1:6|0, job2|stage2:4|0];0.0
x[job1|stage1:6|0, job2|stage2:4|1];0.0
x[job1|stage1:6|0, job2|stage2:4|2];0.0
x[job1|stage1:6|0, job2|stage2:4|3];0.0
x[job1|stage1:6|0, job2|stage2:5|0];0.0
x[job1|stage1:6|0, job2|stage2:5|1];0.0
x[job1|stage1:6|0, job2|stage2:5|2];0.0
x[job1|stage1:6|0, job2|stage2:5|3];0.0
x[job1|stage1:6|0, job2|stage2:6|0];0.0
x[job1|stage1:6|0, job2|stage2:6|1];0.0
x[job1|stage1:6|0, job2|stage2:6|2];0.0
x[job1|stage1:6|0, job2|stage2:6|3];0.0
x[job1|stage1:6|0, job2|stage2:7|0];1.0
x[job1|stage1:6|0, job2|stage2:7|1];0.0
x[job1|stage1:6|0, job2|stage2:7|2];0.0
x[job1|stage1:6|0, job2|stage2:7|3];0.0
x[job1|stage1:6|0, job2|stage2:8|0];1.0
x[job1|stage1:6|0, job2|stage2:8|1];0.0
x[job1|stage1:6|0, job2|stage2:8|2];0.0
x[job1|stage1:6|0, job2|stage2:8|3];0.0
x[job1|stage1:6|1, job2|stage2:0|0];0.0
x[job1|stage1:6|1, job2|stage2:0|1];0.0
x[job1|stage1:6|1, job2|stage2:0|2];0.0
x[job1|stage1:6|1, job2|stage2:0|3];0.0
x[job1|stage1:6|1, job2|stage2:1|0];0.0
x[job1|stage1:6|1, job2|stage2:1|1];0.0
x[job1|stage1:6|1, job2|stage2:1|2];0.0
x[job1|stage1:6|1, job2|stage2:1|3];0.0
x[job1|stage1:6|1, job2|stage2:2|0];0.0
x[job1|stage1:6|1, job2|stage2:2|1];0.0
x[job1|stage1:6|1, job2|stage2:2|2];0.0
x[job1|stage1:6|1, job2|stage2:2|3];0.0
x[job1|stage1:6|1, job2|stage2:3|0];0.0
x[job1|stage1:6|1, job2|stage2:3|1];0.0
x[job1|stage1:6|1, job2|stage2:3|2];0.0
x[job1|stage1:6|1, job2|stage2:3|3];0.0
x[job1|stage1:6|1, job2|stage2:4|0];0.0
x[job1|stage1:6|1, job2|stage2:4|1];0.0
x[job1|stage1:6|1, job2|stage2:4|2];0.0
x[job1|stage1:6|1, job2|stage2:4|3];0.0
x[job1|stage1:6|1, job2|stage2:5|0];0.0
x[job1|stage1:6|1, job2|stage2:5|1];0.0
x[job1|stage1:6|1, job2|stage2:5|2];0.0
x[job1|stage1:6|1, job2|stage2:5|3];0.0
x[job1|stage1:6|1, job2|stage2:6|0];1.0
x[job1|stage1:6|1, job2|stage2:6|1];0.0
x[job1|stage1:6|1, job2|stage2:6|2];0.0
x[job1|stage1:6|1, job2|stage2:6|3];0.0
x[job1|stage1:6|1, job2|stage2:7|0];1.0
x[job1|stage1:6|1, job2|stage2:7|1];0.0
x[job1|stage1:6|1, job2|stage2:7|2];0.0
x[job1|stage1:6|1, job2|stage2:7|3];0.0
x[job1|stage1:6|1, job2|stage2:8|0];1.0
x[job1|stage1:6|1, job2|stage2:8|1];1.0
x[job1|stage1:6|1, job2|stage2:8|2];0.0
x[job1|stage1:6|1, job2|stage2:8|3];0.0
x[job1|stage1:6|2, job2|stage2:0|0];0.0
x[job1|stage1:6|2, job2|stage2:0|1];0.0
x[job1|stage1:6|2, job2|stage2:0|2];0.0
x[job1|stage1:6|2, job2|stage2:0|3];0.0
x[job1|stage1:6|2, job2|stage2:1|0];0.0
x[job1|stage1:6|2, job2|stage2:1|1];0.0
x[job1|stage1:6|2, job2|stage2:1|2];0.0
x[job1|stage1:6|2, job2|stage2:1|3];0.0
x[job1|stage1:6|2, job2|stage2:2|0];0.0
x[job1|stage1:6|2, job2|stage2:2|1];0.0
x[job1|stage1:6|2, job2|stage2:2|2];0.0
x[job1|stage1:6|2, job2|stage2:2|3];0.0
x[job1|stage1:6|2, job2|stage2:3|0];0.0
x[job1|stage1:6|2, job2|stage2:3|1];0.0
x[job1|stage1:6|2, job2|stage2:3|2];0.0
x[job1|stage1:6|2, job2|stage2:3|3];0.0
x[job1|stage1:6|2, job2|stage2:4|0];0.0
x[job1|stage1:6|2, job2|stage2:4|1];0.0
x[job1|stage1:6|2, job2|stage2:4|2];0.0
x[job1|stage1:6|2, job2|stage2:4|3];0.0
x[job1|stage1:6|2, job2|stage2:5|0];0.0
x[job1|stage1:6|2, job2|stage2:5|1];0.0
x[job1|stage1:6|2, job2|stage2:5|2];0.0
x[job1|stage1:6|2, job2|stage2:5|3];0.0
x[job1|stage1:6|2, job2|stage2:6|0];0.0
x[job1|stage1:6|2, job2|stage2:6|1];1.0
x[job1|stage1:6|2, job2|stage2:6|2];0.0
x[job1|stage1:6|2, job2|stage2:6|3];0.0
x[job1|stage1:6|2, job2|stage2:7|0];0.0
x[job1|stage1:6|2, job2|stage2:7|1];0.0
x[job1|stage1:6|2, job2|stage2:7|2];0.0
x[job1|stage1:6|2, job2|stage2:7|3];0.0
x[job1|stage1:6|2, job2|stage2:8|0];0.0
x[job1|stage1:6|2, job2|stage2:8|1];0.0
x[job1|stage1:6|2, job2|stage2:8|2];1.0
x[job1|stage1:6|2, job2|stage2:8|3];0.0
x[job1|stage1:6|3, job2|stage2:0|0];0.0
x[job1|stage1:6|3, job2|stage2:0|1];0.0
x[job1|stage1:6|3, job2|stage2:0|2];0.0
x[job1|stage1:6|3, job2|stage2:0|3];0.0
x[job1|stage1:6|3, job2|stage2:1|0];0.0
x[job1|stage1:6|3, job2|stage2:1|1];0.0
x[job1|stage1:6|3, job2|stage2:1|2];0.0
x[job1|stage1:6|3, job2|stage2:1|3];0.0
x[job1|stage1:6|3, job2|stage2:2|0];0.0
x[job1|stage1:6|3, job2|stage2:2|1];0.0
x[job1|stage1:6|3, job2|stage2:2|2];0.0
x[job1|stage1:6|3, job2|stage2:2|3];0.0
x[job1|stage1:6|3, job2|stage2:3|0];0.0
x[job1|stage1:6|3, job2|stage2:3|1];0.0
x[job1|stage1:6|3, job2|stage2:3|2];0.0
x[job1|stage1:6|3, job2|stage2:3|3];0.0
x[job1|stage1:6|3, job2|stage2:4|0];0.0
x[job1|stage1:6|3, job2|stage2:4|1];0.0
x[job1|stage1:6|3, job2|stage2:4|2];0.0
x[job1|stage1:6|3, job2|stage2:4|3];0.0
x[job1|stage1:6|3, job2|stage2:5|0];0.0
x[job1|stage1:6|3, job2|stage2:5|1];0.0
x[job1|stage1:6|3, job2|stage2:5|2];0.0
x[job1|stage1:6|3, job2|stage2:5|3];0.0
x[job1|stage1:6|3, job2|stage2:6|0];0.0
x[job1|stage1:6|3, job2|stage2:6|1];1.0
x[job1|stage1:6|3, job2|stage2:6|2];1.0
x[job1|stage1:6|3, job2|stage2:6|3];0.0
x[job1|stage1:6|3, job2|stage2:7|0];0.0
x[job1|stage1:6|3, job2|stage2:7|1];0.0
x[job1|stage1:6|3, job2|stage2:7|2];1.0
x[job1|stage1:6|3, job2|stage2:7|3];0.0
x[job1|stage1:6|3, job2|stage2:8|0];0.0
x[job1|stage1:6|3, job2|stage2:8|1];0.0
x[job1|stage1:6|3, job2|stage2:8|2];1.0
x[job1|stage1:6|3, job2|stage2:8|3];0.0
x[job1|stage1:7|0, job2|stage2:0|0];0.0
x[job1|stage1:7|0, job2|stage2:0|1];0.0
x[job1|stage1:7|0, job2|stage2:0|2];0.0
x[job1|stage1:7|0, job2|stage2:0|3];0.0
x[job1|stage1:7|0, job2|stage2:1|0];0.0
x[job1|stage1:7|0, job2|stage2:1|1];0.0
x[job1|stage1:7|0, job2|stage2:1|2];0.0
x[job1|stage1:7|0, job2|stage2:1|3];0.0
x[job1|stage1:7|0, job2|stage2:2|0];0.0
x[job1|stage1:7|0, job2|stage2:2|1];0.0
x[job1|stage1:7|0, job2|stage2:2|2];0.0
x[job1|stage1:7|0, job2|stage2:2|3];0.0
x[job1|stage1:7|0, job2|stage2:3|0];0.0
x[job1|stage1:7|0, job2|stage2:3|1];0.0
x[job1|stage1:7|0, job2|stage2:3|2];0.0
x[job1|stage1:7|0, job2|stage2:3|3];0.0
x[job1|stage1:7|0, job2|stage2:4|0];0.0
x[job1|stage1:7|0, job2|stage2:4|1];0.0
x[job1|stage1:7|0, job2|stage2:4|2];0.0
x[job1|stage1:7|0, job2|stage2:4|3];0.0
x[job1|stage1:7|0, job2|stage2:5|0];0.0
x[job1|stage1:7|0, job2|stage2:5|1];0.0
x[job1|stage1:7|0, job2|stage2:5|2];0.0
x[job1|stage1:7|0, job2|stage2:5|3];0.0
x[job1|stage1:7|0, job2|stage2:6|0];0.0
x[job1|stage1:7|0, job2|stage2:6|1];0.0
x[job1|stage1:7|0, job2|stage2:6|2];0.0
x[job1|stage1:7|0, job2|stage2:6|3];0.0
x[job1|stage1:7|0, job2|stage2:7|0];0.0
x[job1|stage1:7|0, job2|stage2:7|1];0.0
x[job1|stage1:7|0, job2|stage2:7|2];0.0
x[job1|stage1:7|0, job2|stage2:7|3];0.0
x[job1|stage1:7|0, job2|stage2:8|0];1.0
x[job1|stage1:7|0, job2|stage2:8|1];0.0
x[job1|stage1:7|0, job2|stage2:8|2];0.0
x[job1|stage1:7|0, job2|stage2:8|3];0.0
x[job1|stage1:7|1, job2|stage2:0|0];0.0
x[job1|stage1:7|1, job2|stage2:0|1];0.0
x[job1|stage1:7|1, job2|stage2:0|2];0.0
x[job1|stage1:7|1, job2|stage2:0|3];0.0
x[job1|stage1:7|1, job2|stage2:1|0];0.0
x[job1|stage1:7|1, job2|stage2:1|1];0.0
x[job1|stage1:7|1, job2|stage2:1|2];0.0
x[job1|stage1:7|1, job2|stage2:1|3];0.0
x[job1|stage1:7|1, job2|stage2:2|0];0.0
x[job1|stage1:7|1, job2|stage2:2|1];0.0
x[job1|stage1:7|1, job2|stage2:2|2];0.0
x[job1|stage1:7|1, job2|stage2:2|3];0.0
x[job1|stage1:7|1, job2|stage2:3|0];0.0
x[job1|stage1:7|1, job2|stage2:3|1];0.0
x[job1|stage1:7|1, job2|stage2:3|2];0.0
x[job1|stage1:7|1, job2|stage2:3|3];0.0
x[job1|stage1:7|1, job2|stage2:4|0];0.0
x[job1|stage1:7|1, job2|stage2:4|1];0.0
x[job1|stage1:7|1, job2|stage2:4|2];0.0
x[job1|stage1:7|1, job2|stage2:4|3];0.0
x[job1|stage1:7|1, job2|stage2:5|0];0.0
x[job1|stage1:7|1, job2|stage2:5|1];0.0
x[job1|stage1:7|1, job2|stage2:5|2];0.0
x[job1|stage1:7|1, job2|stage2:5|3];0.0
x[job1|stage1:7|1, job2|stage2:6|0];0.0
x[job1|stage1:7|1, job2|stage2:6|1];0.0
x[job1|stage1:7|1, job2|stage2:6|2];0.0
x[job1|stage1:7|1, job2|stage2:6|3];0.0
x[job1|stage1:7|1, job2|stage2:7|0];0.0
x[job1|stage1:7|1, job2|stage2:7|1];0.0
x[job1|stage1:7|1, job2|stage2:7|2];0.0
x[job1|stage1:7|1, job2|stage2:7|3];0.0
x[job1|stage1:7|1, job2|stage2:8|0];0.0
x[job1|stage1:7|1, job2|stage2:8|1];0.0
x[job1|stage1:7|1, job2|stage2:8|2];1.0
x[job1|stage1:7|1, job2|stage2:8|3];0.0
x[job1|stage1:7|2, job2|stage2:0|0];0.0
x[job1|stage1:7|2, job2|stage2:0|1];0.0
x[job1|stage1:7|2, job2|stage2:0|2];0.0
x[job1|stage1:7|2, job2|stage2:0|3];0.0
x[job1|stage1:7|2, job2|stage2:1|0];0.0
x[job1|stage1:7|2, job2|stage2:1|1];0.0
x[job1|stage1:7|2, job2|stage2:1|2];0.0
x[job1|stage1:7|2, job2|stage2:1|3];0.0
x[job1|stage1:7|2, job2|stage2:2|0];0.0
x[job1|stage1:7|2, job2|stage2:2|1];0.0
x[job1|stage1:7|2, job2|stage2:2|2];0.0
x[job1|stage1:7|2, job2|stage2:2|3];0.0
x[job1|stage1:7|2, job2|stage2:3|0];0.0
x[job1|stage1:7|2, job2|stage2:3|1];0.0
x[job1|stage1:7|2, job2|stage2:3|2];0.0
x[job1|stage1:7|2, job2|stage2:3|3];0.0
x[job1|stage1:7|2, job2|stage2:4|0];0.0
x[job1|stage1:7|2, job2|stage2:4|1];0.0
x[job1|stage1:7|2, job2|stage2:4|2];0.0
x[job1|stage1:7|2, job2|stage2:4|3];0.0
x[job1|stage1:7|2, job2|stage2:5|0];0.0
x[job1|stage1:7|2, job2|stage2:5|1];0.0
x[job1|stage1:7|2, job2|stage2:5|2];0.0
x[job1|stage1:7|2, job2|stage2:5|3];0.0
x[job1|stage1:7|2, job2|stage2:6|0];0.0
x[job1|stage1:7|2, job2|stage2:6|1];0.0
x[job1|stage1:7|2, job2|stage2:6|2];0.0
x[job1|stage1:7|2, job2|stage2:6|3];0.0
x[job1|stage1:7|2, job2|stage2:7|0];0.0
x[job1|stage1:7|2, job2|stage2:7|1];1.0
x[job1|stage1:7|2, job2|stage2:7|2];0.0
x[job1|stage1:7|2, job2|stage2:7|3];0.0
x[job1|stage1:7|2, job2|stage2:8|0];0.0
x[job1|stage1:7|2, job2|stage2:8|1];0.0
x[job1|stage1:7|2, job2|stage2:8|2];1.0
x[job1|stage1:7|2, job2|stage2:8|3];0.0
x[job1|stage1:7|3, job2|stage2:0|0];0.0
x[job1|stage1:7|3, job2|stage2:0|1];0.0
x[job1|stage1:7|3, job2|stage2:0|2];0.0
x[job1|stage1:7|3, job2|stage2:0|3];0.0
x[job1|stage1:7|3, job2|stage2:1|0];0.0
x[job1|stage1:7|3, job2|stage2:1|1];0.0
x[job1|stage1:7|3, job2|stage2:1|2];0.0
x[job1|stage1:7|3, job2|stage2:1|3];0.0
x[job1|stage1:7|3, job2|stage2:2|0];0.0
x[job1|stage1:7|3, job2|stage2:2|1];0.0
x[job1|stage1:7|3, job2|stage2:2|2];0.0
x[job1|stage1:7|3, job2|stage2:2|3];0.0
x[job1|stage1:7|3, job2|stage2:3|0];0.0
x[job1|stage1:7|3, job2|stage2:3|1];0.0
x[job1|stage1:7|3, job2|stage2:3|2];0.0
x[job1|stage1:7|3, job2|stage2:3|3];0.0
x[job1|stage1:7|3, job2|stage2:4|0];0.0
x[job1|stage1:7|3, job2|stage2:4|1];0.0
x[job1|stage1:7|3, job2|stage2:4|2];0.0
x[job1|stage1:7|3, job2|stage2:4|3];0.0
x[job1|stage1:7|3, job2|stage2:5|0];0.0
x[job1|stage1:7|3, job2|stage2:5|1];0.0
x[job1|stage1:7|3, job2|stage2:5|2];0.0
x[job1|stage1:7|3, job2|stage2:5|3];0.0
x[job1|stage1:7|3, job2|stage2:6|0];0.0
x[job1|stage1:7|3, job2|stage2:6|1];0.0
x[job1|stage1:7|3, job2|stage2:6|2];0.0
x[job1|stage1:7|3, job2|stage2:6|3];0.0
x[job1|stage1:7|3, job2|stage2:7|0];0.0
x[job1|stage1:7|3, job2|stage2:7|1];0.0
x[job1|stage1:7|3, job2|stage2:7|2];1.0
x[job1|stage1:7|3, job2|stage2:7|3];0.0
x[job1|stage1:7|3, job2|stage2:8|0];0.0
x[job1|stage1:7|3, job2|stage2:8|1];0.0
x[job1|stage1:7|3, job2|stage2:8|2];0.0
x[job1|stage1:7|3, job2|stage2:8|3];1.0
x[job1|stage1:8|0, job2|stage2:0|0];0.0
x[job1|stage1:8|0, job2|stage2:0|1];0.0
x[job1|stage1:8|0, job2|stage2:0|2];0.0
x[job1|stage1:8|0, job2|stage2:0|3];0.0
x[job1|stage1:8|0, job2|stage2:1|0];0.0
x[job1|stage1:8|0, job2|stage2:1|1];0.0
x[job1|stage1:8|0, job2|stage2:1|2];0.0
x[job1|stage1:8|0, job2|stage2:1|3];0.0
x[job1|stage1:8|0, job2|stage2:2|0];0.0
x[job1|stage1:8|0, job2|stage2:2|1];0.0
x[job1|stage1:8|0, job2|stage2:2|2];0.0
x[job1|stage1:8|0, job2|stage2:2|3];0.0
x[job1|stage1:8|0, job2|stage2:3|0];0.0
x[job1|stage1:8|0, job2|stage2:3|1];0.0
x[job1|stage1:8|0, job2|stage2:3|2];0.0
x[job1|stage1:8|0, job2|stage2:3|3];0.0
x[job1|stage1:8|0, job2|stage2:4|0];0.0
x[job1|stage1:8|0, job2|stage2:4|1];0.0
x[job1|stage1:8|0, job2|stage2:4|2];0.0
x[job1|stage1:8|0, job2|stage2:4|3];0.0
x[job1|stage1:8|0, job2|stage2:5|0];0.0
x[job1|stage1:8|0, job2|stage2:5|1];0.0
x[job1|stage1:8|0, job2|stage2:5|2];0.0
x[job1|stage1:8|0, job2|stage2:5|3];0.0
x[job1|stage1:8|0, job2|stage2:6|0];0.0
x[job1|stage1:8|0, job2|stage2:6|1];0.0
x[job1|stage1:8|0, job2|stage2:6|2];0.0
x[job1|stage1:8|0, job2|stage2:6|3];0.0
x[job1|stage1:8|0, job2|stage2:7|0];0.0
x[job1|stage1:8|0, job2|stage2:7|1];0.0
x[job1|stage1:8|0, job2|stage2:7|2];0.0
x[job1|stage1:8|0, job2|stage2:7|3];0.0
x[job1|stage1:8|0, job2|stage2:8|0];0.0
x[job1|stage1:8|0, job2|stage2:8|1];0.0
x[job1|stage1:8|0, job2|stage2:8|2];0.0
x[job1|stage1:8|0, job2|stage2:8|3];0.0
x[job1|stage1:8|1, job2|stage2:0|0];0.0
x[job1|stage1:8|1, job2|stage2:0|1];0.0
x[job1|stage1:8|1, job2|stage2:0|2];0.0
x[job1|stage1:8|1, job2|stage2:0|3];0.0
x[job1|stage1:8|1, job2|stage2:1|0];0.0
x[job1|stage1:8|1, job2|stage2:1|1];0.0
x[job1|stage1:8|1, job2|stage2:1|2];0.0
x[job1|stage1:8|1, job2|stage2:1|3];0.0
x[job1|stage1:8|1, job2|stage2:2|0];0.0
x[job1|stage1:8|1, job2|stage2:2|1];0.0
x[job1|stage1:8|1, job2|stage2:2|2];0.0
x[job1|stage1:8|1, job2|stage2:2|3];0.0
x[job1|stage1:8|1, job2|stage2:3|0];0.0
x[job1|stage1:8|1, job2|stage2:3|1];0.0
x[job1|stage1:8|1, job2|stage2:3|2];0.0
x[job1|stage1:8|1, job2|stage2:3|3];0.0
x[job1|stage1:8|1, job2|stage2:4|0];0.0
x[job1|stage1:8|1, job2|stage2:4|1];0.0
x[job1|stage1:8|1, job2|stage2:4|2];0.0
x[job1|stage1:8|1, job2|stage2:4|3];0.0
x[job1|stage1:8|1, job2|stage2:5|0];0.0
x[job1|stage1:8|1, job2|stage2:5|1];0.0
x[job1|stage1:8|1, job2|stage2:5|2];0.0
x[job1|stage1:8|1, job2|stage2:5|3];0.0
x[job1|stage1:8|1, job2|stage2:6|0];0.0
x[job1|stage1:8|1, job2|stage2:6|1];0.0
x[job1|stage1:8|1, job2|stage2:6|2];0.0
x[job1|stage1:8|1, job2|stage2:6|3];0.0
x[job1|stage1:8|1, job2|stage2:7|0];0.0
x[job1|stage1:8|1, job2|stage2:7|1];0.0
x[job1|stage1:8|1, job2|stage2:7|2];0.0
x[job1|stage1:8|1, job2|stage2:7|3];0.0
x[job1|stage1:8|1, job2|stage2:8|0];0.0
x[job1|stage1:8|1, job2|stage2:8|1];0.0
x[job1|stage1:8|1, job2|stage2:8|2];0.0
x[job1|stage1:8|1, job2|stage2:8|3];0.0
x[job1|stage1:8|2, job2|stage2:0|0];0.0
x[job1|stage1:8|2, job2|stage2:0|1];0.0
x[job1|stage1:8|2, job2|stage2:0|2];0.0
x[job1|stage1:8|2, job2|stage2:0|3];0.0
x[job1|stage1:8|2, job2|stage2:1|0];0.0
x[job1|stage1:8|2, job2|stage2:1|1];0.0
x[job1|stage1:8|2, job2|stage2:1|2];0.0
x[job1|stage1:8|2, job2|stage2:1|3];0.0
x[job1|stage1:8|2, job2|stage2:2|0];0.0
x[job1|stage1:8|2, job2|stage2:2|1];0.0
x[job1|stage1:8|2, job2|stage2:2|2];0.0
x[job1|stage1:8|2, job2|stage2:2|3];0.0
x[job1|stage1:8|2, job2|stage2:3|0];0.0
x[job1|stage1:8|2, job2|stage2:3|1];0.0
x[job1|stage1:8|2, job2|stage2:3|2];0.0
x[job1|stage1:8|2, job2|stage2:3|3];0.0
x[job1|stage1:8|2, job2|stage2:4|0];0.0
x[job1|stage1:8|2, job2|stage2:4|1];0.0
x[job1|stage1:8|2, job2|stage2:4|2];0.0
x[job1|stage1:8|2, job2|stage2:4|3];0.0
x[job1|stage1:8|2, job2|stage2:5|0];0.0
x[job1|stage1:8|2, job2|stage2:5|1];0.0
x[job1|stage1:8|2, job2|stage2:5|2];0.0
x[job1|stage1:8|2, job2|stage2:5|3];0.0
x[job1|stage1:8|2, job2|stage2:6|0];0.0
x[job1|stage1:8|2, job2|stage2:6|1];0.0
x[job1|stage1:8|2, job2|stage2:6|2];0.0
x[job1|stage1:8|2, job2|stage2:6|3];0.0
x[job1|stage1:8|2, job2|stage2:7|0];0.0
x[job1|stage1:8|2, job2|stage2:7|1];0.0
x[job1|stage1:8|2, job2|stage2:7|2];0.0
x[job1|stage1:8|2, job2|stage2:7|3];0.0
x[job1|stage1:8|2, job2|stage2:8|0];0.0
x[job1|stage1:8|2, job2|stage2:8|1];0.0
x[job1|stage1:8|2, job2|stage2:8|2];0.0
x[job1|stage1:8|2, job2|stage2:8|3];0.0
x[job1|stage1:8|3, job2|stage2:0|0];0.0
x[job1|stage1:8|3, job2|stage2:0|1];0.0
x[job1|stage1:8|3, job2|stage2:0|2];0.0
x[job1|stage1:8|3, job2|stage2:0|3];0.0
x[job1|stage1:8|3, job2|stage2:1|0];0.0
x[job1|stage1:8|3, job2|stage2:1|1];0.0
x[job1|stage1:8|3, job2|stage2:1|2];0.0
x[job1|stage1:8|3, job2|stage2:1|3];0.0
x[job1|stage1:8|3, job2|stage2:2|0];0.0
x[job1|stage1:8|3, job2|stage2:2|1];0.0
x[job1|stage1:8|3, job2|stage2:2|2];0.0
x[job1|stage1:8|3, job2|stage2:2|3];0.0
x[job1|stage1:8|3, job2|stage2:3|0];0.0
x[job1|stage1:8|3, job2|stage2:3|1];0.0
x[job1|stage1:8|3, job2|stage2:3|2];0.0
x[job1|stage1:8|3, job2|stage2:3|3];0.0
x[job1|stage1:8|3, job2|stage2:4|0];0.0
x[job1|stage1:8|3, job2|stage2:4|1];0.0
x[job1|stage1:8|3, job2|stage2:4|2];0.0
x[job1|stage1:8|3, job2|stage2:4|3];0.0
x[job1|stage1:8|3, job2|stage2:5|0];0.0
x[job1|stage1:8|3, job2|stage2:5|1];0.0
x[job1|stage1:8|3, job2|stage2:5|2];0.0
x[job1|stage1:8|3, job2|stage2:5|3];0.0
x[job1|stage1:8|3, job2|stage2:6|0];0.0
x[job1|stage1:8|3, job2|stage2:6|1];0.0
x[job1|stage1:8|3, job2|stage2:6|2];0.0
x[job1|stage1:8|3, job2|stage2:6|3];0.0
x[job1|stage1:8|3, job2|stage2:7|0];0.0
x[job1|stage1:8|3, job2|stage2:7|1];0.0
x[job1|stage1:8|3, job2|stage2:7|2];0.0
x[job1|stage1:8|3, job2|stage2:7|3];0.0
x[job1|stage1:8|3, job2|stage2:8|0];0.0
x[job1|stage1:8|3, job2|stage2:8|1];0.0
x[job1|stage1:8|3, job2|stage2:8|2];0.0
x[job1|stage1:8|3, job2|stage2:8|3];0.0
y[job:0, stage:0, machine:1];0.0
y[job:0, stage:0, machine:2];0.0
y[job:0, stage:0, machine:3];1.0
y[job:0, stage:1, machine:2];1.0
y[job:0, stage:1, machine:4];0.0
y[job:0, stage:1, machine:7];0.0
y[job:0, stage:2, machine:4];0.0
y[job:0, stage:2, machine:5];0.0
y[job:0, stage:2, machine:7];1.0
y[job:0, stage:3, machine:7];0.0
y[job:0, stage:3, machine:8];1.0
y[job:1, stage:0, machine:1];1.0
y[job:1, stage:0, machine:3];0.0
y[job:1, stage:1, machine:2];1.0
y[job:1, stage:1, machine:3];0.0
y[job:1, stage:2, machine:5];0.0
y[job:1, stage:2, machine:6];0.0
y[job:1, stage:2, machine:7];1.0
y[job:1, stage:3, machine:5];1.0
y[job:1, stage:3, machine:8];0.0
y[job:2, stage:0, machine:1];0.0
y[job:2, stage:0, machine:2];1.0
y[job:2, stage:1, machine:3];0.0
y[job:2, stage:1, machine:4];0.0
y[job:2, stage:1, machine:7];1.0
y[job:2, stage:2, machine:4];0.0
y[job:2, stage:2, machine:5];1.0
y[job:2, stage:2, machine:6];0.0
y[job:2, stage:3, machine:6];1.0
y[job:2, stage:3, machine:8];0.0
y[job:3, stage:0, machine:1];1.0
y[job:3, stage:0, machine:2];0.0
y[job:3, stage:1, machine:3];1.0
y[job:3, stage:1, machine:5];0.0
y[job:3, stage:2, machine:4];1.0
y[job:3, stage:2, machine:6];0.0
y[job:3, stage:3, machine:5];0.0
y[job:3, stage:3, machine:6];1.0
y[job:4, stage:0, machine:1];1.0
y[job:4, stage:0, machine:2];0.0
y[job:4, stage:0, machine:3];0.0
y[job:4, stage:1, machine:4];0.0
y[job:4, stage:1, machine:5];1.0
y[job:4, stage:1, machine:7];0.0
y[job:4, stage:2, machine:2];0.0
y[job:4, stage:2, machine:5];0.0
y[job:4, stage:2, machine:6];1.0
y[job:4, stage:3, machine:6];0.0
y[job:4, stage:3, machine:8];1.0
y[job:5, stage:0, machine:2];0.0
y[job:5, stage:0, machine:3];0.0
y[job:5, stage:0, machine:4];1.0
y[job:5, stage:1, machine:3];0.0
y[job:5, stage:1, machine:4];1.0
y[job:5, stage:1, machine:5];0.0
y[job:5, stage:2, machine:5];1.0
y[job:5, stage:2, machine:6];0.0
y[job:5, stage:2, machine:7];0.0
y[job:5, stage:3, machine:4];0.0
y[job:5, stage:3, machine:7];1.0
y[job:6, stage:0, machine:2];1.0
y[job:6, stage:0, machine:3];0.0
y[job:6, stage:1, machine:3];1.0
y[job:6, stage:1, machine:5];0.0
y[job:6, stage:2, machine:5];1.0
y[job:6, stage:2, machine:6];0.0
y[job:6, stage:2, machine:7];0.0
y[job:6, stage:3, machine:5];1.0
y[job:6, stage:3, machine:8];0.0
y[job:7, stage:0, machine:3];1.0
y[job:7, stage:0, machine:4];0.0
y[job:7, stage:1, machine:5];0.0
y[job:7, stage:1, machine:6];1.0
y[job:7, stage:2, machine:5];0.0
y[job:7, stage:2, machine:6];0.0
y[job:7, stage:2, machine:7];1.0
y[job:7, stage:3, machine:7];0.0
y[job:7, stage:3, machine:8];1.0
y[job:8, stage:0, machine:2];1.0
y[job:8, stage:0, machine:3];0.0
y[job:8, stage:1, machine:3];0.0
y[job:8, stage:1, machine:4];1.0
y[job:8, stage:2, machine:5];1.0
y[job:8, stage:2, machine:7];0.0
y[job:8, stage:3, machine:6];0.0
y[job:8, stage:3, machine:8];1.0
