name;value
Z_FO;1899.0
startT[job:0, stage:0, machine:1];101.0
startT[job:0, stage:1, machine:2];266.0
startT[job:0, stage:1, machine:4];0.0
startT[job:0, stage:2, machine:4];396.0
startT[job:0, stage:2, machine:5];0.0
startT[job:1, stage:0, machine:1];0.0
startT[job:1, stage:0, machine:3];0.0
startT[job:1, stage:1, machine:2];150.0
startT[job:1, stage:1, machine:3];0.0
startT[job:1, stage:2, machine:5];251.0
startT[job:2, stage:0, machine:1];0.0
startT[job:2, stage:0, machine:2];0.0
startT[job:2, stage:1, machine:3];261.0
startT[job:2, stage:2, machine:4];0.0
startT[job:2, stage:2, machine:5];441.0
startT[job:3, stage:0, machine:1];0.0
startT[job:3, stage:0, machine:2];0.0
startT[job:3, stage:1, machine:5];65.0
startT[job:3, stage:2, machine:3];0.0
startT[job:3, stage:2, machine:4];238.0
x[job1|stage1:0|0, job2|stage2:0|0];0.0
x[job1|stage1:0|0, job2|stage2:0|1];0.0
x[job1|stage1:0|0, job2|stage2:0|2];0.0
x[job1|stage1:0|0, job2|stage2:1|0];0.0
x[job1|stage1:0|0, job2|stage2:1|1];0.0
x[job1|stage1:0|0, job2|stage2:1|2];0.0
x[job1|stage1:0|0, job2|stage2:2|0];1.0
x[job1|stage1:0|0, job2|stage2:2|1];0.0
x[job1|stage1:0|0, job2|stage2:2|2];0.0
x[job1|stage1:0|0, job2|stage2:3|0];0.0
x[job1|stage1:0|0, job2|stage2:3|1];0.0
x[job1|stage1:0|0, job2|stage2:3|2];0.0
x[job1|stage1:0|1, job2|stage2:0|0];0.0
x[job1|stage1:0|1, job2|stage2:0|1];0.0
x[job1|stage1:0|1, job2|stage2:0|2];0.0
x[job1|stage1:0|1, job2|stage2:1|0];0.0
x[job1|stage1:0|1, job2|stage2:1|1];1.0
x[job1|stage1:0|1, job2|stage2:1|2];0.0
x[job1|stage1:0|1, job2|stage2:2|0];1.0
x[job1|stage1:0|1, job2|stage2:2|1];0.0
x[job1|stage1:0|1, job2|stage2:2|2];0.0
x[job1|stage1:0|1, job2|stage2:3|0];1.0
x[job1|stage1:0|1, job2|stage2:3|1];0.0
x[job1|stage1:0|1, job2|stage2:3|2];0.0
x[job1|stage1:0|2, job2|stage2:0|0];0.0
x[job1|stage1:0|2, job2|stage2:0|1];0.0
x[job1|stage1:0|2, job2|stage2:0|2];0.0
x[job1|stage1:0|2, job2|stage2:1|0];0.0
x[job1|stage1:0|2, job2|stage2:1|1];0.0
x[job1|stage1:0|2, job2|stage2:1|2];0.0
x[job1|stage1:0|2, job2|stage2:2|0];0.0
x[job1|stage1:0|2, job2|stage2:2|1];0.0
x[job1|stage1:0|2, job2|stage2:2|2];0.0
x[job1|stage1:0|2, job2|stage2:3|0];0.0
x[job1|stage1:0|2, job2|stage2:3|1];0.0
x[job1|stage1:0|2, job2|stage2:3|2];1.0
x[job1|stage1:1|0, job2|stage2:0|0];0.0
x[job1|stage1:1|0, job2|stage2:0|1];0.0
x[job1|stage1:1|0, job2|stage2:0|2];0.0
x[job1|stage1:1|0, job2|stage2:1|0];0.0
x[job1|stage1:1|0, job2|stage2:1|1];0.0
x[job1|stage1:1|0, job2|stage2:1|2];0.0
x[job1|stage1:1|0, job2|stage2:2|0];0.0
x[job1|stage1:1|0, job2|stage2:2|1];0.0
x[job1|stage1:1|0, job2|stage2:2|2];0.0
x[job1|stage1:1|0, job2|stage2:3|0];0.0
x[job1|stage1:1|0, job2|stage2:3|1];0.0
x[job1|stage1:1|0, job2|stage2:3|2];0.0
x[job1|stage1:1|1, job2|stage2:0|0];0.0
x[job1|stage1:1|1, job2|stage2:0|1];0.0
x[job1|stage1:1|1, job2|stage2:0|2];0.0
x[job1|stage1:1|1, job2|stage2:1|0];0.0
x[job1|stage1:1|1, job2|stage2:1|1];0.0
x[job1|stage1:1|1, job2|stage2:1|2];0.0
x[job1|stage1:1|1, job2|stage2:2|0];0.0
x[job1|stage1:1|1, job2|stage2:2|1];0.0
x[job1|stage1:1|1, job2|stage2:2|2];0.0
x[job1|stage1:1|1, job2|stage2:3|0];1.0
x[job1|stage1:1|1, job2|stage2:3|1];0.0
x[job1|stage1:1|1, job2|stage2:3|2];0.0
x[job1|stage1:1|2, job2|stage2:0|0];0.0
x[job1|stage1:1|2, job2|stage2:0|1];0.0
x[job1|stage1:1|2, job2|stage2:0|2];0.0
x[job1|stage1:1|2, job2|stage2:1|0];0.0
x[job1|stage1:1|2, job2|stage2:1|1];0.0
x[job1|stage1:1|2, job2|stage2:1|2];0.0
x[job1|stage1:1|2, job2|stage2:2|0];0.0
x[job1|stage1:1|2, job2|stage2:2|1];0.0
x[job1|stage1:1|2, job2|stage2:2|2];0.0
x[job1|stage1:1|2, job2|stage2:3|0];0.0
x[job1|stage1:1|2, job2|stage2:3|1];1.0
x[job1|stage1:1|2, job2|stage2:3|2];0.0
x[job1|stage1:2|0, job2|stage2:0|0];0.0
x[job1|stage1:2|0, job2|stage2:0|1];0.0
x[job1|stage1:2|0, job2|stage2:0|2];0.0
x[job1|stage1:2|0, job2|stage2:1|0];0.0
x[job1|stage1:2|0, job2|stage2:1|1];0.0
x[job1|stage1:2|0, job2|stage2:1|2];0.0
x[job1|stage1:2|0, job2|stage2:2|0];0.0
x[job1|stage1:2|0, job2|stage2:2|1];0.0
x[job1|stage1:2|0, job2|stage2:2|2];0.0
x[job1|stage1:2|0, job2|stage2:3|0];0.0
x[job1|stage1:2|0, job2|stage2:3|1];0.0
x[job1|stage1:2|0, job2|stage2:3|2];0.0
x[job1|stage1:2|1, job2|stage2:0|0];0.0
x[job1|stage1:2|1, job2|stage2:0|1];0.0
x[job1|stage1:2|1, job2|stage2:0|2];0.0
x[job1|stage1:2|1, job2|stage2:1|0];0.0
x[job1|stage1:2|1, job2|stage2:1|1];0.0
x[job1|stage1:2|1, job2|stage2:1|2];0.0
x[job1|stage1:2|1, job2|stage2:2|0];0.0
x[job1|stage1:2|1, job2|stage2:2|1];0.0
x[job1|stage1:2|1, job2|stage2:2|2];0.0
x[job1|stage1:2|1, job2|stage2:3|0];0.0
x[job1|stage1:2|1, job2|stage2:3|1];0.0
x[job1|stage1:2|1, job2|stage2:3|2];0.0
x[job1|stage1:2|2, job2|stage2:0|0];0.0
x[job1|stage1:2|2, job2|stage2:0|1];0.0
x[job1|stage1:2|2, job2|stage2:0|2];0.0
x[job1|stage1:2|2, job2|stage2:1|0];0.0
x[job1|stage1:2|2, job2|stage2:1|1];0.0
x[job1|stage1:2|2, job2|stage2:1|2];0.0
x[job1|stage1:2|2, job2|stage2:2|0];0.0
x[job1|stage1:2|2, job2|stage2:2|1];0.0
x[job1|stage1:2|2, job2|stage2:2|2];0.0
x[job1|stage1:2|2, job2|stage2:3|0];0.0
x[job1|stage1:2|2, job2|stage2:3|1];1.0
x[job1|stage1:2|2, job2|stage2:3|2];0.0
x[job1|stage1:3|0, job2|stage2:0|0];0.0
x[job1|stage1:3|0, job2|stage2:0|1];0.0
x[job1|stage1:3|0, job2|stage2:0|2];0.0
x[job1|stage1:3|0, job2|stage2:1|0];0.0
x[job1|stage1:3|0, job2|stage2:1|1];0.0
x[job1|stage1:3|0, job2|stage2:1|2];0.0
x[job1|stage1:3|0, job2|stage2:2|0];0.0
x[job1|stage1:3|0, job2|stage2:2|1];0.0
x[job1|stage1:3|0, job2|stage2:2|2];0.0
x[job1|stage1:3|0, job2|stage2:3|0];0.0
x[job1|stage1:3|0, job2|stage2:3|1];0.0
x[job1|stage1:3|0, job2|stage2:3|2];0.0
x[job1|stage1:3|1, job2|stage2:0|0];0.0
x[job1|stage1:3|1, job2|stage2:0|1];0.0
x[job1|stage1:3|1, job2|stage2:0|2];0.0
x[job1|stage1:3|1, job2|stage2:1|0];0.0
x[job1|stage1:3|1, job2|stage2:1|1];0.0
x[job1|stage1:3|1, job2|stage2:1|2];0.0
x[job1|stage1:3|1, job2|stage2:2|0];0.0
x[job1|stage1:3|1, job2|stage2:2|1];0.0
x[job1|stage1:3|1, job2|stage2:2|2];0.0
x[job1|stage1:3|1, job2|stage2:3|0];0.0
x[job1|stage1:3|1, job2|stage2:3|1];0.0
x[job1|stage1:3|1, job2|stage2:3|2];0.0
x[job1|stage1:3|2, job2|stage2:0|0];0.0
x[job1|stage1:3|2, job2|stage2:0|1];0.0
x[job1|stage1:3|2, job2|stage2:0|2];0.0
x[job1|stage1:3|2, job2|stage2:1|0];0.0
x[job1|stage1:3|2, job2|stage2:1|1];0.0
x[job1|stage1:3|2, job2|stage2:1|2];0.0
x[job1|stage1:3|2, job2|stage2:2|0];0.0
x[job1|stage1:3|2, job2|stage2:2|1];0.0
x[job1|stage1:3|2, job2|stage2:2|2];0.0
x[job1|stage1:3|2, job2|stage2:3|0];0.0
x[job1|stage1:3|2, job2|stage2:3|1];0.0
x[job1|stage1:3|2, job2|stage2:3|2];0.0
y[job:0, stage:0, machine:1];1.0
y[job:0, stage:1, machine:2];1.0
y[job:0, stage:1, machine:4];0.0
y[job:0, stage:2, machine:4];1.0
y[job:0, stage:2, machine:5];0.0
y[job:1, stage:0, machine:1];0.0
y[job:1, stage:0, machine:3];1.0
y[job:1, stage:1, machine:2];1.0
y[job:1, stage:1, machine:3];0.0
y[job:1, stage:2, machine:5];1.0
y[job:2, stage:0, machine:1];1.0
y[job:2, stage:0, machine:2];0.0
y[job:2, stage:1, machine:3];1.0
y[job:2, stage:2, machine:4];0.0
y[job:2, stage:2, machine:5];1.0
y[job:3, stage:0, machine:1];0.0
y[job:3, stage:0, machine:2];1.0
y[job:3, stage:1, machine:5];1.0
y[job:3, stage:2, machine:3];0.0
y[job:3, stage:2, machine:4];1.0
