name;value
Z_FO;9709.0
startT[job:0, stage:0, machine:1];0.0
startT[job:0, stage:0, machine:2];0.0
startT[job:0, stage:0, machine:3];8.0
startT[job:0, stage:1, machine:2];0.0
startT[job:0, stage:1, machine:4];0.0
startT[job:0, stage:1, machine:7];108.0
startT[job:0, stage:2, machine:4];0.0
startT[job:0, stage:2, machine:5];273.0
startT[job:0, stage:2, machine:7];0.0
startT[job:0, stage:3, machine:7];0.0
startT[job:0, stage:3, machine:8];499.0
startT[job:1, stage:0, machine:1];252.0
startT[job:1, stage:0, machine:3];0.0
startT[job:1, stage:1, machine:2];525.0
startT[job:1, stage:1, machine:3];0.0
startT[job:1, stage:2, machine:5];0.0
startT[job:1, stage:2, machine:6];0.0
startT[job:1, stage:2, machine:7];629.0
startT[job:1, stage:3, machine:5];779.0
startT[job:1, stage:3, machine:8];0.0
startT[job:10, stage:0, machine:2];239.0
startT[job:10, stage:0, machine:3];0.0
startT[job:10, stage:1, machine:3];790.0
startT[job:10, stage:1, machine:4];0.0
startT[job:10, stage:2, machine:5];0.0
startT[job:10, stage:2, machine:7];970.0
startT[job:10, stage:3, machine:6];0.0
startT[job:10, stage:3, machine:8];1025.0
startT[job:2, stage:0, machine:1];0.0
startT[job:2, stage:0, machine:2];0.0
startT[job:2, stage:1, machine:3];0.0
startT[job:2, stage:1, machine:4];62.0
startT[job:2, stage:1, machine:7];0.0
startT[job:2, stage:2, machine:4];0.0
startT[job:2, stage:2, machine:5];0.0
startT[job:2, stage:2, machine:6];167.0
startT[job:2, stage:3, machine:6];0.0
startT[job:2, stage:3, machine:8];320.0
startT[job:3, stage:0, machine:1];0.0
startT[job:3, stage:0, machine:2];0.0
startT[job:3, stage:1, machine:3];0.0
startT[job:3, stage:1, machine:5];87.0
startT[job:3, stage:2, machine:4];0.0
startT[job:3, stage:2, machine:6];333.0
startT[job:3, stage:3, machine:5];0.0
startT[job:3, stage:3, machine:6];483.0
startT[job:4, stage:0, machine:1];104.0
startT[job:4, stage:0, machine:2];0.0
startT[job:4, stage:0, machine:3];0.0
startT[job:4, stage:1, machine:4];0.0
startT[job:4, stage:1, machine:5];0.0
startT[job:4, stage:1, machine:7];248.0
startT[job:4, stage:2, machine:2];407.0
startT[job:4, stage:2, machine:5];0.0
startT[job:4, stage:2, machine:6];0.0
startT[job:4, stage:3, machine:6];0.0
startT[job:4, stage:3, machine:8];662.0
startT[job:5, stage:0, machine:2];77.0
startT[job:5, stage:0, machine:3];0.0
startT[job:5, stage:0, machine:4];0.0
startT[job:5, stage:1, machine:3];0.0
startT[job:5, stage:1, machine:4];222.0
startT[job:5, stage:1, machine:5];0.0
startT[job:5, stage:2, machine:5];0.0
startT[job:5, stage:2, machine:6];0.0
startT[job:5, stage:2, machine:7];372.0
startT[job:5, stage:3, machine:4];0.0
startT[job:5, stage:3, machine:7];564.0
startT[job:6, stage:0, machine:2];0.0
startT[job:6, stage:0, machine:3];124.0
startT[job:6, stage:1, machine:3];283.0
startT[job:6, stage:1, machine:5];0.0
startT[job:6, stage:2, machine:5];445.0
startT[job:6, stage:2, machine:6];0.0
startT[job:6, stage:2, machine:7];0.0
startT[job:6, stage:3, machine:5];604.0
startT[job:6, stage:3, machine:8];0.0
startT[job:7, stage:0, machine:3];0.0
startT[job:7, stage:0, machine:4];661.0
startT[job:7, stage:1, machine:5];0.0
startT[job:7, stage:1, machine:6];906.0
startT[job:7, stage:2, machine:5];1130.0
startT[job:7, stage:2, machine:6];0.0
startT[job:7, stage:2, machine:7];0.0
startT[job:7, stage:3, machine:7];0.0
startT[job:7, stage:3, machine:8];1275.0
startT[job:8, stage:0, machine:2];0.0
startT[job:8, stage:0, machine:3];427.0
startT[job:8, stage:1, machine:3];597.0
startT[job:8, stage:1, machine:4];0.0
startT[job:8, stage:2, machine:5];0.0
startT[job:8, stage:2, machine:7];793.0
startT[job:8, stage:3, machine:6];0.0
startT[job:8, stage:3, machine:8];843.0
startT[job:9, stage:0, machine:3];0.0
startT[job:9, stage:0, machine:4];390.0
startT[job:9, stage:1, machine:5];0.0
startT[job:9, stage:1, machine:6];670.0
startT[job:9, stage:2, machine:5];915.0
startT[job:9, stage:2, machine:6];0.0
startT[job:9, stage:2, machine:7];0.0
startT[job:9, stage:3, machine:7];1060.0
startT[job:9, stage:3, machine:8];0.0
x[job1|stage1:0|0, job2|stage2:0|0];0.0
x[job1|stage1:0|0, job2|stage2:0|1];0.0
x[job1|stage1:0|0, job2|stage2:0|2];0.0
x[job1|stage1:0|0, job2|stage2:0|3];0.0
x[job1|stage1:0|0, job2|stage2:10|0];0.0
x[job1|stage1:0|0, job2|stage2:10|1];0.0
x[job1|stage1:0|0, job2|stage2:10|2];0.0
x[job1|stage1:0|0, job2|stage2:10|3];0.0
x[job1|stage1:0|0, job2|stage2:1|0];0.0
x[job1|stage1:0|0, job2|stage2:1|1];0.0
x[job1|stage1:0|0, job2|stage2:1|2];0.0
x[job1|stage1:0|0, job2|stage2:1|3];0.0
x[job1|stage1:0|0, job2|stage2:2|0];0.0
x[job1|stage1:0|0, job2|stage2:2|1];0.0
x[job1|stage1:0|0, job2|stage2:2|2];0.0
x[job1|stage1:0|0, job2|stage2:2|3];0.0
x[job1|stage1:0|0, job2|stage2:3|0];0.0
x[job1|stage1:0|0, job2|stage2:3|1];0.0
x[job1|stage1:0|0, job2|stage2:3|2];0.0
x[job1|stage1:0|0, job2|stage2:3|3];0.0
x[job1|stage1:0|0, job2|stage2:4|0];0.0
x[job1|stage1:0|0, job2|stage2:4|1];0.0
x[job1|stage1:0|0, job2|stage2:4|2];0.0
x[job1|stage1:0|0, job2|stage2:4|3];0.0
x[job1|stage1:0|0, job2|stage2:5|0];0.0
x[job1|stage1:0|0, job2|stage2:5|1];0.0
x[job1|stage1:0|0, job2|stage2:5|2];0.0
x[job1|stage1:0|0, job2|stage2:5|3];0.0
x[job1|stage1:0|0, job2|stage2:6|0];0.0
x[job1|stage1:0|0, job2|stage2:6|1];0.0
x[job1|stage1:0|0, job2|stage2:6|2];0.0
x[job1|stage1:0|0, job2|stage2:6|3];0.0
x[job1|stage1:0|0, job2|stage2:7|0];0.0
x[job1|stage1:0|0, job2|stage2:7|1];0.0
x[job1|stage1:0|0, job2|stage2:7|2];0.0
x[job1|stage1:0|0, job2|stage2:7|3];0.0
x[job1|stage1:0|0, job2|stage2:8|0];0.0
x[job1|stage1:0|0, job2|stage2:8|1];0.0
x[job1|stage1:0|0, job2|stage2:8|2];0.0
x[job1|stage1:0|0, job2|stage2:8|3];0.0
x[job1|stage1:0|0, job2|stage2:9|0];0.0
x[job1|stage1:0|0, job2|stage2:9|1];0.0
x[job1|stage1:0|0, job2|stage2:9|2];0.0
x[job1|stage1:0|0, job2|stage2:9|3];0.0
x[job1|stage1:0|1, job2|stage2:0|0];1.0
x[job1|stage1:0|1, job2|stage2:0|1];0.0
x[job1|stage1:0|1, job2|stage2:0|2];0.0
x[job1|stage1:0|1, job2|stage2:0|3];0.0
x[job1|stage1:0|1, job2|stage2:10|0];0.0
x[job1|stage1:0|1, job2|stage2:10|1];0.0
x[job1|stage1:0|1, job2|stage2:10|2];0.0
x[job1|stage1:0|1, job2|stage2:10|3];0.0
x[job1|stage1:0|1, job2|stage2:1|0];0.0
x[job1|stage1:0|1, job2|stage2:1|1];0.0
x[job1|stage1:0|1, job2|stage2:1|2];0.0
x[job1|stage1:0|1, job2|stage2:1|3];0.0
x[job1|stage1:0|1, job2|stage2:2|0];0.0
x[job1|stage1:0|1, job2|stage2:2|1];0.0
x[job1|stage1:0|1, job2|stage2:2|2];0.0
x[job1|stage1:0|1, job2|stage2:2|3];0.0
x[job1|stage1:0|1, job2|stage2:3|0];0.0
x[job1|stage1:0|1, job2|stage2:3|1];0.0
x[job1|stage1:0|1, job2|stage2:3|2];0.0
x[job1|stage1:0|1, job2|stage2:3|3];0.0
x[job1|stage1:0|1, job2|stage2:4|0];0.0
x[job1|stage1:0|1, job2|stage2:4|1];0.0
x[job1|stage1:0|1, job2|stage2:4|2];0.0
x[job1|stage1:0|1, job2|stage2:4|3];0.0
x[job1|stage1:0|1, job2|stage2:5|0];0.0
x[job1|stage1:0|1, job2|stage2:5|1];0.0
x[job1|stage1:0|1, job2|stage2:5|2];0.0
x[job1|stage1:0|1, job2|stage2:5|3];0.0
x[job1|stage1:0|1, job2|stage2:6|0];0.0
x[job1|stage1:0|1, job2|stage2:6|1];0.0
x[job1|stage1:0|1, job2|stage2:6|2];0.0
x[job1|stage1:0|1, job2|stage2:6|3];0.0
x[job1|stage1:0|1, job2|stage2:7|0];0.0
x[job1|stage1:0|1, job2|stage2:7|1];0.0
x[job1|stage1:0|1, job2|stage2:7|2];0.0
x[job1|stage1:0|1, job2|stage2:7|3];0.0
x[job1|stage1:0|1, job2|stage2:8|0];0.0
x[job1|stage1:0|1, job2|stage2:8|1];0.0
x[job1|stage1:0|1, job2|stage2:8|2];0.0
x[job1|stage1:0|1, job2|stage2:8|3];0.0
x[job1|stage1:0|1, job2|stage2:9|0];0.0
x[job1|stage1:0|1, job2|stage2:9|1];0.0
x[job1|stage1:0|1, job2|stage2:9|2];0.0
x[job1|stage1:0|1, job2|stage2:9|3];0.0
x[job1|stage1:0|2, job2|stage2:0|0];0.0
x[job1|stage1:0|2, job2|stage2:0|1];1.0
x[job1|stage1:0|2, job2|stage2:0|2];0.0
x[job1|stage1:0|2, job2|stage2:0|3];0.0
x[job1|stage1:0|2, job2|stage2:10|0];0.0
x[job1|stage1:0|2, job2|stage2:10|1];0.0
x[job1|stage1:0|2, job2|stage2:10|2];0.0
x[job1|stage1:0|2, job2|stage2:10|3];0.0
x[job1|stage1:0|2, job2|stage2:1|0];0.0
x[job1|stage1:0|2, job2|stage2:1|1];0.0
x[job1|stage1:0|2, job2|stage2:1|2];0.0
x[job1|stage1:0|2, job2|stage2:1|3];0.0
x[job1|stage1:0|2, job2|stage2:2|0];0.0
x[job1|stage1:0|2, job2|stage2:2|1];0.0
x[job1|stage1:0|2, job2|stage2:2|2];0.0
x[job1|stage1:0|2, job2|stage2:2|3];0.0
x[job1|stage1:0|2, job2|stage2:3|0];0.0
x[job1|stage1:0|2, job2|stage2:3|1];1.0
x[job1|stage1:0|2, job2|stage2:3|2];0.0
x[job1|stage1:0|2, job2|stage2:3|3];0.0
x[job1|stage1:0|2, job2|stage2:4|0];0.0
x[job1|stage1:0|2, job2|stage2:4|1];0.0
x[job1|stage1:0|2, job2|stage2:4|2];0.0
x[job1|stage1:0|2, job2|stage2:4|3];0.0
x[job1|stage1:0|2, job2|stage2:5|0];0.0
x[job1|stage1:0|2, job2|stage2:5|1];0.0
x[job1|stage1:0|2, job2|stage2:5|2];0.0
x[job1|stage1:0|2, job2|stage2:5|3];0.0
x[job1|stage1:0|2, job2|stage2:6|0];0.0
x[job1|stage1:0|2, job2|stage2:6|1];0.0
x[job1|stage1:0|2, job2|stage2:6|2];0.0
x[job1|stage1:0|2, job2|stage2:6|3];0.0
x[job1|stage1:0|2, job2|stage2:7|0];0.0
x[job1|stage1:0|2, job2|stage2:7|1];0.0
x[job1|stage1:0|2, job2|stage2:7|2];0.0
x[job1|stage1:0|2, job2|stage2:7|3];0.0
x[job1|stage1:0|2, job2|stage2:8|0];0.0
x[job1|stage1:0|2, job2|stage2:8|1];0.0
x[job1|stage1:0|2, job2|stage2:8|2];0.0
x[job1|stage1:0|2, job2|stage2:8|3];0.0
x[job1|stage1:0|2, job2|stage2:9|0];0.0
x[job1|stage1:0|2, job2|stage2:9|1];0.0
x[job1|stage1:0|2, job2|stage2:9|2];0.0
x[job1|stage1:0|2, job2|stage2:9|3];0.0
x[job1|stage1:0|3, job2|stage2:0|0];0.0
x[job1|stage1:0|3, job2|stage2:0|1];1.0
x[job1|stage1:0|3, job2|stage2:0|2];1.0
x[job1|stage1:0|3, job2|stage2:0|3];0.0
x[job1|stage1:0|3, job2|stage2:10|0];0.0
x[job1|stage1:0|3, job2|stage2:10|1];0.0
x[job1|stage1:0|3, job2|stage2:10|2];0.0
x[job1|stage1:0|3, job2|stage2:10|3];0.0
x[job1|stage1:0|3, job2|stage2:1|0];0.0
x[job1|stage1:0|3, job2|stage2:1|1];0.0
x[job1|stage1:0|3, job2|stage2:1|2];0.0
x[job1|stage1:0|3, job2|stage2:1|3];0.0
x[job1|stage1:0|3, job2|stage2:2|0];0.0
x[job1|stage1:0|3, job2|stage2:2|1];0.0
x[job1|stage1:0|3, job2|stage2:2|2];0.0
x[job1|stage1:0|3, job2|stage2:2|3];1.0
x[job1|stage1:0|3, job2|stage2:3|0];0.0
x[job1|stage1:0|3, job2|stage2:3|1];0.0
x[job1|stage1:0|3, job2|stage2:3|2];0.0
x[job1|stage1:0|3, job2|stage2:3|3];0.0
x[job1|stage1:0|3, job2|stage2:4|0];0.0
x[job1|stage1:0|3, job2|stage2:4|1];0.0
x[job1|stage1:0|3, job2|stage2:4|2];0.0
x[job1|stage1:0|3, job2|stage2:4|3];0.0
x[job1|stage1:0|3, job2|stage2:5|0];0.0
x[job1|stage1:0|3, job2|stage2:5|1];0.0
x[job1|stage1:0|3, job2|stage2:5|2];0.0
x[job1|stage1:0|3, job2|stage2:5|3];1.0
x[job1|stage1:0|3, job2|stage2:6|0];0.0
x[job1|stage1:0|3, job2|stage2:6|1];0.0
x[job1|stage1:0|3, job2|stage2:6|2];0.0
x[job1|stage1:0|3, job2|stage2:6|3];0.0
x[job1|stage1:0|3, job2|stage2:7|0];0.0
x[job1|stage1:0|3, job2|stage2:7|1];0.0
x[job1|stage1:0|3, job2|stage2:7|2];0.0
x[job1|stage1:0|3, job2|stage2:7|3];0.0
x[job1|stage1:0|3, job2|stage2:8|0];0.0
x[job1|stage1:0|3, job2|stage2:8|1];0.0
x[job1|stage1:0|3, job2|stage2:8|2];0.0
x[job1|stage1:0|3, job2|stage2:8|3];0.0
x[job1|stage1:0|3, job2|stage2:9|0];0.0
x[job1|stage1:0|3, job2|stage2:9|1];0.0
x[job1|stage1:0|3, job2|stage2:9|2];0.0
x[job1|stage1:0|3, job2|stage2:9|3];0.0
x[job1|stage1:10|0, job2|stage2:0|0];0.0
x[job1|stage1:10|0, job2|stage2:0|1];0.0
x[job1|stage1:10|0, job2|stage2:0|2];0.0
x[job1|stage1:10|0, job2|stage2:0|3];0.0
x[job1|stage1:10|0, job2|stage2:10|0];0.0
x[job1|stage1:10|0, job2|stage2:10|1];0.0
x[job1|stage1:10|0, job2|stage2:10|2];0.0
x[job1|stage1:10|0, job2|stage2:10|3];0.0
x[job1|stage1:10|0, job2|stage2:1|0];0.0
x[job1|stage1:10|0, job2|stage2:1|1];0.0
x[job1|stage1:10|0, job2|stage2:1|2];0.0
x[job1|stage1:10|0, job2|stage2:1|3];0.0
x[job1|stage1:10|0, job2|stage2:2|0];0.0
x[job1|stage1:10|0, job2|stage2:2|1];0.0
x[job1|stage1:10|0, job2|stage2:2|2];0.0
x[job1|stage1:10|0, job2|stage2:2|3];0.0
x[job1|stage1:10|0, job2|stage2:3|0];0.0
x[job1|stage1:10|0, job2|stage2:3|1];0.0
x[job1|stage1:10|0, job2|stage2:3|2];0.0
x[job1|stage1:10|0, job2|stage2:3|3];0.0
x[job1|stage1:10|0, job2|stage2:4|0];0.0
x[job1|stage1:10|0, job2|stage2:4|1];0.0
x[job1|stage1:10|0, job2|stage2:4|2];0.0
x[job1|stage1:10|0, job2|stage2:4|3];0.0
x[job1|stage1:10|0, job2|stage2:5|0];0.0
x[job1|stage1:10|0, job2|stage2:5|1];0.0
x[job1|stage1:10|0, job2|stage2:5|2];0.0
x[job1|stage1:10|0, job2|stage2:5|3];0.0
x[job1|stage1:10|0, job2|stage2:6|0];0.0
x[job1|stage1:10|0, job2|stage2:6|1];0.0
x[job1|stage1:10|0, job2|stage2:6|2];0.0
x[job1|stage1:10|0, job2|stage2:6|3];0.0
x[job1|stage1:10|0, job2|stage2:7|0];0.0
x[job1|stage1:10|0, job2|stage2:7|1];0.0
x[job1|stage1:10|0, job2|stage2:7|2];0.0
x[job1|stage1:10|0, job2|stage2:7|3];0.0
x[job1|stage1:10|0, job2|stage2:8|0];0.0
x[job1|stage1:10|0, job2|stage2:8|1];0.0
x[job1|stage1:10|0, job2|stage2:8|2];0.0
x[job1|stage1:10|0, job2|stage2:8|3];0.0
x[job1|stage1:10|0, job2|stage2:9|0];0.0
x[job1|stage1:10|0, job2|stage2:9|1];0.0
x[job1|stage1:10|0, job2|stage2:9|2];0.0
x[job1|stage1:10|0, job2|stage2:9|3];0.0
x[job1|stage1:10|1, job2|stage2:0|0];0.0
x[job1|stage1:10|1, job2|stage2:0|1];0.0
x[job1|stage1:10|1, job2|stage2:0|2];0.0
x[job1|stage1:10|1, job2|stage2:0|3];0.0
x[job1|stage1:10|1, job2|stage2:10|0];0.0
x[job1|stage1:10|1, job2|stage2:10|1];0.0
x[job1|stage1:10|1, job2|stage2:10|2];0.0
x[job1|stage1:10|1, job2|stage2:10|3];0.0
x[job1|stage1:10|1, job2|stage2:1|0];0.0
x[job1|stage1:10|1, job2|stage2:1|1];0.0
x[job1|stage1:10|1, job2|stage2:1|2];0.0
x[job1|stage1:10|1, job2|stage2:1|3];0.0
x[job1|stage1:10|1, job2|stage2:2|0];0.0
x[job1|stage1:10|1, job2|stage2:2|1];0.0
x[job1|stage1:10|1, job2|stage2:2|2];0.0
x[job1|stage1:10|1, job2|stage2:2|3];0.0
x[job1|stage1:10|1, job2|stage2:3|0];0.0
x[job1|stage1:10|1, job2|stage2:3|1];0.0
x[job1|stage1:10|1, job2|stage2:3|2];0.0
x[job1|stage1:10|1, job2|stage2:3|3];0.0
x[job1|stage1:10|1, job2|stage2:4|0];0.0
x[job1|stage1:10|1, job2|stage2:4|1];0.0
x[job1|stage1:10|1, job2|stage2:4|2];0.0
x[job1|stage1:10|1, job2|stage2:4|3];0.0
x[job1|stage1:10|1, job2|stage2:5|0];0.0
x[job1|stage1:10|1, job2|stage2:5|1];0.0
x[job1|stage1:10|1, job2|stage2:5|2];0.0
x[job1|stage1:10|1, job2|stage2:5|3];0.0
x[job1|stage1:10|1, job2|stage2:6|0];0.0
x[job1|stage1:10|1, job2|stage2:6|1];0.0
x[job1|stage1:10|1, job2|stage2:6|2];0.0
x[job1|stage1:10|1, job2|stage2:6|3];0.0
x[job1|stage1:10|1, job2|stage2:7|0];0.0
x[job1|stage1:10|1, job2|stage2:7|1];0.0
x[job1|stage1:10|1, job2|stage2:7|2];0.0
x[job1|stage1:10|1, job2|stage2:7|3];0.0
x[job1|stage1:10|1, job2|stage2:8|0];0.0
x[job1|stage1:10|1, job2|stage2:8|1];0.0
x[job1|stage1:10|1, job2|stage2:8|2];0.0
x[job1|stage1:10|1, job2|stage2:8|3];0.0
x[job1|stage1:10|1, job2|stage2:9|0];0.0
x[job1|stage1:10|1, job2|stage2:9|1];0.0
x[job1|stage1:10|1, job2|stage2:9|2];0.0
x[job1|stage1:10|1, job2|stage2:9|3];0.0
x[job1|stage1:10|2, job2|stage2:0|0];0.0
x[job1|stage1:10|2, job2|stage2:0|1];0.0
x[job1|stage1:10|2, job2|stage2:0|2];0.0
x[job1|stage1:10|2, job2|stage2:0|3];0.0
x[job1|stage1:10|2, job2|stage2:10|0];0.0
x[job1|stage1:10|2, job2|stage2:10|1];0.0
x[job1|stage1:10|2, job2|stage2:10|2];0.0
x[job1|stage1:10|2, job2|stage2:10|3];0.0
x[job1|stage1:10|2, job2|stage2:1|0];0.0
x[job1|stage1:10|2, job2|stage2:1|1];0.0
x[job1|stage1:10|2, job2|stage2:1|2];0.0
x[job1|stage1:10|2, job2|stage2:1|3];0.0
x[job1|stage1:10|2, job2|stage2:2|0];0.0
x[job1|stage1:10|2, job2|stage2:2|1];0.0
x[job1|stage1:10|2, job2|stage2:2|2];0.0
x[job1|stage1:10|2, job2|stage2:2|3];0.0
x[job1|stage1:10|2, job2|stage2:3|0];0.0
x[job1|stage1:10|2, job2|stage2:3|1];0.0
x[job1|stage1:10|2, job2|stage2:3|2];0.0
x[job1|stage1:10|2, job2|stage2:3|3];0.0
x[job1|stage1:10|2, job2|stage2:4|0];0.0
x[job1|stage1:10|2, job2|stage2:4|1];0.0
x[job1|stage1:10|2, job2|stage2:4|2];0.0
x[job1|stage1:10|2, job2|stage2:4|3];0.0
x[job1|stage1:10|2, job2|stage2:5|0];0.0
x[job1|stage1:10|2, job2|stage2:5|1];0.0
x[job1|stage1:10|2, job2|stage2:5|2];0.0
x[job1|stage1:10|2, job2|stage2:5|3];0.0
x[job1|stage1:10|2, job2|stage2:6|0];0.0
x[job1|stage1:10|2, job2|stage2:6|1];0.0
x[job1|stage1:10|2, job2|stage2:6|2];0.0
x[job1|stage1:10|2, job2|stage2:6|3];0.0
x[job1|stage1:10|2, job2|stage2:7|0];0.0
x[job1|stage1:10|2, job2|stage2:7|1];0.0
x[job1|stage1:10|2, job2|stage2:7|2];0.0
x[job1|stage1:10|2, job2|stage2:7|3];0.0
x[job1|stage1:10|2, job2|stage2:8|0];0.0
x[job1|stage1:10|2, job2|stage2:8|1];0.0
x[job1|stage1:10|2, job2|stage2:8|2];0.0
x[job1|stage1:10|2, job2|stage2:8|3];0.0
x[job1|stage1:10|2, job2|stage2:9|0];0.0
x[job1|stage1:10|2, job2|stage2:9|1];0.0
x[job1|stage1:10|2, job2|stage2:9|2];0.0
x[job1|stage1:10|2, job2|stage2:9|3];0.0
x[job1|stage1:10|3, job2|stage2:0|0];0.0
x[job1|stage1:10|3, job2|stage2:0|1];0.0
x[job1|stage1:10|3, job2|stage2:0|2];0.0
x[job1|stage1:10|3, job2|stage2:0|3];0.0
x[job1|stage1:10|3, job2|stage2:10|0];0.0
x[job1|stage1:10|3, job2|stage2:10|1];0.0
x[job1|stage1:10|3, job2|stage2:10|2];0.0
x[job1|stage1:10|3, job2|stage2:10|3];0.0
x[job1|stage1:10|3, job2|stage2:1|0];0.0
x[job1|stage1:10|3, job2|stage2:1|1];0.0
x[job1|stage1:10|3, job2|stage2:1|2];0.0
x[job1|stage1:10|3, job2|stage2:1|3];0.0
x[job1|stage1:10|3, job2|stage2:2|0];0.0
x[job1|stage1:10|3, job2|stage2:2|1];0.0
x[job1|stage1:10|3, job2|stage2:2|2];0.0
x[job1|stage1:10|3, job2|stage2:2|3];0.0
x[job1|stage1:10|3, job2|stage2:3|0];0.0
x[job1|stage1:10|3, job2|stage2:3|1];0.0
x[job1|stage1:10|3, job2|stage2:3|2];0.0
x[job1|stage1:10|3, job2|stage2:3|3];0.0
x[job1|stage1:10|3, job2|stage2:4|0];0.0
x[job1|stage1:10|3, job2|stage2:4|1];0.0
x[job1|stage1:10|3, job2|stage2:4|2];0.0
x[job1|stage1:10|3, job2|stage2:4|3];0.0
x[job1|stage1:10|3, job2|stage2:5|0];0.0
x[job1|stage1:10|3, job2|stage2:5|1];0.0
x[job1|stage1:10|3, job2|stage2:5|2];0.0
x[job1|stage1:10|3, job2|stage2:5|3];0.0
x[job1|stage1:10|3, job2|stage2:6|0];0.0
x[job1|stage1:10|3, job2|stage2:6|1];0.0
x[job1|stage1:10|3, job2|stage2:6|2];0.0
x[job1|stage1:10|3, job2|stage2:6|3];0.0
x[job1|stage1:10|3, job2|stage2:7|0];0.0
x[job1|stage1:10|3, job2|stage2:7|1];0.0
x[job1|stage1:10|3, job2|stage2:7|2];0.0
x[job1|stage1:10|3, job2|stage2:7|3];0.0
x[job1|stage1:10|3, job2|stage2:8|0];0.0
x[job1|stage1:10|3, job2|stage2:8|1];0.0
x[job1|stage1:10|3, job2|stage2:8|2];0.0
x[job1|stage1:10|3, job2|stage2:8|3];0.0
x[job1|stage1:10|3, job2|stage2:9|0];0.0
x[job1|stage1:10|3, job2|stage2:9|1];0.0
x[job1|stage1:10|3, job2|stage2:9|2];0.0
x[job1|stage1:10|3, job2|stage2:9|3];0.0
x[job1|stage1:1|0, job2|stage2:0|0];0.0
x[job1|stage1:1|0, job2|stage2:0|1];0.0
x[job1|stage1:1|0, job2|stage2:0|2];0.0
x[job1|stage1:1|0, job2|stage2:0|3];0.0
x[job1|stage1:1|0, job2|stage2:10|0];0.0
x[job1|stage1:1|0, job2|stage2:10|1];0.0
x[job1|stage1:1|0, job2|stage2:10|2];0.0
x[job1|stage1:1|0, job2|stage2:10|3];0.0
x[job1|stage1:1|0, job2|stage2:1|0];0.0
x[job1|stage1:1|0, job2|stage2:1|1];0.0
x[job1|stage1:1|0, job2|stage2:1|2];0.0
x[job1|stage1:1|0, job2|stage2:1|3];0.0
x[job1|stage1:1|0, job2|stage2:2|0];0.0
x[job1|stage1:1|0, job2|stage2:2|1];0.0
x[job1|stage1:1|0, job2|stage2:2|2];0.0
x[job1|stage1:1|0, job2|stage2:2|3];0.0
x[job1|stage1:1|0, job2|stage2:3|0];1.0
x[job1|stage1:1|0, job2|stage2:3|1];0.0
x[job1|stage1:1|0, job2|stage2:3|2];0.0
x[job1|stage1:1|0, job2|stage2:3|3];0.0
x[job1|stage1:1|0, job2|stage2:4|0];1.0
x[job1|stage1:1|0, job2|stage2:4|1];0.0
x[job1|stage1:1|0, job2|stage2:4|2];0.0
x[job1|stage1:1|0, job2|stage2:4|3];0.0
x[job1|stage1:1|0, job2|stage2:5|0];0.0
x[job1|stage1:1|0, job2|stage2:5|1];0.0
x[job1|stage1:1|0, job2|stage2:5|2];0.0
x[job1|stage1:1|0, job2|stage2:5|3];0.0
x[job1|stage1:1|0, job2|stage2:6|0];0.0
x[job1|stage1:1|0, job2|stage2:6|1];0.0
x[job1|stage1:1|0, job2|stage2:6|2];0.0
x[job1|stage1:1|0, job2|stage2:6|3];0.0
x[job1|stage1:1|0, job2|stage2:7|0];0.0
x[job1|stage1:1|0, job2|stage2:7|1];0.0
x[job1|stage1:1|0, job2|stage2:7|2];0.0
x[job1|stage1:1|0, job2|stage2:7|3];0.0
x[job1|stage1:1|0, job2|stage2:8|0];0.0
x[job1|stage1:1|0, job2|stage2:8|1];0.0
x[job1|stage1:1|0, job2|stage2:8|2];0.0
x[job1|stage1:1|0, job2|stage2:8|3];0.0
x[job1|stage1:1|0, job2|stage2:9|0];0.0
x[job1|stage1:1|0, job2|stage2:9|1];0.0
x[job1|stage1:1|0, job2|stage2:9|2];0.0
x[job1|stage1:1|0, job2|stage2:9|3];0.0
x[job1|stage1:1|1, job2|stage2:0|0];0.0
x[job1|stage1:1|1, job2|stage2:0|1];0.0
x[job1|stage1:1|1, job2|stage2:0|2];0.0
x[job1|stage1:1|1, job2|stage2:0|3];0.0
x[job1|stage1:1|1, job2|stage2:10|0];1.0
x[job1|stage1:1|1, job2|stage2:10|1];0.0
x[job1|stage1:1|1, job2|stage2:10|2];0.0
x[job1|stage1:1|1, job2|stage2:10|3];0.0
x[job1|stage1:1|1, job2|stage2:1|0];1.0
x[job1|stage1:1|1, job2|stage2:1|1];0.0
x[job1|stage1:1|1, job2|stage2:1|2];0.0
x[job1|stage1:1|1, job2|stage2:1|3];0.0
x[job1|stage1:1|1, job2|stage2:2|0];1.0
x[job1|stage1:1|1, job2|stage2:2|1];0.0
x[job1|stage1:1|1, job2|stage2:2|2];0.0
x[job1|stage1:1|1, job2|stage2:2|3];0.0
x[job1|stage1:1|1, job2|stage2:3|0];0.0
x[job1|stage1:1|1, job2|stage2:3|1];0.0
x[job1|stage1:1|1, job2|stage2:3|2];0.0
x[job1|stage1:1|1, job2|stage2:3|3];0.0
x[job1|stage1:1|1, job2|stage2:4|0];0.0
x[job1|stage1:1|1, job2|stage2:4|1];0.0
x[job1|stage1:1|1, job2|stage2:4|2];1.0
x[job1|stage1:1|1, job2|stage2:4|3];0.0
x[job1|stage1:1|1, job2|stage2:5|0];1.0
x[job1|stage1:1|1, job2|stage2:5|1];0.0
x[job1|stage1:1|1, job2|stage2:5|2];0.0
x[job1|stage1:1|1, job2|stage2:5|3];0.0
x[job1|stage1:1|1, job2|stage2:6|0];0.0
x[job1|stage1:1|1, job2|stage2:6|1];0.0
x[job1|stage1:1|1, job2|stage2:6|2];0.0
x[job1|stage1:1|1, job2|stage2:6|3];0.0
x[job1|stage1:1|1, job2|stage2:7|0];0.0
x[job1|stage1:1|1, job2|stage2:7|1];0.0
x[job1|stage1:1|1, job2|stage2:7|2];0.0
x[job1|stage1:1|1, job2|stage2:7|3];0.0
x[job1|stage1:1|1, job2|stage2:8|0];0.0
x[job1|stage1:1|1, job2|stage2:8|1];0.0
x[job1|stage1:1|1, job2|stage2:8|2];0.0
x[job1|stage1:1|1, job2|stage2:8|3];0.0
x[job1|stage1:1|1, job2|stage2:9|0];0.0
x[job1|stage1:1|1, job2|stage2:9|1];0.0
x[job1|stage1:1|1, job2|stage2:9|2];0.0
x[job1|stage1:1|1, job2|stage2:9|3];0.0
x[job1|stage1:1|2, job2|stage2:0|0];0.0
x[job1|stage1:1|2, job2|stage2:0|1];0.0
x[job1|stage1:1|2, job2|stage2:0|2];0.0
x[job1|stage1:1|2, job2|stage2:0|3];0.0
x[job1|stage1:1|2, job2|stage2:10|0];0.0
x[job1|stage1:1|2, job2|stage2:10|1];0.0
x[job1|stage1:1|2, job2|stage2:10|2];0.0
x[job1|stage1:1|2, job2|stage2:10|3];0.0
x[job1|stage1:1|2, job2|stage2:1|0];0.0
x[job1|stage1:1|2, job2|stage2:1|1];0.0
x[job1|stage1:1|2, job2|stage2:1|2];0.0
x[job1|stage1:1|2, job2|stage2:1|3];0.0
x[job1|stage1:1|2, job2|stage2:2|0];0.0
x[job1|stage1:1|2, job2|stage2:2|1];0.0
x[job1|stage1:1|2, job2|stage2:2|2];0.0
x[job1|stage1:1|2, job2|stage2:2|3];0.0
x[job1|stage1:1|2, job2|stage2:3|0];0.0
x[job1|stage1:1|2, job2|stage2:3|1];1.0
x[job1|stage1:1|2, job2|stage2:3|2];0.0
x[job1|stage1:1|2, job2|stage2:3|3];0.0
x[job1|stage1:1|2, job2|stage2:4|0];0.0
x[job1|stage1:1|2, job2|stage2:4|1];1.0
x[job1|stage1:1|2, job2|stage2:4|2];0.0
x[job1|stage1:1|2, job2|stage2:4|3];0.0
x[job1|stage1:1|2, job2|stage2:5|0];0.0
x[job1|stage1:1|2, job2|stage2:5|1];0.0
x[job1|stage1:1|2, job2|stage2:5|2];1.0
x[job1|stage1:1|2, job2|stage2:5|3];1.0
x[job1|stage1:1|2, job2|stage2:6|0];0.0
x[job1|stage1:1|2, job2|stage2:6|1];0.0
x[job1|stage1:1|2, job2|stage2:6|2];0.0
x[job1|stage1:1|2, job2|stage2:6|3];0.0
x[job1|stage1:1|2, job2|stage2:7|0];0.0
x[job1|stage1:1|2, job2|stage2:7|1];0.0
x[job1|stage1:1|2, job2|stage2:7|2];0.0
x[job1|stage1:1|2, job2|stage2:7|3];0.0
x[job1|stage1:1|2, job2|stage2:8|0];0.0
x[job1|stage1:1|2, job2|stage2:8|1];0.0
x[job1|stage1:1|2, job2|stage2:8|2];0.0
x[job1|stage1:1|2, job2|stage2:8|3];0.0
x[job1|stage1:1|2, job2|stage2:9|0];0.0
x[job1|stage1:1|2, job2|stage2:9|1];0.0
x[job1|stage1:1|2, job2|stage2:9|2];0.0
x[job1|stage1:1|2, job2|stage2:9|3];0.0
x[job1|stage1:1|3, job2|stage2:0|0];0.0
x[job1|stage1:1|3, job2|stage2:0|1];0.0
x[job1|stage1:1|3, job2|stage2:0|2];0.0
x[job1|stage1:1|3, job2|stage2:0|3];0.0
x[job1|stage1:1|3, job2|stage2:10|0];0.0
x[job1|stage1:1|3, job2|stage2:10|1];0.0
x[job1|stage1:1|3, job2|stage2:10|2];1.0
x[job1|stage1:1|3, job2|stage2:10|3];0.0
x[job1|stage1:1|3, job2|stage2:1|0];0.0
x[job1|stage1:1|3, job2|stage2:1|1];0.0
x[job1|stage1:1|3, job2|stage2:1|2];1.0
x[job1|stage1:1|3, job2|stage2:1|3];0.0
x[job1|stage1:1|3, job2|stage2:2|0];0.0
x[job1|stage1:1|3, job2|stage2:2|1];0.0
x[job1|stage1:1|3, job2|stage2:2|2];1.0
x[job1|stage1:1|3, job2|stage2:2|3];0.0
x[job1|stage1:1|3, job2|stage2:3|0];0.0
x[job1|stage1:1|3, job2|stage2:3|1];1.0
x[job1|stage1:1|3, job2|stage2:3|2];0.0
x[job1|stage1:1|3, job2|stage2:3|3];0.0
x[job1|stage1:1|3, job2|stage2:4|0];0.0
x[job1|stage1:1|3, job2|stage2:4|1];1.0
x[job1|stage1:1|3, job2|stage2:4|2];0.0
x[job1|stage1:1|3, job2|stage2:4|3];0.0
x[job1|stage1:1|3, job2|stage2:5|0];0.0
x[job1|stage1:1|3, job2|stage2:5|1];0.0
x[job1|stage1:1|3, job2|stage2:5|2];1.0
x[job1|stage1:1|3, job2|stage2:5|3];0.0
x[job1|stage1:1|3, job2|stage2:6|0];0.0
x[job1|stage1:1|3, job2|stage2:6|1];0.0
x[job1|stage1:1|3, job2|stage2:6|2];1.0
x[job1|stage1:1|3, job2|stage2:6|3];1.0
x[job1|stage1:1|3, job2|stage2:7|0];0.0
x[job1|stage1:1|3, job2|stage2:7|1];0.0
x[job1|stage1:1|3, job2|stage2:7|2];0.0
x[job1|stage1:1|3, job2|stage2:7|3];0.0
x[job1|stage1:1|3, job2|stage2:8|0];0.0
x[job1|stage1:1|3, job2|stage2:8|1];0.0
x[job1|stage1:1|3, job2|stage2:8|2];0.0
x[job1|stage1:1|3, job2|stage2:8|3];0.0
x[job1|stage1:1|3, job2|stage2:9|0];0.0
x[job1|stage1:1|3, job2|stage2:9|1];0.0
x[job1|stage1:1|3, job2|stage2:9|2];0.0
x[job1|stage1:1|3, job2|stage2:9|3];0.0
x[job1|stage1:2|0, job2|stage2:0|0];0.0
x[job1|stage1:2|0, job2|stage2:0|1];0.0
x[job1|stage1:2|0, job2|stage2:0|2];0.0
x[job1|stage1:2|0, job2|stage2:0|3];0.0
x[job1|stage1:2|0, job2|stage2:10|0];0.0
x[job1|stage1:2|0, job2|stage2:10|1];0.0
x[job1|stage1:2|0, job2|stage2:10|2];0.0
x[job1|stage1:2|0, job2|stage2:10|3];0.0
x[job1|stage1:2|0, job2|stage2:1|0];0.0
x[job1|stage1:2|0, job2|stage2:1|1];0.0
x[job1|stage1:2|0, job2|stage2:1|2];0.0
x[job1|stage1:2|0, job2|stage2:1|3];0.0
x[job1|stage1:2|0, job2|stage2:2|0];0.0
x[job1|stage1:2|0, job2|stage2:2|1];0.0
x[job1|stage1:2|0, job2|stage2:2|2];0.0
x[job1|stage1:2|0, job2|stage2:2|3];0.0
x[job1|stage1:2|0, job2|stage2:3|0];1.0
x[job1|stage1:2|0, job2|stage2:3|1];0.0
x[job1|stage1:2|0, job2|stage2:3|2];0.0
x[job1|stage1:2|0, job2|stage2:3|3];0.0
x[job1|stage1:2|0, job2|stage2:4|0];1.0
x[job1|stage1:2|0, job2|stage2:4|1];0.0
x[job1|stage1:2|0, job2|stage2:4|2];0.0
x[job1|stage1:2|0, job2|stage2:4|3];0.0
x[job1|stage1:2|0, job2|stage2:5|0];0.0
x[job1|stage1:2|0, job2|stage2:5|1];0.0
x[job1|stage1:2|0, job2|stage2:5|2];0.0
x[job1|stage1:2|0, job2|stage2:5|3];0.0
x[job1|stage1:2|0, job2|stage2:6|0];0.0
x[job1|stage1:2|0, job2|stage2:6|1];0.0
x[job1|stage1:2|0, job2|stage2:6|2];0.0
x[job1|stage1:2|0, job2|stage2:6|3];0.0
x[job1|stage1:2|0, job2|stage2:7|0];0.0
x[job1|stage1:2|0, job2|stage2:7|1];0.0
x[job1|stage1:2|0, job2|stage2:7|2];0.0
x[job1|stage1:2|0, job2|stage2:7|3];0.0
x[job1|stage1:2|0, job2|stage2:8|0];0.0
x[job1|stage1:2|0, job2|stage2:8|1];0.0
x[job1|stage1:2|0, job2|stage2:8|2];0.0
x[job1|stage1:2|0, job2|stage2:8|3];0.0
x[job1|stage1:2|0, job2|stage2:9|0];0.0
x[job1|stage1:2|0, job2|stage2:9|1];0.0
x[job1|stage1:2|0, job2|stage2:9|2];0.0
x[job1|stage1:2|0, job2|stage2:9|3];0.0
x[job1|stage1:2|1, job2|stage2:0|0];0.0
x[job1|stage1:2|1, job2|stage2:0|1];0.0
x[job1|stage1:2|1, job2|stage2:0|2];0.0
x[job1|stage1:2|1, job2|stage2:0|3];0.0
x[job1|stage1:2|1, job2|stage2:10|0];0.0
x[job1|stage1:2|1, job2|stage2:10|1];0.0
x[job1|stage1:2|1, job2|stage2:10|2];0.0
x[job1|stage1:2|1, job2|stage2:10|3];0.0
x[job1|stage1:2|1, job2|stage2:1|0];0.0
x[job1|stage1:2|1, job2|stage2:1|1];0.0
x[job1|stage1:2|1, job2|stage2:1|2];0.0
x[job1|stage1:2|1, job2|stage2:1|3];0.0
x[job1|stage1:2|1, job2|stage2:2|0];0.0
x[job1|stage1:2|1, job2|stage2:2|1];0.0
x[job1|stage1:2|1, job2|stage2:2|2];0.0
x[job1|stage1:2|1, job2|stage2:2|3];0.0
x[job1|stage1:2|1, job2|stage2:3|0];0.0
x[job1|stage1:2|1, job2|stage2:3|1];1.0
x[job1|stage1:2|1, job2|stage2:3|2];0.0
x[job1|stage1:2|1, job2|stage2:3|3];0.0
x[job1|stage1:2|1, job2|stage2:4|0];0.0
x[job1|stage1:2|1, job2|stage2:4|1];0.0
x[job1|stage1:2|1, job2|stage2:4|2];0.0
x[job1|stage1:2|1, job2|stage2:4|3];0.0
x[job1|stage1:2|1, job2|stage2:5|0];0.0
x[job1|stage1:2|1, job2|stage2:5|1];0.0
x[job1|stage1:2|1, job2|stage2:5|2];0.0
x[job1|stage1:2|1, job2|stage2:5|3];0.0
x[job1|stage1:2|1, job2|stage2:6|0];1.0
x[job1|stage1:2|1, job2|stage2:6|1];0.0
x[job1|stage1:2|1, job2|stage2:6|2];0.0
x[job1|stage1:2|1, job2|stage2:6|3];0.0
x[job1|stage1:2|1, job2|stage2:7|0];0.0
x[job1|stage1:2|1, job2|stage2:7|1];0.0
x[job1|stage1:2|1, job2|stage2:7|2];0.0
x[job1|stage1:2|1, job2|stage2:7|3];0.0
x[job1|stage1:2|1, job2|stage2:8|0];1.0
x[job1|stage1:2|1, job2|stage2:8|1];0.0
x[job1|stage1:2|1, job2|stage2:8|2];0.0
x[job1|stage1:2|1, job2|stage2:8|3];0.0
x[job1|stage1:2|1, job2|stage2:9|0];0.0
x[job1|stage1:2|1, job2|stage2:9|1];0.0
x[job1|stage1:2|1, job2|stage2:9|2];0.0
x[job1|stage1:2|1, job2|stage2:9|3];0.0
x[job1|stage1:2|2, job2|stage2:0|0];0.0
x[job1|stage1:2|2, job2|stage2:0|1];0.0
x[job1|stage1:2|2, job2|stage2:0|2];0.0
x[job1|stage1:2|2, job2|stage2:0|3];0.0
x[job1|stage1:2|2, job2|stage2:10|0];0.0
x[job1|stage1:2|2, job2|stage2:10|1];0.0
x[job1|stage1:2|2, job2|stage2:10|2];0.0
x[job1|stage1:2|2, job2|stage2:10|3];0.0
x[job1|stage1:2|2, job2|stage2:1|0];0.0
x[job1|stage1:2|2, job2|stage2:1|1];0.0
x[job1|stage1:2|2, job2|stage2:1|2];0.0
x[job1|stage1:2|2, job2|stage2:1|3];0.0
x[job1|stage1:2|2, job2|stage2:2|0];0.0
x[job1|stage1:2|2, job2|stage2:2|1];1.0
x[job1|stage1:2|2, job2|stage2:2|2];0.0
x[job1|stage1:2|2, job2|stage2:2|3];0.0
x[job1|stage1:2|2, job2|stage2:3|0];0.0
x[job1|stage1:2|2, job2|stage2:3|1];0.0
x[job1|stage1:2|2, job2|stage2:3|2];0.0
x[job1|stage1:2|2, job2|stage2:3|3];0.0
x[job1|stage1:2|2, job2|stage2:4|0];0.0
x[job1|stage1:2|2, job2|stage2:4|1];0.0
x[job1|stage1:2|2, job2|stage2:4|2];0.0
x[job1|stage1:2|2, job2|stage2:4|3];0.0
x[job1|stage1:2|2, job2|stage2:5|0];0.0
x[job1|stage1:2|2, job2|stage2:5|1];0.0
x[job1|stage1:2|2, job2|stage2:5|2];0.0
x[job1|stage1:2|2, job2|stage2:5|3];0.0
x[job1|stage1:2|2, job2|stage2:6|0];0.0
x[job1|stage1:2|2, job2|stage2:6|1];0.0
x[job1|stage1:2|2, job2|stage2:6|2];0.0
x[job1|stage1:2|2, job2|stage2:6|3];0.0
x[job1|stage1:2|2, job2|stage2:7|0];0.0
x[job1|stage1:2|2, job2|stage2:7|1];0.0
x[job1|stage1:2|2, job2|stage2:7|2];0.0
x[job1|stage1:2|2, job2|stage2:7|3];0.0
x[job1|stage1:2|2, job2|stage2:8|0];0.0
x[job1|stage1:2|2, job2|stage2:8|1];0.0
x[job1|stage1:2|2, job2|stage2:8|2];0.0
x[job1|stage1:2|2, job2|stage2:8|3];0.0
x[job1|stage1:2|2, job2|stage2:9|0];0.0
x[job1|stage1:2|2, job2|stage2:9|1];0.0
x[job1|stage1:2|2, job2|stage2:9|2];0.0
x[job1|stage1:2|2, job2|stage2:9|3];0.0
x[job1|stage1:2|3, job2|stage2:0|0];0.0
x[job1|stage1:2|3, job2|stage2:0|1];0.0
x[job1|stage1:2|3, job2|stage2:0|2];0.0
x[job1|stage1:2|3, job2|stage2:0|3];0.0
x[job1|stage1:2|3, job2|stage2:10|0];0.0
x[job1|stage1:2|3, job2|stage2:10|1];0.0
x[job1|stage1:2|3, job2|stage2:10|2];0.0
x[job1|stage1:2|3, job2|stage2:10|3];0.0
x[job1|stage1:2|3, job2|stage2:1|0];0.0
x[job1|stage1:2|3, job2|stage2:1|1];0.0
x[job1|stage1:2|3, job2|stage2:1|2];0.0
x[job1|stage1:2|3, job2|stage2:1|3];0.0
x[job1|stage1:2|3, job2|stage2:2|0];0.0
x[job1|stage1:2|3, job2|stage2:2|1];0.0
x[job1|stage1:2|3, job2|stage2:2|2];1.0
x[job1|stage1:2|3, job2|stage2:2|3];0.0
x[job1|stage1:2|3, job2|stage2:3|0];0.0
x[job1|stage1:2|3, job2|stage2:3|1];0.0
x[job1|stage1:2|3, job2|stage2:3|2];0.0
x[job1|stage1:2|3, job2|stage2:3|3];0.0
x[job1|stage1:2|3, job2|stage2:4|0];0.0
x[job1|stage1:2|3, job2|stage2:4|1];0.0
x[job1|stage1:2|3, job2|stage2:4|2];0.0
x[job1|stage1:2|3, job2|stage2:4|3];0.0
x[job1|stage1:2|3, job2|stage2:5|0];0.0
x[job1|stage1:2|3, job2|stage2:5|1];0.0
x[job1|stage1:2|3, job2|stage2:5|2];0.0
x[job1|stage1:2|3, job2|stage2:5|3];0.0
x[job1|stage1:2|3, job2|stage2:6|0];0.0
x[job1|stage1:2|3, job2|stage2:6|1];0.0
x[job1|stage1:2|3, job2|stage2:6|2];0.0
x[job1|stage1:2|3, job2|stage2:6|3];0.0
x[job1|stage1:2|3, job2|stage2:7|0];0.0
x[job1|stage1:2|3, job2|stage2:7|1];0.0
x[job1|stage1:2|3, job2|stage2:7|2];0.0
x[job1|stage1:2|3, job2|stage2:7|3];0.0
x[job1|stage1:2|3, job2|stage2:8|0];0.0
x[job1|stage1:2|3, job2|stage2:8|1];0.0
x[job1|stage1:2|3, job2|stage2:8|2];0.0
x[job1|stage1:2|3, job2|stage2:8|3];0.0
x[job1|stage1:2|3, job2|stage2:9|0];0.0
x[job1|stage1:2|3, job2|stage2:9|1];0.0
x[job1|stage1:2|3, job2|stage2:9|2];0.0
x[job1|stage1:2|3, job2|stage2:9|3];0.0
x[job1|stage1:3|0, job2|stage2:0|0];0.0
x[job1|stage1:3|0, job2|stage2:0|1];0.0
x[job1|stage1:3|0, job2|stage2:0|2];0.0
x[job1|stage1:3|0, job2|stage2:0|3];0.0
x[job1|stage1:3|0, job2|stage2:10|0];0.0
x[job1|stage1:3|0, job2|stage2:10|1];0.0
x[job1|stage1:3|0, job2|stage2:10|2];0.0
x[job1|stage1:3|0, job2|stage2:10|3];0.0
x[job1|stage1:3|0, job2|stage2:1|0];0.0
x[job1|stage1:3|0, job2|stage2:1|1];0.0
x[job1|stage1:3|0, job2|stage2:1|2];0.0
x[job1|stage1:3|0, job2|stage2:1|3];0.0
x[job1|stage1:3|0, job2|stage2:2|0];0.0
x[job1|stage1:3|0, job2|stage2:2|1];0.0
x[job1|stage1:3|0, job2|stage2:2|2];0.0
x[job1|stage1:3|0, job2|stage2:2|3];0.0
x[job1|stage1:3|0, job2|stage2:3|0];0.0
x[job1|stage1:3|0, job2|stage2:3|1];0.0
x[job1|stage1:3|0, job2|stage2:3|2];0.0
x[job1|stage1:3|0, job2|stage2:3|3];0.0
x[job1|stage1:3|0, job2|stage2:4|0];0.0
x[job1|stage1:3|0, job2|stage2:4|1];0.0
x[job1|stage1:3|0, job2|stage2:4|2];0.0
x[job1|stage1:3|0, job2|stage2:4|3];0.0
x[job1|stage1:3|0, job2|stage2:5|0];0.0
x[job1|stage1:3|0, job2|stage2:5|1];0.0
x[job1|stage1:3|0, job2|stage2:5|2];0.0
x[job1|stage1:3|0, job2|stage2:5|3];0.0
x[job1|stage1:3|0, job2|stage2:6|0];0.0
x[job1|stage1:3|0, job2|stage2:6|1];0.0
x[job1|stage1:3|0, job2|stage2:6|2];0.0
x[job1|stage1:3|0, job2|stage2:6|3];0.0
x[job1|stage1:3|0, job2|stage2:7|0];0.0
x[job1|stage1:3|0, job2|stage2:7|1];0.0
x[job1|stage1:3|0, job2|stage2:7|2];0.0
x[job1|stage1:3|0, job2|stage2:7|3];0.0
x[job1|stage1:3|0, job2|stage2:8|0];0.0
x[job1|stage1:3|0, job2|stage2:8|1];0.0
x[job1|stage1:3|0, job2|stage2:8|2];0.0
x[job1|stage1:3|0, job2|stage2:8|3];0.0
x[job1|stage1:3|0, job2|stage2:9|0];0.0
x[job1|stage1:3|0, job2|stage2:9|1];0.0
x[job1|stage1:3|0, job2|stage2:9|2];0.0
x[job1|stage1:3|0, job2|stage2:9|3];0.0
x[job1|stage1:3|1, job2|stage2:0|0];0.0
x[job1|stage1:3|1, job2|stage2:0|1];0.0
x[job1|stage1:3|1, job2|stage2:0|2];0.0
x[job1|stage1:3|1, job2|stage2:0|3];0.0
x[job1|stage1:3|1, job2|stage2:10|0];0.0
x[job1|stage1:3|1, job2|stage2:10|1];0.0
x[job1|stage1:3|1, job2|stage2:10|2];0.0
x[job1|stage1:3|1, job2|stage2:10|3];0.0
x[job1|stage1:3|1, job2|stage2:1|0];0.0
x[job1|stage1:3|1, job2|stage2:1|1];0.0
x[job1|stage1:3|1, job2|stage2:1|2];0.0
x[job1|stage1:3|1, job2|stage2:1|3];0.0
x[job1|stage1:3|1, job2|stage2:2|0];0.0
x[job1|stage1:3|1, job2|stage2:2|1];0.0
x[job1|stage1:3|1, job2|stage2:2|2];0.0
x[job1|stage1:3|1, job2|stage2:2|3];0.0
x[job1|stage1:3|1, job2|stage2:3|0];0.0
x[job1|stage1:3|1, job2|stage2:3|1];0.0
x[job1|stage1:3|1, job2|stage2:3|2];0.0
x[job1|stage1:3|1, job2|stage2:3|3];0.0
x[job1|stage1:3|1, job2|stage2:4|0];0.0
x[job1|stage1:3|1, job2|stage2:4|1];0.0
x[job1|stage1:3|1, job2|stage2:4|2];0.0
x[job1|stage1:3|1, job2|stage2:4|3];0.0
x[job1|stage1:3|1, job2|stage2:5|0];0.0
x[job1|stage1:3|1, job2|stage2:5|1];0.0
x[job1|stage1:3|1, job2|stage2:5|2];0.0
x[job1|stage1:3|1, job2|stage2:5|3];0.0
x[job1|stage1:3|1, job2|stage2:6|0];1.0
x[job1|stage1:3|1, job2|stage2:6|1];1.0
x[job1|stage1:3|1, job2|stage2:6|2];0.0
x[job1|stage1:3|1, job2|stage2:6|3];0.0
x[job1|stage1:3|1, job2|stage2:7|0];0.0
x[job1|stage1:3|1, job2|stage2:7|1];0.0
x[job1|stage1:3|1, job2|stage2:7|2];0.0
x[job1|stage1:3|1, job2|stage2:7|3];0.0
x[job1|stage1:3|1, job2|stage2:8|0];1.0
x[job1|stage1:3|1, job2|stage2:8|1];0.0
x[job1|stage1:3|1, job2|stage2:8|2];0.0
x[job1|stage1:3|1, job2|stage2:8|3];0.0
x[job1|stage1:3|1, job2|stage2:9|0];0.0
x[job1|stage1:3|1, job2|stage2:9|1];0.0
x[job1|stage1:3|1, job2|stage2:9|2];0.0
x[job1|stage1:3|1, job2|stage2:9|3];0.0
x[job1|stage1:3|2, job2|stage2:0|0];0.0
x[job1|stage1:3|2, job2|stage2:0|1];0.0
x[job1|stage1:3|2, job2|stage2:0|2];0.0
x[job1|stage1:3|2, job2|stage2:0|3];0.0
x[job1|stage1:3|2, job2|stage2:10|0];0.0
x[job1|stage1:3|2, job2|stage2:10|1];0.0
x[job1|stage1:3|2, job2|stage2:10|2];0.0
x[job1|stage1:3|2, job2|stage2:10|3];0.0
x[job1|stage1:3|2, job2|stage2:1|0];0.0
x[job1|stage1:3|2, job2|stage2:1|1];0.0
x[job1|stage1:3|2, job2|stage2:1|2];0.0
x[job1|stage1:3|2, job2|stage2:1|3];0.0
x[job1|stage1:3|2, job2|stage2:2|0];0.0
x[job1|stage1:3|2, job2|stage2:2|1];0.0
x[job1|stage1:3|2, job2|stage2:2|2];0.0
x[job1|stage1:3|2, job2|stage2:2|3];0.0
x[job1|stage1:3|2, job2|stage2:3|0];0.0
x[job1|stage1:3|2, job2|stage2:3|1];0.0
x[job1|stage1:3|2, job2|stage2:3|2];0.0
x[job1|stage1:3|2, job2|stage2:3|3];0.0
x[job1|stage1:3|2, job2|stage2:4|0];0.0
x[job1|stage1:3|2, job2|stage2:4|1];0.0
x[job1|stage1:3|2, job2|stage2:4|2];0.0
x[job1|stage1:3|2, job2|stage2:4|3];0.0
x[job1|stage1:3|2, job2|stage2:5|0];0.0
x[job1|stage1:3|2, job2|stage2:5|1];1.0
x[job1|stage1:3|2, job2|stage2:5|2];0.0
x[job1|stage1:3|2, job2|stage2:5|3];0.0
x[job1|stage1:3|2, job2|stage2:6|0];0.0
x[job1|stage1:3|2, job2|stage2:6|1];0.0
x[job1|stage1:3|2, job2|stage2:6|2];0.0
x[job1|stage1:3|2, job2|stage2:6|3];0.0
x[job1|stage1:3|2, job2|stage2:7|0];0.0
x[job1|stage1:3|2, job2|stage2:7|1];0.0
x[job1|stage1:3|2, job2|stage2:7|2];0.0
x[job1|stage1:3|2, job2|stage2:7|3];0.0
x[job1|stage1:3|2, job2|stage2:8|0];0.0
x[job1|stage1:3|2, job2|stage2:8|1];0.0
x[job1|stage1:3|2, job2|stage2:8|2];0.0
x[job1|stage1:3|2, job2|stage2:8|3];0.0
x[job1|stage1:3|2, job2|stage2:9|0];0.0
x[job1|stage1:3|2, job2|stage2:9|1];0.0
x[job1|stage1:3|2, job2|stage2:9|2];0.0
x[job1|stage1:3|2, job2|stage2:9|3];0.0
x[job1|stage1:3|3, job2|stage2:0|0];0.0
x[job1|stage1:3|3, job2|stage2:0|1];0.0
x[job1|stage1:3|3, job2|stage2:0|2];0.0
x[job1|stage1:3|3, job2|stage2:0|3];0.0
x[job1|stage1:3|3, job2|stage2:10|0];0.0
x[job1|stage1:3|3, job2|stage2:10|1];0.0
x[job1|stage1:3|3, job2|stage2:10|2];0.0
x[job1|stage1:3|3, job2|stage2:10|3];0.0
x[job1|stage1:3|3, job2|stage2:1|0];0.0
x[job1|stage1:3|3, job2|stage2:1|1];0.0
x[job1|stage1:3|3, job2|stage2:1|2];0.0
x[job1|stage1:3|3, job2|stage2:1|3];0.0
x[job1|stage1:3|3, job2|stage2:2|0];0.0
x[job1|stage1:3|3, job2|stage2:2|1];0.0
x[job1|stage1:3|3, job2|stage2:2|2];0.0
x[job1|stage1:3|3, job2|stage2:2|3];0.0
x[job1|stage1:3|3, job2|stage2:3|0];0.0
x[job1|stage1:3|3, job2|stage2:3|1];1.0
x[job1|stage1:3|3, job2|stage2:3|2];1.0
x[job1|stage1:3|3, job2|stage2:3|3];0.0
x[job1|stage1:3|3, job2|stage2:4|0];0.0
x[job1|stage1:3|3, job2|stage2:4|1];0.0
x[job1|stage1:3|3, job2|stage2:4|2];0.0
x[job1|stage1:3|3, job2|stage2:4|3];0.0
x[job1|stage1:3|3, job2|stage2:5|0];0.0
x[job1|stage1:3|3, job2|stage2:5|1];0.0
x[job1|stage1:3|3, job2|stage2:5|2];0.0
x[job1|stage1:3|3, job2|stage2:5|3];0.0
x[job1|stage1:3|3, job2|stage2:6|0];0.0
x[job1|stage1:3|3, job2|stage2:6|1];0.0
x[job1|stage1:3|3, job2|stage2:6|2];0.0
x[job1|stage1:3|3, job2|stage2:6|3];0.0
x[job1|stage1:3|3, job2|stage2:7|0];0.0
x[job1|stage1:3|3, job2|stage2:7|1];0.0
x[job1|stage1:3|3, job2|stage2:7|2];0.0
x[job1|stage1:3|3, job2|stage2:7|3];0.0
x[job1|stage1:3|3, job2|stage2:8|0];0.0
x[job1|stage1:3|3, job2|stage2:8|1];0.0
x[job1|stage1:3|3, job2|stage2:8|2];0.0
x[job1|stage1:3|3, job2|stage2:8|3];0.0
x[job1|stage1:3|3, job2|stage2:9|0];0.0
x[job1|stage1:3|3, job2|stage2:9|1];0.0
x[job1|stage1:3|3, job2|stage2:9|2];0.0
x[job1|stage1:3|3, job2|stage2:9|3];0.0
x[job1|stage1:4|0, job2|stage2:0|0];0.0
x[job1|stage1:4|0, job2|stage2:0|1];0.0
x[job1|stage1:4|0, job2|stage2:0|2];0.0
x[job1|stage1:4|0, job2|stage2:0|3];0.0
x[job1|stage1:4|0, job2|stage2:10|0];0.0
x[job1|stage1:4|0, job2|stage2:10|1];0.0
x[job1|stage1:4|0, job2|stage2:10|2];0.0
x[job1|stage1:4|0, job2|stage2:10|3];0.0
x[job1|stage1:4|0, job2|stage2:1|0];0.0
x[job1|stage1:4|0, job2|stage2:1|1];0.0
x[job1|stage1:4|0, job2|stage2:1|2];0.0
x[job1|stage1:4|0, job2|stage2:1|3];0.0
x[job1|stage1:4|0, job2|stage2:2|0];0.0
x[job1|stage1:4|0, job2|stage2:2|1];0.0
x[job1|stage1:4|0, job2|stage2:2|2];0.0
x[job1|stage1:4|0, job2|stage2:2|3];0.0
x[job1|stage1:4|0, job2|stage2:3|0];0.0
x[job1|stage1:4|0, job2|stage2:3|1];0.0
x[job1|stage1:4|0, job2|stage2:3|2];0.0
x[job1|stage1:4|0, job2|stage2:3|3];0.0
x[job1|stage1:4|0, job2|stage2:4|0];0.0
x[job1|stage1:4|0, job2|stage2:4|1];0.0
x[job1|stage1:4|0, job2|stage2:4|2];0.0
x[job1|stage1:4|0, job2|stage2:4|3];0.0
x[job1|stage1:4|0, job2|stage2:5|0];0.0
x[job1|stage1:4|0, job2|stage2:5|1];0.0
x[job1|stage1:4|0, job2|stage2:5|2];0.0
x[job1|stage1:4|0, job2|stage2:5|3];0.0
x[job1|stage1:4|0, job2|stage2:6|0];0.0
x[job1|stage1:4|0, job2|stage2:6|1];0.0
x[job1|stage1:4|0, job2|stage2:6|2];0.0
x[job1|stage1:4|0, job2|stage2:6|3];0.0
x[job1|stage1:4|0, job2|stage2:7|0];0.0
x[job1|stage1:4|0, job2|stage2:7|1];0.0
x[job1|stage1:4|0, job2|stage2:7|2];0.0
x[job1|stage1:4|0, job2|stage2:7|3];0.0
x[job1|stage1:4|0, job2|stage2:8|0];1.0
x[job1|stage1:4|0, job2|stage2:8|1];0.0
x[job1|stage1:4|0, job2|stage2:8|2];0.0
x[job1|stage1:4|0, job2|stage2:8|3];0.0
x[job1|stage1:4|0, job2|stage2:9|0];0.0
x[job1|stage1:4|0, job2|stage2:9|1];0.0
x[job1|stage1:4|0, job2|stage2:9|2];0.0
x[job1|stage1:4|0, job2|stage2:9|3];0.0
x[job1|stage1:4|1, job2|stage2:0|0];0.0
x[job1|stage1:4|1, job2|stage2:0|1];0.0
x[job1|stage1:4|1, job2|stage2:0|2];0.0
x[job1|stage1:4|1, job2|stage2:0|3];0.0
x[job1|stage1:4|1, job2|stage2:10|0];0.0
x[job1|stage1:4|1, job2|stage2:10|1];0.0
x[job1|stage1:4|1, job2|stage2:10|2];0.0
x[job1|stage1:4|1, job2|stage2:10|3];0.0
x[job1|stage1:4|1, job2|stage2:1|0];0.0
x[job1|stage1:4|1, job2|stage2:1|1];0.0
x[job1|stage1:4|1, job2|stage2:1|2];0.0
x[job1|stage1:4|1, job2|stage2:1|3];0.0
x[job1|stage1:4|1, job2|stage2:2|0];0.0
x[job1|stage1:4|1, job2|stage2:2|1];0.0
x[job1|stage1:4|1, job2|stage2:2|2];0.0
x[job1|stage1:4|1, job2|stage2:2|3];0.0
x[job1|stage1:4|1, job2|stage2:3|0];0.0
x[job1|stage1:4|1, job2|stage2:3|1];0.0
x[job1|stage1:4|1, job2|stage2:3|2];0.0
x[job1|stage1:4|1, job2|stage2:3|3];0.0
x[job1|stage1:4|1, job2|stage2:4|0];0.0
x[job1|stage1:4|1, job2|stage2:4|1];0.0
x[job1|stage1:4|1, job2|stage2:4|2];0.0
x[job1|stage1:4|1, job2|stage2:4|3];0.0
x[job1|stage1:4|1, job2|stage2:5|0];0.0
x[job1|stage1:4|1, job2|stage2:5|1];0.0
x[job1|stage1:4|1, job2|stage2:5|2];0.0
x[job1|stage1:4|1, job2|stage2:5|3];0.0
x[job1|stage1:4|1, job2|stage2:6|0];0.0
x[job1|stage1:4|1, job2|stage2:6|1];0.0
x[job1|stage1:4|1, job2|stage2:6|2];0.0
x[job1|stage1:4|1, job2|stage2:6|3];0.0
x[job1|stage1:4|1, job2|stage2:7|0];0.0
x[job1|stage1:4|1, job2|stage2:7|1];0.0
x[job1|stage1:4|1, job2|stage2:7|2];0.0
x[job1|stage1:4|1, job2|stage2:7|3];0.0
x[job1|stage1:4|1, job2|stage2:8|0];0.0
x[job1|stage1:4|1, job2|stage2:8|1];0.0
x[job1|stage1:4|1, job2|stage2:8|2];0.0
x[job1|stage1:4|1, job2|stage2:8|3];0.0
x[job1|stage1:4|1, job2|stage2:9|0];0.0
x[job1|stage1:4|1, job2|stage2:9|1];0.0
x[job1|stage1:4|1, job2|stage2:9|2];0.0
x[job1|stage1:4|1, job2|stage2:9|3];0.0
x[job1|stage1:4|2, job2|stage2:0|0];0.0
x[job1|stage1:4|2, job2|stage2:0|1];0.0
x[job1|stage1:4|2, job2|stage2:0|2];0.0
x[job1|stage1:4|2, job2|stage2:0|3];0.0
x[job1|stage1:4|2, job2|stage2:10|0];1.0
x[job1|stage1:4|2, job2|stage2:10|1];0.0
x[job1|stage1:4|2, job2|stage2:10|2];0.0
x[job1|stage1:4|2, job2|stage2:10|3];0.0
x[job1|stage1:4|2, job2|stage2:1|0];0.0
x[job1|stage1:4|2, job2|stage2:1|1];0.0
x[job1|stage1:4|2, job2|stage2:1|2];0.0
x[job1|stage1:4|2, job2|stage2:1|3];0.0
x[job1|stage1:4|2, job2|stage2:2|0];0.0
x[job1|stage1:4|2, job2|stage2:2|1];0.0
x[job1|stage1:4|2, job2|stage2:2|2];0.0
x[job1|stage1:4|2, job2|stage2:2|3];0.0
x[job1|stage1:4|2, job2|stage2:3|0];0.0
x[job1|stage1:4|2, job2|stage2:3|1];0.0
x[job1|stage1:4|2, job2|stage2:3|2];0.0
x[job1|stage1:4|2, job2|stage2:3|3];0.0
x[job1|stage1:4|2, job2|stage2:4|0];1.0
x[job1|stage1:4|2, job2|stage2:4|1];1.0
x[job1|stage1:4|2, job2|stage2:4|2];0.0
x[job1|stage1:4|2, job2|stage2:4|3];0.0
x[job1|stage1:4|2, job2|stage2:5|0];1.0
x[job1|stage1:4|2, job2|stage2:5|1];0.0
x[job1|stage1:4|2, job2|stage2:5|2];0.0
x[job1|stage1:4|2, job2|stage2:5|3];0.0
x[job1|stage1:4|2, job2|stage2:6|0];0.0
x[job1|stage1:4|2, job2|stage2:6|1];0.0
x[job1|stage1:4|2, job2|stage2:6|2];0.0
x[job1|stage1:4|2, job2|stage2:6|3];0.0
x[job1|stage1:4|2, job2|stage2:7|0];0.0
x[job1|stage1:4|2, job2|stage2:7|1];0.0
x[job1|stage1:4|2, job2|stage2:7|2];0.0
x[job1|stage1:4|2, job2|stage2:7|3];0.0
x[job1|stage1:4|2, job2|stage2:8|0];0.0
x[job1|stage1:4|2, job2|stage2:8|1];0.0
x[job1|stage1:4|2, job2|stage2:8|2];0.0
x[job1|stage1:4|2, job2|stage2:8|3];0.0
x[job1|stage1:4|2, job2|stage2:9|0];0.0
x[job1|stage1:4|2, job2|stage2:9|1];0.0
x[job1|stage1:4|2, job2|stage2:9|2];0.0
x[job1|stage1:4|2, job2|stage2:9|3];0.0
x[job1|stage1:4|3, job2|stage2:0|0];0.0
x[job1|stage1:4|3, job2|stage2:0|1];0.0
x[job1|stage1:4|3, job2|stage2:0|2];0.0
x[job1|stage1:4|3, job2|stage2:0|3];0.0
x[job1|stage1:4|3, job2|stage2:10|0];0.0
x[job1|stage1:4|3, job2|stage2:10|1];0.0
x[job1|stage1:4|3, job2|stage2:10|2];0.0
x[job1|stage1:4|3, job2|stage2:10|3];0.0
x[job1|stage1:4|3, job2|stage2:1|0];0.0
x[job1|stage1:4|3, job2|stage2:1|1];0.0
x[job1|stage1:4|3, job2|stage2:1|2];0.0
x[job1|stage1:4|3, job2|stage2:1|3];0.0
x[job1|stage1:4|3, job2|stage2:2|0];0.0
x[job1|stage1:4|3, job2|stage2:2|1];0.0
x[job1|stage1:4|3, job2|stage2:2|2];0.0
x[job1|stage1:4|3, job2|stage2:2|3];0.0
x[job1|stage1:4|3, job2|stage2:3|0];0.0
x[job1|stage1:4|3, job2|stage2:3|1];0.0
x[job1|stage1:4|3, job2|stage2:3|2];0.0
x[job1|stage1:4|3, job2|stage2:3|3];0.0
x[job1|stage1:4|3, job2|stage2:4|0];0.0
x[job1|stage1:4|3, job2|stage2:4|1];0.0
x[job1|stage1:4|3, job2|stage2:4|2];1.0
x[job1|stage1:4|3, job2|stage2:4|3];0.0
x[job1|stage1:4|3, job2|stage2:5|0];0.0
x[job1|stage1:4|3, job2|stage2:5|1];0.0
x[job1|stage1:4|3, job2|stage2:5|2];0.0
x[job1|stage1:4|3, job2|stage2:5|3];0.0
x[job1|stage1:4|3, job2|stage2:6|0];0.0
x[job1|stage1:4|3, job2|stage2:6|1];0.0
x[job1|stage1:4|3, job2|stage2:6|2];0.0
x[job1|stage1:4|3, job2|stage2:6|3];0.0
x[job1|stage1:4|3, job2|stage2:7|0];0.0
x[job1|stage1:4|3, job2|stage2:7|1];0.0
x[job1|stage1:4|3, job2|stage2:7|2];0.0
x[job1|stage1:4|3, job2|stage2:7|3];0.0
x[job1|stage1:4|3, job2|stage2:8|0];0.0
x[job1|stage1:4|3, job2|stage2:8|1];0.0
x[job1|stage1:4|3, job2|stage2:8|2];0.0
x[job1|stage1:4|3, job2|stage2:8|3];0.0
x[job1|stage1:4|3, job2|stage2:9|0];0.0
x[job1|stage1:4|3, job2|stage2:9|1];0.0
x[job1|stage1:4|3, job2|stage2:9|2];0.0
x[job1|stage1:4|3, job2|stage2:9|3];0.0
x[job1|stage1:5|0, job2|stage2:0|0];0.0
x[job1|stage1:5|0, job2|stage2:0|1];0.0
x[job1|stage1:5|0, job2|stage2:0|2];0.0
x[job1|stage1:5|0, job2|stage2:0|3];0.0
x[job1|stage1:5|0, job2|stage2:10|0];0.0
x[job1|stage1:5|0, job2|stage2:10|1];0.0
x[job1|stage1:5|0, job2|stage2:10|2];0.0
x[job1|stage1:5|0, job2|stage2:10|3];0.0
x[job1|stage1:5|0, job2|stage2:1|0];0.0
x[job1|stage1:5|0, job2|stage2:1|1];0.0
x[job1|stage1:5|0, job2|stage2:1|2];0.0
x[job1|stage1:5|0, job2|stage2:1|3];0.0
x[job1|stage1:5|0, job2|stage2:2|0];0.0
x[job1|stage1:5|0, job2|stage2:2|1];0.0
x[job1|stage1:5|0, job2|stage2:2|2];0.0
x[job1|stage1:5|0, job2|stage2:2|3];0.0
x[job1|stage1:5|0, job2|stage2:3|0];0.0
x[job1|stage1:5|0, job2|stage2:3|1];0.0
x[job1|stage1:5|0, job2|stage2:3|2];0.0
x[job1|stage1:5|0, job2|stage2:3|3];0.0
x[job1|stage1:5|0, job2|stage2:4|0];0.0
x[job1|stage1:5|0, job2|stage2:4|1];0.0
x[job1|stage1:5|0, job2|stage2:4|2];0.0
x[job1|stage1:5|0, job2|stage2:4|3];0.0
x[job1|stage1:5|0, job2|stage2:5|0];0.0
x[job1|stage1:5|0, job2|stage2:5|1];0.0
x[job1|stage1:5|0, job2|stage2:5|2];0.0
x[job1|stage1:5|0, job2|stage2:5|3];0.0
x[job1|stage1:5|0, job2|stage2:6|0];0.0
x[job1|stage1:5|0, job2|stage2:6|1];0.0
x[job1|stage1:5|0, job2|stage2:6|2];0.0
x[job1|stage1:5|0, job2|stage2:6|3];0.0
x[job1|stage1:5|0, job2|stage2:7|0];0.0
x[job1|stage1:5|0, job2|stage2:7|1];0.0
x[job1|stage1:5|0, job2|stage2:7|2];0.0
x[job1|stage1:5|0, job2|stage2:7|3];0.0
x[job1|stage1:5|0, job2|stage2:8|0];0.0
x[job1|stage1:5|0, job2|stage2:8|1];0.0
x[job1|stage1:5|0, job2|stage2:8|2];0.0
x[job1|stage1:5|0, job2|stage2:8|3];0.0
x[job1|stage1:5|0, job2|stage2:9|0];0.0
x[job1|stage1:5|0, job2|stage2:9|1];0.0
x[job1|stage1:5|0, job2|stage2:9|2];0.0
x[job1|stage1:5|0, job2|stage2:9|3];0.0
x[job1|stage1:5|1, job2|stage2:0|0];0.0
x[job1|stage1:5|1, job2|stage2:0|1];0.0
x[job1|stage1:5|1, job2|stage2:0|2];0.0
x[job1|stage1:5|1, job2|stage2:0|3];0.0
x[job1|stage1:5|1, job2|stage2:10|0];0.0
x[job1|stage1:5|1, job2|stage2:10|1];0.0
x[job1|stage1:5|1, job2|stage2:10|2];0.0
x[job1|stage1:5|1, job2|stage2:10|3];0.0
x[job1|stage1:5|1, job2|stage2:1|0];0.0
x[job1|stage1:5|1, job2|stage2:1|1];0.0
x[job1|stage1:5|1, job2|stage2:1|2];0.0
x[job1|stage1:5|1, job2|stage2:1|3];0.0
x[job1|stage1:5|1, job2|stage2:2|0];0.0
x[job1|stage1:5|1, job2|stage2:2|1];0.0
x[job1|stage1:5|1, job2|stage2:2|2];0.0
x[job1|stage1:5|1, job2|stage2:2|3];0.0
x[job1|stage1:5|1, job2|stage2:3|0];0.0
x[job1|stage1:5|1, job2|stage2:3|1];0.0
x[job1|stage1:5|1, job2|stage2:3|2];0.0
x[job1|stage1:5|1, job2|stage2:3|3];0.0
x[job1|stage1:5|1, job2|stage2:4|0];0.0
x[job1|stage1:5|1, job2|stage2:4|1];0.0
x[job1|stage1:5|1, job2|stage2:4|2];0.0
x[job1|stage1:5|1, job2|stage2:4|3];0.0
x[job1|stage1:5|1, job2|stage2:5|0];1.0
x[job1|stage1:5|1, job2|stage2:5|1];0.0
x[job1|stage1:5|1, job2|stage2:5|2];1.0
x[job1|stage1:5|1, job2|stage2:5|3];0.0
x[job1|stage1:5|1, job2|stage2:6|0];0.0
x[job1|stage1:5|1, job2|stage2:6|1];0.0
x[job1|stage1:5|1, job2|stage2:6|2];0.0
x[job1|stage1:5|1, job2|stage2:6|3];0.0
x[job1|stage1:5|1, job2|stage2:7|0];0.0
x[job1|stage1:5|1, job2|stage2:7|1];0.0
x[job1|stage1:5|1, job2|stage2:7|2];0.0
x[job1|stage1:5|1, job2|stage2:7|3];0.0
x[job1|stage1:5|1, job2|stage2:8|0];0.0
x[job1|stage1:5|1, job2|stage2:8|1];0.0
x[job1|stage1:5|1, job2|stage2:8|2];0.0
x[job1|stage1:5|1, job2|stage2:8|3];0.0
x[job1|stage1:5|1, job2|stage2:9|0];0.0
x[job1|stage1:5|1, job2|stage2:9|1];0.0
x[job1|stage1:5|1, job2|stage2:9|2];0.0
x[job1|stage1:5|1, job2|stage2:9|3];0.0
x[job1|stage1:5|2, job2|stage2:0|0];0.0
x[job1|stage1:5|2, job2|stage2:0|1];0.0
x[job1|stage1:5|2, job2|stage2:0|2];0.0
x[job1|stage1:5|2, job2|stage2:0|3];0.0
x[job1|stage1:5|2, job2|stage2:10|0];0.0
x[job1|stage1:5|2, job2|stage2:10|1];0.0
x[job1|stage1:5|2, job2|stage2:10|2];0.0
x[job1|stage1:5|2, job2|stage2:10|3];0.0
x[job1|stage1:5|2, job2|stage2:1|0];0.0
x[job1|stage1:5|2, job2|stage2:1|1];0.0
x[job1|stage1:5|2, job2|stage2:1|2];0.0
x[job1|stage1:5|2, job2|stage2:1|3];0.0
x[job1|stage1:5|2, job2|stage2:2|0];0.0
x[job1|stage1:5|2, job2|stage2:2|1];0.0
x[job1|stage1:5|2, job2|stage2:2|2];0.0
x[job1|stage1:5|2, job2|stage2:2|3];0.0
x[job1|stage1:5|2, job2|stage2:3|0];0.0
x[job1|stage1:5|2, job2|stage2:3|1];0.0
x[job1|stage1:5|2, job2|stage2:3|2];0.0
x[job1|stage1:5|2, job2|stage2:3|3];0.0
x[job1|stage1:5|2, job2|stage2:4|0];0.0
x[job1|stage1:5|2, job2|stage2:4|1];0.0
x[job1|stage1:5|2, job2|stage2:4|2];0.0
x[job1|stage1:5|2, job2|stage2:4|3];0.0
x[job1|stage1:5|2, job2|stage2:5|0];0.0
x[job1|stage1:5|2, job2|stage2:5|1];0.0
x[job1|stage1:5|2, job2|stage2:5|2];0.0
x[job1|stage1:5|2, job2|stage2:5|3];0.0
x[job1|stage1:5|2, job2|stage2:6|0];0.0
x[job1|stage1:5|2, job2|stage2:6|1];0.0
x[job1|stage1:5|2, job2|stage2:6|2];1.0
x[job1|stage1:5|2, job2|stage2:6|3];0.0
x[job1|stage1:5|2, job2|stage2:7|0];0.0
x[job1|stage1:5|2, job2|stage2:7|1];0.0
x[job1|stage1:5|2, job2|stage2:7|2];0.0
x[job1|stage1:5|2, job2|stage2:7|3];0.0
x[job1|stage1:5|2, job2|stage2:8|0];0.0
x[job1|stage1:5|2, job2|stage2:8|1];0.0
x[job1|stage1:5|2, job2|stage2:8|2];0.0
x[job1|stage1:5|2, job2|stage2:8|3];0.0
x[job1|stage1:5|2, job2|stage2:9|0];0.0
x[job1|stage1:5|2, job2|stage2:9|1];0.0
x[job1|stage1:5|2, job2|stage2:9|2];0.0
x[job1|stage1:5|2, job2|stage2:9|3];0.0
x[job1|stage1:5|3, job2|stage2:0|0];0.0
x[job1|stage1:5|3, job2|stage2:0|1];0.0
x[job1|stage1:5|3, job2|stage2:0|2];0.0
x[job1|stage1:5|3, job2|stage2:0|3];0.0
x[job1|stage1:5|3, job2|stage2:10|0];0.0
x[job1|stage1:5|3, job2|stage2:10|1];0.0
x[job1|stage1:5|3, job2|stage2:10|2];0.0
x[job1|stage1:5|3, job2|stage2:10|3];0.0
x[job1|stage1:5|3, job2|stage2:1|0];0.0
x[job1|stage1:5|3, job2|stage2:1|1];0.0
x[job1|stage1:5|3, job2|stage2:1|2];0.0
x[job1|stage1:5|3, job2|stage2:1|3];0.0
x[job1|stage1:5|3, job2|stage2:2|0];0.0
x[job1|stage1:5|3, job2|stage2:2|1];0.0
x[job1|stage1:5|3, job2|stage2:2|2];0.0
x[job1|stage1:5|3, job2|stage2:2|3];0.0
x[job1|stage1:5|3, job2|stage2:3|0];0.0
x[job1|stage1:5|3, job2|stage2:3|1];0.0
x[job1|stage1:5|3, job2|stage2:3|2];0.0
x[job1|stage1:5|3, job2|stage2:3|3];0.0
x[job1|stage1:5|3, job2|stage2:4|0];0.0
x[job1|stage1:5|3, job2|stage2:4|1];0.0
x[job1|stage1:5|3, job2|stage2:4|2];0.0
x[job1|stage1:5|3, job2|stage2:4|3];0.0
x[job1|stage1:5|3, job2|stage2:5|0];1.0
x[job1|stage1:5|3, job2|stage2:5|1];1.0
x[job1|stage1:5|3, job2|stage2:5|2];1.0
x[job1|stage1:5|3, job2|stage2:5|3];0.0
x[job1|stage1:5|3, job2|stage2:6|0];0.0
x[job1|stage1:5|3, job2|stage2:6|1];0.0
x[job1|stage1:5|3, job2|stage2:6|2];0.0
x[job1|stage1:5|3, job2|stage2:6|3];0.0
x[job1|stage1:5|3, job2|stage2:7|0];0.0
x[job1|stage1:5|3, job2|stage2:7|1];0.0
x[job1|stage1:5|3, job2|stage2:7|2];0.0
x[job1|stage1:5|3, job2|stage2:7|3];0.0
x[job1|stage1:5|3, job2|stage2:8|0];0.0
x[job1|stage1:5|3, job2|stage2:8|1];0.0
x[job1|stage1:5|3, job2|stage2:8|2];0.0
x[job1|stage1:5|3, job2|stage2:8|3];0.0
x[job1|stage1:5|3, job2|stage2:9|0];0.0
x[job1|stage1:5|3, job2|stage2:9|1];0.0
x[job1|stage1:5|3, job2|stage2:9|2];0.0
x[job1|stage1:5|3, job2|stage2:9|3];0.0
x[job1|stage1:6|0, job2|stage2:0|0];0.0
x[job1|stage1:6|0, job2|stage2:0|1];0.0
x[job1|stage1:6|0, job2|stage2:0|2];0.0
x[job1|stage1:6|0, job2|stage2:0|3];0.0
x[job1|stage1:6|0, job2|stage2:10|0];0.0
x[job1|stage1:6|0, job2|stage2:10|1];0.0
x[job1|stage1:6|0, job2|stage2:10|2];0.0
x[job1|stage1:6|0, job2|stage2:10|3];0.0
x[job1|stage1:6|0, job2|stage2:1|0];0.0
x[job1|stage1:6|0, job2|stage2:1|1];0.0
x[job1|stage1:6|0, job2|stage2:1|2];0.0
x[job1|stage1:6|0, job2|stage2:1|3];0.0
x[job1|stage1:6|0, job2|stage2:2|0];0.0
x[job1|stage1:6|0, job2|stage2:2|1];0.0
x[job1|stage1:6|0, job2|stage2:2|2];0.0
x[job1|stage1:6|0, job2|stage2:2|3];0.0
x[job1|stage1:6|0, job2|stage2:3|0];0.0
x[job1|stage1:6|0, job2|stage2:3|1];0.0
x[job1|stage1:6|0, job2|stage2:3|2];0.0
x[job1|stage1:6|0, job2|stage2:3|3];0.0
x[job1|stage1:6|0, job2|stage2:4|0];0.0
x[job1|stage1:6|0, job2|stage2:4|1];0.0
x[job1|stage1:6|0, job2|stage2:4|2];0.0
x[job1|stage1:6|0, job2|stage2:4|3];0.0
x[job1|stage1:6|0, job2|stage2:5|0];0.0
x[job1|stage1:6|0, job2|stage2:5|1];0.0
x[job1|stage1:6|0, job2|stage2:5|2];0.0
x[job1|stage1:6|0, job2|stage2:5|3];0.0
x[job1|stage1:6|0, job2|stage2:6|0];0.0
x[job1|stage1:6|0, job2|stage2:6|1];0.0
x[job1|stage1:6|0, job2|stage2:6|2];0.0
x[job1|stage1:6|0, job2|stage2:6|3];0.0
x[job1|stage1:6|0, job2|stage2:7|0];0.0
x[job1|stage1:6|0, job2|stage2:7|1];0.0
x[job1|stage1:6|0, job2|stage2:7|2];0.0
x[job1|stage1:6|0, job2|stage2:7|3];0.0
x[job1|stage1:6|0, job2|stage2:8|0];0.0
x[job1|stage1:6|0, job2|stage2:8|1];0.0
x[job1|stage1:6|0, job2|stage2:8|2];0.0
x[job1|stage1:6|0, job2|stage2:8|3];0.0
x[job1|stage1:6|0, job2|stage2:9|0];0.0
x[job1|stage1:6|0, job2|stage2:9|1];0.0
x[job1|stage1:6|0, job2|stage2:9|2];0.0
x[job1|stage1:6|0, job2|stage2:9|3];0.0
x[job1|stage1:6|1, job2|stage2:0|0];0.0
x[job1|stage1:6|1, job2|stage2:0|1];0.0
x[job1|stage1:6|1, job2|stage2:0|2];0.0
x[job1|stage1:6|1, job2|stage2:0|3];0.0
x[job1|stage1:6|1, job2|stage2:10|0];0.0
x[job1|stage1:6|1, job2|stage2:10|1];0.0
x[job1|stage1:6|1, job2|stage2:10|2];0.0
x[job1|stage1:6|1, job2|stage2:10|3];0.0
x[job1|stage1:6|1, job2|stage2:1|0];0.0
x[job1|stage1:6|1, job2|stage2:1|1];0.0
x[job1|stage1:6|1, job2|stage2:1|2];0.0
x[job1|stage1:6|1, job2|stage2:1|3];0.0
x[job1|stage1:6|1, job2|stage2:2|0];0.0
x[job1|stage1:6|1, job2|stage2:2|1];0.0
x[job1|stage1:6|1, job2|stage2:2|2];0.0
x[job1|stage1:6|1, job2|stage2:2|3];0.0
x[job1|stage1:6|1, job2|stage2:3|0];0.0
x[job1|stage1:6|1, job2|stage2:3|1];0.0
x[job1|stage1:6|1, job2|stage2:3|2];0.0
x[job1|stage1:6|1, job2|stage2:3|3];0.0
x[job1|stage1:6|1, job2|stage2:4|0];0.0
x[job1|stage1:6|1, job2|stage2:4|1];0.0
x[job1|stage1:6|1, job2|stage2:4|2];0.0
x[job1|stage1:6|1, job2|stage2:4|3];0.0
x[job1|stage1:6|1, job2|stage2:5|0];0.0
x[job1|stage1:6|1, job2|stage2:5|1];0.0
x[job1|stage1:6|1, job2|stage2:5|2];0.0
x[job1|stage1:6|1, job2|stage2:5|3];0.0
x[job1|stage1:6|1, job2|stage2:6|0];1.0
x[job1|stage1:6|1, job2|stage2:6|1];0.0
x[job1|stage1:6|1, job2|stage2:6|2];0.0
x[job1|stage1:6|1, job2|stage2:6|3];0.0
x[job1|stage1:6|1, job2|stage2:7|0];0.0
x[job1|stage1:6|1, job2|stage2:7|1];0.0
x[job1|stage1:6|1, job2|stage2:7|2];0.0
x[job1|stage1:6|1, job2|stage2:7|3];0.0
x[job1|stage1:6|1, job2|stage2:8|0];0.0
x[job1|stage1:6|1, job2|stage2:8|1];0.0
x[job1|stage1:6|1, job2|stage2:8|2];0.0
x[job1|stage1:6|1, job2|stage2:8|3];0.0
x[job1|stage1:6|1, job2|stage2:9|0];1.0
x[job1|stage1:6|1, job2|stage2:9|1];0.0
x[job1|stage1:6|1, job2|stage2:9|2];0.0
x[job1|stage1:6|1, job2|stage2:9|3];0.0
x[job1|stage1:6|2, job2|stage2:0|0];0.0
x[job1|stage1:6|2, job2|stage2:0|1];0.0
x[job1|stage1:6|2, job2|stage2:0|2];0.0
x[job1|stage1:6|2, job2|stage2:0|3];0.0
x[job1|stage1:6|2, job2|stage2:10|0];0.0
x[job1|stage1:6|2, job2|stage2:10|1];0.0
x[job1|stage1:6|2, job2|stage2:10|2];0.0
x[job1|stage1:6|2, job2|stage2:10|3];0.0
x[job1|stage1:6|2, job2|stage2:1|0];0.0
x[job1|stage1:6|2, job2|stage2:1|1];0.0
x[job1|stage1:6|2, job2|stage2:1|2];0.0
x[job1|stage1:6|2, job2|stage2:1|3];0.0
x[job1|stage1:6|2, job2|stage2:2|0];0.0
x[job1|stage1:6|2, job2|stage2:2|1];0.0
x[job1|stage1:6|2, job2|stage2:2|2];0.0
x[job1|stage1:6|2, job2|stage2:2|3];0.0
x[job1|stage1:6|2, job2|stage2:3|0];0.0
x[job1|stage1:6|2, job2|stage2:3|1];0.0
x[job1|stage1:6|2, job2|stage2:3|2];0.0
x[job1|stage1:6|2, job2|stage2:3|3];0.0
x[job1|stage1:6|2, job2|stage2:4|0];0.0
x[job1|stage1:6|2, job2|stage2:4|1];0.0
x[job1|stage1:6|2, job2|stage2:4|2];0.0
x[job1|stage1:6|2, job2|stage2:4|3];0.0
x[job1|stage1:6|2, job2|stage2:5|0];0.0
x[job1|stage1:6|2, job2|stage2:5|1];0.0
x[job1|stage1:6|2, job2|stage2:5|2];0.0
x[job1|stage1:6|2, job2|stage2:5|3];0.0
x[job1|stage1:6|2, job2|stage2:6|0];0.0
x[job1|stage1:6|2, job2|stage2:6|1];1.0
x[job1|stage1:6|2, job2|stage2:6|2];0.0
x[job1|stage1:6|2, job2|stage2:6|3];0.0
x[job1|stage1:6|2, job2|stage2:7|0];0.0
x[job1|stage1:6|2, job2|stage2:7|1];0.0
x[job1|stage1:6|2, job2|stage2:7|2];0.0
x[job1|stage1:6|2, job2|stage2:7|3];0.0
x[job1|stage1:6|2, job2|stage2:8|0];0.0
x[job1|stage1:6|2, job2|stage2:8|1];0.0
x[job1|stage1:6|2, job2|stage2:8|2];0.0
x[job1|stage1:6|2, job2|stage2:8|3];0.0
x[job1|stage1:6|2, job2|stage2:9|0];0.0
x[job1|stage1:6|2, job2|stage2:9|1];0.0
x[job1|stage1:6|2, job2|stage2:9|2];0.0
x[job1|stage1:6|2, job2|stage2:9|3];0.0
x[job1|stage1:6|3, job2|stage2:0|0];0.0
x[job1|stage1:6|3, job2|stage2:0|1];0.0
x[job1|stage1:6|3, job2|stage2:0|2];0.0
x[job1|stage1:6|3, job2|stage2:0|3];0.0
x[job1|stage1:6|3, job2|stage2:10|0];0.0
x[job1|stage1:6|3, job2|stage2:10|1];0.0
x[job1|stage1:6|3, job2|stage2:10|2];0.0
x[job1|stage1:6|3, job2|stage2:10|3];0.0
x[job1|stage1:6|3, job2|stage2:1|0];0.0
x[job1|stage1:6|3, job2|stage2:1|1];0.0
x[job1|stage1:6|3, job2|stage2:1|2];0.0
x[job1|stage1:6|3, job2|stage2:1|3];0.0
x[job1|stage1:6|3, job2|stage2:2|0];0.0
x[job1|stage1:6|3, job2|stage2:2|1];0.0
x[job1|stage1:6|3, job2|stage2:2|2];0.0
x[job1|stage1:6|3, job2|stage2:2|3];0.0
x[job1|stage1:6|3, job2|stage2:3|0];0.0
x[job1|stage1:6|3, job2|stage2:3|1];0.0
x[job1|stage1:6|3, job2|stage2:3|2];0.0
x[job1|stage1:6|3, job2|stage2:3|3];0.0
x[job1|stage1:6|3, job2|stage2:4|0];0.0
x[job1|stage1:6|3, job2|stage2:4|1];0.0
x[job1|stage1:6|3, job2|stage2:4|2];0.0
x[job1|stage1:6|3, job2|stage2:4|3];0.0
x[job1|stage1:6|3, job2|stage2:5|0];0.0
x[job1|stage1:6|3, job2|stage2:5|1];0.0
x[job1|stage1:6|3, job2|stage2:5|2];0.0
x[job1|stage1:6|3, job2|stage2:5|3];0.0
x[job1|stage1:6|3, job2|stage2:6|0];0.0
x[job1|stage1:6|3, job2|stage2:6|1];1.0
x[job1|stage1:6|3, job2|stage2:6|2];1.0
x[job1|stage1:6|3, job2|stage2:6|3];0.0
x[job1|stage1:6|3, job2|stage2:7|0];0.0
x[job1|stage1:6|3, job2|stage2:7|1];0.0
x[job1|stage1:6|3, job2|stage2:7|2];0.0
x[job1|stage1:6|3, job2|stage2:7|3];0.0
x[job1|stage1:6|3, job2|stage2:8|0];0.0
x[job1|stage1:6|3, job2|stage2:8|1];0.0
x[job1|stage1:6|3, job2|stage2:8|2];0.0
x[job1|stage1:6|3, job2|stage2:8|3];0.0
x[job1|stage1:6|3, job2|stage2:9|0];0.0
x[job1|stage1:6|3, job2|stage2:9|1];0.0
x[job1|stage1:6|3, job2|stage2:9|2];0.0
x[job1|stage1:6|3, job2|stage2:9|3];0.0
x[job1|stage1:7|0, job2|stage2:0|0];0.0
x[job1|stage1:7|0, job2|stage2:0|1];0.0
x[job1|stage1:7|0, job2|stage2:0|2];0.0
x[job1|stage1:7|0, job2|stage2:0|3];0.0
x[job1|stage1:7|0, job2|stage2:10|0];0.0
x[job1|stage1:7|0, job2|stage2:10|1];1.0
x[job1|stage1:7|0, job2|stage2:10|2];0.0
x[job1|stage1:7|0, job2|stage2:10|3];0.0
x[job1|stage1:7|0, job2|stage2:1|0];0.0
x[job1|stage1:7|0, job2|stage2:1|1];0.0
x[job1|stage1:7|0, job2|stage2:1|2];0.0
x[job1|stage1:7|0, job2|stage2:1|3];0.0
x[job1|stage1:7|0, job2|stage2:2|0];0.0
x[job1|stage1:7|0, job2|stage2:2|1];0.0
x[job1|stage1:7|0, job2|stage2:2|2];0.0
x[job1|stage1:7|0, job2|stage2:2|3];0.0
x[job1|stage1:7|0, job2|stage2:3|0];0.0
x[job1|stage1:7|0, job2|stage2:3|1];0.0
x[job1|stage1:7|0, job2|stage2:3|2];0.0
x[job1|stage1:7|0, job2|stage2:3|3];0.0
x[job1|stage1:7|0, job2|stage2:4|0];0.0
x[job1|stage1:7|0, job2|stage2:4|1];0.0
x[job1|stage1:7|0, job2|stage2:4|2];0.0
x[job1|stage1:7|0, job2|stage2:4|3];0.0
x[job1|stage1:7|0, job2|stage2:5|0];0.0
x[job1|stage1:7|0, job2|stage2:5|1];0.0
x[job1|stage1:7|0, job2|stage2:5|2];0.0
x[job1|stage1:7|0, job2|stage2:5|3];0.0
x[job1|stage1:7|0, job2|stage2:6|0];0.0
x[job1|stage1:7|0, job2|stage2:6|1];0.0
x[job1|stage1:7|0, job2|stage2:6|2];0.0
x[job1|stage1:7|0, job2|stage2:6|3];0.0
x[job1|stage1:7|0, job2|stage2:7|0];0.0
x[job1|stage1:7|0, job2|stage2:7|1];0.0
x[job1|stage1:7|0, job2|stage2:7|2];0.0
x[job1|stage1:7|0, job2|stage2:7|3];0.0
x[job1|stage1:7|0, job2|stage2:8|0];0.0
x[job1|stage1:7|0, job2|stage2:8|1];0.0
x[job1|stage1:7|0, job2|stage2:8|2];0.0
x[job1|stage1:7|0, job2|stage2:8|3];0.0
x[job1|stage1:7|0, job2|stage2:9|0];1.0
x[job1|stage1:7|0, job2|stage2:9|1];0.0
x[job1|stage1:7|0, job2|stage2:9|2];0.0
x[job1|stage1:7|0, job2|stage2:9|3];0.0
x[job1|stage1:7|1, job2|stage2:0|0];0.0
x[job1|stage1:7|1, job2|stage2:0|1];0.0
x[job1|stage1:7|1, job2|stage2:0|2];0.0
x[job1|stage1:7|1, job2|stage2:0|3];0.0
x[job1|stage1:7|1, job2|stage2:10|0];0.0
x[job1|stage1:7|1, job2|stage2:10|1];0.0
x[job1|stage1:7|1, job2|stage2:10|2];0.0
x[job1|stage1:7|1, job2|stage2:10|3];0.0
x[job1|stage1:7|1, job2|stage2:1|0];0.0
x[job1|stage1:7|1, job2|stage2:1|1];0.0
x[job1|stage1:7|1, job2|stage2:1|2];0.0
x[job1|stage1:7|1, job2|stage2:1|3];0.0
x[job1|stage1:7|1, job2|stage2:2|0];0.0
x[job1|stage1:7|1, job2|stage2:2|1];0.0
x[job1|stage1:7|1, job2|stage2:2|2];0.0
x[job1|stage1:7|1, job2|stage2:2|3];0.0
x[job1|stage1:7|1, job2|stage2:3|0];0.0
x[job1|stage1:7|1, job2|stage2:3|1];0.0
x[job1|stage1:7|1, job2|stage2:3|2];0.0
x[job1|stage1:7|1, job2|stage2:3|3];0.0
x[job1|stage1:7|1, job2|stage2:4|0];0.0
x[job1|stage1:7|1, job2|stage2:4|1];0.0
x[job1|stage1:7|1, job2|stage2:4|2];0.0
x[job1|stage1:7|1, job2|stage2:4|3];0.0
x[job1|stage1:7|1, job2|stage2:5|0];0.0
x[job1|stage1:7|1, job2|stage2:5|1];0.0
x[job1|stage1:7|1, job2|stage2:5|2];0.0
x[job1|stage1:7|1, job2|stage2:5|3];0.0
x[job1|stage1:7|1, job2|stage2:6|0];0.0
x[job1|stage1:7|1, job2|stage2:6|1];0.0
x[job1|stage1:7|1, job2|stage2:6|2];0.0
x[job1|stage1:7|1, job2|stage2:6|3];0.0
x[job1|stage1:7|1, job2|stage2:7|0];0.0
x[job1|stage1:7|1, job2|stage2:7|1];0.0
x[job1|stage1:7|1, job2|stage2:7|2];0.0
x[job1|stage1:7|1, job2|stage2:7|3];0.0
x[job1|stage1:7|1, job2|stage2:8|0];0.0
x[job1|stage1:7|1, job2|stage2:8|1];0.0
x[job1|stage1:7|1, job2|stage2:8|2];0.0
x[job1|stage1:7|1, job2|stage2:8|3];0.0
x[job1|stage1:7|1, job2|stage2:9|0];0.0
x[job1|stage1:7|1, job2|stage2:9|1];1.0
x[job1|stage1:7|1, job2|stage2:9|2];0.0
x[job1|stage1:7|1, job2|stage2:9|3];0.0
x[job1|stage1:7|2, job2|stage2:0|0];0.0
x[job1|stage1:7|2, job2|stage2:0|1];0.0
x[job1|stage1:7|2, job2|stage2:0|2];0.0
x[job1|stage1:7|2, job2|stage2:0|3];0.0
x[job1|stage1:7|2, job2|stage2:10|0];0.0
x[job1|stage1:7|2, job2|stage2:10|1];0.0
x[job1|stage1:7|2, job2|stage2:10|2];1.0
x[job1|stage1:7|2, job2|stage2:10|3];0.0
x[job1|stage1:7|2, job2|stage2:1|0];0.0
x[job1|stage1:7|2, job2|stage2:1|1];0.0
x[job1|stage1:7|2, job2|stage2:1|2];0.0
x[job1|stage1:7|2, job2|stage2:1|3];0.0
x[job1|stage1:7|2, job2|stage2:2|0];0.0
x[job1|stage1:7|2, job2|stage2:2|1];0.0
x[job1|stage1:7|2, job2|stage2:2|2];0.0
x[job1|stage1:7|2, job2|stage2:2|3];0.0
x[job1|stage1:7|2, job2|stage2:3|0];0.0
x[job1|stage1:7|2, job2|stage2:3|1];0.0
x[job1|stage1:7|2, job2|stage2:3|2];0.0
x[job1|stage1:7|2, job2|stage2:3|3];0.0
x[job1|stage1:7|2, job2|stage2:4|0];0.0
x[job1|stage1:7|2, job2|stage2:4|1];0.0
x[job1|stage1:7|2, job2|stage2:4|2];0.0
x[job1|stage1:7|2, job2|stage2:4|3];0.0
x[job1|stage1:7|2, job2|stage2:5|0];0.0
x[job1|stage1:7|2, job2|stage2:5|1];0.0
x[job1|stage1:7|2, job2|stage2:5|2];0.0
x[job1|stage1:7|2, job2|stage2:5|3];0.0
x[job1|stage1:7|2, job2|stage2:6|0];0.0
x[job1|stage1:7|2, job2|stage2:6|1];0.0
x[job1|stage1:7|2, job2|stage2:6|2];0.0
x[job1|stage1:7|2, job2|stage2:6|3];0.0
x[job1|stage1:7|2, job2|stage2:7|0];0.0
x[job1|stage1:7|2, job2|stage2:7|1];1.0
x[job1|stage1:7|2, job2|stage2:7|2];0.0
x[job1|stage1:7|2, job2|stage2:7|3];0.0
x[job1|stage1:7|2, job2|stage2:8|0];0.0
x[job1|stage1:7|2, job2|stage2:8|1];0.0
x[job1|stage1:7|2, job2|stage2:8|2];0.0
x[job1|stage1:7|2, job2|stage2:8|3];0.0
x[job1|stage1:7|2, job2|stage2:9|0];0.0
x[job1|stage1:7|2, job2|stage2:9|1];0.0
x[job1|stage1:7|2, job2|stage2:9|2];1.0
x[job1|stage1:7|2, job2|stage2:9|3];0.0
x[job1|stage1:7|3, job2|stage2:0|0];0.0
x[job1|stage1:7|3, job2|stage2:0|1];0.0
x[job1|stage1:7|3, job2|stage2:0|2];0.0
x[job1|stage1:7|3, job2|stage2:0|3];0.0
x[job1|stage1:7|3, job2|stage2:10|0];0.0
x[job1|stage1:7|3, job2|stage2:10|1];0.0
x[job1|stage1:7|3, job2|stage2:10|2];0.0
x[job1|stage1:7|3, job2|stage2:10|3];1.0
x[job1|stage1:7|3, job2|stage2:1|0];0.0
x[job1|stage1:7|3, job2|stage2:1|1];0.0
x[job1|stage1:7|3, job2|stage2:1|2];0.0
x[job1|stage1:7|3, job2|stage2:1|3];0.0
x[job1|stage1:7|3, job2|stage2:2|0];0.0
x[job1|stage1:7|3, job2|stage2:2|1];0.0
x[job1|stage1:7|3, job2|stage2:2|2];0.0
x[job1|stage1:7|3, job2|stage2:2|3];0.0
x[job1|stage1:7|3, job2|stage2:3|0];0.0
x[job1|stage1:7|3, job2|stage2:3|1];0.0
x[job1|stage1:7|3, job2|stage2:3|2];0.0
x[job1|stage1:7|3, job2|stage2:3|3];0.0
x[job1|stage1:7|3, job2|stage2:4|0];0.0
x[job1|stage1:7|3, job2|stage2:4|1];0.0
x[job1|stage1:7|3, job2|stage2:4|2];0.0
x[job1|stage1:7|3, job2|stage2:4|3];0.0
x[job1|stage1:7|3, job2|stage2:5|0];0.0
x[job1|stage1:7|3, job2|stage2:5|1];0.0
x[job1|stage1:7|3, job2|stage2:5|2];0.0
x[job1|stage1:7|3, job2|stage2:5|3];0.0
x[job1|stage1:7|3, job2|stage2:6|0];0.0
x[job1|stage1:7|3, job2|stage2:6|1];0.0
x[job1|stage1:7|3, job2|stage2:6|2];0.0
x[job1|stage1:7|3, job2|stage2:6|3];0.0
x[job1|stage1:7|3, job2|stage2:7|0];0.0
x[job1|stage1:7|3, job2|stage2:7|1];0.0
x[job1|stage1:7|3, job2|stage2:7|2];1.0
x[job1|stage1:7|3, job2|stage2:7|3];0.0
x[job1|stage1:7|3, job2|stage2:8|0];0.0
x[job1|stage1:7|3, job2|stage2:8|1];0.0
x[job1|stage1:7|3, job2|stage2:8|2];0.0
x[job1|stage1:7|3, job2|stage2:8|3];1.0
x[job1|stage1:7|3, job2|stage2:9|0];0.0
x[job1|stage1:7|3, job2|stage2:9|1];0.0
x[job1|stage1:7|3, job2|stage2:9|2];0.0
x[job1|stage1:7|3, job2|stage2:9|3];0.0
x[job1|stage1:8|0, job2|stage2:0|0];0.0
x[job1|stage1:8|0, job2|stage2:0|1];0.0
x[job1|stage1:8|0, job2|stage2:0|2];0.0
x[job1|stage1:8|0, job2|stage2:0|3];0.0
x[job1|stage1:8|0, job2|stage2:10|0];0.0
x[job1|stage1:8|0, job2|stage2:10|1];0.0
x[job1|stage1:8|0, job2|stage2:10|2];0.0
x[job1|stage1:8|0, job2|stage2:10|3];0.0
x[job1|stage1:8|0, job2|stage2:1|0];0.0
x[job1|stage1:8|0, job2|stage2:1|1];0.0
x[job1|stage1:8|0, job2|stage2:1|2];0.0
x[job1|stage1:8|0, job2|stage2:1|3];0.0
x[job1|stage1:8|0, job2|stage2:2|0];0.0
x[job1|stage1:8|0, job2|stage2:2|1];0.0
x[job1|stage1:8|0, job2|stage2:2|2];0.0
x[job1|stage1:8|0, job2|stage2:2|3];0.0
x[job1|stage1:8|0, job2|stage2:3|0];0.0
x[job1|stage1:8|0, job2|stage2:3|1];0.0
x[job1|stage1:8|0, job2|stage2:3|2];0.0
x[job1|stage1:8|0, job2|stage2:3|3];0.0
x[job1|stage1:8|0, job2|stage2:4|0];0.0
x[job1|stage1:8|0, job2|stage2:4|1];0.0
x[job1|stage1:8|0, job2|stage2:4|2];0.0
x[job1|stage1:8|0, job2|stage2:4|3];0.0
x[job1|stage1:8|0, job2|stage2:5|0];0.0
x[job1|stage1:8|0, job2|stage2:5|1];0.0
x[job1|stage1:8|0, job2|stage2:5|2];0.0
x[job1|stage1:8|0, job2|stage2:5|3];0.0
x[job1|stage1:8|0, job2|stage2:6|0];0.0
x[job1|stage1:8|0, job2|stage2:6|1];0.0
x[job1|stage1:8|0, job2|stage2:6|2];0.0
x[job1|stage1:8|0, job2|stage2:6|3];0.0
x[job1|stage1:8|0, job2|stage2:7|0];0.0
x[job1|stage1:8|0, job2|stage2:7|1];0.0
x[job1|stage1:8|0, job2|stage2:7|2];0.0
x[job1|stage1:8|0, job2|stage2:7|3];0.0
x[job1|stage1:8|0, job2|stage2:8|0];0.0
x[job1|stage1:8|0, job2|stage2:8|1];0.0
x[job1|stage1:8|0, job2|stage2:8|2];0.0
x[job1|stage1:8|0, job2|stage2:8|3];0.0
x[job1|stage1:8|0, job2|stage2:9|0];1.0
x[job1|stage1:8|0, job2|stage2:9|1];0.0
x[job1|stage1:8|0, job2|stage2:9|2];0.0
x[job1|stage1:8|0, job2|stage2:9|3];0.0
x[job1|stage1:8|1, job2|stage2:0|0];0.0
x[job1|stage1:8|1, job2|stage2:0|1];0.0
x[job1|stage1:8|1, job2|stage2:0|2];0.0
x[job1|stage1:8|1, job2|stage2:0|3];0.0
x[job1|stage1:8|1, job2|stage2:10|0];0.0
x[job1|stage1:8|1, job2|stage2:10|1];0.0
x[job1|stage1:8|1, job2|stage2:10|2];0.0
x[job1|stage1:8|1, job2|stage2:10|3];0.0
x[job1|stage1:8|1, job2|stage2:1|0];0.0
x[job1|stage1:8|1, job2|stage2:1|1];0.0
x[job1|stage1:8|1, job2|stage2:1|2];0.0
x[job1|stage1:8|1, job2|stage2:1|3];0.0
x[job1|stage1:8|1, job2|stage2:2|0];0.0
x[job1|stage1:8|1, job2|stage2:2|1];0.0
x[job1|stage1:8|1, job2|stage2:2|2];0.0
x[job1|stage1:8|1, job2|stage2:2|3];0.0
x[job1|stage1:8|1, job2|stage2:3|0];0.0
x[job1|stage1:8|1, job2|stage2:3|1];0.0
x[job1|stage1:8|1, job2|stage2:3|2];0.0
x[job1|stage1:8|1, job2|stage2:3|3];0.0
x[job1|stage1:8|1, job2|stage2:4|0];0.0
x[job1|stage1:8|1, job2|stage2:4|1];0.0
x[job1|stage1:8|1, job2|stage2:4|2];0.0
x[job1|stage1:8|1, job2|stage2:4|3];0.0
x[job1|stage1:8|1, job2|stage2:5|0];0.0
x[job1|stage1:8|1, job2|stage2:5|1];0.0
x[job1|stage1:8|1, job2|stage2:5|2];0.0
x[job1|stage1:8|1, job2|stage2:5|3];0.0
x[job1|stage1:8|1, job2|stage2:6|0];0.0
x[job1|stage1:8|1, job2|stage2:6|1];0.0
x[job1|stage1:8|1, job2|stage2:6|2];0.0
x[job1|stage1:8|1, job2|stage2:6|3];0.0
x[job1|stage1:8|1, job2|stage2:7|0];0.0
x[job1|stage1:8|1, job2|stage2:7|1];0.0
x[job1|stage1:8|1, job2|stage2:7|2];0.0
x[job1|stage1:8|1, job2|stage2:7|3];0.0
x[job1|stage1:8|1, job2|stage2:8|0];1.0
x[job1|stage1:8|1, job2|stage2:8|1];0.0
x[job1|stage1:8|1, job2|stage2:8|2];0.0
x[job1|stage1:8|1, job2|stage2:8|3];0.0
x[job1|stage1:8|1, job2|stage2:9|0];1.0
x[job1|stage1:8|1, job2|stage2:9|1];0.0
x[job1|stage1:8|1, job2|stage2:9|2];0.0
x[job1|stage1:8|1, job2|stage2:9|3];0.0
x[job1|stage1:8|2, job2|stage2:0|0];0.0
x[job1|stage1:8|2, job2|stage2:0|1];0.0
x[job1|stage1:8|2, job2|stage2:0|2];0.0
x[job1|stage1:8|2, job2|stage2:0|3];0.0
x[job1|stage1:8|2, job2|stage2:10|0];0.0
x[job1|stage1:8|2, job2|stage2:10|1];0.0
x[job1|stage1:8|2, job2|stage2:10|2];0.0
x[job1|stage1:8|2, job2|stage2:10|3];0.0
x[job1|stage1:8|2, job2|stage2:1|0];0.0
x[job1|stage1:8|2, job2|stage2:1|1];0.0
x[job1|stage1:8|2, job2|stage2:1|2];0.0
x[job1|stage1:8|2, job2|stage2:1|3];0.0
x[job1|stage1:8|2, job2|stage2:2|0];0.0
x[job1|stage1:8|2, job2|stage2:2|1];0.0
x[job1|stage1:8|2, job2|stage2:2|2];0.0
x[job1|stage1:8|2, job2|stage2:2|3];0.0
x[job1|stage1:8|2, job2|stage2:3|0];0.0
x[job1|stage1:8|2, job2|stage2:3|1];0.0
x[job1|stage1:8|2, job2|stage2:3|2];0.0
x[job1|stage1:8|2, job2|stage2:3|3];0.0
x[job1|stage1:8|2, job2|stage2:4|0];0.0
x[job1|stage1:8|2, job2|stage2:4|1];0.0
x[job1|stage1:8|2, job2|stage2:4|2];0.0
x[job1|stage1:8|2, job2|stage2:4|3];0.0
x[job1|stage1:8|2, job2|stage2:5|0];0.0
x[job1|stage1:8|2, job2|stage2:5|1];0.0
x[job1|stage1:8|2, job2|stage2:5|2];0.0
x[job1|stage1:8|2, job2|stage2:5|3];0.0
x[job1|stage1:8|2, job2|stage2:6|0];0.0
x[job1|stage1:8|2, job2|stage2:6|1];0.0
x[job1|stage1:8|2, job2|stage2:6|2];0.0
x[job1|stage1:8|2, job2|stage2:6|3];0.0
x[job1|stage1:8|2, job2|stage2:7|0];0.0
x[job1|stage1:8|2, job2|stage2:7|1];0.0
x[job1|stage1:8|2, job2|stage2:7|2];0.0
x[job1|stage1:8|2, job2|stage2:7|3];0.0
x[job1|stage1:8|2, job2|stage2:8|0];0.0
x[job1|stage1:8|2, job2|stage2:8|1];0.0
x[job1|stage1:8|2, job2|stage2:8|2];0.0
x[job1|stage1:8|2, job2|stage2:8|3];0.0
x[job1|stage1:8|2, job2|stage2:9|0];0.0
x[job1|stage1:8|2, job2|stage2:9|1];0.0
x[job1|stage1:8|2, job2|stage2:9|2];0.0
x[job1|stage1:8|2, job2|stage2:9|3];0.0
x[job1|stage1:8|3, job2|stage2:0|0];0.0
x[job1|stage1:8|3, job2|stage2:0|1];0.0
x[job1|stage1:8|3, job2|stage2:0|2];0.0
x[job1|stage1:8|3, job2|stage2:0|3];0.0
x[job1|stage1:8|3, job2|stage2:10|0];0.0
x[job1|stage1:8|3, job2|stage2:10|1];0.0
x[job1|stage1:8|3, job2|stage2:10|2];0.0
x[job1|stage1:8|3, job2|stage2:10|3];0.0
x[job1|stage1:8|3, job2|stage2:1|0];0.0
x[job1|stage1:8|3, job2|stage2:1|1];0.0
x[job1|stage1:8|3, job2|stage2:1|2];0.0
x[job1|stage1:8|3, job2|stage2:1|3];0.0
x[job1|stage1:8|3, job2|stage2:2|0];0.0
x[job1|stage1:8|3, job2|stage2:2|1];0.0
x[job1|stage1:8|3, job2|stage2:2|2];0.0
x[job1|stage1:8|3, job2|stage2:2|3];0.0
x[job1|stage1:8|3, job2|stage2:3|0];0.0
x[job1|stage1:8|3, job2|stage2:3|1];0.0
x[job1|stage1:8|3, job2|stage2:3|2];0.0
x[job1|stage1:8|3, job2|stage2:3|3];0.0
x[job1|stage1:8|3, job2|stage2:4|0];0.0
x[job1|stage1:8|3, job2|stage2:4|1];0.0
x[job1|stage1:8|3, job2|stage2:4|2];0.0
x[job1|stage1:8|3, job2|stage2:4|3];0.0
x[job1|stage1:8|3, job2|stage2:5|0];0.0
x[job1|stage1:8|3, job2|stage2:5|1];0.0
x[job1|stage1:8|3, job2|stage2:5|2];0.0
x[job1|stage1:8|3, job2|stage2:5|3];0.0
x[job1|stage1:8|3, job2|stage2:6|0];0.0
x[job1|stage1:8|3, job2|stage2:6|1];0.0
x[job1|stage1:8|3, job2|stage2:6|2];0.0
x[job1|stage1:8|3, job2|stage2:6|3];0.0
x[job1|stage1:8|3, job2|stage2:7|0];0.0
x[job1|stage1:8|3, job2|stage2:7|1];0.0
x[job1|stage1:8|3, job2|stage2:7|2];0.0
x[job1|stage1:8|3, job2|stage2:7|3];0.0
x[job1|stage1:8|3, job2|stage2:8|0];0.0
x[job1|stage1:8|3, job2|stage2:8|1];0.0
x[job1|stage1:8|3, job2|stage2:8|2];0.0
x[job1|stage1:8|3, job2|stage2:8|3];0.0
x[job1|stage1:8|3, job2|stage2:9|0];0.0
x[job1|stage1:8|3, job2|stage2:9|1];1.0
x[job1|stage1:8|3, job2|stage2:9|2];0.0
x[job1|stage1:8|3, job2|stage2:9|3];0.0
x[job1|stage1:9|0, job2|stage2:0|0];0.0
x[job1|stage1:9|0, job2|stage2:0|1];0.0
x[job1|stage1:9|0, job2|stage2:0|2];0.0
x[job1|stage1:9|0, job2|stage2:0|3];0.0
x[job1|stage1:9|0, job2|stage2:10|0];0.0
x[job1|stage1:9|0, job2|stage2:10|1];1.0
x[job1|stage1:9|0, job2|stage2:10|2];0.0
x[job1|stage1:9|0, job2|stage2:10|3];0.0
x[job1|stage1:9|0, job2|stage2:1|0];0.0
x[job1|stage1:9|0, job2|stage2:1|1];0.0
x[job1|stage1:9|0, job2|stage2:1|2];0.0
x[job1|stage1:9|0, job2|stage2:1|3];0.0
x[job1|stage1:9|0, job2|stage2:2|0];0.0
x[job1|stage1:9|0, job2|stage2:2|1];0.0
x[job1|stage1:9|0, job2|stage2:2|2];0.0
x[job1|stage1:9|0, job2|stage2:2|3];0.0
x[job1|stage1:9|0, job2|stage2:3|0];0.0
x[job1|stage1:9|0, job2|stage2:3|1];0.0
x[job1|stage1:9|0, job2|stage2:3|2];0.0
x[job1|stage1:9|0, job2|stage2:3|3];0.0
x[job1|stage1:9|0, job2|stage2:4|0];0.0
x[job1|stage1:9|0, job2|stage2:4|1];0.0
x[job1|stage1:9|0, job2|stage2:4|2];0.0
x[job1|stage1:9|0, job2|stage2:4|3];0.0
x[job1|stage1:9|0, job2|stage2:5|0];0.0
x[job1|stage1:9|0, job2|stage2:5|1];0.0
x[job1|stage1:9|0, job2|stage2:5|2];0.0
x[job1|stage1:9|0, job2|stage2:5|3];0.0
x[job1|stage1:9|0, job2|stage2:6|0];0.0
x[job1|stage1:9|0, job2|stage2:6|1];0.0
x[job1|stage1:9|0, job2|stage2:6|2];0.0
x[job1|stage1:9|0, job2|stage2:6|3];0.0
x[job1|stage1:9|0, job2|stage2:7|0];0.0
x[job1|stage1:9|0, job2|stage2:7|1];0.0
x[job1|stage1:9|0, job2|stage2:7|2];0.0
x[job1|stage1:9|0, job2|stage2:7|3];0.0
x[job1|stage1:9|0, job2|stage2:8|0];0.0
x[job1|stage1:9|0, job2|stage2:8|1];0.0
x[job1|stage1:9|0, job2|stage2:8|2];0.0
x[job1|stage1:9|0, job2|stage2:8|3];0.0
x[job1|stage1:9|0, job2|stage2:9|0];0.0
x[job1|stage1:9|0, job2|stage2:9|1];0.0
x[job1|stage1:9|0, job2|stage2:9|2];0.0
x[job1|stage1:9|0, job2|stage2:9|3];0.0
x[job1|stage1:9|1, job2|stage2:0|0];0.0
x[job1|stage1:9|1, job2|stage2:0|1];0.0
x[job1|stage1:9|1, job2|stage2:0|2];0.0
x[job1|stage1:9|1, job2|stage2:0|3];0.0
x[job1|stage1:9|1, job2|stage2:10|0];0.0
x[job1|stage1:9|1, job2|stage2:10|1];0.0
x[job1|stage1:9|1, job2|stage2:10|2];0.0
x[job1|stage1:9|1, job2|stage2:10|3];0.0
x[job1|stage1:9|1, job2|stage2:1|0];0.0
x[job1|stage1:9|1, job2|stage2:1|1];0.0
x[job1|stage1:9|1, job2|stage2:1|2];0.0
x[job1|stage1:9|1, job2|stage2:1|3];0.0
x[job1|stage1:9|1, job2|stage2:2|0];0.0
x[job1|stage1:9|1, job2|stage2:2|1];0.0
x[job1|stage1:9|1, job2|stage2:2|2];0.0
x[job1|stage1:9|1, job2|stage2:2|3];0.0
x[job1|stage1:9|1, job2|stage2:3|0];0.0
x[job1|stage1:9|1, job2|stage2:3|1];0.0
x[job1|stage1:9|1, job2|stage2:3|2];0.0
x[job1|stage1:9|1, job2|stage2:3|3];0.0
x[job1|stage1:9|1, job2|stage2:4|0];0.0
x[job1|stage1:9|1, job2|stage2:4|1];0.0
x[job1|stage1:9|1, job2|stage2:4|2];0.0
x[job1|stage1:9|1, job2|stage2:4|3];0.0
x[job1|stage1:9|1, job2|stage2:5|0];0.0
x[job1|stage1:9|1, job2|stage2:5|1];0.0
x[job1|stage1:9|1, job2|stage2:5|2];0.0
x[job1|stage1:9|1, job2|stage2:5|3];0.0
x[job1|stage1:9|1, job2|stage2:6|0];0.0
x[job1|stage1:9|1, job2|stage2:6|1];0.0
x[job1|stage1:9|1, job2|stage2:6|2];0.0
x[job1|stage1:9|1, job2|stage2:6|3];0.0
x[job1|stage1:9|1, job2|stage2:7|0];0.0
x[job1|stage1:9|1, job2|stage2:7|1];0.0
x[job1|stage1:9|1, job2|stage2:7|2];0.0
x[job1|stage1:9|1, job2|stage2:7|3];0.0
x[job1|stage1:9|1, job2|stage2:8|0];0.0
x[job1|stage1:9|1, job2|stage2:8|1];0.0
x[job1|stage1:9|1, job2|stage2:8|2];0.0
x[job1|stage1:9|1, job2|stage2:8|3];0.0
x[job1|stage1:9|1, job2|stage2:9|0];0.0
x[job1|stage1:9|1, job2|stage2:9|1];0.0
x[job1|stage1:9|1, job2|stage2:9|2];0.0
x[job1|stage1:9|1, job2|stage2:9|3];0.0
x[job1|stage1:9|2, job2|stage2:0|0];0.0
x[job1|stage1:9|2, job2|stage2:0|1];0.0
x[job1|stage1:9|2, job2|stage2:0|2];0.0
x[job1|stage1:9|2, job2|stage2:0|3];0.0
x[job1|stage1:9|2, job2|stage2:10|0];0.0
x[job1|stage1:9|2, job2|stage2:10|1];0.0
x[job1|stage1:9|2, job2|stage2:10|2];1.0
x[job1|stage1:9|2, job2|stage2:10|3];0.0
x[job1|stage1:9|2, job2|stage2:1|0];0.0
x[job1|stage1:9|2, job2|stage2:1|1];0.0
x[job1|stage1:9|2, job2|stage2:1|2];0.0
x[job1|stage1:9|2, job2|stage2:1|3];0.0
x[job1|stage1:9|2, job2|stage2:2|0];0.0
x[job1|stage1:9|2, job2|stage2:2|1];0.0
x[job1|stage1:9|2, job2|stage2:2|2];0.0
x[job1|stage1:9|2, job2|stage2:2|3];0.0
x[job1|stage1:9|2, job2|stage2:3|0];0.0
x[job1|stage1:9|2, job2|stage2:3|1];0.0
x[job1|stage1:9|2, job2|stage2:3|2];0.0
x[job1|stage1:9|2, job2|stage2:3|3];0.0
x[job1|stage1:9|2, job2|stage2:4|0];0.0
x[job1|stage1:9|2, job2|stage2:4|1];0.0
x[job1|stage1:9|2, job2|stage2:4|2];0.0
x[job1|stage1:9|2, job2|stage2:4|3];0.0
x[job1|stage1:9|2, job2|stage2:5|0];0.0
x[job1|stage1:9|2, job2|stage2:5|1];0.0
x[job1|stage1:9|2, job2|stage2:5|2];0.0
x[job1|stage1:9|2, job2|stage2:5|3];0.0
x[job1|stage1:9|2, job2|stage2:6|0];0.0
x[job1|stage1:9|2, job2|stage2:6|1];0.0
x[job1|stage1:9|2, job2|stage2:6|2];0.0
x[job1|stage1:9|2, job2|stage2:6|3];0.0
x[job1|stage1:9|2, job2|stage2:7|0];0.0
x[job1|stage1:9|2, job2|stage2:7|1];0.0
x[job1|stage1:9|2, job2|stage2:7|2];0.0
x[job1|stage1:9|2, job2|stage2:7|3];0.0
x[job1|stage1:9|2, job2|stage2:8|0];0.0
x[job1|stage1:9|2, job2|stage2:8|1];0.0
x[job1|stage1:9|2, job2|stage2:8|2];0.0
x[job1|stage1:9|2, job2|stage2:8|3];0.0
x[job1|stage1:9|2, job2|stage2:9|0];0.0
x[job1|stage1:9|2, job2|stage2:9|1];1.0
x[job1|stage1:9|2, job2|stage2:9|2];0.0
x[job1|stage1:9|2, job2|stage2:9|3];0.0
x[job1|stage1:9|3, job2|stage2:0|0];0.0
x[job1|stage1:9|3, job2|stage2:0|1];0.0
x[job1|stage1:9|3, job2|stage2:0|2];0.0
x[job1|stage1:9|3, job2|stage2:0|3];0.0
x[job1|stage1:9|3, job2|stage2:10|0];0.0
x[job1|stage1:9|3, job2|stage2:10|1];0.0
x[job1|stage1:9|3, job2|stage2:10|2];1.0
x[job1|stage1:9|3, job2|stage2:10|3];1.0
x[job1|stage1:9|3, job2|stage2:1|0];0.0
x[job1|stage1:9|3, job2|stage2:1|1];0.0
x[job1|stage1:9|3, job2|stage2:1|2];0.0
x[job1|stage1:9|3, job2|stage2:1|3];0.0
x[job1|stage1:9|3, job2|stage2:2|0];0.0
x[job1|stage1:9|3, job2|stage2:2|1];0.0
x[job1|stage1:9|3, job2|stage2:2|2];0.0
x[job1|stage1:9|3, job2|stage2:2|3];0.0
x[job1|stage1:9|3, job2|stage2:3|0];0.0
x[job1|stage1:9|3, job2|stage2:3|1];0.0
x[job1|stage1:9|3, job2|stage2:3|2];0.0
x[job1|stage1:9|3, job2|stage2:3|3];0.0
x[job1|stage1:9|3, job2|stage2:4|0];0.0
x[job1|stage1:9|3, job2|stage2:4|1];0.0
x[job1|stage1:9|3, job2|stage2:4|2];0.0
x[job1|stage1:9|3, job2|stage2:4|3];0.0
x[job1|stage1:9|3, job2|stage2:5|0];0.0
x[job1|stage1:9|3, job2|stage2:5|1];0.0
x[job1|stage1:9|3, job2|stage2:5|2];0.0
x[job1|stage1:9|3, job2|stage2:5|3];0.0
x[job1|stage1:9|3, job2|stage2:6|0];0.0
x[job1|stage1:9|3, job2|stage2:6|1];0.0
x[job1|stage1:9|3, job2|stage2:6|2];0.0
x[job1|stage1:9|3, job2|stage2:6|3];0.0
x[job1|stage1:9|3, job2|stage2:7|0];0.0
x[job1|stage1:9|3, job2|stage2:7|1];0.0
x[job1|stage1:9|3, job2|stage2:7|2];0.0
x[job1|stage1:9|3, job2|stage2:7|3];0.0
x[job1|stage1:9|3, job2|stage2:8|0];0.0
x[job1|stage1:9|3, job2|stage2:8|1];0.0
x[job1|stage1:9|3, job2|stage2:8|2];0.0
x[job1|stage1:9|3, job2|stage2:8|3];0.0
x[job1|stage1:9|3, job2|stage2:9|0];0.0
x[job1|stage1:9|3, job2|stage2:9|1];0.0
x[job1|stage1:9|3, job2|stage2:9|2];1.0
x[job1|stage1:9|3, job2|stage2:9|3];0.0
y[job:0, stage:0, machine:1];0.0
y[job:0, stage:0, machine:2];0.0
y[job:0, stage:0, machine:3];1.0
y[job:0, stage:1, machine:2];0.0
y[job:0, stage:1, machine:4];0.0
y[job:0, stage:1, machine:7];1.0
y[job:0, stage:2, machine:4];0.0
y[job:0, stage:2, machine:5];1.0
y[job:0, stage:2, machine:7];0.0
y[job:0, stage:3, machine:7];0.0
y[job:0, stage:3, machine:8];1.0
y[job:1, stage:0, machine:1];1.0
y[job:1, stage:0, machine:3];0.0
y[job:1, stage:1, machine:2];1.0
y[job:1, stage:1, machine:3];0.0
y[job:1, stage:2, machine:5];0.0
y[job:1, stage:2, machine:6];0.0
y[job:1, stage:2, machine:7];1.0
y[job:1, stage:3, machine:5];1.0
y[job:1, stage:3, machine:8];0.0
y[job:10, stage:0, machine:2];1.0
y[job:10, stage:0, machine:3];0.0
y[job:10, stage:1, machine:3];1.0
y[job:10, stage:1, machine:4];0.0
y[job:10, stage:2, machine:5];0.0
y[job:10, stage:2, machine:7];1.0
y[job:10, stage:3, machine:6];0.0
y[job:10, stage:3, machine:8];1.0
y[job:2, stage:0, machine:1];0.0
y[job:2, stage:0, machine:2];1.0
y[job:2, stage:1, machine:3];0.0
y[job:2, stage:1, machine:4];1.0
y[job:2, stage:1, machine:7];0.0
y[job:2, stage:2, machine:4];0.0
y[job:2, stage:2, machine:5];0.0
y[job:2, stage:2, machine:6];1.0
y[job:2, stage:3, machine:6];0.0
y[job:2, stage:3, machine:8];1.0
y[job:3, stage:0, machine:1];1.0
y[job:3, stage:0, machine:2];0.0
y[job:3, stage:1, machine:3];0.0
y[job:3, stage:1, machine:5];1.0
y[job:3, stage:2, machine:4];0.0
y[job:3, stage:2, machine:6];1.0
y[job:3, stage:3, machine:5];0.0
y[job:3, stage:3, machine:6];1.0
y[job:4, stage:0, machine:1];1.0
y[job:4, stage:0, machine:2];0.0
y[job:4, stage:0, machine:3];0.0
y[job:4, stage:1, machine:4];0.0
y[job:4, stage:1, machine:5];0.0
y[job:4, stage:1, machine:7];1.0
y[job:4, stage:2, machine:2];1.0
y[job:4, stage:2, machine:5];0.0
y[job:4, stage:2, machine:6];0.0
y[job:4, stage:3, machine:6];0.0
y[job:4, stage:3, machine:8];1.0
y[job:5, stage:0, machine:2];1.0
y[job:5, stage:0, machine:3];0.0
y[job:5, stage:0, machine:4];0.0
y[job:5, stage:1, machine:3];0.0
y[job:5, stage:1, machine:4];1.0
y[job:5, stage:1, machine:5];0.0
y[job:5, stage:2, machine:5];0.0
y[job:5, stage:2, machine:6];0.0
y[job:5, stage:2, machine:7];1.0
y[job:5, stage:3, machine:4];0.0
y[job:5, stage:3, machine:7];1.0
y[job:6, stage:0, machine:2];0.0
y[job:6, stage:0, machine:3];1.0
y[job:6, stage:1, machine:3];1.0
y[job:6, stage:1, machine:5];0.0
y[job:6, stage:2, machine:5];1.0
y[job:6, stage:2, machine:6];0.0
y[job:6, stage:2, machine:7];0.0
y[job:6, stage:3, machine:5];1.0
y[job:6, stage:3, machine:8];0.0
y[job:7, stage:0, machine:3];0.0
y[job:7, stage:0, machine:4];1.0
y[job:7, stage:1, machine:5];0.0
y[job:7, stage:1, machine:6];1.0
y[job:7, stage:2, machine:5];1.0
y[job:7, stage:2, machine:6];0.0
y[job:7, stage:2, machine:7];0.0
y[job:7, stage:3, machine:7];0.0
y[job:7, stage:3, machine:8];1.0
y[job:8, stage:0, machine:2];0.0
y[job:8, stage:0, machine:3];1.0
y[job:8, stage:1, machine:3];1.0
y[job:8, stage:1, machine:4];0.0
y[job:8, stage:2, machine:5];0.0
y[job:8, stage:2, machine:7];1.0
y[job:8, stage:3, machine:6];0.0
y[job:8, stage:3, machine:8];1.0
y[job:9, stage:0, machine:3];0.0
y[job:9, stage:0, machine:4];1.0
y[job:9, stage:1, machine:5];0.0
y[job:9, stage:1, machine:6];1.0
y[job:9, stage:2, machine:5];1.0
y[job:9, stage:2, machine:6];0.0
y[job:9, stage:2, machine:7];0.0
y[job:9, stage:3, machine:7];1.0
y[job:9, stage:3, machine:8];0.0
