,instance,status,obj,model time (s),total time (s),gap
0,BAG_10_p2_1_makespan,2,6346.0,7.531999826431274,7.581347703933716,0.0
0,BAG_10_p2_1_deadline,2,5266.0,3.00600004196167,3.054831027984619,0.0
0,BAG_10_p2_2_makespan,2,6071.0,2.436000108718872,2.4859108924865723,0.0
0,BAG_10_p2_2_deadline,2,4991.0,3.0480000972747803,3.0978095531463623,0.0
0,BAG_10_p2_3_makespan,2,6160.0,3.9760000705718994,4.027240991592407,0.0
0,BAG_10_p2_3_deadline,2,5080.0,4.427000045776367,4.47600793838501,0.0
0,BAG_10_p2_4_makespan,2,6431.0,2.571000099182129,2.62080717086792,0.0
0,BAG_10_p2_4_deadline,2,5351.0,2.8399999141693115,2.8898138999938965,0.0
0,BAG_10_p2_5_makespan,2,6678.0,2.4570000171661377,2.5088303089141846,0.0
0,BAG_10_p2_5_deadline,2,5598.0,1.8299999237060547,1.8787710666656494,0.0
0,BAG_10_p3_1_makespan,2,7390.0,1.8510000705718994,1.8999583721160889,0.0
0,BAG_10_p3_1_deadline,2,6310.0,1.8410000801086426,1.8890275955200195,0.0
0,BAG_10_p3_2_makespan,2,6586.0,3.5429999828338623,3.591615915298462,0.0
0,BAG_10_p3_2_deadline,2,5506.0,2.7839999198913574,2.8348960876464844,0.0
0,BAG_10_p3_3_makespan,2,6865.0,2.2790000438690186,2.3314578533172607,0.0
0,BAG_10_p3_3_deadline,2,5785.0,3.815999984741211,3.866489887237549,0.0
0,BAG_10_p3_4_makespan,2,6787.0,1.375,1.4251058101654053,0.0
0,BAG_10_p3_4_deadline,2,5707.0,2.298999786376953,2.3461802005767822,0.0
0,BAG_10_p3_5_makespan,2,6650.0,2.515000104904175,2.5658674240112305,0.0
0,BAG_10_p3_5_deadline,2,5570.0,2.6560001373291016,2.708390474319458,0.0
0,BAG_10_p4_1_makespan,2,7471.0,0.6289999485015869,0.6782877445220947,0.0
0,BAG_10_p4_1_deadline,2,6391.0,1.000999927520752,1.0492079257965088,0.0
0,BAG_10_p4_2_makespan,2,6964.0,4.2170000076293945,4.263835430145264,0.0
0,BAG_10_p4_2_deadline,2,5884.0,5.928999900817871,5.9804933071136475,0.0
0,BAG_10_p4_3_makespan,2,6956.0,2.3340001106262207,2.3878462314605713,0.0
0,BAG_10_p4_3_deadline,2,5876.0,2.825000047683716,2.8737735748291016,0.0
0,BAG_10_p4_4_makespan,2,6993.0,2.2170000076293945,2.2676475048065186,0.0
0,BAG_10_p4_4_deadline,2,5913.0,1.7759997844696045,1.8269155025482178,0.0
0,BAG_10_p4_5_makespan,2,7076.0,1.8969998359680176,1.9506032466888428,0.0
0,BAG_10_p4_5_deadline,2,5996.0,2.0309998989105225,2.0809006690979004,0.0
0,BAG_10_p5_1_makespan,2,6964.0,0.9900000095367432,1.038602352142334,0.0
0,BAG_10_p5_1_deadline,2,5884.0,1.1160001754760742,1.1651723384857178,0.0
0,BAG_10_p5_2_makespan,2,6795.0,0.8889999389648438,0.9358699321746826,0.0
0,BAG_10_p5_2_deadline,2,5715.0,1.7599999904632568,1.8081231117248535,0.0
0,BAG_10_p5_3_makespan,2,6927.0,2.8380000591278076,2.8870863914489746,0.0
0,BAG_10_p5_3_deadline,2,5847.0,2.069000005722046,2.1227123737335205,0.0
0,BAG_10_p5_4_makespan,2,6910.0,2.063999891281128,2.113638162612915,0.0
0,BAG_10_p5_4_deadline,2,5830.0,1.369999885559082,1.4214532375335693,0.0
0,BAG_10_p5_5_makespan,2,6491.0,4.139999866485596,4.1902642250061035,0.0
0,BAG_10_p5_5_deadline,2,5411.0,3.7910001277923584,3.845777750015259,0.0
0,GNR_10_p2_1_makespan,2,5137.0,17.80999994277954,17.86260461807251,0.0
0,GNR_10_p2_1_deadline,2,4057.0,20.319999933242798,20.379866361618042,0.0
0,GNR_10_p2_2_makespan,2,5695.0,2.8910000324249268,2.9517769813537598,0.0
0,GNR_10_p2_2_deadline,2,4615.0,1.9649999141693115,2.021267890930176,0.0
0,GNR_10_p2_3_makespan,2,5081.0,9.805000066757202,9.856244087219238,0.0
0,GNR_10_p2_3_deadline,2,4001.0,15.397000074386597,15.452795505523682,0.0
0,GNR_10_p2_4_makespan,2,5355.0,10.544000148773193,10.604593515396118,0.0
0,GNR_10_p2_4_deadline,2,4275.0,17.18400001525879,17.242555856704712,0.0
0,GNR_10_p2_5_makespan,2,5265.0,8.611999988555908,8.869075775146484,0.0
0,GNR_10_p2_5_deadline,2,4185.0,13.037999868392944,13.095331192016602,0.0
0,GNR_10_p3_1_makespan,2,5396.0,17.438999891281128,17.49916672706604,0.0
0,GNR_10_p3_1_deadline,2,4316.0,23.52900004386902,23.59026288986206,0.0
0,GNR_10_p3_2_makespan,2,5865.0,68.13600015640259,68.1979763507843,0.0
0,GNR_10_p3_2_deadline,2,4785.0,38.418999910354614,38.482832193374634,0.0
0,GNR_10_p3_3_makespan,2,5310.0,10.652999877929688,10.72049331665039,0.0
0,GNR_10_p3_3_deadline,2,4230.0,23.163999795913696,23.232831478118896,0.0
0,GNR_10_p3_4_makespan,2,5444.0,6.825999975204468,6.888150930404663,0.0
0,GNR_10_p3_4_deadline,2,4364.0,6.307999849319458,6.368065118789673,0.0
0,GNR_10_p3_5_makespan,2,5562.0,5.254999876022339,5.314158916473389,0.0
0,GNR_10_p3_5_deadline,2,4482.0,5.129999876022339,5.186920166015625,0.0
0,GNR_10_p4_1_makespan,2,5319.0,30.68400001525879,30.74087119102478,0.0
0,GNR_10_p4_1_deadline,2,4239.0,24.359999895095825,24.421024560928345,0.0
0,GNR_10_p4_2_makespan,2,5501.0,15.663000106811523,15.726329803466797,0.0
0,GNR_10_p4_2_deadline,2,4421.0,13.953999996185303,14.022168159484863,0.0
0,GNR_10_p4_3_makespan,2,5970.0,22.613999843597412,22.67606210708618,0.0
0,GNR_10_p4_3_deadline,2,4890.0,9.644000053405762,9.706841945648193,0.0
0,GNR_10_p4_4_makespan,2,5522.0,17.990000009536743,18.05156898498535,0.0
0,GNR_10_p4_4_deadline,2,4442.0,9.105999946594238,9.166396856307983,0.0
0,GNR_10_p4_5_makespan,2,5275.0,43.36099982261658,43.42118191719055,0.0
0,GNR_10_p4_5_deadline,2,4195.0,20.038000106811523,20.104005336761475,0.0
0,GNR_10_p5_1_makespan,2,5670.0,4.825000047683716,4.892179250717163,0.0
0,GNR_10_p5_1_deadline,2,4590.0,5.483000040054321,5.543820381164551,0.0
0,GNR_10_p5_2_makespan,2,5449.0,13.263000011444092,13.324677228927612,0.0
0,GNR_10_p5_2_deadline,2,4369.0,20.082000017166138,20.14603614807129,0.0
0,GNR_10_p5_3_makespan,2,5734.0,7.7809998989105225,7.8413987159729,0.0
0,GNR_10_p5_3_deadline,2,4654.0,5.0920000076293945,5.148626804351807,0.0
0,GNR_10_p5_4_makespan,2,5526.0,20.473999977111816,20.532439947128296,0.0
0,GNR_10_p5_4_deadline,2,4446.0,32.509000062942505,32.56958723068237,0.0
0,GNR_10_p5_5_makespan,2,5558.0,17.53500008583069,17.600598096847534,0.0
0,GNR_10_p5_5_deadline,2,4478.0,13.610000133514404,13.676167011260986,0.0
0,UAG_10_p2_1_makespan,2,6810.0,2.8310000896453857,2.898332118988037,0.0
0,UAG_10_p2_1_deadline,2,5730.0,3.235999822616577,3.2979538440704346,0.0
0,UAG_10_p2_2_makespan,2,6793.0,1.316999912261963,1.3744266033172607,0.0
0,UAG_10_p2_2_deadline,2,5713.0,1.7339999675750732,1.794071912765503,0.0
0,UAG_10_p2_3_makespan,2,6643.0,2.7769999504089355,2.8367903232574463,0.0
0,UAG_10_p2_3_deadline,2,5563.0,2.9840002059936523,3.039515256881714,0.0
0,UAG_10_p2_4_makespan,2,6590.0,2.4499998092651367,2.5111913681030273,0.0
0,UAG_10_p2_4_deadline,2,5510.0,2.9749999046325684,3.028081178665161,0.0
0,UAG_10_p2_5_makespan,2,7102.0,3.746000051498413,3.8007726669311523,0.0
0,UAG_10_p2_5_deadline,2,6022.0,3.4049999713897705,3.465827226638794,0.0
0,UAG_10_p3_1_makespan,2,7714.0,2.0270001888275146,2.0825674533843994,0.0
0,UAG_10_p3_1_deadline,2,6634.0,2.25,2.3037500381469727,0.0
0,UAG_10_p3_2_makespan,2,7596.0,2.205000162124634,2.265620231628418,0.0
0,UAG_10_p3_2_deadline,2,6516.0,2.6080000400543213,2.6648623943328857,0.0
0,UAG_10_p3_3_makespan,2,7632.0,2.2690000534057617,2.3242268562316895,0.0
0,UAG_10_p3_3_deadline,2,6552.0,2.2850000858306885,2.3389194011688232,0.0
0,UAG_10_p3_4_makespan,2,7291.0,2.61899995803833,2.671924114227295,0.0
0,UAG_10_p3_4_deadline,2,6211.0,2.996999979019165,3.0524117946624756,0.0
0,UAG_10_p3_5_makespan,2,7526.0,2.877999782562256,3.107023000717163,0.0
0,UAG_10_p3_5_deadline,2,6446.0,2.559999942779541,2.6153154373168945,0.0
0,UAG_10_p4_1_makespan,2,7797.0,2.1410000324249268,2.199924945831299,0.0
0,UAG_10_p4_1_deadline,2,6717.0,2.232999801635742,2.2930314540863037,0.0
0,UAG_10_p4_2_makespan,2,7741.0,1.7400000095367432,1.7999799251556396,0.0
0,UAG_10_p4_2_deadline,2,6661.0,1.0550000667572021,1.108464002609253,0.0
0,UAG_10_p4_3_makespan,2,8221.0,2.0149998664855957,2.0762860774993896,0.0
0,UAG_10_p4_3_deadline,2,7141.0,3.0290000438690186,3.0864768028259277,0.0
0,UAG_10_p4_4_makespan,2,7595.0,1.5429999828338623,1.5967214107513428,0.0
0,UAG_10_p4_4_deadline,2,6515.0,1.3980000019073486,1.4586400985717773,0.0
0,UAG_10_p4_5_makespan,2,8024.0,3.2019999027252197,3.2586891651153564,0.0
0,UAG_10_p4_5_deadline,2,6944.0,2.5829999446868896,2.6386468410491943,0.0
0,UAG_10_p5_1_makespan,2,8039.0,2.678999900817871,2.740377187728882,0.0
0,UAG_10_p5_1_deadline,2,6959.0,2.2769999504089355,2.332557439804077,0.0
0,UAG_10_p5_2_makespan,2,8184.0,2.111999988555908,2.1700100898742676,0.0
0,UAG_10_p5_2_deadline,2,7104.0,2.56499981880188,2.61830472946167,0.0
0,UAG_10_p5_3_makespan,2,8447.0,1.879000186920166,1.9398517608642578,0.0
0,UAG_10_p5_3_deadline,2,7367.0,2.4739999771118164,2.5301854610443115,0.0
0,UAG_10_p5_4_makespan,2,7751.0,3.1559998989105225,3.2092928886413574,0.0
0,UAG_10_p5_4_deadline,2,6671.0,3.01200008392334,3.067796230316162,0.0
0,UAG_10_p5_5_makespan,2,8316.0,0.9939999580383301,1.0494048595428467,0.0
0,UAG_10_p5_5_deadline,2,7236.0,1.132000207901001,1.1921093463897705,0.0
0,BAG_15_p2_1_makespan,2,8372.0,324.89800000190735,325.01694989204407,0.0
0,BAG_15_p2_1_deadline,2,6707.0,557.893000125885,558.0195395946503,0.0
0,BAG_15_p2_2_makespan,9,8178.0,3600.09299993515,3600.2267396450043,0.15407190022010273
0,BAG_15_p2_2_deadline,2,6470.0,2952.494999885559,2960.0451283454895,0.0
0,BAG_15_p2_3_makespan,9,8477.0,3600.1879999637604,3600.3443081378937,0.21434469741653886
0,BAG_15_p2_3_deadline,9,6932.0,3600.4100000858307,3601.719170808792,0.32285054818234277
0,BAG_15_p2_4_makespan,2,8514.0,1389.170000076294,1391.078041791916,0.0
0,BAG_15_p2_4_deadline,2,6849.0,799.1570000648499,799.3264117240906,0.0
0,BAG_15_p2_5_makespan,2,7769.0,3156.473000049591,3156.6421990394592,0.0
0,BAG_15_p2_5_deadline,9,6186.0,3600.0569999217987,3600.2223784923553,0.09408341416100872
0,BAG_15_p3_1_makespan,2,10065.0,536.625,540.6835713386536,0.0
0,BAG_15_p3_1_deadline,2,8400.0,471.84800004959106,472.01370310783386,0.0
0,BAG_15_p3_2_makespan,2,9133.0,759.8580000400543,760.0153322219849,0.0
0,BAG_15_p3_2_deadline,2,7468.0,522.3989999294281,522.5547070503235,0.0
0,BAG_15_p3_3_makespan,9,9624.0,3600.2200000286102,3600.3848099708557,0.17581047381546136
0,BAG_15_p3_3_deadline,2,7757.0,1173.6710000038147,1185.6626777648926,0.0
0,BAG_15_p3_4_makespan,2,8973.0,1384.8110001087189,1384.9792063236237,0.0
0,BAG_15_p3_4_deadline,9,7308.0,3600.6859998703003,3600.853141307831,0.20073891625615764
0,BAG_15_p3_5_makespan,2,9395.0,761.1949999332428,770.7419114112854,0.0
0,BAG_15_p3_5_deadline,2,7730.0,1777.8229999542236,1777.9820549488068,0.0
0,BAG_15_p4_1_makespan,2,9732.0,173.98399996757507,174.14985990524292,0.0
0,BAG_15_p4_1_deadline,2,8067.0,241.51199984550476,241.6692099571228,0.0
0,BAG_15_p4_2_makespan,2,10343.0,311.5789999961853,311.723650932312,0.0
0,BAG_15_p4_2_deadline,2,8678.0,206.79300022125244,206.9485001564026,0.0
0,BAG_15_p4_3_makespan,2,9954.0,896.8940000534058,897.0571510791779,0.0
0,BAG_15_p4_3_deadline,2,8289.0,537.4509999752045,537.8073403835297,0.0
0,BAG_15_p4_4_makespan,2,9822.0,744.1489999294281,744.3064234256744,0.0
0,BAG_15_p4_4_deadline,2,8157.0,981.9609999656677,982.117556810379,0.0
0,BAG_15_p4_5_makespan,2,9785.0,376.6509997844696,376.8029646873474,0.0
0,BAG_15_p4_5_deadline,2,8120.0,476.96299982070923,477.1145827770233,0.0
0,BAG_15_p5_1_makespan,2,10463.0,1281.9450001716614,1282.0921506881714,0.0
0,BAG_15_p5_1_deadline,2,8798.0,3351.3289999961853,3351.4893887043,0.0
0,BAG_15_p5_2_makespan,2,10134.0,885.7730000019073,885.9429974555969,0.0
0,BAG_15_p5_2_deadline,2,8469.0,1031.9410002231598,1032.0998630523682,0.0
0,BAG_15_p5_3_makespan,2,10521.0,210.60999989509583,210.7673213481903,0.0
0,BAG_15_p5_3_deadline,2,8856.0,154.92200016975403,155.09454226493835,0.0
0,BAG_15_p5_4_makespan,2,10127.0,350.18300008773804,350.34651947021484,0.0
0,BAG_15_p5_4_deadline,2,8462.0,531.6770000457764,531.8318650722504,0.0
0,BAG_15_p5_5_makespan,2,10321.0,367.8100001811981,367.9667315483093,0.0
0,BAG_15_p5_5_deadline,2,8656.0,273.8560001850128,274.00947523117065,0.0
0,GNR_15_p2_1_makespan,9,7337.0,3601.063999891281,3601.2148027420044,0.21193948480305302
0,GNR_15_p2_1_deadline,9,5596.0,3600.1009998321533,3612.5080165863037,0.23391708363116512
0,GNR_15_p2_2_makespan,9,7089.0,3600.1070001125336,3609.587559700012,0.14980956411341514
0,GNR_15_p2_2_deadline,9,5509.0,3600.3799998760223,3608.2013626098633,0.17553094935559993
0,GNR_15_p2_3_makespan,9,7676.0,3600.1259999275208,3601.118443965912,0.2687597707139135
0,GNR_15_p2_3_deadline,9,6007.0,3600.108999967575,3601.4799444675446,0.31779590477775926
0,GNR_15_p2_4_makespan,9,7322.0,3600.095999956131,3601.0480852127075,0.2794318492215242
0,GNR_15_p2_4_deadline,9,6000.0,3600.1870000362396,3613.8619911670685,0.37416666666666665
0,GNR_15_p2_5_makespan,9,7332.0,3600.2119998931885,3602.5312592983246,0.27509547190398254
0,GNR_15_p2_5_deadline,9,5806.0,3600.2690000534058,3601.435877561569,0.37444023424044093
0,GNR_15_p3_1_makespan,9,7186.0,3600.4909999370575,3602.1670260429382,0.32841636515446704
0,GNR_15_p3_1_deadline,9,5648.0,3600.265000104904,3601.4273052215576,0.4398016997167139
0,GNR_15_p3_2_makespan,9,7189.0,3600.2039999961853,3602.057017326355,0.3495618305744888
0,GNR_15_p3_2_deadline,9,5471.0,3600.5280001163483,3601.678087234497,0.4121732772802047
0,GNR_15_p3_3_makespan,9,7270.0,3600.303999900818,3601.496710062027,0.2547455295735901
0,GNR_15_p3_3_deadline,9,5939.0,3601.1220002174377,3602.2633051872253,0.35797272268058594
0,GNR_15_p3_4_makespan,9,7547.0,3600.5780000686646,3618.222214460373,0.15569100304756858
0,GNR_15_p3_4_deadline,9,5924.0,3600.1829998493195,3601.295129299164,0.24696151249155976
0,GNR_15_p3_5_makespan,9,7328.0,3600.2200000286102,3601.477779865265,0.1960971615720524
0,GNR_15_p3_5_deadline,9,5922.0,3600.2400000095367,3601.6742963790894,0.27541371158392436
0,GNR_15_p4_1_makespan,9,7686.0,3600.2900002002716,3601.5645349025726,0.2913088732760864
0,GNR_15_p4_1_deadline,9,5991.0,3601.220999956131,3602.4754543304443,0.31196795192789184
0,GNR_15_p4_2_makespan,9,7389.0,3600.40900015831,3615.632214307785,0.20977128163486264
0,GNR_15_p4_2_deadline,9,5715.0,3600.439999818802,3601.5502479076385,0.34033245844269466
0,GNR_15_p4_3_makespan,9,7506.0,3600.186999797821,3601.2205498218536,0.3074873434585665
0,GNR_15_p4_3_deadline,9,5676.0,3601.2580001354218,3602.716555595398,0.3675123326286117
0,GNR_15_p4_4_makespan,2,7122.0,1337.361999988556,1339.492243051529,0.0
0,GNR_15_p4_4_deadline,2,5457.0,3375.912999868393,3376.0856108665466,0.0
0,GNR_15_p4_5_makespan,9,7970.0,3600.1849999427795,3600.3650608062744,0.28419071518193223
0,GNR_15_p4_5_deadline,9,5778.0,3600.3630001544952,3617.1500339508057,0.23381793007961232
0,GNR_15_p5_1_makespan,9,8002.0,3600.1180000305176,3610.132056236267,0.20732316920769808
0,GNR_15_p5_1_deadline,9,6051.0,3600.0679998397827,3615.4263124465942,0.21748471327053379
0,GNR_15_p5_2_makespan,9,7567.0,3600.4950001239777,3610.7025167942047,0.3513942117087353
0,GNR_15_p5_2_deadline,9,5851.0,3600.3420000076294,3601.647093296051,0.4200991283541275
0,GNR_15_p5_3_makespan,9,7370.0,3600.225000143051,3602.3977348804474,0.17123473541383988
0,GNR_15_p5_3_deadline,9,5601.0,3600.191999912262,3609.6968009471893,0.0956971969291198
0,GNR_15_p5_4_makespan,9,7378.0,3600.268999814987,3600.841905117035,0.269449715370019
0,GNR_15_p5_4_deadline,9,6134.0,3600.3659999370575,3601.2857275009155,0.4294098467557874
0,GNR_15_p5_5_makespan,2,7344.0,3449.2889997959137,3450.938737154007,0.0
0,GNR_15_p5_5_deadline,9,5679.0,3600.5739998817444,3600.758749485016,0.09755238598344779
0,UAG_15_p2_1_makespan,2,8918.0,197.05200004577637,197.53523111343384,0.0
0,UAG_15_p2_1_deadline,2,7253.0,322.84500002861023,323.01491141319275,0.0
0,UAG_15_p2_2_makespan,2,9167.0,924.9389998912811,925.0944254398346,0.0
0,UAG_15_p2_2_deadline,2,7502.0,403.492999792099,403.65914154052734,0.0
0,UAG_15_p2_3_makespan,2,8964.0,179.3949999809265,179.55428457260132,0.0
0,UAG_15_p2_3_deadline,2,7299.0,404.40700006484985,404.7555847167969,0.0
0,UAG_15_p2_4_makespan,2,8756.0,1637.5599999427795,1637.7241749763489,0.0
0,UAG_15_p2_4_deadline,2,7091.0,1278.6369998455048,1278.8134429454803,0.0
0,UAG_15_p2_5_makespan,2,8805.0,129.8439998626709,130.01505994796753,0.0
0,UAG_15_p2_5_deadline,2,7140.0,262.289999961853,262.44774317741394,0.0
0,UAG_15_p3_1_makespan,2,10305.0,347.6860001087189,347.85120964050293,0.0
0,UAG_15_p3_1_deadline,2,8640.0,416.29299998283386,416.45160579681396,0.0
0,UAG_15_p3_2_makespan,2,11161.0,470.42199993133545,470.5951609611511,0.0
0,UAG_15_p3_2_deadline,2,9496.0,230.27199983596802,230.43790483474731,0.0
0,UAG_15_p3_3_makespan,2,9828.0,2734.441999912262,2734.5990674495697,0.0
0,UAG_15_p3_3_deadline,2,8163.0,1470.2219998836517,1470.4186816215515,0.0
0,UAG_15_p3_4_makespan,2,9701.0,37.7039999961853,37.886128425598145,0.0
0,UAG_15_p3_4_deadline,2,8036.0,112.07500004768372,112.2246823310852,0.0
0,UAG_15_p3_5_makespan,2,11079.0,142.75600004196167,143.08897256851196,0.0
0,UAG_15_p3_5_deadline,2,9414.0,36.01200008392334,36.17044472694397,0.0
0,UAG_15_p4_1_makespan,2,10369.0,314.73200011253357,314.88394021987915,0.0
0,UAG_15_p4_1_deadline,2,8704.0,330.54699993133545,330.70643639564514,0.0
0,UAG_15_p4_2_makespan,2,11967.0,147.87599992752075,148.0339958667755,0.0
0,UAG_15_p4_2_deadline,2,10302.0,171.10599994659424,171.27810716629028,0.0
0,UAG_15_p4_3_makespan,2,11667.0,163.2810001373291,163.44883751869202,0.0
0,UAG_15_p4_3_deadline,2,10002.0,274.66100001335144,274.8211028575897,0.0
0,UAG_15_p4_4_makespan,2,11138.0,223.74699997901917,223.90519618988037,0.0
0,UAG_15_p4_4_deadline,2,9473.0,125.31399989128113,125.47127270698547,0.0
0,UAG_15_p4_5_makespan,2,11157.0,1098.1979999542236,1098.35795211792,0.0
0,UAG_15_p4_5_deadline,2,9492.0,994.7749998569489,994.9365162849426,0.0
0,UAG_15_p5_1_makespan,2,11829.0,161.14999985694885,161.32133984565735,0.0
0,UAG_15_p5_1_deadline,2,10164.0,271.9500000476837,272.2935664653778,0.0
0,UAG_15_p5_2_makespan,2,12059.0,86.05299997329712,86.22489404678345,0.0
0,UAG_15_p5_2_deadline,2,10394.0,160.84099984169006,160.99513506889343,0.0
0,UAG_15_p5_3_makespan,2,11985.0,96.78500008583069,96.94657802581787,0.0
0,UAG_15_p5_3_deadline,2,10320.0,100.01800012588501,100.1670446395874,0.0
0,UAG_15_p5_4_makespan,2,11249.0,192.47699999809265,192.62691497802734,0.0
0,UAG_15_p5_4_deadline,2,9584.0,317.9720001220703,318.1348955631256,0.0
0,UAG_15_p5_5_makespan,2,12037.0,318.90300011634827,319.23970556259155,0.0
0,UAG_15_p5_5_deadline,2,10372.0,205.62800002098083,205.7844593524933,0.0
0,BAG_20_p2_1_makespan,9,10287.0,3600.6689999103546,3600.9172966480255,0.3671618788148378
0,BAG_20_p2_1_deadline,9,7440.0,3600.476000070572,3602.652742624283,0.44704301075268815
0,BAG_20_p2_2_makespan,9,9802.0,3600.2539999485016,3603.621086835861,0.3108549275658029
0,BAG_20_p2_2_deadline,9,6868.0,3600.305000066757,3614.45410323143,0.3932731508444962
0,BAG_20_p2_3_makespan,9,10603.0,3600.4169998168945,3612.330663204193,0.3509384136565123
0,BAG_20_p2_3_deadline,9,7531.0,3600.5490000247955,3603.5216908454895,0.43075288806267426
0,BAG_20_p2_4_makespan,9,9343.0,3601.361999988556,3604.97057390213,0.27121909450925824
0,BAG_20_p2_4_deadline,9,6865.0,3600.438999891281,3603.181771993637,0.36270939548434084
0,BAG_20_p2_5_makespan,9,10598.0,3600.3310000896454,3603.4412803649902,0.3631817324023401
0,BAG_20_p2_5_deadline,9,8364.0,3600.3830001354218,3602.558072566986,0.5078909612625538
0,BAG_20_p3_1_makespan,9,10324.0,3603.815999984741,3606.549045085907,0.2893258426966292
0,BAG_20_p3_1_deadline,9,7931.0,3600.598000049591,3604.3354964256287,0.4338671037700164
0,BAG_20_p3_2_makespan,9,10563.0,3601.37099981308,3602.64519405365,0.24046198996497206
0,BAG_20_p3_2_deadline,9,7734.0,3600.430999994278,3604.083830356598,0.30010343935867595
0,BAG_20_p3_3_makespan,9,11304.0,3600.1260001659393,3604.1834568977356,0.30962491153573957
0,BAG_20_p3_3_deadline,9,8157.0,3600.9880001544952,3604.53161072731,0.30280740468309425
0,BAG_20_p3_4_makespan,9,10818.0,3600.298000097275,3605.9122183322906,0.1864485117396931
0,BAG_20_p3_4_deadline,9,8741.0,3605.303999900818,3618.360578775406,0.28429241505548564
0,BAG_20_p3_5_makespan,9,10803.0,3600.5119998455048,3607.003118991852,0.25363325002314174
0,BAG_20_p3_5_deadline,9,8554.0,3601.1579999923706,3606.2625954151154,0.36310498012625675
0,BAG_20_p4_1_makespan,9,11842.0,3600.3099999427795,3614.3449714183807,0.31514946799527105
0,BAG_20_p4_1_deadline,9,8978.0,3600.3069999217987,3618.398815870285,0.38204499888616616
0,BAG_20_p4_2_makespan,9,10917.0,3600.358999967575,3621.0288076400757,0.20216176605294495
0,BAG_20_p4_2_deadline,9,8405.0,3604.621999979019,3620.061810731888,0.2662700773349197
0,BAG_20_p4_3_makespan,9,11416.0,3602.5460000038147,3607.294013261795,0.271198318149965
0,BAG_20_p4_3_deadline,9,8612.0,3600.3469998836517,3619.2100253105164,0.30085926614026937
0,BAG_20_p4_4_makespan,9,11028.0,3600.364000082016,3605.199261188507,0.16376496191512513
0,BAG_20_p4_4_deadline,9,9058.0,3600.2160000801086,3604.7977273464203,0.3109958048134246
0,BAG_20_p4_5_makespan,9,11314.0,3605.7610001564026,3621.780204296112,0.25658476224147075
0,BAG_20_p4_5_deadline,9,8866.0,3600.287999868393,3618.4871020317078,0.33352131739228513
0,BAG_20_p5_1_makespan,9,11819.0,3600.5080001354218,3620.053124666214,0.16228107284880278
0,BAG_20_p5_1_deadline,9,9265.0,3600.550000190735,3611.540793657303,0.22093901780895844
0,BAG_20_p5_2_makespan,9,12220.0,3600.582000017166,3617.4861969947815,0.27986906710310966
0,BAG_20_p5_2_deadline,9,9223.0,3601.859999895096,3604.220029592514,0.32278000650547545
0,BAG_20_p5_3_makespan,9,12367.0,3600.430000066757,3619.2089307308197,0.23295868035901998
0,BAG_20_p5_3_deadline,9,9476.0,3605.3420000076294,3622.01419878006,0.2727944280287041
0,BAG_20_p5_4_makespan,9,11749.0,3600.2969999313354,3606.3460891246796,0.22146565665162993
0,BAG_20_p5_4_deadline,9,9308.0,3600.3629999160767,3618.561849594116,0.284486463257413
0,BAG_20_p5_5_makespan,9,11572.0,3605.6749999523163,3617.8738458156586,0.20981679917041135
0,BAG_20_p5_5_deadline,9,9096.0,3600.3840000629425,3608.5054411888123,0.27594547053649954
0,GNR_20_p2_1_makespan,9,9074.0,3600.5099999904633,3606.5484325885773,0.36169274851223276
0,GNR_20_p2_1_deadline,9,6534.0,3600.4110000133514,3603.6790561676025,0.5332108968472605
0,GNR_20_p2_2_makespan,9,9456.0,3600.736999988556,3603.915084838867,0.4878384094754653
0,GNR_20_p2_2_deadline,9,6606.0,3600.3250000476837,3602.7171919345856,0.6165607023917651
0,GNR_20_p2_3_makespan,9,8167.0,3600.707000017166,3605.00594329834,0.365617729888576
0,GNR_20_p2_3_deadline,9,5924.0,3600.15700006485,3601.9554703235626,0.5575624577987845
0,GNR_20_p2_4_makespan,9,8658.0,3600.4069998264313,3616.8745443820953,0.4265419265419265
0,GNR_20_p2_4_deadline,9,6562.0,3601.4960000514984,3617.430034637451,0.5966168850960073
0,GNR_20_p2_5_makespan,9,8894.0,3600.684000015259,3602.4131977558136,0.48099842590510455
0,GNR_20_p2_5_deadline,9,6603.0,3600.675999879837,3602.9319026470184,0.6357716189610783
0,GNR_20_p3_1_makespan,9,9196.0,3601.274999856949,3604.795577287674,0.4963027403218791
0,GNR_20_p3_1_deadline,9,6589.0,3600.4599997997284,3602.3052451610565,0.6638336621642131
0,GNR_20_p3_2_makespan,9,8694.0,3601.2419998645782,3603.522625684738,0.357487922705314
0,GNR_20_p3_2_deadline,9,6426.0,3600.433000087738,3603.333426952362,0.5258325552443199
0,GNR_20_p3_3_makespan,9,9139.0,3600.513000011444,3613.654550552368,0.41131414815625345
0,GNR_20_p3_3_deadline,9,6886.0,3600.423999786377,3602.749533176422,0.5788556491431891
0,GNR_20_p3_4_makespan,9,8986.0,3600.526999950409,3602.695878267288,0.44803026930781215
0,GNR_20_p3_4_deadline,9,5491.0,3600.585000038147,3602.7457706928253,0.5330540885084684
0,GNR_20_p3_5_makespan,9,9220.0,3600.423000097275,3603.328056573868,0.47299349240780914
0,GNR_20_p3_5_deadline,9,6224.0,3601.794000148773,3603.9317512512207,0.5848329048843187
0,GNR_20_p4_1_makespan,9,8836.0,3600.2699999809265,3601.680071592331,0.42417383431416933
0,GNR_20_p4_1_deadline,9,6989.0,3600.3650000095367,3616.1321811676025,0.5939333237945342
0,GNR_20_p4_2_makespan,9,9351.0,3600.688000202179,3604.807793855667,0.4542829643888354
0,GNR_20_p4_2_deadline,9,6338.0,3602.468999862671,3606.111202478409,0.5949826443673083
0,GNR_20_p4_3_makespan,9,9057.0,3600.4049999713898,3617.416615009308,0.32085679584851495
0,GNR_20_p4_3_deadline,9,7059.0,3600.888000011444,3616.2173302173615,0.495537611559711
0,GNR_20_p4_4_makespan,9,9019.0,3600.5380001068115,3604.4981739521027,0.405920833795321
0,GNR_20_p4_4_deadline,9,6286.0,3600.651999950409,3603.3366522789,0.5517021953547566
0,GNR_20_p4_5_makespan,9,9231.0,3600.5950000286102,3602.850600719452,0.3881486296175929
0,GNR_20_p4_5_deadline,9,6081.0,3620.223000049591,3622.802318096161,0.4944910376582799
0,GNR_20_p5_1_makespan,9,8674.0,3601.9599997997284,3603.1003634929657,0.3897855660594881
0,GNR_20_p5_1_deadline,9,5849.0,3601.074000120163,3618.807363510132,0.48213369806804585
0,GNR_20_p5_2_makespan,9,9227.0,3601.1100001335144,3603.3145654201508,0.43676167768505475
0,GNR_20_p5_2_deadline,9,6710.0,3600.486000061035,3603.4641563892365,0.6272727272727273
0,GNR_20_p5_3_makespan,9,9106.0,3601.0099999904633,3603.1577575206757,0.4706786734021524
0,GNR_20_p5_3_deadline,9,6534.0,3601.0859999656677,3603.3987984657288,0.6025405570860116
0,GNR_20_p5_4_makespan,9,9094.0,3600.361999988556,3603.008135318756,0.42522542335605895
0,GNR_20_p5_4_deadline,9,6635.0,3600.3200001716614,3602.251160144806,0.5888470233609646
0,GNR_20_p5_5_makespan,9,8876.0,3600.4769999980927,3615.88915681839,0.3943217665615142
0,GNR_20_p5_5_deadline,9,6449.0,3600.4619998931885,3618.003499984741,0.5732671732051481
0,UAG_20_p2_1_makespan,9,10009.0,3600.8150000572205,3604.9262206554413,0.32790488560295733
0,UAG_20_p2_1_deadline,9,8358.0,3600.5859999656677,3603.7689962387085,0.5406795884182819
0,UAG_20_p2_2_makespan,9,11564.0,3601.4370000362396,3605.2288467884064,0.30975441023867173
0,UAG_20_p2_2_deadline,9,9214.0,3600.1600000858307,3604.234067440033,0.4393314521380508
0,UAG_20_p2_3_makespan,9,11668.0,3601.5950000286102,3621.1970784664154,0.252913952691121
0,UAG_20_p2_3_deadline,9,8469.0,3600.3410000801086,3605.318990468979,0.2689809894910851
0,UAG_20_p2_4_makespan,9,11124.0,3601.9629998207092,3614.443704366684,0.31859043509528945
0,UAG_20_p2_4_deadline,9,7944.0,3603.3420000076294,3609.1901001930237,0.3466767371601209
0,UAG_20_p2_5_makespan,9,11315.0,3600.4270000457764,3604.9900829792023,0.34829871851524524
0,UAG_20_p2_5_deadline,9,8403.0,3601.8550000190735,3623.2082459926605,0.4694751874330596
0,UAG_20_p3_1_makespan,9,12014.0,3600.351000070572,3618.593333005905,0.2330614283336108
0,UAG_20_p3_1_deadline,9,9609.0,3600.2799999713898,3606.720001220703,0.3473826620876262
0,UAG_20_p3_2_makespan,9,11672.0,3600.75,3618.989846467972,0.19199794379712132
0,UAG_20_p3_2_deadline,9,9032.0,3605.5370001792908,3611.10578083992,0.24612488928255094
0,UAG_20_p3_3_makespan,9,12510.0,3602.3250000476837,3609.818518638611,0.25155875299760194
0,UAG_20_p3_3_deadline,9,9502.0,3605.588000059128,3610.8910825252533,0.24531677541570196
0,UAG_20_p3_4_makespan,9,11629.0,3604.3280000686646,3610.611396789551,0.207842462808496
0,UAG_20_p3_4_deadline,9,9006.0,3600.340000152588,3612.4930737018585,0.2805907172995781
0,UAG_20_p3_5_makespan,9,11833.0,3601.302999973297,3617.171436548233,0.2575847206963576
0,UAG_20_p3_5_deadline,9,9087.0,3600.375,3620.131837129593,0.32452954770551334
0,UAG_20_p4_1_makespan,9,12500.0,3600.5019998550415,3619.3052859306335,0.2
0,UAG_20_p4_1_deadline,9,9446.0,3600.2829999923706,3618.133332014084,0.21956383654456912
0,UAG_20_p4_2_makespan,9,12685.0,3600.651000022888,3613.3380510807037,0.21994481671265273
0,UAG_20_p4_2_deadline,9,9897.0,3600.5199999809265,3605.538173675537,0.2583611195311711
0,UAG_20_p4_3_makespan,2,12464.0,1172.7990000247955,1176.4955315589905,0.0
0,UAG_20_p4_3_deadline,2,9844.0,2628.095999956131,2628.6592693328857,0.0
0,UAG_20_p4_4_makespan,9,13407.0,3603.856999874115,3604.184936761856,0.22092936525695533
0,UAG_20_p4_4_deadline,9,10628.0,3600.7110002040863,3607.237334728241,0.27662777568686486
0,UAG_20_p4_5_makespan,9,12455.0,3608.029000043869,3610.0826091766357,0.13127258129265354
0,UAG_20_p4_5_deadline,9,9835.0,3600.697000026703,3606.3994715213776,0.13960345704117946
0,UAG_20_p5_1_makespan,9,14199.0,3601.257999897003,3611.61626124382,0.2031833227692091
0,UAG_20_p5_1_deadline,9,11405.0,3601.3300001621246,3608.37872171402,0.19386234107847436
0,UAG_20_p5_2_makespan,9,13413.0,3603.0889999866486,3610.2576920986176,0.13867143815701186
0,UAG_20_p5_2_deadline,9,10793.0,3600.526999950409,3610.7814111709595,0.2007782822199574
0,UAG_20_p5_3_makespan,9,13684.0,3600.1640000343323,3611.4753448963165,0.1703449283835136
0,UAG_20_p5_3_deadline,9,11164.0,3600.37700009346,3617.059912443161,0.21811178788964528
0,UAG_20_p5_4_makespan,9,13387.0,3600.5569999217987,3612.446160554886,0.18331216852170015
0,UAG_20_p5_4_deadline,9,10506.0,3600.3540000915527,3611.8825039863586,0.2102608033504664
0,UAG_20_p5_5_makespan,9,13799.0,3607.2170000076294,3618.269355535507,0.13674903978549172
0,UAG_20_p5_5_deadline,9,11198.0,3600.286999940872,3606.245520591736,0.16583318449723164
0,BAG_25_p2_1_makespan,9,15612.0,3600.7750000953674,3610.266131401062,0.4243530617473738
0,BAG_25_p2_1_deadline,9,10075.0,3601.4800000190735,3605.6665353775024,0.6045657568238213
0,BAG_25_p2_2_makespan,9,16379.0,3600.566999912262,3603.2701807022095,0.4601624030771109
0,BAG_25_p2_2_deadline,9,10444.0,3602.7860000133514,3618.1978447437286,0.6042703944848717
0,BAG_25_p2_3_makespan,9,17321.0,3603.927999973297,3609.649332523346,0.4518214883667225
0,BAG_25_p2_3_deadline,9,11254.0,3601.5339999198914,3605.939138174057,0.5870801492802559
0,BAG_25_p2_4_makespan,9,15588.0,3600.819000005722,3605.5016202926636,0.4382217090069284
0,BAG_25_p2_4_deadline,9,11299.0,3601.5360000133514,3606.9616973400116,0.6466943977343128
0,BAG_25_p2_5_makespan,9,17359.0,3601.1009998321533,3603.322901725769,0.5243389596174894
0,BAG_25_p2_5_deadline,9,10844.0,3600.7619998455048,3606.4809391498566,0.6741977130210255
0,BAG_25_p3_1_makespan,9,17621.0,3600.438000202179,3602.7925152778625,0.37517734521309803
0,BAG_25_p3_1_deadline,9,12444.0,3600.292000055313,3616.1303205490112,0.5003214400514304
0,BAG_25_p3_2_makespan,9,17826.0,3601.6370000839233,3615.1100919246674,0.3618871311567374
0,BAG_25_p3_2_deadline,9,13406.0,3600.419000148773,3605.472382068634,0.5215575115619872
0,BAG_25_p3_3_makespan,9,18169.0,3600.864999771118,3607.196124315262,0.4131762892839452
0,BAG_25_p3_3_deadline,9,12225.0,3601.6640000343323,3607.3331797122955,0.5257259713701431
0,BAG_25_p3_4_makespan,9,18758.0,3600.7249999046326,3603.2533810138702,0.43090947862245443
0,BAG_25_p3_4_deadline,9,13411.0,3602.1260001659393,3607.1972637176514,0.573186190440683
0,BAG_25_p3_5_makespan,9,18956.0,3602.146999835968,3608.0962755680084,0.3637370753323486
0,BAG_25_p3_5_deadline,9,13799.0,3601.7990000247955,3609.157106399536,0.49402130589173127
0,BAG_25_p4_1_makespan,9,18094.0,3601.350000143051,3606.839411497116,0.3380678678014812
0,BAG_25_p4_1_deadline,9,13282.0,3600.555999994278,3606.0388638973236,0.4659689805752146
0,BAG_25_p4_2_makespan,9,19059.0,3600.559000015259,3606.205127954483,0.2673277716564353
0,BAG_25_p4_2_deadline,9,14333.0,3606.013000011444,3610.0550084114075,0.40166050373264495
0,BAG_25_p4_3_makespan,9,19834.0,3605.167000055313,3611.4583637714386,0.320611071896743
0,BAG_25_p4_3_deadline,9,15151.0,3600.3630001544952,3608.770540714264,0.464853805029371
0,BAG_25_p4_4_makespan,9,20279.0,3601.845999956131,3609.3473110198975,0.3667833719611421
0,BAG_25_p4_4_deadline,9,13313.0,3604.5069999694824,3611.0377061367035,0.41853827086306616
0,BAG_25_p4_5_makespan,9,19256.0,3600.973999977112,3605.188503742218,0.4184150394682177
0,BAG_25_p4_5_deadline,9,12770.0,3600.4489998817444,3606.395217180252,0.522866092404072
0,BAG_25_p5_1_makespan,9,19740.0,3601.5110001564026,3608.401125431061,0.332016210739615
0,BAG_25_p5_1_deadline,9,15203.0,3601.768000125885,3608.7114424705505,0.47010458462145627
0,BAG_25_p5_2_makespan,9,19886.0,3607.2439999580383,3614.114364862442,0.3374233128834356
0,BAG_25_p5_2_deadline,9,14776.0,3600.4769999980927,3608.530117034912,0.47001894964807794
0,BAG_25_p5_3_makespan,9,19975.0,3600.9759998321533,3610.230384349823,0.31354192740926157
0,BAG_25_p5_3_deadline,9,14833.0,3600.901000022888,3608.172444820404,0.4034247960628329
0,BAG_25_p5_4_makespan,9,20554.0,3605.1979999542236,3612.633878469467,0.3298141480976939
0,BAG_25_p5_4_deadline,9,14491.0,3600.5230000019073,3605.973576784134,0.40721827341108274
0,BAG_25_p5_5_makespan,9,19766.0,3600.3700001239777,3605.990957736969,0.3335525650106243
0,BAG_25_p5_5_deadline,9,15408.0,3602.231999874115,3625.2112040519714,0.4861760124610592
0,GNR_25_p2_1_makespan,9,14749.0,3600.351000070572,3620.8952147960663,0.503017153705336
0,GNR_25_p2_1_deadline,9,10708.0,3602.0220000743866,3616.0046198368073,0.7723197609264102
0,GNR_25_p2_2_makespan,9,16655.0,3600.4670000076294,3604.9985234737396,0.5761032722906034
0,GNR_25_p2_2_deadline,9,10551.0,3602.8010001182556,3619.9398243427277,0.731684200549711
0,GNR_25_p2_3_makespan,9,16279.0,3601.7510001659393,3607.8200104236603,0.5232508139320597
0,GNR_25_p2_3_deadline,9,10082.0,3600.338000059128,3605.1279575824738,0.7243602459829399
0,GNR_25_p2_4_makespan,9,16910.0,3601.805000066757,3605.669928073883,0.5727380248373743
0,GNR_25_p2_4_deadline,9,10899.0,3600.7720000743866,3604.025157690048,0.7038260390861547
0,GNR_25_p2_5_makespan,9,15250.0,3601.882999897003,3609.7670533657074,0.5571147540983606
0,GNR_25_p2_5_deadline,9,9999.0,3601.705999851227,3604.9804251194,0.7556755675567557
0,GNR_25_p3_1_makespan,9,13971.0,3600.388000011444,3602.687397480011,0.4525803450003579
0,GNR_25_p3_1_deadline,9,8880.0,3605.580999851227,3619.0216023921967,0.6628378378378378
0,GNR_25_p3_2_makespan,9,15356.0,3600.838000059128,3602.8608059883118,0.5527481114873665
0,GNR_25_p3_2_deadline,9,10543.0,3600.5220000743866,3605.0500128269196,0.7658161813525562
0,GNR_25_p3_3_makespan,9,15317.0,3600.595999956131,3605.8220868110657,0.531305085852321
0,GNR_25_p3_3_deadline,9,10259.0,3607.422999858856,3624.5991735458374,0.7330149137342821
0,GNR_25_p3_4_makespan,9,15031.0,3600.335000038147,3616.1304893493652,0.5538553655778059
0,GNR_25_p3_4_deadline,9,9362.0,3602.641000032425,3622.2916395664215,0.7378765221106601
0,GNR_25_p3_5_makespan,9,15888.0,3600.664999961853,3603.409913778305,0.5558282980866063
0,GNR_25_p3_5_deadline,9,9903.0,3601.917000055313,3606.07732629776,0.7563364636978693
0,GNR_25_p4_1_makespan,9,15435.0,3605.085000038147,3608.1067113876343,0.500485908649174
0,GNR_25_p4_1_deadline,9,9197.0,3601.2510001659393,3618.275418996811,0.6616287919973904
0,GNR_25_p4_2_makespan,9,15103.0,3603.5640001296997,3606.029462814331,0.48725418790968683
0,GNR_25_p4_2_deadline,9,9514.0,3600.757999897003,3604.686990737915,0.6931889846541939
0,GNR_25_p4_3_makespan,9,15810.0,3601.1740000247955,3606.1827025413513,0.5377609108159392
0,GNR_25_p4_3_deadline,9,8840.0,3602.37299990654,3607.486001729965,0.6855203619909502
0,GNR_25_p4_4_makespan,9,16012.0,3601.414999961853,3603.298237323761,0.5267924056957282
0,GNR_25_p4_4_deadline,9,9522.0,3600.6259999275208,3604.0576112270355,0.7376601554295316
0,GNR_25_p4_5_makespan,9,16661.0,3600.7379999160767,3603.8930983543396,0.5255386831522718
0,GNR_25_p4_5_deadline,9,10026.0,3600.7569999694824,3604.3183579444885,0.7225214442449631
0,GNR_25_p5_1_makespan,9,14611.0,3601.2839999198914,3606.1921730041504,0.4491136814728629
0,GNR_25_p5_1_deadline,9,9438.0,3600.3420000076294,3616.2926483154297,0.6558592922229286
0,GNR_25_p5_2_makespan,9,15846.0,3600.6849999427795,3615.238714694977,0.503660229710968
0,GNR_25_p5_2_deadline,9,11182.0,3601.7779998779297,3606.8100085258484,0.7289393668395636
0,GNR_25_p5_3_makespan,9,16212.0,3602.5090000629425,3608.683874607086,0.5311497656057241
0,GNR_25_p5_3_deadline,9,11842.0,3601.24599981308,3603.2366738319397,0.7500422225975342
0,GNR_25_p5_4_makespan,9,16653.0,3600.670000076294,3606.678485393524,0.5563562120939171
0,GNR_25_p5_4_deadline,9,8238.0,3600.8529999256134,3605.192011117935,0.6531925224569071
0,GNR_25_p5_5_makespan,9,15645.0,3600.4710001945496,3605.7061579227448,0.5007989773090444
0,GNR_25_p5_5_deadline,9,11256.0,3605.361999988556,3623.753226995468,0.7515103056147833
0,UAG_25_p2_1_makespan,9,18705.0,3602.1979999542236,3604.7888510227203,0.523763699545576
0,UAG_25_p2_1_deadline,9,12206.0,3600.50200009346,3605.632644891739,0.6716368998853023
0,UAG_25_p2_2_makespan,9,17478.0,3602.1549999713898,3622.738240480423,0.3423732692527749
0,UAG_25_p2_2_deadline,9,13814.0,3600.7640001773834,3605.2454628944397,0.5576227016070653
0,UAG_25_p2_3_makespan,9,18944.0,3600.4049999713898,3607.797023296356,0.435546875
0,UAG_25_p2_3_deadline,9,12054.0,3600.518000125885,3607.5589644908905,0.5038991206238593
0,UAG_25_p2_4_makespan,9,17531.0,3601.177999973297,3604.9450223445892,0.4079630369060521
0,UAG_25_p2_4_deadline,9,11749.0,3600.425000190735,3606.4973981380463,0.5339177802366158
0,UAG_25_p2_5_makespan,9,18426.0,3600.715000152588,3621.514913082123,0.40898730055356564
0,UAG_25_p2_5_deadline,9,12449.0,3602.1870000362396,3606.1209824085236,0.5101614587517069
0,UAG_25_p3_1_makespan,9,19180.0,3605.1259999275208,3607.642924785614,0.39906152241918663
0,UAG_25_p3_1_deadline,9,14100.0,3600.4990000724792,3617.0763878822327,0.513758865248227
0,UAG_25_p3_2_makespan,9,18088.0,3600.3659999370575,3606.5674691200256,0.3315457762052189
0,UAG_25_p3_2_deadline,9,15096.0,3600.4349999427795,3618.385628223419,0.5569024907260202
0,UAG_25_p3_3_makespan,9,19550.0,3600.4700000286102,3606.9008464813232,0.34808184143222504
0,UAG_25_p3_3_deadline,9,14431.0,3600.71799993515,3604.7986142635345,0.45859607788788026
0,UAG_25_p3_4_makespan,9,19231.0,3600.6080000400543,3604.687148809433,0.3956632520409755
0,UAG_25_p3_4_deadline,9,13491.0,3600.5629999637604,3618.981754541397,0.4789118671707064
0,UAG_25_p3_5_makespan,9,18172.0,3600.3499999046326,3606.3844788074493,0.31856702619414484
0,UAG_25_p3_5_deadline,9,16678.0,3600.8140001296997,3605.8358545303345,0.5838230003597553
0,UAG_25_p4_1_makespan,9,21748.0,3600.6419999599457,3607.695827484131,0.32867390104837224
0,UAG_25_p4_1_deadline,9,16071.0,3609.6749999523163,3617.839678287506,0.43618940949536433
0,UAG_25_p4_2_makespan,9,22200.0,3600.7099997997284,3607.8421351909637,0.3540990990990991
0,UAG_25_p4_2_deadline,9,14876.0,3605.9079999923706,3615.274777650833,0.38451196558214573
0,UAG_25_p4_3_makespan,9,21964.0,3604.0209999084473,3611.887134552002,0.3350937898379166
0,UAG_25_p4_3_deadline,9,16457.0,3601.6259999275208,3606.51588511467,0.4296651880658686
0,UAG_25_p4_4_makespan,9,19576.0,3600.3919999599457,3607.3866596221924,0.27370249284838577
0,UAG_25_p4_4_deadline,9,14589.0,3600.5299999713898,3606.9567737579346,0.3771334567139626
0,UAG_25_p4_5_makespan,9,19907.0,3600.5599999427795,3617.6232948303223,0.25247400411915405
0,UAG_25_p4_5_deadline,9,15801.0,3600.5609998703003,3618.7055745124817,0.4226947661540409
0,UAG_25_p5_1_makespan,9,22002.0,3600.430999994278,3607.0290353298187,0.3086083083356059
0,UAG_25_p5_1_deadline,9,17214.0,3605.366000175476,3613.1777772903442,0.40316021842686184
0,UAG_25_p5_2_makespan,9,21133.0,3601.84099984169,3610.1147837638855,0.29569867032603037
0,UAG_25_p5_2_deadline,9,14315.0,3600.62700009346,3608.239089488983,0.3220398183723367
0,UAG_25_p5_3_makespan,9,21396.0,3600.375,3610.8192262649536,0.29094223219293325
0,UAG_25_p5_3_deadline,9,17641.0,3601.802999973297,3616.911917448044,0.43342214160195003
0,UAG_25_p5_4_makespan,9,20953.0,3600.513999938965,3607.3606572151184,0.28931417935379183
0,UAG_25_p5_4_deadline,9,16199.0,3602.1159999370575,3615.7146685123444,0.4132971171059942
0,UAG_25_p5_5_makespan,9,22007.0,3600.7089998722076,3607.63663649559,0.2871359113009497
0,UAG_25_p5_5_deadline,9,16317.0,3600.401000022888,3607.4067561626434,0.36103450389164676
0,BAG_30_p2_1_makespan,9,17958.0,3600.369999885559,3617.3752839565277,0.5828043211938969
0,BAG_30_p2_1_deadline,9,9590.0,3603.2969999313354,3606.4985337257385,0.7209593326381648
0,BAG_30_p2_2_makespan,9,18254.0,3604.021000146866,3606.652421236038,0.5502903473211351
0,BAG_30_p2_2_deadline,9,11851.0,3601.0199999809265,3603.505746126175,0.7490507130199983
0,BAG_30_p2_3_makespan,9,16798.0,3601.343999862671,3604.906927585602,0.4929158233122991
0,BAG_30_p2_3_deadline,9,10785.0,3601.792999982834,3605.480867624283,0.6749188687992582
0,BAG_30_p2_4_makespan,9,17148.0,3600.4189999103546,3603.2921466827393,0.5551084674597621
0,BAG_30_p2_4_deadline,9,10131.0,3600.683000087738,3611.555351495743,0.7531339453163557
0,BAG_30_p2_5_makespan,9,16012.0,3600.385999917984,3601.9956402778625,0.45984261803647264
0,BAG_30_p2_5_deadline,9,10785.0,3600.4390001296997,3606.1147739887238,0.7023643949930459
0,BAG_30_p3_1_makespan,9,19428.0,3601.4050002098083,3605.02814745903,0.5043751286802552
0,BAG_30_p3_1_deadline,9,12350.0,3600.6319999694824,3605.1577410697937,0.6272874493927125
0,BAG_30_p3_2_makespan,9,18507.0,3600.552999973297,3606.3096146583557,0.48424920300426866
0,BAG_30_p3_2_deadline,9,12222.0,3603.9939999580383,3607.8387134075165,0.6889216167566683
0,BAG_30_p3_3_makespan,9,19116.0,3603.0899999141693,3605.202137708664,0.467618748692195
0,BAG_30_p3_3_deadline,9,13776.0,3601.8740000724792,3612.5011858940125,0.6406794425087108
0,BAG_30_p3_4_makespan,9,18479.0,3600.5419998168945,3603.1762816905975,0.47497158937171924
0,BAG_30_p3_4_deadline,9,12669.0,3602.034999847412,3605.2059674263,0.6575893914278949
0,BAG_30_p3_5_makespan,9,18882.0,3600.34099984169,3604.3965435028076,0.4812519860184303
0,BAG_30_p3_5_deadline,9,11994.0,3601.356999874115,3604.761209487915,0.6402367850591962
0,BAG_30_p4_1_makespan,9,19551.0,3603.1979999542236,3607.5912046432495,0.4600276200705846
0,BAG_30_p4_1_deadline,9,13588.0,3600.7139999866486,3605.962999343872,0.6217250515160435
0,BAG_30_p4_2_makespan,9,18697.0,3600.4029998779297,3604.3294813632965,0.4830186660961652
0,BAG_30_p4_2_deadline,9,13265.0,3600.4719998836517,3604.200525522232,0.7075763286845081
0,BAG_30_p4_3_makespan,9,19877.0,3601.4500000476837,3604.9717485904694,0.442169341449917
0,BAG_30_p4_3_deadline,9,12561.0,3600.289999961853,3602.571667432785,0.5536183424886554
0,BAG_30_p4_4_makespan,9,19457.0,3600.896000146866,3610.8910627365112,0.4169193606414144
0,BAG_30_p4_4_deadline,9,13563.0,3600.2060000896454,3604.2611606121063,0.5619700656197006
0,BAG_30_p4_5_makespan,9,19782.0,3600.8710000514984,3612.5724461078644,0.427004347386513
0,BAG_30_p4_5_deadline,9,13431.0,3601.072000026703,3604.453316926956,0.5869257687439505
0,BAG_30_p5_1_makespan,9,20067.0,3600.5469999313354,3602.856426000595,0.4045447750037375
0,BAG_30_p5_1_deadline,9,13276.0,3600.5629999637604,3604.285886287689,0.5192075926483881
0,BAG_30_p5_2_makespan,9,21509.0,3600.8109998703003,3605.6460750102997,0.40071597935747827
0,BAG_30_p5_2_deadline,9,14500.0,3608.023999929428,3613.815331697464,0.4650344827586207
0,BAG_30_p5_3_makespan,9,20106.0,3600.3819999694824,3605.4838099479675,0.3656122550482443
0,BAG_30_p5_3_deadline,9,14604.0,3604.5069999694824,3609.9968531131744,0.49842508901670773
0,BAG_30_p5_4_makespan,9,20641.0,3600.486999988556,3604.789103746414,0.4590862845792355
0,BAG_30_p5_4_deadline,9,14604.0,3600.4980001449585,3604.961578845978,0.6020953163516845
0,BAG_30_p5_5_makespan,9,19988.0,3600.6159999370575,3606.2798001766205,0.4479687812687613
0,BAG_30_p5_5_deadline,9,14556.0,3600.4950001239777,3604.3368163108826,0.6387056883759274
0,GNR_30_p2_1_makespan,9,14749.0,3600.7050001621246,3603.010814666748,0.5843786019391145
0,GNR_30_p2_1_deadline,9,10924.0,3606.273999929428,3608.5887281894684,0.8454778469425119
0,GNR_30_p2_2_makespan,9,16071.0,3600.694000005722,3602.7946724891663,0.5219961421193454
0,GNR_30_p2_2_deadline,9,11109.0,3600.340000152588,3602.662593126297,0.7774777207669458
0,GNR_30_p2_3_makespan,9,16435.0,3600.5190000534058,3603.8725249767303,0.5982963188317615
0,GNR_30_p2_3_deadline,9,10054.0,3601.433000087738,3608.59410238266,0.776307937139447
0,GNR_30_p2_4_makespan,9,16105.0,3602.210000038147,3604.672532558441,0.6080099348028563
0,GNR_30_p2_4_deadline,9,9093.0,3600.3849999904633,3602.8942034244537,0.8173320136368635
0,GNR_30_p2_5_makespan,9,15065.0,3600.574999809265,3608.857095718384,0.6096913375373382
0,GNR_30_p2_5_deadline,9,8632.0,3600.5490000247955,3603.723181962967,0.8527571825764597
0,GNR_30_p3_1_makespan,9,16824.0,3600.3600001335144,3603.0076253414154,0.6480028530670471
0,GNR_30_p3_1_deadline,9,7696.0,3600.4210000038147,3608.700829744339,0.766502079002079
0,GNR_30_p3_2_makespan,9,16062.0,3600.353000164032,3602.1525502204895,0.6116921927530818
0,GNR_30_p3_2_deadline,9,8764.0,3600.540999889374,3607.9012944698334,0.8331811958010041
0,GNR_30_p3_3_makespan,9,14775.0,3600.49599981308,3602.13290810585,0.5933671742808798
0,GNR_30_p3_3_deadline,9,8762.0,3604.9479999542236,3609.830761909485,0.8113444419082402
0,GNR_30_p3_4_makespan,9,15029.0,3600.5490000247955,3602.736971616745,0.6232616940581542
0,GNR_30_p3_4_deadline,9,8123.0,3602.786999940872,3608.839481830597,0.830973778160778
0,GNR_30_p3_5_makespan,9,15260.0,3600.832999944687,3602.0702526569366,0.5994102228047182
0,GNR_30_p3_5_deadline,9,8664.0,3600.353999853134,3607.742466688156,0.7855493998153278
0,GNR_30_p4_1_makespan,9,16655.0,3600.4219999313354,3603.0252273082733,0.6006004202942059
0,GNR_30_p4_1_deadline,9,10543.0,3601.2450001239777,3604.123724937439,0.7838376173764583
0,GNR_30_p4_2_makespan,9,15839.0,3600.322000026703,3602.3934593200684,0.5817917797840773
0,GNR_30_p4_2_deadline,9,10088.0,3600.3899998664856,3608.7098591327667,0.8242466296590008
0,GNR_30_p4_3_makespan,9,16816.0,3601.427999973297,3607.6678762435913,0.5969314938154139
0,GNR_30_p4_3_deadline,9,9403.0,3600.338000059128,3603.5220818519592,0.7512496011911092
0,GNR_30_p4_4_makespan,9,17406.0,3601.151999950409,3603.4967308044434,0.5664138802711709
0,GNR_30_p4_4_deadline,9,10252.0,3606.6610000133514,3610.3013739585876,0.7330277019118221
0,GNR_30_p4_5_makespan,9,15382.0,3600.3250000476837,3603.0531973838806,0.580613704329736
0,GNR_30_p4_5_deadline,9,10260.0,3601.289999961853,3604.314213991165,0.7852826510721248
0,GNR_30_p5_1_makespan,9,16976.0,3601.023999929428,3604.001450061798,0.5465362865221489
0,GNR_30_p5_1_deadline,9,8902.0,3607.542999982834,3610.098992586136,0.716131206470456
0,GNR_30_p5_2_makespan,9,17580.0,3600.53200006485,3602.6110677719116,0.6008532423208192
0,GNR_30_p5_2_deadline,9,11503.0,3600.255999803543,3603.404785633087,0.7953577327653656
0,GNR_30_p5_3_makespan,9,16462.0,3600.371999979019,3602.5648152828217,0.5354756408698822
0,GNR_30_p5_3_deadline,9,10967.0,3600.880999803543,3609.807020664215,0.7898240175070667
0,GNR_30_p5_4_makespan,9,17051.0,3600.398999929428,3602.466860294342,0.6260043399214122
0,GNR_30_p5_4_deadline,9,8820.0,3600.5140001773834,3608.4955983161926,0.7375283446712018
0,GNR_30_p5_5_makespan,9,15489.0,3600.867999792099,3603.5897393226624,0.5693072503066693
0,GNR_30_p5_5_deadline,9,9806.0,3602.1429998874664,3604.5602312088013,0.806241076891699
0,UAG_30_p2_1_makespan,9,18467.0,3600.5049998760223,3603.8758306503296,0.468836302593816
0,UAG_30_p2_1_deadline,9,13052.0,3602.4089999198914,3606.6501817703247,0.6519307385841251
0,UAG_30_p2_2_makespan,9,18591.0,3601.1770000457764,3604.459976911545,0.46936689796137915
0,UAG_30_p2_2_deadline,9,12972.0,3604.3339998722076,3607.1003143787384,0.6395312981806969
0,UAG_30_p2_3_makespan,9,20321.0,3600.6180000305176,3602.2831189632416,0.49254465823532306
0,UAG_30_p2_3_deadline,9,13776.0,3600.3609998226166,3604.528992652893,0.6440911730545877
0,UAG_30_p2_4_makespan,9,18951.0,3600.420000076294,3604.8153796195984,0.39454382354493167
0,UAG_30_p2_4_deadline,9,14309.0,3600.3499999046326,3609.0348615646362,0.5976658047382766
0,UAG_30_p2_5_makespan,9,20200.0,3601.7829999923706,3608.425878763199,0.48584158415841583
0,UAG_30_p2_5_deadline,9,13319.0,3600.723999977112,3604.9905591011047,0.6256475711389744
0,UAG_30_p3_1_makespan,9,20147.0,3600.236000061035,3604.2586677074432,0.42532386955874324
0,UAG_30_p3_1_deadline,9,14275.0,3600.4800000190735,3610.6751494407654,0.5735901926444834
0,UAG_30_p3_2_makespan,9,19850.0,3601.3109998703003,3605.6606001853943,0.4129471032745592
0,UAG_30_p3_2_deadline,9,15601.0,3600.2200000286102,3611.9654116630554,0.6082302416511762
0,UAG_30_p3_3_makespan,9,20017.0,3601.0899999141693,3612.835081100464,0.42214117999700257
0,UAG_30_p3_3_deadline,9,13652.0,3602.2910001277924,3607.3744037151337,0.5688543803105772
0,UAG_30_p3_4_makespan,9,19678.0,3600.5520000457764,3612.299050807953,0.41716637869702206
0,UAG_30_p3_4_deadline,9,14776.0,3600.5439999103546,3604.246297597885,0.6042230644288035
0,UAG_30_p3_5_makespan,9,19405.0,3600.286999940872,3604.3935317993164,0.43292965730481836
0,UAG_30_p3_5_deadline,9,14450.0,3602.417000055313,3613.8436348438263,0.6285121107266436
0,UAG_30_p4_1_makespan,9,23172.0,3600.523999929428,3604.6959822177887,0.4444156740894183
0,UAG_30_p4_1_deadline,9,16330.0,3600.9749999046326,3606.0292296409607,0.5526638089406001
0,UAG_30_p4_2_makespan,9,21629.0,3600.1950001716614,3605.533044576645,0.3645568449766517
0,UAG_30_p4_2_deadline,9,15917.0,3600.6870000362396,3616.1754746437073,0.49198969655085756
0,UAG_30_p4_3_makespan,9,22099.0,3600.2409999370575,3604.0097177028656,0.3865785782162089
0,UAG_30_p4_3_deadline,9,16567.0,3600.302999973297,3611.7494916915894,0.5320818494597694
0,UAG_30_p4_4_makespan,9,21649.0,3603.690999984741,3608.3196926116943,0.36066331008360664
0,UAG_30_p4_4_deadline,9,15873.0,3600.4459998607635,3605.991612434387,0.46865746865746866
0,UAG_30_p4_5_makespan,9,22115.0,3601.4110000133514,3607.707284927368,0.39158941894641647
0,UAG_30_p4_5_deadline,9,17954.0,3602.9000000953674,3609.432614326477,0.5682299209089896
0,UAG_30_p5_1_makespan,9,22074.0,3600.194000005722,3603.5207917690277,0.3225967201232219
0,UAG_30_p5_1_deadline,9,16872.0,3600.1040000915527,3614.869884967804,0.44084874348032244
0,UAG_30_p5_2_makespan,9,23183.0,3600.441999912262,3609.3258221149445,0.3549583746710952
0,UAG_30_p5_2_deadline,9,15993.0,3601.680999994278,3607.7898321151733,0.4126805477396361
0,UAG_30_p5_3_makespan,9,21700.0,3602.130000114441,3611.9795484542847,0.3282488479262673
0,UAG_30_p5_3_deadline,9,15933.0,3600.582000017166,3607.657593727112,0.45892173476432563
0,UAG_30_p5_4_makespan,9,20812.0,3600.213000059128,3604.7339205741882,0.27200653469152414
0,UAG_30_p5_4_deadline,9,17713.0,3600.625,3607.251617193222,0.5062948117202055
0,UAG_30_p5_5_makespan,9,22746.0,3602.2279999256134,3608.4161071777344,0.34208212432955243
0,UAG_30_p5_5_deadline,9,18843.0,3602.1429998874664,3608.1254510879517,0.5226344000424561
