{ "SolutionInfo": { "Status": 2, "Runtime": 4.6999931335449219e-02, "Work": 1.3027216126706915e-02, "ObjVal": 1899, "ObjBound": 1899, "ObjBoundC": 1899, "MIPGap": 0, "IntVio": 0, "BoundVio": 0, "ConstrVio": 0, "IterCount": 931, "BarIterCount": 0, "NodeCount": 244, "SolCount": 9, "PoolObjBound": 1899, "PoolObjVal": [ 1899, 1901, 1984, 2002, 2078, 2101, 2161, 2219, 2328]}, "Vars": [ { "VarName": "y[job:0, stage:0, machine:1]", "X": 1}, { "VarName": "y[job:0, stage:1, machine:2]", "X": 1}, { "VarName": "y[job:0, stage:2, machine:4]", "X": 1}, { "VarName": "y[job:1, stage:0, machine:3]", "X": 1}, { "VarName": "y[job:1, stage:1, machine:2]", "X": 1}, { "VarName": "y[job:1, stage:2, machine:5]", "X": 1}, { "VarName": "y[job:2, stage:0, machine:1]", "X": 1}, { "VarName": "y[job:2, stage:1, machine:3]", "X": 1}, { "VarName": "y[job:2, stage:2, machine:5]", "X": 1}, { "VarName": "y[job:3, stage:0, machine:2]", "X": 1}, { "VarName": "y[job:3, stage:1, machine:5]", "X": 1}, { "VarName": "y[job:3, stage:2, machine:4]", "X": 1}, { "VarName": "x[job1|stage1:0|0, job2|stage2:2|0]", "X": 1}, { "VarName": "x[job1|stage1:0|1, job2|stage2:1|1]", "X": 1}, { "VarName": "x[job1|stage1:0|1, job2|stage2:2|0]", "X": 1}, { "VarName": "x[job1|stage1:0|1, job2|stage2:3|0]", "X": 1}, { "VarName": "x[job1|stage1:0|2, job2|stage2:3|2]", "X": 1}, { "VarName": "x[job1|stage1:1|1, job2|stage2:3|0]", "X": 1}, { "VarName": "x[job1|stage1:1|2, job2|stage2:3|1]", "X": 1}, { "VarName": "x[job1|stage1:2|2, job2|stage2:3|1]", "X": 1}, { "VarName": "startT[job:0, stage:0, machine:1]", "X": 101}, { "VarName": "startT[job:0, stage:1, machine:2]", "X": 266}, { "VarName": "startT[job:0, stage:2, machine:4]", "X": 396}, { "VarName": "startT[job:1, stage:1, machine:2]", "X": 150}, { "VarName": "startT[job:1, stage:2, machine:5]", "X": 251}, { "VarName": "startT[job:2, stage:1, machine:3]", "X": 261}, { "VarName": "startT[job:2, stage:2, machine:5]", "X": 441}, { "VarName": "startT[job:3, stage:1, machine:5]", "X": 65}, { "VarName": "startT[job:3, stage:2, machine:4]", "X": 238}, { "VarName": "Z_FO", "X": 1899}]}