{ "SolutionInfo": { "Status": 2, "Runtime": 8.7515000104904175e+01, "Work": 4.4147019200992020e+01, "ObjVal": 3283, "ObjBound": 3283, "ObjBoundC": 3283, "MIPGap": 0, "IntVio": 0, "BoundVio": 0, "ConstrVio": 0, "IterCount": 6897019, "BarIterCount": 0, "NodeCount": 955198, "SolCount": 10, "PoolObjBound": 3283, "PoolObjVal": [ 3283, 3288, 3324, 3.3729999999999968e+03, 3374, 3.3759999999999973e+03, 3377, 3404, 3434, 3447]}, "Vars": [ { "VarName": "y[job:0, stage:0, machine:3]", "X": 1}, { "VarName": "y[job:0, stage:1, machine:7]", "X": 1}, { "VarName": "y[job:0, stage:2, machine:4]", "X": 1}, { "VarName": "y[job:1, stage:0, machine:1]", "X": 1}, { "VarName": "y[job:1, stage:1, machine:2]", "X": 1}, { "VarName": "y[job:1, stage:2, machine:6]", "X": 1}, { "VarName": "y[job:2, stage:0, machine:1]", "X": 1}, { "VarName": "y[job:2, stage:1, machine:7]", "X": 1}, { "VarName": "y[job:2, stage:2, machine:5]", "X": 1}, { "VarName": "y[job:3, stage:0, machine:2]", "X": 1}, { "VarName": "y[job:3, stage:1, machine:5]", "X": 1}, { "VarName": "y[job:3, stage:2, machine:6]", "X": 1}, { "VarName": "y[job:4, stage:0, machine:3]", "X": 1}, { "VarName": "y[job:4, stage:1, machine:4]", "X": 1}, { "VarName": "y[job:4, stage:2, machine:2]", "X": 1}, { "VarName": "y[job:5, stage:0, machine:4]", "X": 1}, { "VarName": "y[job:5, stage:1, machine:4]", "X": 1}, { "VarName": "y[job:5, stage:2, machine:5]", "X": 1}, { "VarName": "y[job:6, stage:0, machine:2]", "X": 1}, { "VarName": "y[job:6, stage:1, machine:3]", "X": 1}, { "VarName": "y[job:6, stage:2, machine:7]", "X": 1}, { "VarName": "x[job1|stage1:0|0, job2|stage2:1|1]", "X": 1}, { "VarName": "x[job1|stage1:0|0, job2|stage2:2|0]", "X": 1}, { "VarName": "x[job1|stage1:0|0, job2|stage2:3|0]", "X": 1}, { "VarName": "x[job1|stage1:0|0, job2|stage2:4|0]", "X": 1}, { "VarName": "x[job1|stage1:0|0, job2|stage2:6|0]", "X": 1}, { "VarName": "x[job1|stage1:0|1, job2|stage2:0|0]", "X": 1}, { "VarName": "x[job1|stage1:0|1, job2|stage2:1|1]", "X": 1}, { "VarName": "x[job1|stage1:0|1, job2|stage2:2|0]", "X": 1}, { "VarName": "x[job1|stage1:0|1, job2|stage2:2|1]", "X": 1}, { "VarName": "x[job1|stage1:0|1, job2|stage2:3|0]", "X": 1}, { "VarName": "x[job1|stage1:0|1, job2|stage2:4|0]", "X": 1}, { "VarName": "x[job1|stage1:0|1, job2|stage2:4|1]", "X": 1}, { "VarName": "x[job1|stage1:0|1, job2|stage2:4|2]", "X": 1}, { "VarName": "x[job1|stage1:0|1, job2|stage2:5|0]", "X": 1}, { "VarName": "x[job1|stage1:0|1, job2|stage2:6|0]", "X": 1}, { "VarName": "x[job1|stage1:0|2, job2|stage2:0|1]", "X": 1}, { "VarName": "x[job1|stage1:0|2, job2|stage2:2|1]", "X": 1}, { "VarName": "x[job1|stage1:0|2, job2|stage2:2|2]", "X": 1}, { "VarName": "x[job1|stage1:0|2, job2|stage2:3|1]", "X": 1}, { "VarName": "x[job1|stage1:0|2, job2|stage2:4|1]", "X": 1}, { "VarName": "x[job1|stage1:0|2, job2|stage2:5|0]", "X": 1}, { "VarName": "x[job1|stage1:0|2, job2|stage2:5|1]", "X": 1}, { "VarName": "x[job1|stage1:0|2, job2|stage2:6|2]", "X": 1}, { "VarName": "x[job1|stage1:1|0, job2|stage2:2|0]", "X": 1}, { "VarName": "x[job1|stage1:1|0, job2|stage2:4|0]", "X": 1}, { "VarName": "x[job1|stage1:1|0, job2|stage2:6|0]", "X": 1}, { "VarName": "x[job1|stage1:1|0, job2|stage2:6|1]", "X": 1}, { "VarName": "x[job1|stage1:1|1, job2|stage2:1|0]", "X": 1}, { "VarName": "x[job1|stage1:1|1, job2|stage2:2|0]", "X": 1}, { "VarName": "x[job1|stage1:1|1, job2|stage2:3|0]", "X": 1}, { "VarName": "x[job1|stage1:1|1, job2|stage2:4|0]", "X": 1}, { "VarName": "x[job1|stage1:1|1, job2|stage2:4|2]", "X": 1}, { "VarName": "x[job1|stage1:1|1, job2|stage2:5|0]", "X": 1}, { "VarName": "x[job1|stage1:1|1, job2|stage2:5|1]", "X": 1}, { "VarName": "x[job1|stage1:1|1, job2|stage2:6|0]", "X": 1}, { "VarName": "x[job1|stage1:1|1, job2|stage2:6|1]", "X": 1}, { "VarName": "x[job1|stage1:1|2, job2|stage2:2|1]", "X": 1}, { "VarName": "x[job1|stage1:1|2, job2|stage2:2|2]", "X": 1}, { "VarName": "x[job1|stage1:1|2, job2|stage2:3|1]", "X": 1}, { "VarName": "x[job1|stage1:1|2, job2|stage2:3|2]", "X": 1}, { "VarName": "x[job1|stage1:1|2, job2|stage2:4|2]", "X": 1}, { "VarName": "x[job1|stage1:1|2, job2|stage2:5|2]", "X": 1}, { "VarName": "x[job1|stage1:1|2, job2|stage2:6|1]", "X": 1}, { "VarName": "x[job1|stage1:2|0, job2|stage2:4|2]", "X": 1}, { "VarName": "x[job1|stage1:2|0, job2|stage2:5|0]", "X": 1}, { "VarName": "x[job1|stage1:2|1, job2|stage2:4|0]", "X": 1}, { "VarName": "x[job1|stage1:2|1, job2|stage2:4|1]", "X": 1}, { "VarName": "x[job1|stage1:2|1, job2|stage2:5|1]", "X": 1}, { "VarName": "x[job1|stage1:2|1, job2|stage2:6|0]", "X": 1}, { "VarName": "x[job1|stage1:2|2, job2|stage2:2|1]", "X": 1}, { "VarName": "x[job1|stage1:2|2, job2|stage2:3|1]", "X": 1}, { "VarName": "x[job1|stage1:2|2, job2|stage2:4|1]", "X": 1}, { "VarName": "x[job1|stage1:2|2, job2|stage2:4|2]", "X": 1}, { "VarName": "x[job1|stage1:2|2, job2|stage2:5|0]", "X": 1}, { "VarName": "x[job1|stage1:2|2, job2|stage2:6|1]", "X": 1}, { "VarName": "x[job1|stage1:3|0, job2|stage2:5|0]", "X": 1}, { "VarName": "x[job1|stage1:3|1, job2|stage2:4|0]", "X": 1}, { "VarName": "x[job1|stage1:3|1, job2|stage2:6|0]", "X": 1}, { "VarName": "x[job1|stage1:3|1, job2|stage2:6|1]", "X": 1}, { "VarName": "x[job1|stage1:3|2, job2|stage2:4|1]", "X": 1}, { "VarName": "x[job1|stage1:3|2, job2|stage2:5|0]", "X": 1}, { "VarName": "x[job1|stage1:3|2, job2|stage2:5|1]", "X": 1}, { "VarName": "x[job1|stage1:4|0, job2|stage2:4|2]", "X": 1}, { "VarName": "x[job1|stage1:4|1, job2|stage2:5|0]", "X": 1}, { "VarName": "x[job1|stage1:4|2, job2|stage2:4|1]", "X": 1}, { "VarName": "x[job1|stage1:4|2, job2|stage2:6|0]", "X": 1}, { "VarName": "x[job1|stage1:5|0, job2|stage2:6|0]", "X": 1}, { "VarName": "x[job1|stage1:5|1, job2|stage2:5|0]", "X": 1}, { "VarName": "x[job1|stage1:5|1, job2|stage2:6|0]", "X": 1}, { "VarName": "x[job1|stage1:5|1, job2|stage2:6|1]", "X": 1}, { "VarName": "x[job1|stage1:5|1, job2|stage2:6|2]", "X": 1}, { "VarName": "x[job1|stage1:5|2, job2|stage2:5|1]", "X": 1}, { "VarName": "x[job1|stage1:5|2, job2|stage2:6|1]", "X": 1}, { "VarName": "startT[job:0, stage:0, machine:3]", "X": 157}, { "VarName": "startT[job:0, stage:1, machine:7]", "X": 257}, { "VarName": "startT[job:0, stage:2, machine:4]", "X": 427}, { "VarName": "startT[job:1, stage:0, machine:1]", "X": 99}, { "VarName": "startT[job:1, stage:1, machine:2]", "X": 362}, { "VarName": "startT[job:1, stage:2, machine:6]", "X": 428}, { "VarName": "startT[job:2, stage:1, machine:7]", "X": 87}, { "VarName": "startT[job:2, stage:2, machine:5]", "X": 254}, { "VarName": "startT[job:3, stage:1, machine:5]", "X": 65}, { "VarName": "startT[job:3, stage:2, machine:6]", "X": 238}, { "VarName": "startT[job:4, stage:1, machine:4]", "X": 184}, { "VarName": "startT[job:4, stage:2, machine:2]", "X": 250}, { "VarName": "startT[job:5, stage:0, machine:4]", "X": 10}, { "VarName": "startT[job:5, stage:1, machine:4]", "X": 263}, { "VarName": "startT[job:5, stage:2, machine:5]", "X": 413}, { "VarName": "startT[job:6, stage:0, machine:2]", "X": 79}, { "VarName": "startT[job:6, stage:1, machine:3]", "X": 270}, { "VarName": "startT[job:6, stage:2, machine:7]", "X": 394}, { "VarName": "Z_FO", "X": 3283}]}