{ "SolutionInfo": { "Status": 2, "Runtime": 6.0000419616699219e-03, "Work": 1.0672618894416108e-03, "ObjVal": 142, "ObjBound": 142, "ObjBoundC": 142, "MIPGap": 0, "IntVio": 0, "BoundVio": 0, "ConstrVio": 0, "IterCount": 17, "BarIterCount": 0, "NodeCount": 1, "SolCount": 2, "PoolObjBound": 142, "PoolObjVal": [ 142, 164]}, "Vars": [ { "VarName": "y[job:0, stage:0, machine:2]", "X": 1}, { "VarName": "y[job:0, stage:1, machine:2]", "X": 1}, { "VarName": "y[job:1, stage:0, machine:1]", "X": 1}, { "VarName": "y[job:1, stage:1, machine:1]", "X": 1}, { "VarName": "x[job1|stage1:0|1, job2|stage2:0|0]", "X": 1}, { "VarName": "x[job1|stage1:0|1, job2|stage2:1|0]", "X": 1}, { "VarName": "startT[job:0, stage:0, machine:2]", "X": 8}, { "VarName": "startT[job:0, stage:1, machine:2]", "X": 48}, { "VarName": "startT[job:1, stage:1, machine:1]", "X": 49}, { "VarName": "Z_FO", "X": 142}]}