{ "SolutionInfo": { "Status": 2, "Runtime": 3.4698550000190735e+03, "Work": 8.7008640668356657e+02, "ObjVal": 4244, "ObjBound": 4244, "ObjBoundC": 4244, "MIPGap": 0, "IntVio": 0, "BoundVio": 0, "ConstrVio": 0, "IterCount": 106089371, "BarIterCount": 0, "NodeCount": 10657098, "SolCount": 10, "PoolObjBound": 4244, "PoolObjVal": [ 4244, 4259, 4268, 4.2729999999999982e+03, 4274, 4297, 4310, 4325, 4381, 4414]}, "Vars": [ { "VarName": "y[job:0, stage:0, machine:3]", "X": 1}, { "VarName": "y[job:0, stage:1, machine:7]", "X": 1}, { "VarName": "y[job:0, stage:2, machine:4]", "X": 1}, { "VarName": "y[job:1, stage:0, machine:1]", "X": 1}, { "VarName": "y[job:1, stage:1, machine:2]", "X": 1}, { "VarName": "y[job:1, stage:2, machine:6]", "X": 1}, { "VarName": "y[job:2, stage:0, machine:2]", "X": 1}, { "VarName": "y[job:2, stage:1, machine:7]", "X": 1}, { "VarName": "y[job:2, stage:2, machine:5]", "X": 1}, { "VarName": "y[job:3, stage:0, machine:1]", "X": 1}, { "VarName": "y[job:3, stage:1, machine:5]", "X": 1}, { "VarName": "y[job:3, stage:2, machine:4]", "X": 1}, { "VarName": "y[job:4, stage:0, machine:1]", "X": 1}, { "VarName": "y[job:4, stage:1, machine:5]", "X": 1}, { "VarName": "y[job:4, stage:2, machine:6]", "X": 1}, { "VarName": "y[job:5, stage:0, machine:2]", "X": 1}, { "VarName": "y[job:5, stage:1, machine:3]", "X": 1}, { "VarName": "y[job:5, stage:2, machine:5]", "X": 1}, { "VarName": "y[job:6, stage:0, machine:2]", "X": 1}, { "VarName": "y[job:6, stage:1, machine:3]", "X": 1}, { "VarName": "y[job:6, stage:2, machine:7]", "X": 1}, { "VarName": "y[job:7, stage:0, machine:4]", "X": 1}, { "VarName": "y[job:7, stage:1, machine:6]", "X": 1}, { "VarName": "y[job:7, stage:2, machine:7]", "X": 1}, { "VarName": "x[job1|stage1:0|1, job2|stage2:0|0]", "X": 1}, { "VarName": "x[job1|stage1:0|1, job2|stage2:2|0]", "X": 1}, { "VarName": "x[job1|stage1:0|1, job2|stage2:2|1]", "X": 1}, { "VarName": "x[job1|stage1:0|1, job2|stage2:5|0]", "X": 1}, { "VarName": "x[job1|stage1:0|1, job2|stage2:7|0]", "X": 1}, { "VarName": "x[job1|stage1:0|2, job2|stage2:0|1]", "X": 1}, { "VarName": "x[job1|stage1:0|2, job2|stage2:2|1]", "X": 1}, { "VarName": "x[job1|stage1:0|2, job2|stage2:4|1]", "X": 1}, { "VarName": "x[job1|stage1:0|2, job2|stage2:5|1]", "X": 1}, { "VarName": "x[job1|stage1:0|2, job2|stage2:7|0]", "X": 1}, { "VarName": "x[job1|stage1:1|0, job2|stage2:2|0]", "X": 1}, { "VarName": "x[job1|stage1:1|0, job2|stage2:3|0]", "X": 1}, { "VarName": "x[job1|stage1:1|0, job2|stage2:4|0]", "X": 1}, { "VarName": "x[job1|stage1:1|0, job2|stage2:7|0]", "X": 1}, { "VarName": "x[job1|stage1:1|1, job2|stage2:1|0]", "X": 1}, { "VarName": "x[job1|stage1:1|1, job2|stage2:2|0]", "X": 1}, { "VarName": "x[job1|stage1:1|1, job2|stage2:4|0]", "X": 1}, { "VarName": "x[job1|stage1:1|1, job2|stage2:4|2]", "X": 1}, { "VarName": "x[job1|stage1:1|1, job2|stage2:5|0]", "X": 1}, { "VarName": "x[job1|stage1:1|1, job2|stage2:6|0]", "X": 1}, { "VarName": "x[job1|stage1:1|2, job2|stage2:2|1]", "X": 1}, { "VarName": "x[job1|stage1:1|2, job2|stage2:3|1]", "X": 1}, { "VarName": "x[job1|stage1:1|2, job2|stage2:4|2]", "X": 1}, { "VarName": "x[job1|stage1:1|2, job2|stage2:7|1]", "X": 1}, { "VarName": "x[job1|stage1:2|0, job2|stage2:4|0]", "X": 1}, { "VarName": "x[job1|stage1:2|1, job2|stage2:4|1]", "X": 1}, { "VarName": "x[job1|stage1:2|1, job2|stage2:6|0]", "X": 1}, { "VarName": "x[job1|stage1:2|1, job2|stage2:6|1]", "X": 1}, { "VarName": "x[job1|stage1:2|1, job2|stage2:7|0]", "X": 1}, { "VarName": "x[job1|stage1:2|2, job2|stage2:2|1]", "X": 1}, { "VarName": "x[job1|stage1:2|2, job2|stage2:4|1]", "X": 1}, { "VarName": "x[job1|stage1:2|2, job2|stage2:4|2]", "X": 1}, { "VarName": "x[job1|stage1:2|2, job2|stage2:5|0]", "X": 1}, { "VarName": "x[job1|stage1:3|0, job2|stage2:4|0]", "X": 1}, { "VarName": "x[job1|stage1:3|0, job2|stage2:5|0]", "X": 1}, { "VarName": "x[job1|stage1:3|0, job2|stage2:6|0]", "X": 1}, { "VarName": "x[job1|stage1:3|1, job2|stage2:4|1]", "X": 1}, { "VarName": "x[job1|stage1:3|1, job2|stage2:6|0]", "X": 1}, { "VarName": "x[job1|stage1:3|1, job2|stage2:7|0]", "X": 1}, { "VarName": "x[job1|stage1:3|2, job2|stage2:4|1]", "X": 1}, { "VarName": "x[job1|stage1:3|2, job2|stage2:4|2]", "X": 1}, { "VarName": "x[job1|stage1:3|2, job2|stage2:5|0]", "X": 1}, { "VarName": "x[job1|stage1:3|2, job2|stage2:5|1]", "X": 1}, { "VarName": "x[job1|stage1:3|2, job2|stage2:7|0]", "X": 1}, { "VarName": "x[job1|stage1:4|0, job2|stage2:5|0]", "X": 1}, { "VarName": "x[job1|stage1:4|1, job2|stage2:7|0]", "X": 1}, { "VarName": "x[job1|stage1:4|2, job2|stage2:4|0]", "X": 1}, { "VarName": "x[job1|stage1:4|2, job2|stage2:4|1]", "X": 1}, { "VarName": "x[job1|stage1:5|0, job2|stage2:6|0]", "X": 1}, { "VarName": "x[job1|stage1:5|1, job2|stage2:5|0]", "X": 1}, { "VarName": "x[job1|stage1:5|1, job2|stage2:5|2]", "X": 1}, { "VarName": "x[job1|stage1:5|1, job2|stage2:6|0]", "X": 1}, { "VarName": "x[job1|stage1:5|1, job2|stage2:6|1]", "X": 1}, { "VarName": "x[job1|stage1:5|1, job2|stage2:7|0]", "X": 1}, { "VarName": "x[job1|stage1:6|1, job2|stage2:6|0]", "X": 1}, { "VarName": "x[job1|stage1:6|2, job2|stage2:6|1]", "X": 1}, { "VarName": "startT[job:0, stage:1, machine:7]", "X": 218}, { "VarName": "startT[job:0, stage:2, machine:4]", "X": 341}, { "VarName": "startT[job:1, stage:0, machine:1]", "X": 243}, { "VarName": "startT[job:1, stage:1, machine:2]", "X": 457}, { "VarName": "startT[job:1, stage:2, machine:6]", "X": 525}, { "VarName": "startT[job:2, stage:1, machine:7]", "X": 62}, { "VarName": "startT[job:2, stage:2, machine:5]", "X": 207}, { "VarName": "startT[job:3, stage:0, machine:1]", "X": 141}, { "VarName": "startT[job:3, stage:1, machine:5]", "X": 324}, { "VarName": "startT[job:3, stage:2, machine:4]", "X": 512}, { "VarName": "startT[job:4, stage:1, machine:5]", "X": 128}, { "VarName": "startT[job:4, stage:2, machine:6]", "X": 175}, { "VarName": "startT[job:5, stage:0, machine:2]", "X": 252}, { "VarName": "startT[job:5, stage:1, machine:3]", "X": 397}, { "VarName": "startT[job:5, stage:2, machine:5]", "X": 520}, { "VarName": "startT[job:6, stage:0, machine:2]", "X": 81}, { "VarName": "startT[job:6, stage:1, machine:3]", "X": 238}, { "VarName": "startT[job:6, stage:2, machine:7]", "X": 362}, { "VarName": "startT[job:7, stage:0, machine:4]", "X": 12}, { "VarName": "startT[job:7, stage:1, machine:6]", "X": 281}, { "VarName": "startT[job:7, stage:2, machine:7]", "X": 551}, { "VarName": "Z_FO", "X": 4244}]}