{ "SolutionInfo": { "Status": 9, "Runtime": 1.0802286999940872e+04, "Work": 1.5980646993099770e+03, "ObjVal": 9709, "ObjBound": 6733, "ObjBoundC": 6.7328441725713119e+03, "MIPGap": 3.0651972396745286e-01, "IntVio": 0, "BoundVio": 0, "ConstrVio": 0, "IterCount": 55798012, "BarIterCount": 0, "NodeCount": 2322258, "SolCount": 10, "PoolObjBound": 6733, "PoolObjVal": [ 9709, 9731, 9770, 9795, 9797, 9801, 9827, 9885, 9898, 9912]}, "Vars": [ { "VarName": "y[job:0, stage:0, machine:3]", "X": 1}, { "VarName": "y[job:0, stage:1, machine:7]", "X": 1}, { "VarName": "y[job:0, stage:2, machine:5]", "X": 1}, { "VarName": "y[job:0, stage:3, machine:8]", "X": 1}, { "VarName": "y[job:1, stage:0, machine:1]", "X": 1}, { "VarName": "y[job:1, stage:1, machine:2]", "X": 1}, { "VarName": "y[job:1, stage:2, machine:7]", "X": 1}, { "VarName": "y[job:1, stage:3, machine:5]", "X": 1}, { "VarName": "y[job:2, stage:0, machine:2]", "X": 1}, { "VarName": "y[job:2, stage:1, machine:4]", "X": 1}, { "VarName": "y[job:2, stage:2, machine:6]", "X": 1}, { "VarName": "y[job:2, stage:3, machine:8]", "X": 1}, { "VarName": "y[job:3, stage:0, machine:1]", "X": 1}, { "VarName": "y[job:3, stage:1, machine:5]", "X": 1}, { "VarName": "y[job:3, stage:2, machine:6]", "X": 1}, { "VarName": "y[job:3, stage:3, machine:6]", "X": 1}, { "VarName": "y[job:4, stage:0, machine:1]", "X": 1}, { "VarName": "y[job:4, stage:1, machine:7]", "X": 1}, { "VarName": "y[job:4, stage:2, machine:2]", "X": 1}, { "VarName": "y[job:4, stage:3, machine:8]", "X": 1}, { "VarName": "y[job:5, stage:0, machine:2]", "X": 1}, { "VarName": "y[job:5, stage:1, machine:4]", "X": 1}, { "VarName": "y[job:5, stage:2, machine:7]", "X": 1}, { "VarName": "y[job:5, stage:3, machine:7]", "X": 1}, { "VarName": "y[job:6, stage:0, machine:3]", "X": 1}, { "VarName": "y[job:6, stage:1, machine:3]", "X": 1}, { "VarName": "y[job:6, stage:2, machine:5]", "X": 1}, { "VarName": "y[job:6, stage:3, machine:5]", "X": 1}, { "VarName": "y[job:7, stage:0, machine:4]", "X": 1}, { "VarName": "y[job:7, stage:1, machine:6]", "X": 1}, { "VarName": "y[job:7, stage:2, machine:5]", "X": 1}, { "VarName": "y[job:7, stage:3, machine:8]", "X": 1}, { "VarName": "y[job:8, stage:0, machine:3]", "X": 1}, { "VarName": "y[job:8, stage:1, machine:3]", "X": 1}, { "VarName": "y[job:8, stage:2, machine:7]", "X": 1}, { "VarName": "y[job:8, stage:3, machine:8]", "X": 1}, { "VarName": "y[job:9, stage:0, machine:4]", "X": 1}, { "VarName": "y[job:9, stage:1, machine:6]", "X": 1}, { "VarName": "y[job:9, stage:2, machine:5]", "X": 1}, { "VarName": "y[job:9, stage:3, machine:7]", "X": 1}, { "VarName": "y[job:10, stage:0, machine:2]", "X": 1}, { "VarName": "y[job:10, stage:1, machine:3]", "X": 1}, { "VarName": "y[job:10, stage:2, machine:7]", "X": 1}, { "VarName": "y[job:10, stage:3, machine:8]", "X": 1}, { "VarName": "x[job1|stage1:0|1, job2|stage2:0|0]", "X": 1}, { "VarName": "x[job1|stage1:0|2, job2|stage2:0|1]", "X": 1}, { "VarName": "x[job1|stage1:0|2, job2|stage2:3|1]", "X": 1}, { "VarName": "x[job1|stage1:0|3, job2|stage2:0|1]", "X": 1}, { "VarName": "x[job1|stage1:0|3, job2|stage2:0|2]", "X": 1}, { "VarName": "x[job1|stage1:0|3, job2|stage2:2|3]", "X": 1}, { "VarName": "x[job1|stage1:0|3, job2|stage2:5|3]", "X": 1}, { "VarName": "x[job1|stage1:1|0, job2|stage2:3|0]", "X": 1}, { "VarName": "x[job1|stage1:1|0, job2|stage2:4|0]", "X": 1}, { "VarName": "x[job1|stage1:1|1, job2|stage2:1|0]", "X": 1}, { "VarName": "x[job1|stage1:1|1, job2|stage2:2|0]", "X": 1}, { "VarName": "x[job1|stage1:1|1, job2|stage2:4|2]", "X": 1}, { "VarName": "x[job1|stage1:1|1, job2|stage2:5|0]", "X": 1}, { "VarName": "x[job1|stage1:1|1, job2|stage2:10|0]", "X": 1}, { "VarName": "x[job1|stage1:1|2, job2|stage2:3|1]", "X": 1}, { "VarName": "x[job1|stage1:1|2, job2|stage2:4|1]", "X": 1}, { "VarName": "x[job1|stage1:1|2, job2|stage2:5|2]", "X": 1}, { "VarName": "x[job1|stage1:1|2, job2|stage2:5|3]", "X": 1}, { "VarName": "x[job1|stage1:1|3, job2|stage2:1|2]", "X": 1}, { "VarName": "x[job1|stage1:1|3, job2|stage2:2|2]", "X": 1}, { "VarName": "x[job1|stage1:1|3, job2|stage2:3|1]", "X": 1}, { "VarName": "x[job1|stage1:1|3, job2|stage2:4|1]", "X": 1}, { "VarName": "x[job1|stage1:1|3, job2|stage2:5|2]", "X": 1}, { "VarName": "x[job1|stage1:1|3, job2|stage2:6|2]", "X": 1}, { "VarName": "x[job1|stage1:1|3, job2|stage2:6|3]", "X": 1}, { "VarName": "x[job1|stage1:1|3, job2|stage2:10|2]", "X": 1}, { "VarName": "x[job1|stage1:2|0, job2|stage2:3|0]", "X": 1}, { "VarName": "x[job1|stage1:2|0, job2|stage2:4|0]", "X": 1}, { "VarName": "x[job1|stage1:2|1, job2|stage2:3|1]", "X": 1}, { "VarName": "x[job1|stage1:2|1, job2|stage2:6|0]", "X": 1}, { "VarName": "x[job1|stage1:2|1, job2|stage2:8|0]", "X": 1}, { "VarName": "x[job1|stage1:2|2, job2|stage2:2|1]", "X": 1}, { "VarName": "x[job1|stage1:2|3, job2|stage2:2|2]", "X": 1}, { "VarName": "x[job1|stage1:3|1, job2|stage2:6|0]", "X": 1}, { "VarName": "x[job1|stage1:3|1, job2|stage2:6|1]", "X": 1}, { "VarName": "x[job1|stage1:3|1, job2|stage2:8|0]", "X": 1}, { "VarName": "x[job1|stage1:3|2, job2|stage2:5|1]", "X": 1}, { "VarName": "x[job1|stage1:3|3, job2|stage2:3|1]", "X": 1}, { "VarName": "x[job1|stage1:3|3, job2|stage2:3|2]", "X": 1}, { "VarName": "x[job1|stage1:4|0, job2|stage2:8|0]", "X": 1}, { "VarName": "x[job1|stage1:4|2, job2|stage2:4|0]", "X": 1}, { "VarName": "x[job1|stage1:4|2, job2|stage2:4|1]", "X": 1}, { "VarName": "x[job1|stage1:4|2, job2|stage2:5|0]", "X": 1}, { "VarName": "x[job1|stage1:4|2, job2|stage2:10|0]", "X": 1}, { "VarName": "x[job1|stage1:4|3, job2|stage2:4|2]", "X": 1}, { "VarName": "x[job1|stage1:5|1, job2|stage2:5|0]", "X": 1}, { "VarName": "x[job1|stage1:5|1, job2|stage2:5|2]", "X": 1}, { "VarName": "x[job1|stage1:5|2, job2|stage2:6|2]", "X": 1}, { "VarName": "x[job1|stage1:5|3, job2|stage2:5|0]", "X": 1}, { "VarName": "x[job1|stage1:5|3, job2|stage2:5|1]", "X": 1}, { "VarName": "x[job1|stage1:5|3, job2|stage2:5|2]", "X": 1}, { "VarName": "x[job1|stage1:6|1, job2|stage2:6|0]", "X": 1}, { "VarName": "x[job1|stage1:6|1, job2|stage2:9|0]", "X": 1}, { "VarName": "x[job1|stage1:6|2, job2|stage2:6|1]", "X": 1}, { "VarName": "x[job1|stage1:6|3, job2|stage2:6|1]", "X": 1}, { "VarName": "x[job1|stage1:6|3, job2|stage2:6|2]", "X": 1}, { "VarName": "x[job1|stage1:7|0, job2|stage2:9|0]", "X": 1}, { "VarName": "x[job1|stage1:7|0, job2|stage2:10|1]", "X": 1}, { "VarName": "x[job1|stage1:7|1, job2|stage2:9|1]", "X": 1}, { "VarName": "x[job1|stage1:7|2, job2|stage2:7|1]", "X": 1}, { "VarName": "x[job1|stage1:7|2, job2|stage2:9|2]", "X": 1}, { "VarName": "x[job1|stage1:7|2, job2|stage2:10|2]", "X": 1}, { "VarName": "x[job1|stage1:7|3, job2|stage2:7|2]", "X": 1}, { "VarName": "x[job1|stage1:7|3, job2|stage2:8|3]", "X": 1}, { "VarName": "x[job1|stage1:7|3, job2|stage2:10|3]", "X": 1}, { "VarName": "x[job1|stage1:8|0, job2|stage2:9|0]", "X": 1}, { "VarName": "x[job1|stage1:8|1, job2|stage2:8|0]", "X": 1}, { "VarName": "x[job1|stage1:8|1, job2|stage2:9|0]", "X": 1}, { "VarName": "x[job1|stage1:8|3, job2|stage2:9|1]", "X": 1}, { "VarName": "x[job1|stage1:9|0, job2|stage2:10|1]", "X": 1}, { "VarName": "x[job1|stage1:9|2, job2|stage2:9|1]", "X": 1}, { "VarName": "x[job1|stage1:9|2, job2|stage2:10|2]", "X": 1}, { "VarName": "x[job1|stage1:9|3, job2|stage2:9|2]", "X": 1}, { "VarName": "x[job1|stage1:9|3, job2|stage2:10|2]", "X": 1}, { "VarName": "x[job1|stage1:9|3, job2|stage2:10|3]", "X": 1}, { "VarName": "startT[job:0, stage:0, machine:3]", "X": 8}, { "VarName": "startT[job:0, stage:1, machine:7]", "X": 108}, { "VarName": "startT[job:0, stage:2, machine:5]", "X": 273}, { "VarName": "startT[job:0, stage:3, machine:8]", "X": 499}, { "VarName": "startT[job:1, stage:0, machine:1]", "X": 252}, { "VarName": "startT[job:1, stage:1, machine:2]", "X": 525}, { "VarName": "startT[job:1, stage:2, machine:7]", "X": 629}, { "VarName": "startT[job:1, stage:3, machine:5]", "X": 779}, { "VarName": "startT[job:2, stage:1, machine:4]", "X": 62}, { "VarName": "startT[job:2, stage:2, machine:6]", "X": 167}, { "VarName": "startT[job:2, stage:3, machine:8]", "X": 320}, { "VarName": "startT[job:3, stage:1, machine:5]", "X": 87}, { "VarName": "startT[job:3, stage:2, machine:6]", "X": 333}, { "VarName": "startT[job:3, stage:3, machine:6]", "X": 483}, { "VarName": "startT[job:4, stage:0, machine:1]", "X": 104}, { "VarName": "startT[job:4, stage:1, machine:7]", "X": 248}, { "VarName": "startT[job:4, stage:2, machine:2]", "X": 407}, { "VarName": "startT[job:4, stage:3, machine:8]", "X": 662}, { "VarName": "startT[job:5, stage:0, machine:2]", "X": 77}, { "VarName": "startT[job:5, stage:1, machine:4]", "X": 222}, { "VarName": "startT[job:5, stage:2, machine:7]", "X": 372}, { "VarName": "startT[job:5, stage:3, machine:7]", "X": 564}, { "VarName": "startT[job:6, stage:0, machine:3]", "X": 124}, { "VarName": "startT[job:6, stage:1, machine:3]", "X": 283}, { "VarName": "startT[job:6, stage:2, machine:5]", "X": 445}, { "VarName": "startT[job:6, stage:3, machine:5]", "X": 604}, { "VarName": "startT[job:7, stage:0, machine:4]", "X": 661}, { "VarName": "startT[job:7, stage:1, machine:6]", "X": 906}, { "VarName": "startT[job:7, stage:2, machine:5]", "X": 1130}, { "VarName": "startT[job:7, stage:3, machine:8]", "X": 1275}, { "VarName": "startT[job:8, stage:0, machine:3]", "X": 427}, { "VarName": "startT[job:8, stage:1, machine:3]", "X": 597}, { "VarName": "startT[job:8, stage:2, machine:7]", "X": 793}, { "VarName": "startT[job:8, stage:3, machine:8]", "X": 843}, { "VarName": "startT[job:9, stage:0, machine:4]", "X": 390}, { "VarName": "startT[job:9, stage:1, machine:6]", "X": 670}, { "VarName": "startT[job:9, stage:2, machine:5]", "X": 915}, { "VarName": "startT[job:9, stage:3, machine:7]", "X": 1060}, { "VarName": "startT[job:10, stage:0, machine:2]", "X": 239}, { "VarName": "startT[job:10, stage:1, machine:3]", "X": 790}, { "VarName": "startT[job:10, stage:2, machine:7]", "X": 970}, { "VarName": "startT[job:10, stage:3, machine:8]", "X": 1025}, { "VarName": "Z_FO", "X": 9709}]}