{ "SolutionInfo": { "Status": 2, "Runtime": 4.9998760223388672e-03, "Work": 4.0001288333333323e-04, "ObjVal": 204, "ObjBound": 204, "ObjBoundC": 204, "MIPGap": 0, "IntVio": 0, "BoundVio": 0, "ConstrVio": 0, "IterCount": 4, "BarIterCount": 0, "NodeCount": 1, "SolCount": 2, "PoolObjBound": 204, "PoolObjVal": [ 204, 249]}, "Vars": [ { "VarName": "y[job:0, stage:0, machine:1]", "X": 1}, { "VarName": "y[job:0, stage:1, machine:1]", "X": 1}, { "VarName": "y[job:1, stage:0, machine:2]", "X": 1}, { "VarName": "y[job:1, stage:1, machine:2]", "X": 1}, { "VarName": "x[job1|stage1:0|0, job2|stage2:1|0]", "X": 1}, { "VarName": "x[job1|stage1:0|1, job2|stage2:1|0]", "X": 1}, { "VarName": "startT[job:0, stage:1, machine:1]", "X": 48}, { "VarName": "startT[job:1, stage:0, machine:2]", "X": 9}, { "VarName": "startT[job:1, stage:1, machine:2]", "X": 49}, { "VarName": "Z_FO", "X": 204}]}