{ "SolutionInfo": { "Status": 2, "Runtime": 2.9530000686645508e+00, "Work": 1.7180023547068646e+00, "ObjVal": 2517, "ObjBound": 2517, "ObjBoundC": 2517, "MIPGap": 0, "IntVio": 0, "BoundVio": 0, "ConstrVio": 0, "IterCount": 272647, "BarIterCount": 0, "NodeCount": 35026, "SolCount": 10, "PoolObjBound": 2517, "PoolObjVal": [ 2517, 2526, 2579, 2594, 2622, 2630, 2685, 2797, 2803, 2823]}, "Vars": [ { "VarName": "y[job:0, stage:0, machine:1]", "X": 1}, { "VarName": "y[job:0, stage:1, machine:2]", "X": 1}, { "VarName": "y[job:0, stage:2, machine:4]", "X": 1}, { "VarName": "y[job:1, stage:0, machine:3]", "X": 1}, { "VarName": "y[job:1, stage:1, machine:2]", "X": 1}, { "VarName": "y[job:1, stage:2, machine:6]", "X": 1}, { "VarName": "y[job:2, stage:0, machine:2]", "X": 1}, { "VarName": "y[job:2, stage:1, machine:7]", "X": 1}, { "VarName": "y[job:2, stage:2, machine:5]", "X": 1}, { "VarName": "y[job:3, stage:0, machine:2]", "X": 1}, { "VarName": "y[job:3, stage:1, machine:3]", "X": 1}, { "VarName": "y[job:3, stage:2, machine:6]", "X": 1}, { "VarName": "y[job:4, stage:0, machine:1]", "X": 1}, { "VarName": "y[job:4, stage:1, machine:5]", "X": 1}, { "VarName": "y[job:4, stage:2, machine:6]", "X": 1}, { "VarName": "y[job:5, stage:0, machine:4]", "X": 1}, { "VarName": "y[job:5, stage:1, machine:4]", "X": 1}, { "VarName": "y[job:5, stage:2, machine:5]", "X": 1}, { "VarName": "x[job1|stage1:0|0, job2|stage2:2|0]", "X": 1}, { "VarName": "x[job1|stage1:0|0, job2|stage2:4|0]", "X": 1}, { "VarName": "x[job1|stage1:0|0, job2|stage2:5|0]", "X": 1}, { "VarName": "x[job1|stage1:0|1, job2|stage2:0|0]", "X": 1}, { "VarName": "x[job1|stage1:0|1, job2|stage2:1|1]", "X": 1}, { "VarName": "x[job1|stage1:0|1, job2|stage2:2|0]", "X": 1}, { "VarName": "x[job1|stage1:0|1, job2|stage2:3|0]", "X": 1}, { "VarName": "x[job1|stage1:0|1, job2|stage2:4|0]", "X": 1}, { "VarName": "x[job1|stage1:0|1, job2|stage2:5|0]", "X": 1}, { "VarName": "x[job1|stage1:0|2, job2|stage2:0|1]", "X": 1}, { "VarName": "x[job1|stage1:0|2, job2|stage2:1|1]", "X": 1}, { "VarName": "x[job1|stage1:0|2, job2|stage2:2|1]", "X": 1}, { "VarName": "x[job1|stage1:0|2, job2|stage2:3|2]", "X": 1}, { "VarName": "x[job1|stage1:0|2, job2|stage2:4|1]", "X": 1}, { "VarName": "x[job1|stage1:0|2, job2|stage2:5|0]", "X": 1}, { "VarName": "x[job1|stage1:0|2, job2|stage2:5|1]", "X": 1}, { "VarName": "x[job1|stage1:1|1, job2|stage2:1|0]", "X": 1}, { "VarName": "x[job1|stage1:1|1, job2|stage2:2|0]", "X": 1}, { "VarName": "x[job1|stage1:1|1, job2|stage2:3|0]", "X": 1}, { "VarName": "x[job1|stage1:1|1, job2|stage2:4|0]", "X": 1}, { "VarName": "x[job1|stage1:1|1, job2|stage2:5|0]", "X": 1}, { "VarName": "x[job1|stage1:1|2, job2|stage2:2|2]", "X": 1}, { "VarName": "x[job1|stage1:1|2, job2|stage2:4|2]", "X": 1}, { "VarName": "x[job1|stage1:2|0, job2|stage2:4|0]", "X": 1}, { "VarName": "x[job1|stage1:2|1, job2|stage2:4|1]", "X": 1}, { "VarName": "x[job1|stage1:2|1, job2|stage2:5|1]", "X": 1}, { "VarName": "x[job1|stage1:2|2, job2|stage2:2|1]", "X": 1}, { "VarName": "x[job1|stage1:2|2, job2|stage2:4|1]", "X": 1}, { "VarName": "x[job1|stage1:2|2, job2|stage2:4|2]", "X": 1}, { "VarName": "x[job1|stage1:3|0, job2|stage2:4|0]", "X": 1}, { "VarName": "x[job1|stage1:3|0, job2|stage2:5|0]", "X": 1}, { "VarName": "x[job1|stage1:3|1, job2|stage2:4|0]", "X": 1}, { "VarName": "x[job1|stage1:3|2, job2|stage2:4|2]", "X": 1}, { "VarName": "x[job1|stage1:3|2, job2|stage2:5|0]", "X": 1}, { "VarName": "x[job1|stage1:4|0, job2|stage2:5|0]", "X": 1}, { "VarName": "x[job1|stage1:4|1, job2|stage2:4|0]", "X": 1}, { "VarName": "x[job1|stage1:4|2, job2|stage2:4|1]", "X": 1}, { "VarName": "startT[job:0, stage:0, machine:1]", "X": 142}, { "VarName": "startT[job:0, stage:1, machine:2]", "X": 289}, { "VarName": "startT[job:0, stage:2, machine:4]", "X": 419}, { "VarName": "startT[job:1, stage:1, machine:2]", "X": 169}, { "VarName": "startT[job:1, stage:2, machine:6]", "X": 272}, { "VarName": "startT[job:2, stage:0, machine:2]", "X": 11}, { "VarName": "startT[job:2, stage:1, machine:7]", "X": 73}, { "VarName": "startT[job:2, stage:2, machine:5]", "X": 218}, { "VarName": "startT[job:3, stage:0, machine:2]", "X": 88}, { "VarName": "startT[job:3, stage:1, machine:3]", "X": 166}, { "VarName": "startT[job:3, stage:2, machine:6]", "X": 416}, { "VarName": "startT[job:4, stage:1, machine:5]", "X": 128}, { "VarName": "startT[job:4, stage:2, machine:6]", "X": 175}, { "VarName": "startT[job:5, stage:1, machine:4]", "X": 169}, { "VarName": "startT[job:5, stage:2, machine:5]", "X": 331}, { "VarName": "Z_FO", "X": 2517}]}