{ "SolutionInfo": { "Status": 2, "Runtime": 2.0000934600830078e-03, "Work": 6.1268022697737450e-04, "ObjVal": 232, "ObjBound": 232, "ObjBoundC": 232, "MIPGap": 0, "IntVio": 0, "BoundVio": 0, "ConstrVio": 0, "IterCount": 10, "BarIterCount": 0, "NodeCount": 1, "SolCount": 2, "PoolObjBound": 232, "PoolObjVal": [ 232, 279]}, "Vars": [ { "VarName": "y[job:0, stage:0, machine:2]", "X": 1}, { "VarName": "y[job:0, stage:1, machine:2]", "X": 1}, { "VarName": "y[job:1, stage:0, machine:1]", "X": 1}, { "VarName": "y[job:1, stage:1, machine:1]", "X": 1}, { "VarName": "startT[job:0, stage:0, machine:2]", "X": 8}, { "VarName": "startT[job:0, stage:1, machine:2]", "X": 48}, { "VarName": "startT[job:1, stage:1, machine:1]", "X": 49}, { "VarName": "Z_FO", "X": 232}]}