{ "SolutionInfo": { "Status": 9, "Runtime": 1.0801376999855042e+04, "Work": 1.0503495855798192e+03, "ObjVal": 6720, "ObjBound": 5603, "ObjBoundC": 5.6029664932444675e+03, "MIPGap": 1.6622023809523809e-01, "IntVio": 0, "BoundVio": 0, "ConstrVio": 0, "IterCount": 75633293, "BarIterCount": 0, "NodeCount": 5159339, "SolCount": 10, "PoolObjBound": 5603, "PoolObjVal": [ 6720, 6802, 6810, 6825, 6846, 6904, 6989, 7029, 7095, 7144]}, "Vars": [ { "VarName": "y[job:0, stage:0, machine:3]", "X": 1}, { "VarName": "y[job:0, stage:1, machine:2]", "X": 1}, { "VarName": "y[job:0, stage:2, machine:7]", "X": 1}, { "VarName": "y[job:0, stage:3, machine:8]", "X": 1}, { "VarName": "y[job:1, stage:0, machine:1]", "X": 1}, { "VarName": "y[job:1, stage:1, machine:2]", "X": 1}, { "VarName": "y[job:1, stage:2, machine:7]", "X": 1}, { "VarName": "y[job:1, stage:3, machine:5]", "X": 1}, { "VarName": "y[job:2, stage:0, machine:2]", "X": 1}, { "VarName": "y[job:2, stage:1, machine:7]", "X": 1}, { "VarName": "y[job:2, stage:2, machine:5]", "X": 1}, { "VarName": "y[job:2, stage:3, machine:6]", "X": 1}, { "VarName": "y[job:3, stage:0, machine:1]", "X": 1}, { "VarName": "y[job:3, stage:1, machine:3]", "X": 1}, { "VarName": "y[job:3, stage:2, machine:4]", "X": 1}, { "VarName": "y[job:3, stage:3, machine:6]", "X": 1}, { "VarName": "y[job:4, stage:0, machine:1]", "X": 1}, { "VarName": "y[job:4, stage:1, machine:5]", "X": 1}, { "VarName": "y[job:4, stage:2, machine:6]", "X": 1}, { "VarName": "y[job:4, stage:3, machine:8]", "X": 1}, { "VarName": "y[job:5, stage:0, machine:4]", "X": 1}, { "VarName": "y[job:5, stage:1, machine:4]", "X": 1}, { "VarName": "y[job:5, stage:2, machine:5]", "X": 1}, { "VarName": "y[job:5, stage:3, machine:7]", "X": 1}, { "VarName": "y[job:6, stage:0, machine:2]", "X": 1}, { "VarName": "y[job:6, stage:1, machine:3]", "X": 1}, { "VarName": "y[job:6, stage:2, machine:5]", "X": 1}, { "VarName": "y[job:6, stage:3, machine:5]", "X": 1}, { "VarName": "y[job:7, stage:0, machine:3]", "X": 1}, { "VarName": "y[job:7, stage:1, machine:6]", "X": 1}, { "VarName": "y[job:7, stage:2, machine:7]", "X": 1}, { "VarName": "y[job:7, stage:3, machine:8]", "X": 1}, { "VarName": "y[job:8, stage:0, machine:2]", "X": 1}, { "VarName": "y[job:8, stage:1, machine:4]", "X": 1}, { "VarName": "y[job:8, stage:2, machine:5]", "X": 1}, { "VarName": "y[job:8, stage:3, machine:8]", "X": 1}, { "VarName": "x[job1|stage1:0|0, job2|stage2:1|0]", "X": 1}, { "VarName": "x[job1|stage1:0|0, job2|stage2:1|1]", "X": 1}, { "VarName": "x[job1|stage1:0|0, job2|stage2:8|0]", "X": 1}, { "VarName": "x[job1|stage1:0|1, job2|stage2:0|0]", "X": 1}, { "VarName": "x[job1|stage1:0|1, job2|stage2:2|0]", "X": 1}, { "VarName": "x[job1|stage1:0|1, job2|stage2:2|1]", "X": 1}, { "VarName": "x[job1|stage1:0|1, job2|stage2:5|0]", "X": 1}, { "VarName": "x[job1|stage1:0|1, job2|stage2:7|0]", "X": 1}, { "VarName": "x[job1|stage1:0|2, job2|stage2:0|1]", "X": 1}, { "VarName": "x[job1|stage1:0|2, job2|stage2:2|1]", "X": 1}, { "VarName": "x[job1|stage1:0|2, job2|stage2:4|1]", "X": 1}, { "VarName": "x[job1|stage1:0|2, job2|stage2:6|1]", "X": 1}, { "VarName": "x[job1|stage1:0|2, job2|stage2:7|0]", "X": 1}, { "VarName": "x[job1|stage1:0|2, job2|stage2:7|1]", "X": 1}, { "VarName": "x[job1|stage1:0|2, job2|stage2:8|1]", "X": 1}, { "VarName": "x[job1|stage1:0|3, job2|stage2:0|1]", "X": 1}, { "VarName": "x[job1|stage1:0|3, job2|stage2:0|2]", "X": 1}, { "VarName": "x[job1|stage1:0|3, job2|stage2:4|3]", "X": 1}, { "VarName": "x[job1|stage1:0|3, job2|stage2:5|3]", "X": 1}, { "VarName": "x[job1|stage1:0|3, job2|stage2:8|2]", "X": 1}, { "VarName": "x[job1|stage1:1|0, job2|stage2:2|0]", "X": 1}, { "VarName": "x[job1|stage1:1|0, job2|stage2:3|0]", "X": 1}, { "VarName": "x[job1|stage1:1|0, job2|stage2:4|0]", "X": 1}, { "VarName": "x[job1|stage1:1|0, job2|stage2:5|1]", "X": 1}, { "VarName": "x[job1|stage1:1|0, job2|stage2:7|0]", "X": 1}, { "VarName": "x[job1|stage1:1|0, job2|stage2:8|0]", "X": 1}, { "VarName": "x[job1|stage1:1|1, job2|stage2:1|0]", "X": 1}, { "VarName": "x[job1|stage1:1|1, job2|stage2:2|0]", "X": 1}, { "VarName": "x[job1|stage1:1|1, job2|stage2:4|2]", "X": 1}, { "VarName": "x[job1|stage1:1|1, job2|stage2:5|0]", "X": 1}, { "VarName": "x[job1|stage1:1|1, job2|stage2:8|0]", "X": 1}, { "VarName": "x[job1|stage1:1|2, job2|stage2:1|3]", "X": 1}, { "VarName": "x[job1|stage1:1|2, job2|stage2:2|1]", "X": 1}, { "VarName": "x[job1|stage1:1|2, job2|stage2:2|2]", "X": 1}, { "VarName": "x[job1|stage1:1|2, job2|stage2:2|3]", "X": 1}, { "VarName": "x[job1|stage1:1|2, job2|stage2:3|2]", "X": 1}, { "VarName": "x[job1|stage1:1|2, job2|stage2:4|1]", "X": 1}, { "VarName": "x[job1|stage1:1|2, job2|stage2:5|2]", "X": 1}, { "VarName": "x[job1|stage1:1|2, job2|stage2:5|3]", "X": 1}, { "VarName": "x[job1|stage1:1|2, job2|stage2:6|1]", "X": 1}, { "VarName": "x[job1|stage1:1|2, job2|stage2:6|3]", "X": 1}, { "VarName": "x[job1|stage1:1|2, job2|stage2:8|3]", "X": 1}, { "VarName": "x[job1|stage1:1|3, job2|stage2:2|2]", "X": 1}, { "VarName": "x[job1|stage1:1|3, job2|stage2:3|1]", "X": 1}, { "VarName": "x[job1|stage1:1|3, job2|stage2:4|1]", "X": 1}, { "VarName": "x[job1|stage1:1|3, job2|stage2:4|3]", "X": 1}, { "VarName": "x[job1|stage1:1|3, job2|stage2:5|1]", "X": 1}, { "VarName": "x[job1|stage1:1|3, job2|stage2:5|2]", "X": 1}, { "VarName": "x[job1|stage1:1|3, job2|stage2:6|1]", "X": 1}, { "VarName": "x[job1|stage1:1|3, job2|stage2:7|1]", "X": 1}, { "VarName": "x[job1|stage1:1|3, job2|stage2:7|2]", "X": 1}, { "VarName": "x[job1|stage1:1|3, job2|stage2:8|2]", "X": 1}, { "VarName": "x[job1|stage1:2|0, job2|stage2:5|0]", "X": 1}, { "VarName": "x[job1|stage1:2|1, job2|stage2:7|0]", "X": 1}, { "VarName": "x[job1|stage1:2|2, job2|stage2:2|1]", "X": 1}, { "VarName": "x[job1|stage1:2|2, job2|stage2:4|1]", "X": 1}, { "VarName": "x[job1|stage1:2|2, job2|stage2:4|2]", "X": 1}, { "VarName": "x[job1|stage1:2|2, job2|stage2:6|1]", "X": 1}, { "VarName": "x[job1|stage1:2|2, job2|stage2:7|1]", "X": 1}, { "VarName": "x[job1|stage1:2|3, job2|stage2:2|2]", "X": 1}, { "VarName": "x[job1|stage1:2|3, job2|stage2:4|2]", "X": 1}, { "VarName": "x[job1|stage1:2|3, job2|stage2:8|3]", "X": 1}, { "VarName": "x[job1|stage1:3|0, job2|stage2:4|0]", "X": 1}, { "VarName": "x[job1|stage1:3|0, job2|stage2:5|0]", "X": 1}, { "VarName": "x[job1|stage1:3|0, job2|stage2:6|0]", "X": 1}, { "VarName": "x[job1|stage1:3|0, job2|stage2:8|0]", "X": 1}, { "VarName": "x[job1|stage1:3|1, job2|stage2:4|1]", "X": 1}, { "VarName": "x[job1|stage1:3|1, job2|stage2:5|2]", "X": 1}, { "VarName": "x[job1|stage1:3|1, job2|stage2:6|0]", "X": 1}, { "VarName": "x[job1|stage1:3|1, job2|stage2:7|0]", "X": 1}, { "VarName": "x[job1|stage1:3|1, job2|stage2:8|0]", "X": 1}, { "VarName": "x[job1|stage1:3|2, job2|stage2:3|3]", "X": 1}, { "VarName": "x[job1|stage1:3|2, job2|stage2:4|2]", "X": 1}, { "VarName": "x[job1|stage1:3|2, job2|stage2:5|0]", "X": 1}, { "VarName": "x[job1|stage1:3|2, job2|stage2:5|1]", "X": 1}, { "VarName": "x[job1|stage1:3|2, job2|stage2:7|0]", "X": 1}, { "VarName": "x[job1|stage1:3|2, job2|stage2:7|1]", "X": 1}, { "VarName": "x[job1|stage1:3|2, job2|stage2:8|1]", "X": 1}, { "VarName": "x[job1|stage1:3|3, job2|stage2:3|1]", "X": 1}, { "VarName": "x[job1|stage1:3|3, job2|stage2:4|2]", "X": 1}, { "VarName": "x[job1|stage1:3|3, job2|stage2:4|3]", "X": 1}, { "VarName": "x[job1|stage1:3|3, job2|stage2:5|1]", "X": 1}, { "VarName": "x[job1|stage1:3|3, job2|stage2:6|1]", "X": 1}, { "VarName": "x[job1|stage1:3|3, job2|stage2:6|2]", "X": 1}, { "VarName": "x[job1|stage1:3|3, job2|stage2:7|1]", "X": 1}, { "VarName": "x[job1|stage1:3|3, job2|stage2:7|2]", "X": 1}, { "VarName": "x[job1|stage1:4|0, job2|stage2:6|0]", "X": 1}, { "VarName": "x[job1|stage1:4|0, job2|stage2:8|0]", "X": 1}, { "VarName": "x[job1|stage1:4|1, job2|stage2:5|0]", "X": 1}, { "VarName": "x[job1|stage1:4|1, job2|stage2:6|1]", "X": 1}, { "VarName": "x[job1|stage1:4|1, job2|stage2:7|0]", "X": 1}, { "VarName": "x[job1|stage1:4|2, job2|stage2:4|0]", "X": 1}, { "VarName": "x[job1|stage1:4|2, job2|stage2:4|1]", "X": 1}, { "VarName": "x[job1|stage1:4|2, job2|stage2:5|0]", "X": 1}, { "VarName": "x[job1|stage1:4|2, job2|stage2:6|0]", "X": 1}, { "VarName": "x[job1|stage1:4|2, job2|stage2:8|0]", "X": 1}, { "VarName": "x[job1|stage1:4|3, job2|stage2:4|2]", "X": 1}, { "VarName": "x[job1|stage1:5|0, job2|stage2:7|0]", "X": 1}, { "VarName": "x[job1|stage1:5|1, job2|stage2:5|0]", "X": 1}, { "VarName": "x[job1|stage1:5|1, job2|stage2:6|0]", "X": 1}, { "VarName": "x[job1|stage1:5|1, job2|stage2:8|0]", "X": 1}, { "VarName": "x[job1|stage1:5|2, job2|stage2:5|1]", "X": 1}, { "VarName": "x[job1|stage1:5|2, job2|stage2:6|1]", "X": 1}, { "VarName": "x[job1|stage1:5|3, job2|stage2:5|0]", "X": 1}, { "VarName": "x[job1|stage1:5|3, job2|stage2:5|1]", "X": 1}, { "VarName": "x[job1|stage1:5|3, job2|stage2:5|2]", "X": 1}, { "VarName": "x[job1|stage1:6|0, job2|stage2:7|0]", "X": 1}, { "VarName": "x[job1|stage1:6|0, job2|stage2:8|0]", "X": 1}, { "VarName": "x[job1|stage1:6|1, job2|stage2:6|0]", "X": 1}, { "VarName": "x[job1|stage1:6|1, job2|stage2:7|0]", "X": 1}, { "VarName": "x[job1|stage1:6|1, job2|stage2:8|0]", "X": 1}, { "VarName": "x[job1|stage1:6|1, job2|stage2:8|1]", "X": 1}, { "VarName": "x[job1|stage1:6|2, job2|stage2:6|1]", "X": 1}, { "VarName": "x[job1|stage1:6|2, job2|stage2:8|2]", "X": 1}, { "VarName": "x[job1|stage1:6|3, job2|stage2:6|1]", "X": 1}, { "VarName": "x[job1|stage1:6|3, job2|stage2:6|2]", "X": 1}, { "VarName": "x[job1|stage1:6|3, job2|stage2:7|2]", "X": 1}, { "VarName": "x[job1|stage1:6|3, job2|stage2:8|2]", "X": 1}, { "VarName": "x[job1|stage1:7|0, job2|stage2:8|0]", "X": 1}, { "VarName": "x[job1|stage1:7|1, job2|stage2:8|2]", "X": 1}, { "VarName": "x[job1|stage1:7|2, job2|stage2:7|1]", "X": 1}, { "VarName": "x[job1|stage1:7|2, job2|stage2:8|2]", "X": 1}, { "VarName": "x[job1|stage1:7|3, job2|stage2:7|2]", "X": 1}, { "VarName": "x[job1|stage1:7|3, job2|stage2:8|3]", "X": 1}, { "VarName": "startT[job:0, stage:1, machine:2]", "X": 100}, { "VarName": "startT[job:0, stage:2, machine:7]", "X": 230}, { "VarName": "startT[job:0, stage:3, machine:8]", "X": 443}, { "VarName": "startT[job:1, stage:0, machine:1]", "X": 244}, { "VarName": "startT[job:1, stage:1, machine:2]", "X": 458}, { "VarName": "startT[job:1, stage:2, machine:7]", "X": 524}, { "VarName": "startT[job:1, stage:3, machine:5]", "X": 674}, { "VarName": "startT[job:2, stage:1, machine:7]", "X": 62}, { "VarName": "startT[job:2, stage:2, machine:5]", "X": 207}, { "VarName": "startT[job:2, stage:3, machine:6]", "X": 307}, { "VarName": "startT[job:3, stage:0, machine:1]", "X": 142}, { "VarName": "startT[job:3, stage:1, machine:3]", "X": 387}, { "VarName": "startT[job:3, stage:2, machine:4]", "X": 637}, { "VarName": "startT[job:3, stage:3, machine:6]", "X": 782}, { "VarName": "startT[job:4, stage:1, machine:5]", "X": 128}, { "VarName": "startT[job:4, stage:2, machine:6]", "X": 175}, { "VarName": "startT[job:4, stage:3, machine:8]", "X": 260}, { "VarName": "startT[job:5, stage:0, machine:4]", "X": 11}, { "VarName": "startT[job:5, stage:1, machine:4]", "X": 179}, { "VarName": "startT[job:5, stage:2, machine:5]", "X": 329}, { "VarName": "startT[job:5, stage:3, machine:7]", "X": 449}, { "VarName": "startT[job:6, stage:0, machine:2]", "X": 539}, { "VarName": "startT[job:6, stage:1, machine:3]", "X": 696}, { "VarName": "startT[job:6, stage:2, machine:5]", "X": 820}, { "VarName": "startT[job:6, stage:3, machine:5]", "X": 980}, { "VarName": "startT[job:7, stage:0, machine:3]", "X": 114}, { "VarName": "startT[job:7, stage:1, machine:6]", "X": 488}, { "VarName": "startT[job:7, stage:2, machine:7]", "X": 712}, { "VarName": "startT[job:7, stage:3, machine:8]", "X": 890}, { "VarName": "startT[job:8, stage:0, machine:2]", "X": 245}, { "VarName": "startT[job:8, stage:1, machine:4]", "X": 395}, { "VarName": "startT[job:8, stage:2, machine:5]", "X": 615}, { "VarName": "startT[job:8, stage:3, machine:8]", "X": 655}, { "VarName": "Z_FO", "X": 6720}]}