{ "SolutionInfo": { "Status": 2, "Runtime": 7.3999881744384766e-02, "Work": 0.0255180914180964, "ObjVal": 553, "ObjBound": 553, "ObjBoundC": 553, "MIPGap": 0, "IntVio": 0, "BoundVio": 0, "ConstrVio": 0, "IterCount": 813, "BarIterCount": 0, "NodeCount": 251, "SolCount": 7, "PoolObjBound": 553, "PoolObjVal": [ 553, 565, 568, 570, 595, 635, 637]}, "Vars": [ { "VarName": "y[job:0, stage:0, machine:2]", "X": 1}, { "VarName": "y[job:0, stage:1, machine:2]", "X": 1}, { "VarName": "y[job:0, stage:2, machine:2]", "X": 1}, { "VarName": "y[job:1, stage:0, machine:1]", "X": 1}, { "VarName": "y[job:1, stage:1, machine:1]", "X": 1}, { "VarName": "y[job:1, stage:2, machine:3]", "X": 1}, { "VarName": "y[job:2, stage:0, machine:1]", "X": 1}, { "VarName": "y[job:2, stage:1, machine:3]", "X": 1}, { "VarName": "y[job:2, stage:2, machine:2]", "X": 1}, { "VarName": "x[job1|stage1:0|0, job2|stage2:2|0]", "X": 1}, { "VarName": "x[job1|stage1:0|1, job2|stage2:0|0]", "X": 1}, { "VarName": "x[job1|stage1:0|2, job2|stage2:0|0]", "X": 1}, { "VarName": "x[job1|stage1:0|2, job2|stage2:0|1]", "X": 1}, { "VarName": "x[job1|stage1:0|2, job2|stage2:1|1]", "X": 1}, { "VarName": "x[job1|stage1:0|2, job2|stage2:2|1]", "X": 1}, { "VarName": "x[job1|stage1:1|0, job2|stage2:2|0]", "X": 1}, { "VarName": "x[job1|stage1:1|1, job2|stage2:1|0]", "X": 1}, { "VarName": "x[job1|stage1:1|1, job2|stage2:2|0]", "X": 1}, { "VarName": "x[job1|stage1:1|2, job2|stage2:1|0]", "X": 1}, { "VarName": "x[job1|stage1:1|2, job2|stage2:2|1]", "X": 1}, { "VarName": "startT[job:0, stage:0, machine:2]", "X": 11}, { "VarName": "startT[job:0, stage:1, machine:2]", "X": 41}, { "VarName": "startT[job:0, stage:2, machine:2]", "X": 77}, { "VarName": "startT[job:1, stage:0, machine:1]", "X": 55}, { "VarName": "startT[job:1, stage:1, machine:1]", "X": 92}, { "VarName": "startT[job:1, stage:2, machine:3]", "X": 142}, { "VarName": "startT[job:2, stage:1, machine:3]", "X": 50}, { "VarName": "startT[job:2, stage:2, machine:2]", "X": 134}, { "VarName": "Z_FO", "X": 553}]}