{ "SolutionInfo": { "Status": 2, "Runtime": 1.1899995803833008e-01, "Work": 5.4375584008683635e-02, "ObjVal": 34533, "ObjBound": 34533, "ObjBoundC": 34533, "MIPGap": 0, "IntVio": 0, "BoundVio": 0, "ConstrVio": 0, "IterCount": 4466, "BarIterCount": 0, "NodeCount": 418, "SolCount": 10, "PoolObjBound": 34533, "PoolObjVal": [ 34533, 3.4675000000000007e+04, 35916, 37456, 37521, 39098, 40302, 40304, 40390, 41737]}, "Vars": [ { "VarName": "y[job:0, stage:0, machine:1]", "X": 1}, { "VarName": "y[job:0, stage:1, machine:2]", "X": 1}, { "VarName": "y[job:0, stage:2, machine:3]", "X": 1}, { "VarName": "y[job:0, stage:3, machine:4]", "X": 1}, { "VarName": "y[job:0, stage:4, machine:5]", "X": 1}, { "VarName": "y[job:1, stage:0, machine:1]", "X": 1}, { "VarName": "y[job:1, stage:1, machine:4]", "X": 1}, { "VarName": "y[job:1, stage:2, machine:3]", "X": 1}, { "VarName": "y[job:1, stage:3, machine:5]", "X": 1}, { "VarName": "y[job:1, stage:4, machine:2]", "X": 1}, { "VarName": "y[job:2, stage:0, machine:1]", "X": 1}, { "VarName": "y[job:2, stage:1, machine:5]", "X": 1}, { "VarName": "y[job:2, stage:2, machine:2]", "X": 1}, { "VarName": "y[job:2, stage:3, machine:3]", "X": 1}, { "VarName": "y[job:2, stage:4, machine:4]", "X": 1}, { "VarName": "y[job:3, stage:0, machine:1]", "X": 1}, { "VarName": "y[job:3, stage:1, machine:3]", "X": 1}, { "VarName": "y[job:3, stage:2, machine:2]", "X": 1}, { "VarName": "y[job:3, stage:3, machine:4]", "X": 1}, { "VarName": "y[job:4, stage:0, machine:1]", "X": 1}, { "VarName": "y[job:4, stage:1, machine:3]", "X": 1}, { "VarName": "y[job:4, stage:2, machine:4]", "X": 1}, { "VarName": "y[job:4, stage:3, machine:2]", "X": 1}, { "VarName": "y[job:4, stage:4, machine:4]", "X": 1}, { "VarName": "x[job1|stage1:0|0, job2|stage2:1|0]", "X": 1}, { "VarName": "x[job1|stage1:0|2, job2|stage2:1|2]", "X": 1}, { "VarName": "x[job1|stage1:0|2, job2|stage2:4|1]", "X": 1}, { "VarName": "x[job1|stage1:0|3, job2|stage2:1|1]", "X": 1}, { "VarName": "x[job1|stage1:0|3, job2|stage2:4|2]", "X": 1}, { "VarName": "x[job1|stage1:0|3, job2|stage2:4|4]", "X": 1}, { "VarName": "x[job1|stage1:0|4, job2|stage2:1|3]", "X": 1}, { "VarName": "x[job1|stage1:0|4, job2|stage2:2|1]", "X": 1}, { "VarName": "x[job1|stage1:2|0, job2|stage2:4|0]", "X": 1}, { "VarName": "x[job1|stage1:2|2, job2|stage2:4|3]", "X": 1}, { "VarName": "x[job1|stage1:2|3, job2|stage2:3|1]", "X": 1}, { "VarName": "x[job1|stage1:2|3, job2|stage2:4|1]", "X": 1}, { "VarName": "x[job1|stage1:2|4, job2|stage2:4|2]", "X": 1}, { "VarName": "x[job1|stage1:2|4, job2|stage2:4|4]", "X": 1}, { "VarName": "x[job1|stage1:3|0, job2|stage2:4|0]", "X": 1}, { "VarName": "x[job1|stage1:3|1, job2|stage2:4|1]", "X": 1}, { "VarName": "x[job1|stage1:3|2, job2|stage2:4|3]", "X": 1}, { "VarName": "x[job1|stage1:3|3, job2|stage2:4|2]", "X": 1}, { "VarName": "x[job1|stage1:3|3, job2|stage2:4|4]", "X": 1}, { "VarName": "startT[job:0, stage:0, machine:1]", "X": 1454}, { "VarName": "startT[job:0, stage:1, machine:2]", "X": 2894}, { "VarName": "startT[job:0, stage:2, machine:3]", "X": 8670}, { "VarName": "startT[job:0, stage:3, machine:4]", "X": 11553}, { "VarName": "startT[job:0, stage:4, machine:5]", "X": 12993}, { "VarName": "startT[job:1, stage:1, machine:4]", "X": 1440}, { "VarName": "startT[job:1, stage:2, machine:3]", "X": 2880}, { "VarName": "startT[job:1, stage:3, machine:5]", "X": 4320}, { "VarName": "startT[job:1, stage:4, machine:2]", "X": 5796}, { "VarName": "startT[job:2, stage:0, machine:1]", "X": 5829}, { "VarName": "startT[job:2, stage:1, machine:5]", "X": 7269}, { "VarName": "startT[job:2, stage:2, machine:2]", "X": 10149}, { "VarName": "startT[job:2, stage:3, machine:3]", "X": 14469}, { "VarName": "startT[job:2, stage:4, machine:4]", "X": 15909}, { "VarName": "startT[job:3, stage:0, machine:1]", "X": 10139}, { "VarName": "startT[job:3, stage:1, machine:3]", "X": 11579}, { "VarName": "startT[job:3, stage:2, machine:2]", "X": 14489}, { "VarName": "startT[job:3, stage:3, machine:4]", "X": 17369}, { "VarName": "startT[job:4, stage:0, machine:1]", "X": 2913}, { "VarName": "startT[job:4, stage:1, machine:3]", "X": 5793}, { "VarName": "startT[job:4, stage:2, machine:4]", "X": 7233}, { "VarName": "startT[job:4, stage:3, machine:2]", "X": 8673}, { "VarName": "startT[job:4, stage:4, machine:4]", "X": 10113}, { "VarName": "Z_FO", "X": 34533}, { "VarName": "b[job:0, stage:2, machine:3]", "X": 1}, { "VarName": "b[job:0, stage:3, machine:4]", "X": 1}, { "VarName": "b[job:0, stage:4, machine:5]", "X": 1}, { "VarName": "b[job:1, stage:4, machine:2]", "X": 1}, { "VarName": "b[job:2, stage:1, machine:5]", "X": 1}, { "VarName": "b[job:2, stage:2, machine:2]", "X": 1}, { "VarName": "b[job:2, stage:3, machine:3]", "X": 1}, { "VarName": "b[job:2, stage:4, machine:4]", "X": 1}, { "VarName": "b[job:3, stage:0, machine:1]", "X": 1}, { "VarName": "b[job:3, stage:1, machine:3]", "X": 1}, { "VarName": "b[job:3, stage:2, machine:2]", "X": 1}, { "VarName": "b[job:3, stage:3, machine:4]", "X": 1}, { "VarName": "b[job:4, stage:1, machine:3]", "X": 1}, { "VarName": "b[job:4, stage:2, machine:4]", "X": 1}, { "VarName": "b[job:4, stage:3, machine:2]", "X": 1}, { "VarName": "b[job:4, stage:4, machine:4]", "X": 1}]}