{ "SolutionInfo": { "Status": 2, "Runtime": 7.4329999923706055e+01, "Work": 3.6229604110111730e+01, "ObjVal": 54718, "ObjBound": 54718, "ObjBoundC": 54718, "MIPGap": 0, "IntVio": 0, "BoundVio": 0, "ConstrVio": 0, "IterCount": 3453168, "BarIterCount": 0, "NodeCount": 423172, "SolCount": 10, "PoolObjBound": 54718, "PoolObjVal": [ 54718, 54771, 55049, 55130, 55169, 55548, 56070, 56348, 56603, 57108]}, "Vars": [ { "VarName": "y[job:0, stage:0, machine:2]", "X": 1}, { "VarName": "y[job:1, stage:0, machine:2]", "X": 1}, { "VarName": "y[job:2, stage:0, machine:4]", "X": 1}, { "VarName": "y[job:3, stage:0, machine:5]", "X": 1}, { "VarName": "y[job:4, stage:0, machine:5]", "X": 1}, { "VarName": "y[job:5, stage:0, machine:7]", "X": 1}, { "VarName": "y[job:6, stage:0, machine:7]", "X": 1}, { "VarName": "y[job:7, stage:0, machine:8]", "X": 1}, { "VarName": "y[job:8, stage:0, machine:10]", "X": 1}, { "VarName": "y[job:9, stage:0, machine:11]", "X": 1}, { "VarName": "y[job:10, stage:0, machine:12]", "X": 1}, { "VarName": "y[job:11, stage:0, machine:1]", "X": 1}, { "VarName": "y[job:12, stage:0, machine:13]", "X": 1}, { "VarName": "y[job:13, stage:0, machine:13]", "X": 1}, { "VarName": "y[job:14, stage:0, machine:10]", "X": 1}, { "VarName": "y[job:15, stage:0, machine:10]", "X": 1}, { "VarName": "y[job:16, stage:0, machine:1]", "X": 1}, { "VarName": "y[job:17, stage:0, machine:1]", "X": 1}, { "VarName": "y[job:18, stage:0, machine:18]", "X": 1}, { "VarName": "y[job:19, stage:0, machine:15]", "X": 1}, { "VarName": "y[job:20, stage:0, machine:20]", "X": 1}, { "VarName": "y[job:21, stage:0, machine:6]", "X": 1}, { "VarName": "y[job:22, stage:0, machine:7]", "X": 1}, { "VarName": "y[job:23, stage:0, machine:10]", "X": 1}, { "VarName": "y[job:24, stage:0, machine:21]", "X": 1}, { "VarName": "y[job:25, stage:0, machine:20]", "X": 1}, { "VarName": "y[job:26, stage:0, machine:20]", "X": 1}, { "VarName": "y[job:27, stage:0, machine:22]", "X": 1}, { "VarName": "y[job:28, stage:0, machine:22]", "X": 1}, { "VarName": "y[job:29, stage:0, machine:14]", "X": 1}, { "VarName": "y[job:30, stage:0, machine:17]", "X": 1}, { "VarName": "y[job:31, stage:0, machine:3]", "X": 1}, { "VarName": "y[job:32, stage:0, machine:23]", "X": 1}, { "VarName": "y[job:33, stage:0, machine:23]", "X": 1}, { "VarName": "y[job:34, stage:0, machine:12]", "X": 1}, { "VarName": "y[job:35, stage:0, machine:15]", "X": 1}, { "VarName": "y[job:36, stage:0, machine:25]", "X": 1}, { "VarName": "y[job:37, stage:0, machine:17]", "X": 1}, { "VarName": "y[job:38, stage:0, machine:28]", "X": 1}, { "VarName": "y[job:39, stage:0, machine:1]", "X": 1}, { "VarName": "y[job:40, stage:0, machine:30]", "X": 1}, { "VarName": "y[job:41, stage:0, machine:6]", "X": 1}, { "VarName": "y[job:42, stage:0, machine:24]", "X": 1}, { "VarName": "y[job:43, stage:0, machine:24]", "X": 1}, { "VarName": "y[job:44, stage:0, machine:31]", "X": 1}, { "VarName": "y[job:45, stage:0, machine:27]", "X": 1}, { "VarName": "y[job:46, stage:0, machine:3]", "X": 1}, { "VarName": "y[job:47, stage:0, machine:22]", "X": 1}, { "VarName": "y[job:48, stage:0, machine:22]", "X": 1}, { "VarName": "y[job:49, stage:0, machine:12]", "X": 1}, { "VarName": "y[job:50, stage:0, machine:14]", "X": 1}, { "VarName": "y[job:51, stage:0, machine:5]", "X": 1}, { "VarName": "y[job:52, stage:0, machine:19]", "X": 1}, { "VarName": "y[job:53, stage:0, machine:16]", "X": 1}, { "VarName": "y[job:54, stage:0, machine:9]", "X": 1}, { "VarName": "y[job:55, stage:0, machine:9]", "X": 1}, { "VarName": "y[job:56, stage:0, machine:34]", "X": 1}, { "VarName": "y[job:57, stage:0, machine:17]", "X": 1}, { "VarName": "y[job:58, stage:0, machine:29]", "X": 1}, { "VarName": "y[job:59, stage:0, machine:35]", "X": 1}, { "VarName": "y[job:60, stage:0, machine:33]", "X": 1}, { "VarName": "y[job:61, stage:0, machine:15]", "X": 1}, { "VarName": "y[job:62, stage:0, machine:2]", "X": 1}, { "VarName": "y[job:63, stage:0, machine:2]", "X": 1}, { "VarName": "y[job:64, stage:0, machine:16]", "X": 1}, { "VarName": "y[job:65, stage:0, machine:21]", "X": 1}, { "VarName": "y[job:66, stage:0, machine:18]", "X": 1}, { "VarName": "y[job:67, stage:0, machine:8]", "X": 1}, { "VarName": "y[job:68, stage:0, machine:5]", "X": 1}, { "VarName": "x[job1|stage1:0|0, job2|stage2:17|0]", "X": 1}, { "VarName": "x[job1|stage1:0|0, job2|stage2:62|0]", "X": 1}, { "VarName": "x[job1|stage1:1|0, job2|stage2:17|0]", "X": 1}, { "VarName": "x[job1|stage1:1|0, job2|stage2:62|0]", "X": 1}, { "VarName": "x[job1|stage1:3|0, job2|stage2:4|0]", "X": 1}, { "VarName": "x[job1|stage1:3|0, job2|stage2:51|0]", "X": 1}, { "VarName": "x[job1|stage1:3|0, job2|stage2:68|0]", "X": 1}, { "VarName": "x[job1|stage1:4|0, job2|stage2:68|0]", "X": 1}, { "VarName": "x[job1|stage1:5|0, job2|stage2:6|0]", "X": 1}, { "VarName": "x[job1|stage1:5|0, job2|stage2:21|0]", "X": 1}, { "VarName": "x[job1|stage1:7|0, job2|stage2:54|0]", "X": 1}, { "VarName": "x[job1|stage1:7|0, job2|stage2:55|0]", "X": 1}, { "VarName": "x[job1|stage1:7|0, job2|stage2:67|0]", "X": 1}, { "VarName": "x[job1|stage1:10|0, job2|stage2:12|0]", "X": 1}, { "VarName": "x[job1|stage1:10|0, job2|stage2:34|0]", "X": 1}, { "VarName": "x[job1|stage1:10|0, job2|stage2:49|0]", "X": 1}, { "VarName": "x[job1|stage1:11|0, job2|stage2:16|0]", "X": 1}, { "VarName": "x[job1|stage1:11|0, job2|stage2:17|0]", "X": 1}, { "VarName": "x[job1|stage1:11|0, job2|stage2:62|0]", "X": 1}, { "VarName": "x[job1|stage1:13|0, job2|stage2:21|0]", "X": 1}, { "VarName": "x[job1|stage1:13|0, job2|stage2:22|0]", "X": 1}, { "VarName": "x[job1|stage1:15|0, job2|stage2:23|0]", "X": 1}, { "VarName": "x[job1|stage1:16|0, job2|stage2:62|0]", "X": 1}, { "VarName": "x[job1|stage1:17|0, job2|stage2:62|0]", "X": 1}, { "VarName": "x[job1|stage1:18|0, job2|stage2:24|0]", "X": 1}, { "VarName": "x[job1|stage1:18|0, job2|stage2:30|0]", "X": 1}, { "VarName": "x[job1|stage1:18|0, job2|stage2:64|0]", "X": 1}, { "VarName": "x[job1|stage1:18|0, job2|stage2:65|0]", "X": 1}, { "VarName": "x[job1|stage1:24|0, job2|stage2:30|0]", "X": 1}, { "VarName": "x[job1|stage1:24|0, job2|stage2:67|0]", "X": 1}, { "VarName": "x[job1|stage1:25|0, job2|stage2:26|0]", "X": 1}, { "VarName": "x[job1|stage1:27|0, job2|stage2:47|0]", "X": 1}, { "VarName": "x[job1|stage1:28|0, job2|stage2:47|0]", "X": 1}, { "VarName": "x[job1|stage1:28|0, job2|stage2:48|0]", "X": 1}, { "VarName": "x[job1|stage1:29|0, job2|stage2:31|0]", "X": 1}, { "VarName": "x[job1|stage1:29|0, job2|stage2:41|0]", "X": 1}, { "VarName": "x[job1|stage1:30|0, job2|stage2:37|0]", "X": 1}, { "VarName": "x[job1|stage1:30|0, job2|stage2:57|0]", "X": 1}, { "VarName": "x[job1|stage1:34|0, job2|stage2:49|0]", "X": 1}, { "VarName": "x[job1|stage1:35|0, job2|stage2:55|0]", "X": 1}, { "VarName": "x[job1|stage1:35|0, job2|stage2:57|0]", "X": 1}, { "VarName": "x[job1|stage1:35|0, job2|stage2:64|0]", "X": 1}, { "VarName": "x[job1|stage1:37|0, job2|stage2:57|0]", "X": 1}, { "VarName": "x[job1|stage1:39|0, job2|stage2:46|0]", "X": 1}, { "VarName": "x[job1|stage1:39|0, job2|stage2:62|0]", "X": 1}, { "VarName": "x[job1|stage1:51|0, job2|stage2:54|0]", "X": 1}, { "VarName": "x[job1|stage1:51|0, job2|stage2:55|0]", "X": 1}, { "VarName": "x[job1|stage1:51|0, job2|stage2:66|0]", "X": 1}, { "VarName": "x[job1|stage1:51|0, job2|stage2:68|0]", "X": 1}, { "VarName": "x[job1|stage1:52|0, job2|stage2:53|0]", "X": 1}, { "VarName": "x[job1|stage1:53|0, job2|stage2:64|0]", "X": 1}, { "VarName": "x[job1|stage1:54|0, job2|stage2:55|0]", "X": 1}, { "VarName": "x[job1|stage1:55|0, job2|stage2:67|0]", "X": 1}, { "VarName": "x[job1|stage1:56|0, job2|stage2:68|0]", "X": 1}, { "VarName": "x[job1|stage1:59|0, job2|stage2:68|0]", "X": 1}, { "VarName": "x[job1|stage1:61|0, job2|stage2:64|0]", "X": 1}, { "VarName": "x[job1|stage1:65|0, job2|stage2:67|0]", "X": 1}, { "VarName": "startT[job:0, stage:0, machine:2]", "X": 40}, { "VarName": "startT[job:1, stage:0, machine:2]", "X": 287}, { "VarName": "startT[job:3, stage:0, machine:5]", "X": 3370}, { "VarName": "startT[job:4, stage:0, machine:5]", "X": 180}, { "VarName": "startT[job:5, stage:0, machine:7]", "X": 181}, { "VarName": "startT[job:7, stage:0, machine:8]", "X": 179}, { "VarName": "startT[job:10, stage:0, machine:12]", "X": 1348}, { "VarName": "startT[job:11, stage:0, machine:1]", "X": 674}, { "VarName": "startT[job:13, stage:0, machine:13]", "X": 3370}, { "VarName": "startT[job:14, stage:0, machine:10]", "X": 83}, { "VarName": "startT[job:15, stage:0, machine:10]", "X": 707}, { "VarName": "startT[job:17, stage:0, machine:1]", "X": 191}, { "VarName": "startT[job:22, stage:0, machine:7]", "X": 2696}, { "VarName": "startT[job:23, stage:0, machine:10]", "X": 223}, { "VarName": "startT[job:25, stage:0, machine:20]", "X": 3370}, { "VarName": "startT[job:26, stage:0, machine:20]", "X": 227}, { "VarName": "startT[job:27, stage:0, machine:22]", "X": 302}, { "VarName": "startT[job:28, stage:0, machine:22]", "X": 3370}, { "VarName": "startT[job:30, stage:0, machine:17]", "X": 2696}, { "VarName": "startT[job:33, stage:0, machine:23]", "X": 303}, { "VarName": "startT[job:34, stage:0, machine:12]", "X": 99}, { "VarName": "startT[job:35, stage:0, machine:15]", "X": 367}, { "VarName": "startT[job:37, stage:0, machine:17]", "X": 208}, { "VarName": "startT[job:39, stage:0, machine:1]", "X": 3370}, { "VarName": "startT[job:40, stage:0, machine:30]", "X": 1348}, { "VarName": "startT[job:41, stage:0, machine:6]", "X": 113}, { "VarName": "startT[job:43, stage:0, machine:24]", "X": 2022}, { "VarName": "startT[job:46, stage:0, machine:3]", "X": 266}, { "VarName": "startT[job:48, stage:0, machine:22]", "X": 713}, { "VarName": "startT[job:50, stage:0, machine:14]", "X": 408}, { "VarName": "startT[job:51, stage:0, machine:5]", "X": 636}, { "VarName": "startT[job:53, stage:0, machine:16]", "X": 275}, { "VarName": "startT[job:54, stage:0, machine:9]", "X": 606}, { "VarName": "startT[job:59, stage:0, machine:35]", "X": 1348}, { "VarName": "startT[job:61, stage:0, machine:15]", "X": 2022}, { "VarName": "startT[job:63, stage:0, machine:2]", "X": 1348}, { "VarName": "startT[job:65, stage:0, machine:21]", "X": 520}, { "VarName": "startT[job:66, stage:0, machine:18]", "X": 351}, { "VarName": "Z_FO", "X": 54718}]}