{ "SolutionInfo": { "Status": 9, "Runtime": 10801.375, "Work": 1.0639070424307088e+03, "ObjVal": 70636, "ObjBound": 69657, "ObjBoundC": 6.9656298834461719e+04, "MIPGap": 1.3859788209977915e-02, "IntVio": 0, "BoundVio": 0, "ConstrVio": 0, "IterCount": 63361339, "BarIterCount": 0, "NodeCount": 4853096, "SolCount": 10, "PoolObjBound": 69657, "PoolObjVal": [ 70636, 70641, 70652, 70685, 70686, 70692, 70703, 70730, 70739, 71171]}, "Vars": [ { "VarName": "y[job:0, stage:0, machine:2]", "X": 1}, { "VarName": "y[job:1, stage:0, machine:2]", "X": 1}, { "VarName": "y[job:2, stage:0, machine:4]", "X": 1}, { "VarName": "y[job:3, stage:0, machine:5]", "X": 1}, { "VarName": "y[job:4, stage:0, machine:5]", "X": 1}, { "VarName": "y[job:5, stage:0, machine:7]", "X": 1}, { "VarName": "y[job:6, stage:0, machine:7]", "X": 1}, { "VarName": "y[job:7, stage:0, machine:8]", "X": 1}, { "VarName": "y[job:8, stage:0, machine:10]", "X": 1}, { "VarName": "y[job:9, stage:0, machine:11]", "X": 1}, { "VarName": "y[job:10, stage:0, machine:3]", "X": 1}, { "VarName": "y[job:11, stage:0, machine:1]", "X": 1}, { "VarName": "y[job:12, stage:0, machine:13]", "X": 1}, { "VarName": "y[job:13, stage:0, machine:13]", "X": 1}, { "VarName": "y[job:14, stage:0, machine:10]", "X": 1}, { "VarName": "y[job:15, stage:0, machine:10]", "X": 1}, { "VarName": "y[job:16, stage:0, machine:1]", "X": 1}, { "VarName": "y[job:17, stage:0, machine:1]", "X": 1}, { "VarName": "y[job:18, stage:0, machine:16]", "X": 1}, { "VarName": "y[job:19, stage:0, machine:15]", "X": 1}, { "VarName": "y[job:20, stage:0, machine:20]", "X": 1}, { "VarName": "y[job:21, stage:0, machine:6]", "X": 1}, { "VarName": "y[job:22, stage:0, machine:7]", "X": 1}, { "VarName": "y[job:23, stage:0, machine:10]", "X": 1}, { "VarName": "y[job:24, stage:0, machine:21]", "X": 1}, { "VarName": "y[job:25, stage:0, machine:20]", "X": 1}, { "VarName": "y[job:26, stage:0, machine:20]", "X": 1}, { "VarName": "y[job:27, stage:0, machine:22]", "X": 1}, { "VarName": "y[job:28, stage:0, machine:22]", "X": 1}, { "VarName": "y[job:29, stage:0, machine:14]", "X": 1}, { "VarName": "y[job:30, stage:0, machine:17]", "X": 1}, { "VarName": "y[job:31, stage:0, machine:3]", "X": 1}, { "VarName": "y[job:32, stage:0, machine:23]", "X": 1}, { "VarName": "y[job:33, stage:0, machine:23]", "X": 1}, { "VarName": "y[job:34, stage:0, machine:12]", "X": 1}, { "VarName": "y[job:35, stage:0, machine:24]", "X": 1}, { "VarName": "y[job:36, stage:0, machine:26]", "X": 1}, { "VarName": "y[job:37, stage:0, machine:17]", "X": 1}, { "VarName": "y[job:38, stage:0, machine:27]", "X": 1}, { "VarName": "y[job:39, stage:0, machine:1]", "X": 1}, { "VarName": "y[job:40, stage:0, machine:30]", "X": 1}, { "VarName": "y[job:41, stage:0, machine:6]", "X": 1}, { "VarName": "y[job:42, stage:0, machine:21]", "X": 1}, { "VarName": "y[job:43, stage:0, machine:24]", "X": 1}, { "VarName": "y[job:44, stage:0, machine:31]", "X": 1}, { "VarName": "y[job:45, stage:0, machine:32]", "X": 1}, { "VarName": "y[job:46, stage:0, machine:3]", "X": 1}, { "VarName": "y[job:47, stage:0, machine:22]", "X": 1}, { "VarName": "y[job:48, stage:0, machine:22]", "X": 1}, { "VarName": "y[job:49, stage:0, machine:12]", "X": 1}, { "VarName": "y[job:50, stage:0, machine:14]", "X": 1}, { "VarName": "y[job:51, stage:0, machine:5]", "X": 1}, { "VarName": "y[job:52, stage:0, machine:19]", "X": 1}, { "VarName": "y[job:53, stage:0, machine:16]", "X": 1}, { "VarName": "y[job:54, stage:0, machine:9]", "X": 1}, { "VarName": "y[job:55, stage:0, machine:9]", "X": 1}, { "VarName": "y[job:56, stage:0, machine:25]", "X": 1}, { "VarName": "y[job:57, stage:0, machine:17]", "X": 1}, { "VarName": "y[job:58, stage:0, machine:29]", "X": 1}, { "VarName": "y[job:59, stage:0, machine:35]", "X": 1}, { "VarName": "y[job:60, stage:0, machine:33]", "X": 1}, { "VarName": "y[job:61, stage:0, machine:15]", "X": 1}, { "VarName": "y[job:62, stage:0, machine:1]", "X": 1}, { "VarName": "y[job:63, stage:0, machine:2]", "X": 1}, { "VarName": "y[job:64, stage:0, machine:15]", "X": 1}, { "VarName": "y[job:65, stage:0, machine:18]", "X": 1}, { "VarName": "y[job:66, stage:0, machine:8]", "X": 1}, { "VarName": "y[job:67, stage:0, machine:18]", "X": 1}, { "VarName": "y[job:68, stage:0, machine:5]", "X": 1}, { "VarName": "x[job1|stage1:1|0, job2|stage2:39|0]", "X": 1}, { "VarName": "x[job1|stage1:3|0, job2|stage2:4|0]", "X": 1}, { "VarName": "x[job1|stage1:3|0, job2|stage2:51|0]", "X": 1}, { "VarName": "x[job1|stage1:3|0, job2|stage2:68|0]", "X": 1}, { "VarName": "x[job1|stage1:4|0, job2|stage2:68|0]", "X": 1}, { "VarName": "x[job1|stage1:5|0, job2|stage2:6|0]", "X": 1}, { "VarName": "x[job1|stage1:5|0, job2|stage2:21|0]", "X": 1}, { "VarName": "x[job1|stage1:6|0, job2|stage2:21|0]", "X": 1}, { "VarName": "x[job1|stage1:6|0, job2|stage2:41|0]", "X": 1}, { "VarName": "x[job1|stage1:7|0, job2|stage2:54|0]", "X": 1}, { "VarName": "x[job1|stage1:10|0, job2|stage2:11|0]", "X": 1}, { "VarName": "x[job1|stage1:10|0, job2|stage2:12|0]", "X": 1}, { "VarName": "x[job1|stage1:10|0, job2|stage2:16|0]", "X": 1}, { "VarName": "x[job1|stage1:10|0, job2|stage2:17|0]", "X": 1}, { "VarName": "x[job1|stage1:10|0, job2|stage2:31|0]", "X": 1}, { "VarName": "x[job1|stage1:10|0, job2|stage2:46|0]", "X": 1}, { "VarName": "x[job1|stage1:10|0, job2|stage2:62|0]", "X": 1}, { "VarName": "x[job1|stage1:11|0, job2|stage2:16|0]", "X": 1}, { "VarName": "x[job1|stage1:11|0, job2|stage2:17|0]", "X": 1}, { "VarName": "x[job1|stage1:11|0, job2|stage2:41|0]", "X": 1}, { "VarName": "x[job1|stage1:11|0, job2|stage2:62|0]", "X": 1}, { "VarName": "x[job1|stage1:12|0, job2|stage2:34|0]", "X": 1}, { "VarName": "x[job1|stage1:13|0, job2|stage2:21|0]", "X": 1}, { "VarName": "x[job1|stage1:13|0, job2|stage2:22|0]", "X": 1}, { "VarName": "x[job1|stage1:15|0, job2|stage2:23|0]", "X": 1}, { "VarName": "x[job1|stage1:16|0, job2|stage2:62|0]", "X": 1}, { "VarName": "x[job1|stage1:17|0, job2|stage2:62|0]", "X": 1}, { "VarName": "x[job1|stage1:18|0, job2|stage2:19|0]", "X": 1}, { "VarName": "x[job1|stage1:18|0, job2|stage2:37|0]", "X": 1}, { "VarName": "x[job1|stage1:18|0, job2|stage2:57|0]", "X": 1}, { "VarName": "x[job1|stage1:19|0, job2|stage2:64|0]", "X": 1}, { "VarName": "x[job1|stage1:25|0, job2|stage2:26|0]", "X": 1}, { "VarName": "x[job1|stage1:27|0, job2|stage2:47|0]", "X": 1}, { "VarName": "x[job1|stage1:28|0, job2|stage2:47|0]", "X": 1}, { "VarName": "x[job1|stage1:28|0, job2|stage2:48|0]", "X": 1}, { "VarName": "x[job1|stage1:29|0, job2|stage2:31|0]", "X": 1}, { "VarName": "x[job1|stage1:29|0, job2|stage2:46|0]", "X": 1}, { "VarName": "x[job1|stage1:30|0, job2|stage2:35|0]", "X": 1}, { "VarName": "x[job1|stage1:30|0, job2|stage2:37|0]", "X": 1}, { "VarName": "x[job1|stage1:30|0, job2|stage2:51|0]", "X": 1}, { "VarName": "x[job1|stage1:30|0, job2|stage2:57|0]", "X": 1}, { "VarName": "x[job1|stage1:34|0, job2|stage2:39|0]", "X": 1}, { "VarName": "x[job1|stage1:34|0, job2|stage2:49|0]", "X": 1}, { "VarName": "x[job1|stage1:36|0, job2|stage2:56|0]", "X": 1}, { "VarName": "x[job1|stage1:37|0, job2|stage2:57|0]", "X": 1}, { "VarName": "x[job1|stage1:39|0, job2|stage2:62|0]", "X": 1}, { "VarName": "x[job1|stage1:41|0, job2|stage2:62|0]", "X": 1}, { "VarName": "x[job1|stage1:42|0, job2|stage2:67|0]", "X": 1}, { "VarName": "x[job1|stage1:46|0, job2|stage2:62|0]", "X": 1}, { "VarName": "x[job1|stage1:51|0, job2|stage2:55|0]", "X": 1}, { "VarName": "x[job1|stage1:51|0, job2|stage2:68|0]", "X": 1}, { "VarName": "x[job1|stage1:54|0, job2|stage2:55|0]", "X": 1}, { "VarName": "x[job1|stage1:55|0, job2|stage2:68|0]", "X": 1}, { "VarName": "x[job1|stage1:59|0, job2|stage2:68|0]", "X": 1}, { "VarName": "x[job1|stage1:61|0, job2|stage2:64|0]", "X": 1}, { "VarName": "x[job1|stage1:65|0, job2|stage2:67|0]", "X": 1}, { "VarName": "x[job1|stage1:66|0, job2|stage2:67|0]", "X": 1}, { "VarName": "startT[job:1, stage:0, machine:2]", "X": 247}, { "VarName": "startT[job:3, stage:0, machine:5]", "X": 3370}, { "VarName": "startT[job:4, stage:0, machine:5]", "X": 180}, { "VarName": "startT[job:5, stage:0, machine:7]", "X": 181}, { "VarName": "startT[job:10, stage:0, machine:3]", "X": 1348}, { "VarName": "startT[job:11, stage:0, machine:1]", "X": 674}, { "VarName": "startT[job:13, stage:0, machine:13]", "X": 3370}, { "VarName": "startT[job:14, stage:0, machine:10]", "X": 83}, { "VarName": "startT[job:15, stage:0, machine:10]", "X": 707}, { "VarName": "startT[job:16, stage:0, machine:1]", "X": 46}, { "VarName": "startT[job:17, stage:0, machine:1]", "X": 237}, { "VarName": "startT[job:19, stage:0, machine:15]", "X": 277}, { "VarName": "startT[job:22, stage:0, machine:7]", "X": 2696}, { "VarName": "startT[job:23, stage:0, machine:10]", "X": 223}, { "VarName": "startT[job:25, stage:0, machine:20]", "X": 3370}, { "VarName": "startT[job:26, stage:0, machine:20]", "X": 227}, { "VarName": "startT[job:27, stage:0, machine:22]", "X": 302}, { "VarName": "startT[job:28, stage:0, machine:22]", "X": 3370}, { "VarName": "startT[job:30, stage:0, machine:17]", "X": 2696}, { "VarName": "startT[job:33, stage:0, machine:23]", "X": 303}, { "VarName": "startT[job:34, stage:0, machine:12]", "X": 99}, { "VarName": "startT[job:37, stage:0, machine:17]", "X": 208}, { "VarName": "startT[job:39, stage:0, machine:1]", "X": 3370}, { "VarName": "startT[job:40, stage:0, machine:30]", "X": 1348}, { "VarName": "startT[job:41, stage:0, machine:6]", "X": 113}, { "VarName": "startT[job:42, stage:0, machine:21]", "X": 522}, { "VarName": "startT[job:43, stage:0, machine:24]", "X": 2022}, { "VarName": "startT[job:46, stage:0, machine:3]", "X": 266}, { "VarName": "startT[job:48, stage:0, machine:22]", "X": 713}, { "VarName": "startT[job:50, stage:0, machine:14]", "X": 408}, { "VarName": "startT[job:51, stage:0, machine:5]", "X": 636}, { "VarName": "startT[job:53, stage:0, machine:16]", "X": 352}, { "VarName": "startT[job:54, stage:0, machine:9]", "X": 606}, { "VarName": "startT[job:59, stage:0, machine:35]", "X": 1348}, { "VarName": "startT[job:61, stage:0, machine:15]", "X": 2022}, { "VarName": "startT[job:63, stage:0, machine:2]", "X": 1348}, { "VarName": "startT[job:65, stage:0, machine:18]", "X": 179}, { "VarName": "startT[job:66, stage:0, machine:8]", "X": 646}, { "VarName": "Z_FO", "X": 70636}, { "VarName": "b[job:0, stage:0, machine:2]", "X": 1}, { "VarName": "b[job:1, stage:0, machine:2]", "X": 1}, { "VarName": "b[job:2, stage:0, machine:4]", "X": 1}, { "VarName": "b[job:3, stage:0, machine:5]", "X": 1}, { "VarName": "b[job:4, stage:0, machine:5]", "X": 1}, { "VarName": "b[job:5, stage:0, machine:7]", "X": 1}, { "VarName": "b[job:7, stage:0, machine:8]", "X": 1}, { "VarName": "b[job:8, stage:0, machine:10]", "X": 1}, { "VarName": "b[job:9, stage:0, machine:11]", "X": 1}, { "VarName": "b[job:10, stage:0, machine:3]", "X": 1}, { "VarName": "b[job:11, stage:0, machine:1]", "X": 1}, { "VarName": "b[job:13, stage:0, machine:13]", "X": 1}, { "VarName": "b[job:15, stage:0, machine:10]", "X": 1}, { "VarName": "b[job:17, stage:0, machine:1]", "X": 1}, { "VarName": "b[job:18, stage:0, machine:16]", "X": 1}, { "VarName": "b[job:19, stage:0, machine:15]", "X": 1}, { "VarName": "b[job:20, stage:0, machine:20]", "X": 1}, { "VarName": "b[job:21, stage:0, machine:6]", "X": 1}, { "VarName": "b[job:22, stage:0, machine:7]", "X": 1}, { "VarName": "b[job:23, stage:0, machine:10]", "X": 1}, { "VarName": "b[job:24, stage:0, machine:21]", "X": 1}, { "VarName": "b[job:25, stage:0, machine:20]", "X": 1}, { "VarName": "b[job:26, stage:0, machine:20]", "X": 1}, { "VarName": "b[job:27, stage:0, machine:22]", "X": 1}, { "VarName": "b[job:28, stage:0, machine:22]", "X": 1}, { "VarName": "b[job:29, stage:0, machine:14]", "X": 1}, { "VarName": "b[job:30, stage:0, machine:17]", "X": 1}, { "VarName": "b[job:32, stage:0, machine:23]", "X": 1}, { "VarName": "b[job:33, stage:0, machine:23]", "X": 1}, { "VarName": "b[job:34, stage:0, machine:12]", "X": 1}, { "VarName": "b[job:35, stage:0, machine:24]", "X": 1}, { "VarName": "b[job:36, stage:0, machine:26]", "X": 1}, { "VarName": "b[job:37, stage:0, machine:17]", "X": 1}, { "VarName": "b[job:38, stage:0, machine:27]", "X": 1}, { "VarName": "b[job:39, stage:0, machine:1]", "X": 1}, { "VarName": "b[job:40, stage:0, machine:30]", "X": 1}, { "VarName": "b[job:41, stage:0, machine:6]", "X": 1}, { "VarName": "b[job:42, stage:0, machine:21]", "X": 1}, { "VarName": "b[job:43, stage:0, machine:24]", "X": 1}, { "VarName": "b[job:44, stage:0, machine:31]", "X": 1}, { "VarName": "b[job:45, stage:0, machine:32]", "X": 1}, { "VarName": "b[job:46, stage:0, machine:3]", "X": 1}, { "VarName": "b[job:47, stage:0, machine:22]", "X": 1}, { "VarName": "b[job:48, stage:0, machine:22]", "X": 1}, { "VarName": "b[job:49, stage:0, machine:12]", "X": 1}, { "VarName": "b[job:50, stage:0, machine:14]", "X": 1}, { "VarName": "b[job:51, stage:0, machine:5]", "X": 1}, { "VarName": "b[job:52, stage:0, machine:19]", "X": 1}, { "VarName": "b[job:53, stage:0, machine:16]", "X": 1}, { "VarName": "b[job:54, stage:0, machine:9]", "X": 1}, { "VarName": "b[job:55, stage:0, machine:9]", "X": 1}, { "VarName": "b[job:58, stage:0, machine:29]", "X": 1}, { "VarName": "b[job:59, stage:0, machine:35]", "X": 1}, { "VarName": "b[job:60, stage:0, machine:33]", "X": 1}, { "VarName": "b[job:61, stage:0, machine:15]", "X": 1}, { "VarName": "b[job:62, stage:0, machine:1]", "X": 1}, { "VarName": "b[job:63, stage:0, machine:2]", "X": 1}, { "VarName": "b[job:64, stage:0, machine:15]", "X": 1}, { "VarName": "b[job:65, stage:0, machine:18]", "X": 1}, { "VarName": "b[job:66, stage:0, machine:8]", "X": 1}, { "VarName": "b[job:67, stage:0, machine:18]", "X": 1}]}