{ "SolutionInfo": { "Status": 2, "Runtime": 3.7399983406066895e-01, "Work": 1.8213406126034978e-01, "ObjVal": 2043, "ObjBound": 2043, "ObjBoundC": 2043, "MIPGap": 0, "IntVio": 0, "BoundVio": 0, "ConstrVio": 0, "IterCount": 32103, "BarIterCount": 0, "NodeCount": 7550, "SolCount": 10, "PoolObjBound": 2043, "PoolObjVal": [ 2043, 2071, 2113, 2142, 2175, 2191, 2329, 2442, 2590, 2742]}, "Vars": [ { "VarName": "y[job:0, stage:0, machine:2]", "X": 1}, { "VarName": "y[job:0, stage:1, machine:2]", "X": 1}, { "VarName": "y[job:0, stage:2, machine:4]", "X": 1}, { "VarName": "y[job:1, stage:0, machine:3]", "X": 1}, { "VarName": "y[job:1, stage:1, machine:3]", "X": 1}, { "VarName": "y[job:1, stage:2, machine:6]", "X": 1}, { "VarName": "y[job:2, stage:0, machine:2]", "X": 1}, { "VarName": "y[job:2, stage:1, machine:4]", "X": 1}, { "VarName": "y[job:2, stage:2, machine:5]", "X": 1}, { "VarName": "y[job:3, stage:0, machine:1]", "X": 1}, { "VarName": "y[job:3, stage:1, machine:5]", "X": 1}, { "VarName": "y[job:3, stage:2, machine:6]", "X": 1}, { "VarName": "y[job:4, stage:0, machine:1]", "X": 1}, { "VarName": "y[job:4, stage:1, machine:5]", "X": 1}, { "VarName": "y[job:4, stage:2, machine:6]", "X": 1}, { "VarName": "x[job1|stage1:0|0, job2|stage2:1|0]", "X": 1}, { "VarName": "x[job1|stage1:0|0, job2|stage2:2|0]", "X": 1}, { "VarName": "x[job1|stage1:0|0, job2|stage2:3|0]", "X": 1}, { "VarName": "x[job1|stage1:0|0, job2|stage2:4|0]", "X": 1}, { "VarName": "x[job1|stage1:0|1, job2|stage2:0|0]", "X": 1}, { "VarName": "x[job1|stage1:0|1, job2|stage2:2|0]", "X": 1}, { "VarName": "x[job1|stage1:0|1, job2|stage2:3|0]", "X": 1}, { "VarName": "x[job1|stage1:0|1, job2|stage2:4|0]", "X": 1}, { "VarName": "x[job1|stage1:0|2, job2|stage2:2|1]", "X": 1}, { "VarName": "x[job1|stage1:1|0, job2|stage2:4|0]", "X": 1}, { "VarName": "x[job1|stage1:1|1, job2|stage2:1|0]", "X": 1}, { "VarName": "x[job1|stage1:1|1, job2|stage2:2|0]", "X": 1}, { "VarName": "x[job1|stage1:1|1, job2|stage2:4|0]", "X": 1}, { "VarName": "x[job1|stage1:1|2, job2|stage2:4|2]", "X": 1}, { "VarName": "x[job1|stage1:2|0, job2|stage2:3|0]", "X": 1}, { "VarName": "x[job1|stage1:2|0, job2|stage2:4|0]", "X": 1}, { "VarName": "x[job1|stage1:2|1, job2|stage2:4|1]", "X": 1}, { "VarName": "x[job1|stage1:2|2, job2|stage2:4|1]", "X": 1}, { "VarName": "x[job1|stage1:2|2, job2|stage2:4|2]", "X": 1}, { "VarName": "x[job1|stage1:3|0, job2|stage2:4|0]", "X": 1}, { "VarName": "x[job1|stage1:3|1, job2|stage2:4|1]", "X": 1}, { "VarName": "x[job1|stage1:3|2, job2|stage2:4|2]", "X": 1}, { "VarName": "startT[job:0, stage:0, machine:2]", "X": 75}, { "VarName": "startT[job:0, stage:1, machine:2]", "X": 207}, { "VarName": "startT[job:0, stage:2, machine:4]", "X": 337}, { "VarName": "startT[job:1, stage:1, machine:3]", "X": 194}, { "VarName": "startT[job:1, stage:2, machine:6]", "X": 281}, { "VarName": "startT[job:2, stage:1, machine:4]", "X": 62}, { "VarName": "startT[job:2, stage:2, machine:5]", "X": 194}, { "VarName": "startT[job:3, stage:0, machine:1]", "X": 147}, { "VarName": "startT[job:3, stage:1, machine:5]", "X": 307}, { "VarName": "startT[job:3, stage:2, machine:6]", "X": 480}, { "VarName": "startT[job:4, stage:0, machine:1]", "X": 10}, { "VarName": "startT[job:4, stage:1, machine:5]", "X": 138}, { "VarName": "startT[job:4, stage:2, machine:6]", "X": 185}, { "VarName": "Z_FO", "X": 2043}]}