{ "SolutionInfo": { "Status": 2, "Runtime": 3.9000034332275391e-02, "Work": 1.2504511247780466e-02, "ObjVal": 303, "ObjBound": 303, "ObjBoundC": 303, "MIPGap": 0, "IntVio": 0, "BoundVio": 0, "ConstrVio": 0, "IterCount": 477, "BarIterCount": 0, "NodeCount": 96, "SolCount": 3, "PoolObjBound": 303, "PoolObjVal": [ 303, 459, 536]}, "Vars": [ { "VarName": "y[job:0, stage:0, machine:2]", "X": 1}, { "VarName": "y[job:0, stage:1, machine:1]", "X": 1}, { "VarName": "y[job:1, stage:0, machine:1]", "X": 1}, { "VarName": "y[job:1, stage:1, machine:2]", "X": 1}, { "VarName": "y[job:2, stage:0, machine:1]", "X": 1}, { "VarName": "y[job:2, stage:1, machine:2]", "X": 1}, { "VarName": "x[job1|stage1:0|1, job2|stage2:1|0]", "X": 1}, { "VarName": "x[job1|stage1:0|1, job2|stage2:2|0]", "X": 1}, { "VarName": "x[job1|stage1:1|0, job2|stage2:2|0]", "X": 1}, { "VarName": "x[job1|stage1:1|1, job2|stage2:2|1]", "X": 1}, { "VarName": "startT[job:0, stage:1, machine:1]", "X": 62}, { "VarName": "startT[job:1, stage:0, machine:1]", "X": 24}, { "VarName": "startT[job:1, stage:1, machine:2]", "X": 80}, { "VarName": "startT[job:2, stage:1, machine:2]", "X": 39}, { "VarName": "Z_FO", "X": 303}]}