{ "SolutionInfo": { "Status": 9, "Runtime": 1.0801819999933243e+04, "Work": 1.8633348306101336e+03, "ObjVal": 11597, "ObjBound": 7818, "ObjBoundC": 7.8171005552265469e+03, "MIPGap": 3.2586013624213156e-01, "IntVio": 0, "BoundVio": 0, "ConstrVio": 0, "IterCount": 58666846, "BarIterCount": 0, "NodeCount": 2267998, "SolCount": 10, "PoolObjBound": 7818, "PoolObjVal": [ 11597, 11598, 11605, 11615, 11644, 11651, 11668, 11675, 11741, 11822]}, "Vars": [ { "VarName": "y[job:0, stage:0, machine:1]", "X": 1}, { "VarName": "y[job:0, stage:1, machine:7]", "X": 1}, { "VarName": "y[job:0, stage:2, machine:5]", "X": 1}, { "VarName": "y[job:0, stage:3, machine:8]", "X": 1}, { "VarName": "y[job:1, stage:0, machine:3]", "X": 1}, { "VarName": "y[job:1, stage:1, machine:2]", "X": 1}, { "VarName": "y[job:1, stage:2, machine:6]", "X": 1}, { "VarName": "y[job:1, stage:3, machine:8]", "X": 1}, { "VarName": "y[job:2, stage:0, machine:1]", "X": 1}, { "VarName": "y[job:2, stage:1, machine:7]", "X": 1}, { "VarName": "y[job:2, stage:2, machine:5]", "X": 1}, { "VarName": "y[job:2, stage:3, machine:8]", "X": 1}, { "VarName": "y[job:3, stage:0, machine:1]", "X": 1}, { "VarName": "y[job:3, stage:1, machine:5]", "X": 1}, { "VarName": "y[job:3, stage:2, machine:4]", "X": 1}, { "VarName": "y[job:3, stage:3, machine:6]", "X": 1}, { "VarName": "y[job:4, stage:0, machine:1]", "X": 1}, { "VarName": "y[job:4, stage:1, machine:5]", "X": 1}, { "VarName": "y[job:4, stage:2, machine:6]", "X": 1}, { "VarName": "y[job:4, stage:3, machine:8]", "X": 1}, { "VarName": "y[job:5, stage:0, machine:4]", "X": 1}, { "VarName": "y[job:5, stage:1, machine:3]", "X": 1}, { "VarName": "y[job:5, stage:2, machine:7]", "X": 1}, { "VarName": "y[job:5, stage:3, machine:7]", "X": 1}, { "VarName": "y[job:6, stage:0, machine:3]", "X": 1}, { "VarName": "y[job:6, stage:1, machine:3]", "X": 1}, { "VarName": "y[job:6, stage:2, machine:5]", "X": 1}, { "VarName": "y[job:6, stage:3, machine:5]", "X": 1}, { "VarName": "y[job:7, stage:0, machine:4]", "X": 1}, { "VarName": "y[job:7, stage:1, machine:6]", "X": 1}, { "VarName": "y[job:7, stage:2, machine:5]", "X": 1}, { "VarName": "y[job:7, stage:3, machine:7]", "X": 1}, { "VarName": "y[job:8, stage:0, machine:2]", "X": 1}, { "VarName": "y[job:8, stage:1, machine:3]", "X": 1}, { "VarName": "y[job:8, stage:2, machine:7]", "X": 1}, { "VarName": "y[job:8, stage:3, machine:8]", "X": 1}, { "VarName": "y[job:9, stage:0, machine:4]", "X": 1}, { "VarName": "y[job:9, stage:1, machine:6]", "X": 1}, { "VarName": "y[job:9, stage:2, machine:5]", "X": 1}, { "VarName": "y[job:9, stage:3, machine:7]", "X": 1}, { "VarName": "y[job:10, stage:0, machine:2]", "X": 1}, { "VarName": "y[job:10, stage:1, machine:4]", "X": 1}, { "VarName": "y[job:10, stage:2, machine:5]", "X": 1}, { "VarName": "y[job:10, stage:3, machine:6]", "X": 1}, { "VarName": "y[job:11, stage:0, machine:2]", "X": 1}, { "VarName": "y[job:11, stage:1, machine:3]", "X": 1}, { "VarName": "y[job:11, stage:2, machine:7]", "X": 1}, { "VarName": "y[job:11, stage:3, machine:8]", "X": 1}, { "VarName": "x[job1|stage1:0|0, job2|stage2:1|1]", "X": 1}, { "VarName": "x[job1|stage1:0|0, job2|stage2:2|0]", "X": 1}, { "VarName": "x[job1|stage1:0|0, job2|stage2:3|0]", "X": 1}, { "VarName": "x[job1|stage1:0|0, job2|stage2:4|0]", "X": 1}, { "VarName": "x[job1|stage1:0|0, job2|stage2:5|1]", "X": 1}, { "VarName": "x[job1|stage1:0|0, job2|stage2:11|0]", "X": 1}, { "VarName": "x[job1|stage1:0|1, job2|stage2:0|0]", "X": 1}, { "VarName": "x[job1|stage1:0|1, job2|stage2:2|1]", "X": 1}, { "VarName": "x[job1|stage1:0|1, job2|stage2:5|2]", "X": 1}, { "VarName": "x[job1|stage1:0|1, job2|stage2:5|3]", "X": 1}, { "VarName": "x[job1|stage1:0|2, job2|stage2:0|1]", "X": 1}, { "VarName": "x[job1|stage1:0|2, job2|stage2:2|2]", "X": 1}, { "VarName": "x[job1|stage1:0|2, job2|stage2:3|1]", "X": 1}, { "VarName": "x[job1|stage1:0|2, job2|stage2:4|1]", "X": 1}, { "VarName": "x[job1|stage1:0|2, job2|stage2:4|2]", "X": 1}, { "VarName": "x[job1|stage1:0|2, job2|stage2:6|2]", "X": 1}, { "VarName": "x[job1|stage1:0|2, job2|stage2:6|3]", "X": 1}, { "VarName": "x[job1|stage1:0|2, job2|stage2:10|2]", "X": 1}, { "VarName": "x[job1|stage1:0|3, job2|stage2:0|1]", "X": 1}, { "VarName": "x[job1|stage1:0|3, job2|stage2:0|2]", "X": 1}, { "VarName": "x[job1|stage1:0|3, job2|stage2:1|3]", "X": 1}, { "VarName": "x[job1|stage1:0|3, job2|stage2:2|1]", "X": 1}, { "VarName": "x[job1|stage1:0|3, job2|stage2:2|3]", "X": 1}, { "VarName": "x[job1|stage1:0|3, job2|stage2:4|3]", "X": 1}, { "VarName": "x[job1|stage1:0|3, job2|stage2:5|2]", "X": 1}, { "VarName": "x[job1|stage1:0|3, job2|stage2:5|3]", "X": 1}, { "VarName": "x[job1|stage1:0|3, job2|stage2:7|3]", "X": 1}, { "VarName": "x[job1|stage1:0|3, job2|stage2:8|2]", "X": 1}, { "VarName": "x[job1|stage1:0|3, job2|stage2:8|3]", "X": 1}, { "VarName": "x[job1|stage1:0|3, job2|stage2:11|2]", "X": 1}, { "VarName": "x[job1|stage1:1|1, job2|stage2:1|0]", "X": 1}, { "VarName": "x[job1|stage1:1|1, job2|stage2:3|0]", "X": 1}, { "VarName": "x[job1|stage1:1|1, job2|stage2:10|0]", "X": 1}, { "VarName": "x[job1|stage1:1|3, job2|stage2:1|2]", "X": 1}, { "VarName": "x[job1|stage1:2|0, job2|stage2:3|0]", "X": 1}, { "VarName": "x[job1|stage1:2|1, job2|stage2:3|2]", "X": 1}, { "VarName": "x[job1|stage1:2|1, job2|stage2:4|1]", "X": 1}, { "VarName": "x[job1|stage1:2|1, job2|stage2:5|0]", "X": 1}, { "VarName": "x[job1|stage1:2|1, job2|stage2:5|1]", "X": 1}, { "VarName": "x[job1|stage1:2|1, job2|stage2:10|1]", "X": 1}, { "VarName": "x[job1|stage1:2|1, job2|stage2:11|1]", "X": 1}, { "VarName": "x[job1|stage1:2|2, job2|stage2:2|1]", "X": 1}, { "VarName": "x[job1|stage1:2|2, job2|stage2:3|1]", "X": 1}, { "VarName": "x[job1|stage1:2|2, job2|stage2:3|2]", "X": 1}, { "VarName": "x[job1|stage1:2|2, job2|stage2:4|1]", "X": 1}, { "VarName": "x[job1|stage1:2|2, job2|stage2:4|2]", "X": 1}, { "VarName": "x[job1|stage1:2|2, job2|stage2:5|0]", "X": 1}, { "VarName": "x[job1|stage1:2|2, job2|stage2:7|1]", "X": 1}, { "VarName": "x[job1|stage1:2|2, job2|stage2:10|2]", "X": 1}, { "VarName": "x[job1|stage1:2|2, job2|stage2:10|3]", "X": 1}, { "VarName": "x[job1|stage1:2|3, job2|stage2:2|2]", "X": 1}, { "VarName": "x[job1|stage1:2|3, job2|stage2:4|3]", "X": 1}, { "VarName": "x[job1|stage1:3|2, job2|stage2:5|0]", "X": 1}, { "VarName": "x[job1|stage1:3|2, job2|stage2:10|1]", "X": 1}, { "VarName": "x[job1|stage1:3|3, job2|stage2:3|1]", "X": 1}, { "VarName": "x[job1|stage1:3|3, job2|stage2:3|2]", "X": 1}, { "VarName": "x[job1|stage1:3|3, job2|stage2:4|1]", "X": 1}, { "VarName": "x[job1|stage1:3|3, job2|stage2:4|2]", "X": 1}, { "VarName": "x[job1|stage1:3|3, job2|stage2:6|2]", "X": 1}, { "VarName": "x[job1|stage1:3|3, job2|stage2:6|3]", "X": 1}, { "VarName": "x[job1|stage1:3|3, job2|stage2:7|2]", "X": 1}, { "VarName": "x[job1|stage1:3|3, job2|stage2:9|2]", "X": 1}, { "VarName": "x[job1|stage1:3|3, job2|stage2:10|2]", "X": 1}, { "VarName": "x[job1|stage1:3|3, job2|stage2:10|3]", "X": 1}, { "VarName": "x[job1|stage1:4|0, job2|stage2:6|0]", "X": 1}, { "VarName": "x[job1|stage1:4|1, job2|stage2:5|0]", "X": 1}, { "VarName": "x[job1|stage1:4|1, job2|stage2:7|0]", "X": 1}, { "VarName": "x[job1|stage1:4|2, job2|stage2:4|0]", "X": 1}, { "VarName": "x[job1|stage1:4|2, job2|stage2:4|1]", "X": 1}, { "VarName": "x[job1|stage1:4|2, job2|stage2:10|2]", "X": 1}, { "VarName": "x[job1|stage1:4|3, job2|stage2:4|2]", "X": 1}, { "VarName": "x[job1|stage1:5|0, job2|stage2:8|0]", "X": 1}, { "VarName": "x[job1|stage1:5|0, job2|stage2:10|0]", "X": 1}, { "VarName": "x[job1|stage1:5|1, job2|stage2:5|0]", "X": 1}, { "VarName": "x[job1|stage1:5|2, job2|stage2:5|1]", "X": 1}, { "VarName": "x[job1|stage1:5|2, job2|stage2:10|2]", "X": 1}, { "VarName": "x[job1|stage1:5|3, job2|stage2:5|0]", "X": 1}, { "VarName": "x[job1|stage1:5|3, job2|stage2:5|1]", "X": 1}, { "VarName": "x[job1|stage1:5|3, job2|stage2:5|2]", "X": 1}, { "VarName": "x[job1|stage1:6|1, job2|stage2:6|0]", "X": 1}, { "VarName": "x[job1|stage1:6|2, job2|stage2:6|1]", "X": 1}, { "VarName": "x[job1|stage1:6|2, job2|stage2:10|2]", "X": 1}, { "VarName": "x[job1|stage1:6|3, job2|stage2:6|1]", "X": 1}, { "VarName": "x[job1|stage1:6|3, job2|stage2:6|2]", "X": 1}, { "VarName": "x[job1|stage1:6|3, job2|stage2:10|2]", "X": 1}, { "VarName": "x[job1|stage1:7|0, job2|stage2:8|1]", "X": 1}, { "VarName": "x[job1|stage1:7|0, job2|stage2:9|0]", "X": 1}, { "VarName": "x[job1|stage1:7|0, job2|stage2:10|1]", "X": 1}, { "VarName": "x[job1|stage1:7|1, job2|stage2:9|1]", "X": 1}, { "VarName": "x[job1|stage1:7|1, job2|stage2:10|3]", "X": 1}, { "VarName": "x[job1|stage1:7|2, job2|stage2:7|1]", "X": 1}, { "VarName": "x[job1|stage1:7|2, job2|stage2:9|2]", "X": 1}, { "VarName": "x[job1|stage1:7|2, job2|stage2:10|2]", "X": 1}, { "VarName": "x[job1|stage1:7|3, job2|stage2:7|2]", "X": 1}, { "VarName": "x[job1|stage1:7|3, job2|stage2:8|2]", "X": 1}, { "VarName": "x[job1|stage1:7|3, job2|stage2:9|3]", "X": 1}, { "VarName": "x[job1|stage1:7|3, job2|stage2:11|2]", "X": 1}, { "VarName": "x[job1|stage1:8|0, job2|stage2:10|0]", "X": 1}, { "VarName": "x[job1|stage1:8|1, job2|stage2:8|0]", "X": 1}, { "VarName": "x[job1|stage1:8|1, job2|stage2:10|1]", "X": 1}, { "VarName": "x[job1|stage1:8|3, job2|stage2:9|1]", "X": 1}, { "VarName": "x[job1|stage1:8|3, job2|stage2:10|3]", "X": 1}, { "VarName": "x[job1|stage1:9|0, job2|stage2:10|1]", "X": 1}, { "VarName": "x[job1|stage1:9|0, job2|stage2:11|1]", "X": 1}, { "VarName": "x[job1|stage1:9|1, job2|stage2:9|2]", "X": 1}, { "VarName": "x[job1|stage1:9|1, job2|stage2:10|2]", "X": 1}, { "VarName": "x[job1|stage1:9|1, job2|stage2:10|3]", "X": 1}, { "VarName": "x[job1|stage1:9|2, job2|stage2:10|2]", "X": 1}, { "VarName": "x[job1|stage1:9|2, job2|stage2:11|2]", "X": 1}, { "VarName": "x[job1|stage1:9|3, job2|stage2:9|2]", "X": 1}, { "VarName": "x[job1|stage1:9|3, job2|stage2:11|2]", "X": 1}, { "VarName": "x[job1|stage1:10|1, job2|stage2:10|0]", "X": 1}, { "VarName": "x[job1|stage1:10|1, job2|stage2:11|1]", "X": 1}, { "VarName": "startT[job:0, stage:0, machine:1]", "X": 349}, { "VarName": "startT[job:0, stage:1, machine:7]", "X": 621}, { "VarName": "startT[job:0, stage:2, machine:5]", "X": 908}, { "VarName": "startT[job:0, stage:3, machine:8]", "X": 1068}, { "VarName": "startT[job:1, stage:1, machine:2]", "X": 166}, { "VarName": "startT[job:1, stage:2, machine:6]", "X": 232}, { "VarName": "startT[job:1, stage:3, machine:8]", "X": 327}, { "VarName": "startT[job:2, stage:0, machine:1]", "X": 102}, { "VarName": "startT[job:2, stage:1, machine:7]", "X": 189}, { "VarName": "startT[job:2, stage:2, machine:5]", "X": 474}, { "VarName": "startT[job:2, stage:3, machine:8]", "X": 673}, { "VarName": "startT[job:3, stage:1, machine:5]", "X": 87}, { "VarName": "startT[job:3, stage:2, machine:4]", "X": 418}, { "VarName": "startT[job:3, stage:3, machine:6]", "X": 649}, { "VarName": "startT[job:4, stage:0, machine:1]", "X": 204}, { "VarName": "startT[job:4, stage:1, machine:5]", "X": 332}, { "VarName": "startT[job:4, stage:2, machine:6]", "X": 379}, { "VarName": "startT[job:4, stage:3, machine:8]", "X": 492}, { "VarName": "startT[job:5, stage:0, machine:4]", "X": 11}, { "VarName": "startT[job:5, stage:1, machine:3]", "X": 168}, { "VarName": "startT[job:5, stage:2, machine:7]", "X": 348}, { "VarName": "startT[job:5, stage:3, machine:7]", "X": 551}, { "VarName": "startT[job:6, stage:0, machine:3]", "X": 311}, { "VarName": "startT[job:6, stage:1, machine:3]", "X": 471}, { "VarName": "startT[job:6, stage:2, machine:5]", "X": 595}, { "VarName": "startT[job:6, stage:3, machine:5]", "X": 753}, { "VarName": "startT[job:7, stage:0, machine:4]", "X": 838}, { "VarName": "startT[job:7, stage:1, machine:6]", "X": 1083}, { "VarName": "startT[job:7, stage:2, machine:5]", "X": 1307}, { "VarName": "startT[job:7, stage:3, machine:7]", "X": 1452}, { "VarName": "startT[job:8, stage:0, machine:2]", "X": 255}, { "VarName": "startT[job:8, stage:1, machine:3]", "X": 611}, { "VarName": "startT[job:8, stage:2, machine:7]", "X": 802}, { "VarName": "startT[job:8, stage:3, machine:8]", "X": 852}, { "VarName": "startT[job:9, stage:0, machine:4]", "X": 576}, { "VarName": "startT[job:9, stage:1, machine:6]", "X": 831}, { "VarName": "startT[job:9, stage:2, machine:5]", "X": 1084}, { "VarName": "startT[job:9, stage:3, machine:7]", "X": 1229}, { "VarName": "startT[job:10, stage:1, machine:4]", "X": 184}, { "VarName": "startT[job:10, stage:2, machine:5]", "X": 404}, { "VarName": "startT[job:10, stage:3, machine:6]", "X": 485}, { "VarName": "startT[job:11, stage:0, machine:2]", "X": 446}, { "VarName": "startT[job:11, stage:1, machine:3]", "X": 803}, { "VarName": "startT[job:11, stage:2, machine:7]", "X": 1027}, { "VarName": "startT[job:11, stage:3, machine:8]", "X": 1231}, { "VarName": "Z_FO", "X": 11597}]}