{ "SolutionInfo": { "Status": 2, "Runtime": 6.2999987602233887e-01, "Work": 3.6916343939221236e-01, "ObjVal": 1977, "ObjBound": 1977, "ObjBoundC": 1977, "MIPGap": 0, "IntVio": 0, "BoundVio": 0, "ConstrVio": 0, "IterCount": 69615, "BarIterCount": 0, "NodeCount": 15408, "SolCount": 10, "PoolObjBound": 1977, "PoolObjVal": [ 1977, 1983, 2001, 2018, 2040, 2049, 2053, 2076, 2156, 2176]}, "Vars": [ { "VarName": "y[job:0, stage:0, machine:2]", "X": 1}, { "VarName": "y[job:0, stage:1, machine:1]", "X": 1}, { "VarName": "y[job:0, stage:2, machine:4]", "X": 1}, { "VarName": "y[job:1, stage:0, machine:3]", "X": 1}, { "VarName": "y[job:1, stage:1, machine:3]", "X": 1}, { "VarName": "y[job:1, stage:2, machine:6]", "X": 1}, { "VarName": "y[job:2, stage:0, machine:2]", "X": 1}, { "VarName": "y[job:2, stage:1, machine:7]", "X": 1}, { "VarName": "y[job:2, stage:2, machine:5]", "X": 1}, { "VarName": "y[job:3, stage:0, machine:2]", "X": 1}, { "VarName": "y[job:3, stage:1, machine:5]", "X": 1}, { "VarName": "y[job:3, stage:2, machine:4]", "X": 1}, { "VarName": "y[job:4, stage:0, machine:1]", "X": 1}, { "VarName": "y[job:4, stage:1, machine:4]", "X": 1}, { "VarName": "y[job:4, stage:2, machine:6]", "X": 1}, { "VarName": "x[job1|stage1:0|0, job2|stage2:2|0]", "X": 1}, { "VarName": "x[job1|stage1:0|0, job2|stage2:3|0]", "X": 1}, { "VarName": "x[job1|stage1:0|1, job2|stage2:1|0]", "X": 1}, { "VarName": "x[job1|stage1:0|1, job2|stage2:2|1]", "X": 1}, { "VarName": "x[job1|stage1:0|1, job2|stage2:2|2]", "X": 1}, { "VarName": "x[job1|stage1:0|1, job2|stage2:3|0]", "X": 1}, { "VarName": "x[job1|stage1:0|1, job2|stage2:4|0]", "X": 1}, { "VarName": "x[job1|stage1:0|2, job2|stage2:3|2]", "X": 1}, { "VarName": "x[job1|stage1:0|2, job2|stage2:4|1]", "X": 1}, { "VarName": "x[job1|stage1:1|1, job2|stage2:1|0]", "X": 1}, { "VarName": "x[job1|stage1:1|2, job2|stage2:3|2]", "X": 1}, { "VarName": "x[job1|stage1:1|2, job2|stage2:4|2]", "X": 1}, { "VarName": "x[job1|stage1:2|0, job2|stage2:3|0]", "X": 1}, { "VarName": "x[job1|stage1:2|1, job2|stage2:2|2]", "X": 1}, { "VarName": "x[job1|stage1:2|1, job2|stage2:3|2]", "X": 1}, { "VarName": "x[job1|stage1:2|2, job2|stage2:2|1]", "X": 1}, { "VarName": "x[job1|stage1:2|2, job2|stage2:3|1]", "X": 1}, { "VarName": "x[job1|stage1:2|2, job2|stage2:3|2]", "X": 1}, { "VarName": "x[job1|stage1:3|2, job2|stage2:4|1]", "X": 1}, { "VarName": "startT[job:0, stage:0, machine:2]", "X": 148}, { "VarName": "startT[job:0, stage:1, machine:1]", "X": 271}, { "VarName": "startT[job:0, stage:2, machine:4]", "X": 398}, { "VarName": "startT[job:1, stage:1, machine:3]", "X": 163}, { "VarName": "startT[job:1, stage:2, machine:6]", "X": 290}, { "VarName": "startT[job:2, stage:0, machine:2]", "X": 76}, { "VarName": "startT[job:2, stage:1, machine:7]", "X": 138}, { "VarName": "startT[job:2, stage:2, machine:5]", "X": 283}, { "VarName": "startT[job:3, stage:1, machine:5]", "X": 65}, { "VarName": "startT[job:3, stage:2, machine:4]", "X": 238}, { "VarName": "startT[job:4, stage:1, machine:4]", "X": 128}, { "VarName": "startT[job:4, stage:2, machine:6]", "X": 193}, { "VarName": "Z_FO", "X": 1977}]}