{ "SolutionInfo": { "Status": 2, "Runtime": 1.5920999765396118e+01, "Work": 7.6957451682017686e+00, "ObjVal": 3317, "ObjBound": 3317, "ObjBoundC": 3317, "MIPGap": 0, "IntVio": 0, "BoundVio": 0, "ConstrVio": 0, "IterCount": 1432085, "BarIterCount": 0, "NodeCount": 166349, "SolCount": 10, "PoolObjBound": 3317, "PoolObjVal": [ 3317, 3330, 3435, 3453, 3562, 3622, 3767, 4157, 4651, 4756]}, "Vars": [ { "VarName": "y[job:0, stage:0, machine:2]", "X": 1}, { "VarName": "y[job:0, stage:1, machine:7]", "X": 1}, { "VarName": "y[job:0, stage:2, machine:4]", "X": 1}, { "VarName": "y[job:1, stage:0, machine:3]", "X": 1}, { "VarName": "y[job:1, stage:1, machine:3]", "X": 1}, { "VarName": "y[job:1, stage:2, machine:6]", "X": 1}, { "VarName": "y[job:2, stage:0, machine:2]", "X": 1}, { "VarName": "y[job:2, stage:1, machine:7]", "X": 1}, { "VarName": "y[job:2, stage:2, machine:5]", "X": 1}, { "VarName": "y[job:3, stage:0, machine:1]", "X": 1}, { "VarName": "y[job:3, stage:1, machine:5]", "X": 1}, { "VarName": "y[job:3, stage:2, machine:6]", "X": 1}, { "VarName": "y[job:4, stage:0, machine:1]", "X": 1}, { "VarName": "y[job:4, stage:1, machine:5]", "X": 1}, { "VarName": "y[job:4, stage:2, machine:6]", "X": 1}, { "VarName": "y[job:5, stage:0, machine:4]", "X": 1}, { "VarName": "y[job:5, stage:1, machine:4]", "X": 1}, { "VarName": "y[job:5, stage:2, machine:5]", "X": 1}, { "VarName": "y[job:6, stage:0, machine:1]", "X": 1}, { "VarName": "y[job:6, stage:1, machine:3]", "X": 1}, { "VarName": "y[job:6, stage:2, machine:6]", "X": 1}, { "VarName": "x[job1|stage1:0|0, job2|stage2:2|0]", "X": 1}, { "VarName": "x[job1|stage1:0|0, job2|stage2:4|0]", "X": 1}, { "VarName": "x[job1|stage1:0|1, job2|stage2:0|0]", "X": 1}, { "VarName": "x[job1|stage1:0|1, job2|stage2:2|1]", "X": 1}, { "VarName": "x[job1|stage1:0|2, job2|stage2:0|1]", "X": 1}, { "VarName": "x[job1|stage1:0|2, job2|stage2:1|1]", "X": 1}, { "VarName": "x[job1|stage1:0|2, job2|stage2:2|1]", "X": 1}, { "VarName": "x[job1|stage1:0|2, job2|stage2:3|2]", "X": 1}, { "VarName": "x[job1|stage1:0|2, job2|stage2:4|1]", "X": 1}, { "VarName": "x[job1|stage1:0|2, job2|stage2:5|0]", "X": 1}, { "VarName": "x[job1|stage1:0|2, job2|stage2:5|1]", "X": 1}, { "VarName": "x[job1|stage1:1|0, job2|stage2:2|0]", "X": 1}, { "VarName": "x[job1|stage1:1|0, job2|stage2:3|1]", "X": 1}, { "VarName": "x[job1|stage1:1|0, job2|stage2:6|0]", "X": 1}, { "VarName": "x[job1|stage1:1|1, job2|stage2:1|0]", "X": 1}, { "VarName": "x[job1|stage1:1|1, job2|stage2:2|0]", "X": 1}, { "VarName": "x[job1|stage1:1|1, job2|stage2:2|1]", "X": 1}, { "VarName": "x[job1|stage1:1|1, job2|stage2:3|0]", "X": 1}, { "VarName": "x[job1|stage1:1|1, job2|stage2:4|0]", "X": 1}, { "VarName": "x[job1|stage1:1|1, job2|stage2:4|1]", "X": 1}, { "VarName": "x[job1|stage1:1|1, job2|stage2:5|0]", "X": 1}, { "VarName": "x[job1|stage1:1|1, job2|stage2:5|1]", "X": 1}, { "VarName": "x[job1|stage1:1|1, job2|stage2:6|0]", "X": 1}, { "VarName": "x[job1|stage1:1|2, job2|stage2:2|2]", "X": 1}, { "VarName": "x[job1|stage1:1|2, job2|stage2:4|2]", "X": 1}, { "VarName": "x[job1|stage1:2|0, job2|stage2:4|0]", "X": 1}, { "VarName": "x[job1|stage1:2|2, job2|stage2:2|1]", "X": 1}, { "VarName": "x[job1|stage1:2|2, job2|stage2:4|1]", "X": 1}, { "VarName": "x[job1|stage1:3|0, job2|stage2:4|0]", "X": 1}, { "VarName": "x[job1|stage1:3|0, job2|stage2:5|0]", "X": 1}, { "VarName": "x[job1|stage1:3|0, job2|stage2:6|0]", "X": 1}, { "VarName": "x[job1|stage1:3|1, job2|stage2:4|1]", "X": 1}, { "VarName": "x[job1|stage1:3|1, job2|stage2:5|2]", "X": 1}, { "VarName": "x[job1|stage1:3|2, job2|stage2:4|2]", "X": 1}, { "VarName": "x[job1|stage1:3|2, job2|stage2:5|0]", "X": 1}, { "VarName": "x[job1|stage1:3|2, job2|stage2:6|2]", "X": 1}, { "VarName": "x[job1|stage1:4|0, job2|stage2:5|1]", "X": 1}, { "VarName": "x[job1|stage1:4|2, job2|stage2:4|1]", "X": 1}, { "VarName": "x[job1|stage1:5|1, job2|stage2:5|0]", "X": 1}, { "VarName": "x[job1|stage1:5|1, job2|stage2:6|0]", "X": 1}, { "VarName": "x[job1|stage1:5|2, job2|stage2:5|1]", "X": 1}, { "VarName": "startT[job:0, stage:0, machine:2]", "X": 81}, { "VarName": "startT[job:0, stage:1, machine:7]", "X": 304}, { "VarName": "startT[job:0, stage:2, machine:4]", "X": 427}, { "VarName": "startT[job:1, stage:0, machine:3]", "X": 12}, { "VarName": "startT[job:1, stage:1, machine:3]", "X": 189}, { "VarName": "startT[job:1, stage:2, machine:6]", "X": 276}, { "VarName": "startT[job:2, stage:1, machine:7]", "X": 62}, { "VarName": "startT[job:2, stage:2, machine:5]", "X": 207}, { "VarName": "startT[job:3, stage:0, machine:1]", "X": 312}, { "VarName": "startT[job:3, stage:1, machine:5]", "X": 460}, { "VarName": "startT[job:3, stage:2, machine:6]", "X": 633}, { "VarName": "startT[job:4, stage:1, machine:5]", "X": 128}, { "VarName": "startT[job:4, stage:2, machine:6]", "X": 175}, { "VarName": "startT[job:5, stage:0, machine:4]", "X": 8}, { "VarName": "startT[job:5, stage:1, machine:4]", "X": 175}, { "VarName": "startT[job:5, stage:2, machine:5]", "X": 325}, { "VarName": "startT[job:6, stage:0, machine:1]", "X": 142}, { "VarName": "startT[job:6, stage:1, machine:3]", "X": 299}, { "VarName": "startT[job:6, stage:2, machine:6]", "X": 423}, { "VarName": "Z_FO", "X": 3317}]}