{ "SolutionInfo": { "Status": 9, "Runtime": 1.0800278000116348e+04, "Work": 1.2274478469964838e+03, "ObjVal": 5953, "ObjBound": 5057, "ObjBoundC": 5.0563018407336149e+03, "MIPGap": 1.5051234671594155e-01, "IntVio": 0, "BoundVio": 0, "ConstrVio": 0, "IterCount": 77489695, "BarIterCount": 0, "NodeCount": 4582952, "SolCount": 10, "PoolObjBound": 5057, "PoolObjVal": [ 5953, 5978, 5980, 6007, 6042, 6109, 6139, 6173, 6177, 6214]}, "Vars": [ { "VarName": "y[job:0, stage:0, machine:1]", "X": 1}, { "VarName": "y[job:0, stage:1, machine:2]", "X": 1}, { "VarName": "y[job:0, stage:2, machine:4]", "X": 1}, { "VarName": "y[job:0, stage:3, machine:6]", "X": 1}, { "VarName": "y[job:1, stage:0, machine:3]", "X": 1}, { "VarName": "y[job:1, stage:1, machine:2]", "X": 1}, { "VarName": "y[job:1, stage:2, machine:6]", "X": 1}, { "VarName": "y[job:1, stage:3, machine:5]", "X": 1}, { "VarName": "y[job:2, stage:0, machine:2]", "X": 1}, { "VarName": "y[job:2, stage:1, machine:4]", "X": 1}, { "VarName": "y[job:2, stage:2, machine:5]", "X": 1}, { "VarName": "y[job:2, stage:3, machine:7]", "X": 1}, { "VarName": "y[job:3, stage:0, machine:2]", "X": 1}, { "VarName": "y[job:3, stage:1, machine:5]", "X": 1}, { "VarName": "y[job:3, stage:2, machine:6]", "X": 1}, { "VarName": "y[job:3, stage:3, machine:6]", "X": 1}, { "VarName": "y[job:4, stage:0, machine:1]", "X": 1}, { "VarName": "y[job:4, stage:1, machine:7]", "X": 1}, { "VarName": "y[job:4, stage:2, machine:2]", "X": 1}, { "VarName": "y[job:4, stage:3, machine:4]", "X": 1}, { "VarName": "y[job:5, stage:0, machine:4]", "X": 1}, { "VarName": "y[job:5, stage:1, machine:3]", "X": 1}, { "VarName": "y[job:5, stage:2, machine:7]", "X": 1}, { "VarName": "y[job:5, stage:3, machine:7]", "X": 1}, { "VarName": "y[job:6, stage:0, machine:3]", "X": 1}, { "VarName": "y[job:6, stage:1, machine:3]", "X": 1}, { "VarName": "y[job:6, stage:2, machine:5]", "X": 1}, { "VarName": "y[job:6, stage:3, machine:5]", "X": 1}, { "VarName": "y[job:7, stage:0, machine:3]", "X": 1}, { "VarName": "y[job:7, stage:1, machine:6]", "X": 1}, { "VarName": "y[job:7, stage:2, machine:5]", "X": 1}, { "VarName": "y[job:7, stage:3, machine:6]", "X": 1}, { "VarName": "x[job1|stage1:0|0, job2|stage2:1|1]", "X": 1}, { "VarName": "x[job1|stage1:0|0, job2|stage2:2|0]", "X": 1}, { "VarName": "x[job1|stage1:0|0, job2|stage2:3|0]", "X": 1}, { "VarName": "x[job1|stage1:0|0, job2|stage2:4|0]", "X": 1}, { "VarName": "x[job1|stage1:0|0, job2|stage2:4|2]", "X": 1}, { "VarName": "x[job1|stage1:0|1, job2|stage2:0|0]", "X": 1}, { "VarName": "x[job1|stage1:0|1, job2|stage2:1|1]", "X": 1}, { "VarName": "x[job1|stage1:0|1, job2|stage2:2|0]", "X": 1}, { "VarName": "x[job1|stage1:0|1, job2|stage2:3|0]", "X": 1}, { "VarName": "x[job1|stage1:0|1, job2|stage2:4|2]", "X": 1}, { "VarName": "x[job1|stage1:0|1, job2|stage2:5|0]", "X": 1}, { "VarName": "x[job1|stage1:0|2, job2|stage2:0|1]", "X": 1}, { "VarName": "x[job1|stage1:0|2, job2|stage2:2|1]", "X": 1}, { "VarName": "x[job1|stage1:0|2, job2|stage2:3|1]", "X": 1}, { "VarName": "x[job1|stage1:0|2, job2|stage2:3|2]", "X": 1}, { "VarName": "x[job1|stage1:0|2, job2|stage2:4|3]", "X": 1}, { "VarName": "x[job1|stage1:0|2, job2|stage2:5|0]", "X": 1}, { "VarName": "x[job1|stage1:0|3, job2|stage2:0|1]", "X": 1}, { "VarName": "x[job1|stage1:0|3, job2|stage2:0|2]", "X": 1}, { "VarName": "x[job1|stage1:0|3, job2|stage2:1|2]", "X": 1}, { "VarName": "x[job1|stage1:0|3, job2|stage2:3|2]", "X": 1}, { "VarName": "x[job1|stage1:0|3, job2|stage2:3|3]", "X": 1}, { "VarName": "x[job1|stage1:0|3, job2|stage2:6|2]", "X": 1}, { "VarName": "x[job1|stage1:1|1, job2|stage2:1|0]", "X": 1}, { "VarName": "x[job1|stage1:1|1, job2|stage2:2|0]", "X": 1}, { "VarName": "x[job1|stage1:1|1, job2|stage2:3|0]", "X": 1}, { "VarName": "x[job1|stage1:1|1, job2|stage2:4|0]", "X": 1}, { "VarName": "x[job1|stage1:1|1, job2|stage2:6|0]", "X": 1}, { "VarName": "x[job1|stage1:1|2, job2|stage2:6|2]", "X": 1}, { "VarName": "x[job1|stage1:1|3, job2|stage2:1|2]", "X": 1}, { "VarName": "x[job1|stage1:1|3, job2|stage2:3|1]", "X": 1}, { "VarName": "x[job1|stage1:1|3, job2|stage2:4|1]", "X": 1}, { "VarName": "x[job1|stage1:2|0, job2|stage2:3|0]", "X": 1}, { "VarName": "x[job1|stage1:2|0, job2|stage2:4|0]", "X": 1}, { "VarName": "x[job1|stage1:2|0, job2|stage2:6|0]", "X": 1}, { "VarName": "x[job1|stage1:2|1, job2|stage2:5|0]", "X": 1}, { "VarName": "x[job1|stage1:2|2, job2|stage2:2|1]", "X": 1}, { "VarName": "x[job1|stage1:2|2, job2|stage2:2|3]", "X": 1}, { "VarName": "x[job1|stage1:2|2, job2|stage2:3|1]", "X": 1}, { "VarName": "x[job1|stage1:2|2, job2|stage2:3|3]", "X": 1}, { "VarName": "x[job1|stage1:2|2, job2|stage2:5|0]", "X": 1}, { "VarName": "x[job1|stage1:2|2, job2|stage2:7|1]", "X": 1}, { "VarName": "x[job1|stage1:2|2, job2|stage2:7|3]", "X": 1}, { "VarName": "x[job1|stage1:2|3, job2|stage2:2|1]", "X": 1}, { "VarName": "x[job1|stage1:2|3, job2|stage2:3|2]", "X": 1}, { "VarName": "x[job1|stage1:2|3, job2|stage2:3|3]", "X": 1}, { "VarName": "x[job1|stage1:2|3, job2|stage2:4|1]", "X": 1}, { "VarName": "x[job1|stage1:2|3, job2|stage2:5|2]", "X": 1}, { "VarName": "x[job1|stage1:2|3, job2|stage2:5|3]", "X": 1}, { "VarName": "x[job1|stage1:2|3, job2|stage2:7|1]", "X": 1}, { "VarName": "x[job1|stage1:3|1, job2|stage2:5|1]", "X": 1}, { "VarName": "x[job1|stage1:3|1, job2|stage2:6|0]", "X": 1}, { "VarName": "x[job1|stage1:3|1, job2|stage2:6|1]", "X": 1}, { "VarName": "x[job1|stage1:3|1, job2|stage2:7|0]", "X": 1}, { "VarName": "x[job1|stage1:3|2, job2|stage2:5|0]", "X": 1}, { "VarName": "x[job1|stage1:3|3, job2|stage2:3|1]", "X": 1}, { "VarName": "x[job1|stage1:3|3, job2|stage2:3|2]", "X": 1}, { "VarName": "x[job1|stage1:3|3, job2|stage2:6|2]", "X": 1}, { "VarName": "x[job1|stage1:3|3, job2|stage2:7|2]", "X": 1}, { "VarName": "x[job1|stage1:4|0, job2|stage2:6|1]", "X": 1}, { "VarName": "x[job1|stage1:4|1, job2|stage2:6|2]", "X": 1}, { "VarName": "x[job1|stage1:4|2, job2|stage2:4|0]", "X": 1}, { "VarName": "x[job1|stage1:4|2, job2|stage2:4|1]", "X": 1}, { "VarName": "x[job1|stage1:4|3, job2|stage2:4|1]", "X": 1}, { "VarName": "x[job1|stage1:4|3, job2|stage2:4|2]", "X": 1}, { "VarName": "x[job1|stage1:4|3, job2|stage2:5|0]", "X": 1}, { "VarName": "x[job1|stage1:4|3, job2|stage2:5|2]", "X": 1}, { "VarName": "x[job1|stage1:4|3, job2|stage2:7|1]", "X": 1}, { "VarName": "x[job1|stage1:5|0, job2|stage2:5|1]", "X": 1}, { "VarName": "x[job1|stage1:5|0, job2|stage2:6|0]", "X": 1}, { "VarName": "x[job1|stage1:5|0, job2|stage2:6|1]", "X": 1}, { "VarName": "x[job1|stage1:5|0, job2|stage2:7|0]", "X": 1}, { "VarName": "x[job1|stage1:5|1, job2|stage2:5|2]", "X": 1}, { "VarName": "x[job1|stage1:5|2, job2|stage2:7|1]", "X": 1}, { "VarName": "x[job1|stage1:5|3, job2|stage2:5|0]", "X": 1}, { "VarName": "x[job1|stage1:5|3, job2|stage2:5|1]", "X": 1}, { "VarName": "x[job1|stage1:5|3, job2|stage2:5|2]", "X": 1}, { "VarName": "x[job1|stage1:6|1, job2|stage2:6|0]", "X": 1}, { "VarName": "x[job1|stage1:6|2, job2|stage2:6|1]", "X": 1}, { "VarName": "x[job1|stage1:6|3, job2|stage2:6|1]", "X": 1}, { "VarName": "x[job1|stage1:6|3, job2|stage2:6|2]", "X": 1}, { "VarName": "startT[job:0, stage:0, machine:1]", "X": 151}, { "VarName": "startT[job:0, stage:1, machine:2]", "X": 398}, { "VarName": "startT[job:0, stage:2, machine:4]", "X": 528}, { "VarName": "startT[job:0, stage:3, machine:6]", "X": 678}, { "VarName": "startT[job:1, stage:1, machine:2]", "X": 159}, { "VarName": "startT[job:1, stage:2, machine:6]", "X": 225}, { "VarName": "startT[job:1, stage:3, machine:5]", "X": 320}, { "VarName": "startT[job:2, stage:0, machine:2]", "X": 80}, { "VarName": "startT[job:2, stage:1, machine:4]", "X": 179}, { "VarName": "startT[job:2, stage:2, machine:5]", "X": 460}, { "VarName": "startT[job:2, stage:3, machine:7]", "X": 560}, { "VarName": "startT[job:3, stage:1, machine:5]", "X": 65}, { "VarName": "startT[job:3, stage:2, machine:6]", "X": 340}, { "VarName": "startT[job:3, stage:3, machine:6]", "X": 489}, { "VarName": "startT[job:4, stage:0, machine:1]", "X": 10}, { "VarName": "startT[job:4, stage:1, machine:7]", "X": 138}, { "VarName": "startT[job:4, stage:2, machine:2]", "X": 243}, { "VarName": "startT[job:4, stage:3, machine:4]", "X": 343}, { "VarName": "startT[job:5, stage:0, machine:4]", "X": 10}, { "VarName": "startT[job:5, stage:1, machine:3]", "X": 164}, { "VarName": "startT[job:5, stage:2, machine:7]", "X": 287}, { "VarName": "startT[job:5, stage:3, machine:7]", "X": 480}, { "VarName": "startT[job:6, stage:0, machine:3]", "X": 304}, { "VarName": "startT[job:6, stage:1, machine:3]", "X": 467}, { "VarName": "startT[job:6, stage:2, machine:5]", "X": 591}, { "VarName": "startT[job:6, stage:3, machine:5]", "X": 750}, { "VarName": "startT[job:7, stage:0, machine:3]", "X": 602}, { "VarName": "startT[job:7, stage:1, machine:6]", "X": 859}, { "VarName": "startT[job:7, stage:2, machine:5]", "X": 1083}, { "VarName": "startT[job:7, stage:3, machine:6]", "X": 1228}, { "VarName": "Z_FO", "X": 5953}]}