{ "SolutionInfo": { "Status": 2, "Runtime": 9.9999904632568359e-03, "Work": 2.3430544817020040e-03, "ObjVal": 923, "ObjBound": 923, "ObjBoundC": 923, "MIPGap": 0, "IntVio": 0, "BoundVio": 0, "ConstrVio": 0, "IterCount": 31, "BarIterCount": 0, "NodeCount": 1, "SolCount": 3, "PoolObjBound": 923, "PoolObjVal": [ 923, 1271, 1507]}, "Vars": [ { "VarName": "y[job:0, stage:0, machine:1]", "X": 1}, { "VarName": "y[job:0, stage:1, machine:2]", "X": 1}, { "VarName": "y[job:0, stage:2, machine:4]", "X": 1}, { "VarName": "y[job:1, stage:0, machine:3]", "X": 1}, { "VarName": "y[job:1, stage:1, machine:3]", "X": 1}, { "VarName": "y[job:1, stage:2, machine:3]", "X": 1}, { "VarName": "y[job:2, stage:0, machine:2]", "X": 1}, { "VarName": "y[job:2, stage:1, machine:4]", "X": 1}, { "VarName": "y[job:2, stage:2, machine:5]", "X": 1}, { "VarName": "x[job1|stage1:0|1, job2|stage2:2|0]", "X": 1}, { "VarName": "x[job1|stage1:0|2, job2|stage2:2|1]", "X": 1}, { "VarName": "x[job1|stage1:1|1, job2|stage2:1|0]", "X": 1}, { "VarName": "x[job1|stage1:1|2, job2|stage2:1|0]", "X": 1}, { "VarName": "x[job1|stage1:1|2, job2|stage2:1|1]", "X": 1}, { "VarName": "startT[job:0, stage:1, machine:2]", "X": 117}, { "VarName": "startT[job:0, stage:2, machine:4]", "X": 247}, { "VarName": "startT[job:1, stage:1, machine:3]", "X": 160}, { "VarName": "startT[job:1, stage:2, machine:3]", "X": 229}, { "VarName": "startT[job:2, stage:1, machine:4]", "X": 62}, { "VarName": "startT[job:2, stage:2, machine:5]", "X": 132}, { "VarName": "Z_FO", "X": 923}]}