{ "SolutionInfo": { "Status": 2, "Runtime": 1.2000083923339844e-02, "Work": 2.5045488529160816e-03, "ObjVal": 600, "ObjBound": 600, "ObjBoundC": 600, "MIPGap": 0, "IntVio": 0, "BoundVio": 0, "ConstrVio": 0, "IterCount": 19, "BarIterCount": 0, "NodeCount": 1, "SolCount": 3, "PoolObjBound": 600, "PoolObjVal": [ 600, 618, 682]}, "Vars": [ { "VarName": "y[job:0, stage:0, machine:1]", "X": 1}, { "VarName": "y[job:0, stage:1, machine:1]", "X": 1}, { "VarName": "y[job:1, stage:0, machine:2]", "X": 1}, { "VarName": "y[job:1, stage:1, machine:2]", "X": 1}, { "VarName": "y[job:2, stage:0, machine:2]", "X": 1}, { "VarName": "y[job:2, stage:1, machine:1]", "X": 1}, { "VarName": "x[job1|stage1:0|1, job2|stage2:0|0]", "X": 1}, { "VarName": "x[job1|stage1:0|1, job2|stage2:2|0]", "X": 1}, { "VarName": "x[job1|stage1:1|1, job2|stage2:1|0]", "X": 1}, { "VarName": "startT[job:0, stage:0, machine:1]", "X": 12}, { "VarName": "startT[job:0, stage:1, machine:1]", "X": 62}, { "VarName": "startT[job:1, stage:1, machine:2]", "X": 60}, { "VarName": "startT[job:2, stage:0, machine:2]", "X": 140}, { "VarName": "startT[job:2, stage:1, machine:1]", "X": 275}, { "VarName": "Z_FO", "X": 600}]}