{ "SolutionInfo": { "Status": 2, "Runtime": 1.6000032424926758e-02, "Work": 2.9930132668206885e-03, "ObjVal": 874, "ObjBound": 874, "ObjBoundC": 874, "MIPGap": 0, "IntVio": 0, "BoundVio": 0, "ConstrVio": 0, "IterCount": 28, "BarIterCount": 0, "NodeCount": 1, "SolCount": 2, "PoolObjBound": 874, "PoolObjVal": [ 874, 1169]}, "Vars": [ { "VarName": "y[job:0, stage:0, machine:1]", "X": 1}, { "VarName": "y[job:0, stage:1, machine:1]", "X": 1}, { "VarName": "y[job:1, stage:0, machine:2]", "X": 1}, { "VarName": "y[job:1, stage:1, machine:2]", "X": 1}, { "VarName": "y[job:2, stage:0, machine:1]", "X": 1}, { "VarName": "y[job:2, stage:1, machine:2]", "X": 1}, { "VarName": "x[job1|stage1:0|1, job2|stage2:0|0]", "X": 1}, { "VarName": "x[job1|stage1:1|1, job2|stage2:1|0]", "X": 1}, { "VarName": "startT[job:0, stage:1, machine:1]", "X": 63}, { "VarName": "startT[job:1, stage:0, machine:2]", "X": 11}, { "VarName": "startT[job:1, stage:1, machine:2]", "X": 142}, { "VarName": "startT[job:2, stage:0, machine:1]", "X": 161}, { "VarName": "startT[job:2, stage:1, machine:2]", "X": 306}, { "VarName": "Z_FO", "X": 874}]}