{ "SolutionInfo": { "Status": 2, "Runtime": 3.6000013351440430e-02, "Work": 9.1827355418440688e-03, "ObjVal": 655, "ObjBound": 655, "ObjBoundC": 655, "MIPGap": 0, "IntVio": 0, "BoundVio": 0, "ConstrVio": 0, "IterCount": 308, "BarIterCount": 0, "NodeCount": 81, "SolCount": 6, "PoolObjBound": 655, "PoolObjVal": [ 655, 659, 683, 718, 734, 797]}, "Vars": [ { "VarName": "y[job:0, stage:0, machine:2]", "X": 1}, { "VarName": "y[job:0, stage:1, machine:2]", "X": 1}, { "VarName": "y[job:0, stage:2, machine:4]", "X": 1}, { "VarName": "y[job:1, stage:0, machine:1]", "X": 1}, { "VarName": "y[job:1, stage:1, machine:4]", "X": 1}, { "VarName": "y[job:1, stage:2, machine:3]", "X": 1}, { "VarName": "y[job:2, stage:0, machine:1]", "X": 1}, { "VarName": "y[job:2, stage:1, machine:2]", "X": 1}, { "VarName": "y[job:2, stage:2, machine:3]", "X": 1}, { "VarName": "x[job1|stage1:0|1, job2|stage2:0|0]", "X": 1}, { "VarName": "x[job1|stage1:0|2, job2|stage2:1|1]", "X": 1}, { "VarName": "x[job1|stage1:0|2, job2|stage2:1|2]", "X": 1}, { "VarName": "x[job1|stage1:0|2, job2|stage2:2|2]", "X": 1}, { "VarName": "startT[job:0, stage:1, machine:2]", "X": 32}, { "VarName": "startT[job:0, stage:2, machine:4]", "X": 93}, { "VarName": "startT[job:1, stage:1, machine:4]", "X": 30}, { "VarName": "startT[job:1, stage:2, machine:3]", "X": 85}, { "VarName": "startT[job:2, stage:0, machine:1]", "X": 36}, { "VarName": "startT[job:2, stage:1, machine:2]", "X": 92}, { "VarName": "startT[job:2, stage:2, machine:3]", "X": 162}, { "VarName": "Z_FO", "X": 655}]}