{ "SolutionInfo": { "Status": 2, "Runtime": 2.3000001907348633e-02, "Work": 6.2909450441775731e-03, "ObjVal": 808, "ObjBound": 808, "ObjBoundC": 808, "MIPGap": 0, "IntVio": 0, "BoundVio": 0, "ConstrVio": 0, "IterCount": 54, "BarIterCount": 0, "NodeCount": 1, "SolCount": 7, "PoolObjBound": 808, "PoolObjVal": [ 808, 809, 910, 954, 979, 1042, 1048]}, "Vars": [ { "VarName": "y[job:0, stage:0, machine:1]", "X": 1}, { "VarName": "y[job:0, stage:1, machine:1]", "X": 1}, { "VarName": "y[job:0, stage:2, machine:2]", "X": 1}, { "VarName": "y[job:1, stage:0, machine:1]", "X": 1}, { "VarName": "y[job:1, stage:1, machine:1]", "X": 1}, { "VarName": "y[job:1, stage:2, machine:3]", "X": 1}, { "VarName": "y[job:2, stage:0, machine:2]", "X": 1}, { "VarName": "y[job:2, stage:1, machine:3]", "X": 1}, { "VarName": "y[job:2, stage:2, machine:2]", "X": 1}, { "VarName": "x[job1|stage1:0|1, job2|stage2:0|0]", "X": 1}, { "VarName": "x[job1|stage1:0|2, job2|stage2:2|0]", "X": 1}, { "VarName": "x[job1|stage1:1|1, job2|stage2:1|0]", "X": 1}, { "VarName": "x[job1|stage1:1|2, job2|stage2:2|1]", "X": 1}, { "VarName": "startT[job:0, stage:1, machine:1]", "X": 27}, { "VarName": "startT[job:0, stage:2, machine:2]", "X": 80}, { "VarName": "startT[job:1, stage:0, machine:1]", "X": 76}, { "VarName": "startT[job:1, stage:1, machine:1]", "X": 116}, { "VarName": "startT[job:1, stage:2, machine:3]", "X": 266}, { "VarName": "startT[job:2, stage:0, machine:2]", "X": 12}, { "VarName": "startT[job:2, stage:1, machine:3]", "X": 72}, { "VarName": "startT[job:2, stage:2, machine:2]", "X": 252}, { "VarName": "Z_FO", "X": 808}]}