{ "SolutionInfo": { "Status": 2, "Runtime": 0.0690000057220459, "Work": 2.8771889414656707e-02, "ObjVal": 70820, "ObjBound": 70820, "ObjBoundC": 70820, "MIPGap": 0, "IntVio": 0, "BoundVio": 0, "ConstrVio": 0, "IterCount": 2249, "BarIterCount": 0, "NodeCount": 241, "SolCount": 5, "PoolObjBound": 70820, "PoolObjVal": [ 70820, 72331, 73750, 73751, 73752]}, "Vars": [ { "VarName": "y[job:0, stage:0, machine:1]", "X": 1}, { "VarName": "y[job:0, stage:1, machine:2]", "X": 1}, { "VarName": "y[job:0, stage:2, machine:3]", "X": 1}, { "VarName": "y[job:0, stage:3, machine:4]", "X": 1}, { "VarName": "y[job:0, stage:4, machine:5]", "X": 1}, { "VarName": "y[job:1, stage:0, machine:1]", "X": 1}, { "VarName": "y[job:1, stage:1, machine:4]", "X": 1}, { "VarName": "y[job:1, stage:2, machine:3]", "X": 1}, { "VarName": "y[job:1, stage:3, machine:5]", "X": 1}, { "VarName": "y[job:1, stage:4, machine:2]", "X": 1}, { "VarName": "y[job:2, stage:0, machine:1]", "X": 1}, { "VarName": "y[job:2, stage:1, machine:5]", "X": 1}, { "VarName": "y[job:2, stage:2, machine:2]", "X": 1}, { "VarName": "y[job:2, stage:3, machine:3]", "X": 1}, { "VarName": "y[job:2, stage:4, machine:4]", "X": 1}, { "VarName": "y[job:3, stage:0, machine:1]", "X": 1}, { "VarName": "y[job:3, stage:1, machine:3]", "X": 1}, { "VarName": "y[job:3, stage:2, machine:2]", "X": 1}, { "VarName": "y[job:3, stage:3, machine:4]", "X": 1}, { "VarName": "y[job:4, stage:0, machine:1]", "X": 1}, { "VarName": "y[job:4, stage:1, machine:3]", "X": 1}, { "VarName": "y[job:4, stage:2, machine:4]", "X": 1}, { "VarName": "y[job:4, stage:3, machine:2]", "X": 1}, { "VarName": "y[job:4, stage:4, machine:4]", "X": 1}, { "VarName": "x[job1|stage1:0|0, job2|stage2:1|0]", "X": 1}, { "VarName": "x[job1|stage1:0|2, job2|stage2:1|2]", "X": 1}, { "VarName": "x[job1|stage1:0|2, job2|stage2:4|1]", "X": 1}, { "VarName": "x[job1|stage1:0|3, job2|stage2:1|1]", "X": 1}, { "VarName": "x[job1|stage1:0|3, job2|stage2:4|2]", "X": 1}, { "VarName": "x[job1|stage1:0|3, job2|stage2:4|4]", "X": 1}, { "VarName": "x[job1|stage1:0|4, job2|stage2:1|3]", "X": 1}, { "VarName": "x[job1|stage1:0|4, job2|stage2:2|1]", "X": 1}, { "VarName": "x[job1|stage1:2|0, job2|stage2:4|0]", "X": 1}, { "VarName": "x[job1|stage1:2|2, job2|stage2:4|3]", "X": 1}, { "VarName": "x[job1|stage1:2|3, job2|stage2:3|1]", "X": 1}, { "VarName": "x[job1|stage1:2|3, job2|stage2:4|1]", "X": 1}, { "VarName": "x[job1|stage1:2|4, job2|stage2:4|2]", "X": 1}, { "VarName": "x[job1|stage1:2|4, job2|stage2:4|4]", "X": 1}, { "VarName": "x[job1|stage1:3|0, job2|stage2:4|0]", "X": 1}, { "VarName": "x[job1|stage1:3|1, job2|stage2:4|1]", "X": 1}, { "VarName": "x[job1|stage1:3|2, job2|stage2:4|3]", "X": 1}, { "VarName": "x[job1|stage1:3|3, job2|stage2:4|2]", "X": 1}, { "VarName": "x[job1|stage1:3|3, job2|stage2:4|4]", "X": 1}, { "VarName": "startT[job:0, stage:0, machine:1]", "X": 1454}, { "VarName": "startT[job:0, stage:1, machine:2]", "X": 2894}, { "VarName": "startT[job:0, stage:2, machine:3]", "X": 7250}, { "VarName": "startT[job:0, stage:3, machine:4]", "X": 11553}, { "VarName": "startT[job:0, stage:4, machine:5]", "X": 12993}, { "VarName": "startT[job:1, stage:1, machine:4]", "X": 1440}, { "VarName": "startT[job:1, stage:2, machine:3]", "X": 2880}, { "VarName": "startT[job:1, stage:3, machine:5]", "X": 4320}, { "VarName": "startT[job:1, stage:4, machine:2]", "X": 5796}, { "VarName": "startT[job:2, stage:0, machine:1]", "X": 5825}, { "VarName": "startT[job:2, stage:1, machine:5]", "X": 7265}, { "VarName": "startT[job:2, stage:2, machine:2]", "X": 10149}, { "VarName": "startT[job:2, stage:3, machine:3]", "X": 14469}, { "VarName": "startT[job:2, stage:4, machine:4]", "X": 15909}, { "VarName": "startT[job:3, stage:0, machine:1]", "X": 7284}, { "VarName": "startT[job:3, stage:1, machine:3]", "X": 10181}, { "VarName": "startT[job:3, stage:2, machine:2]", "X": 14483}, { "VarName": "startT[job:3, stage:3, machine:4]", "X": 17369}, { "VarName": "startT[job:4, stage:0, machine:1]", "X": 2913}, { "VarName": "startT[job:4, stage:1, machine:3]", "X": 5793}, { "VarName": "startT[job:4, stage:2, machine:4]", "X": 7233}, { "VarName": "startT[job:4, stage:3, machine:2]", "X": 8673}, { "VarName": "startT[job:4, stage:4, machine:4]", "X": 10113}, { "VarName": "Z_FO", "X": 70820}]}